Date,XOM,CVX,COP,OXY,LNG,VG,FRO,STNG,ET,BIL,SPY,WTI,Brent
2019-01-02,,,,,,,,,,,,,
2019-01-03,-0.01547290885461791,-0.019338345215782378,-0.01911485504345854,-0.012333890339936622,0.0011620090589695162,,0.008826059126052282,0.03158139772523689,0.006769596604657773,0.0003282165109106516,-0.024152151555336867,0.013086103292614063,-0.015472393663635668
2019-01-04,0.036206252574078605,0.02051201002551454,0.024935774098437256,0.03166192437247177,0.024259583101826087,,0.04468117831844357,0.03562712766996112,0.06106517680263277,0.00010958244229037984,0.0329472148856059,0.01774444529907191,0.04428021987057612
2019-01-07,0.0051869063815115565,0.012910461485198716,-0.004401741869961231,0.019892720861704013,0.012712307765701538,,0.011696076910078542,0.019802851594431695,0.019553872396879106,0.0,0.007853456073161375,0.010621780588054918,0.02590174960672228
2019-01-08,0.00724427898646507,-0.004374447035160119,0.01330307759832831,0.00787830881594821,0.028841343732112813,,0.01973720580061816,0.0,0.021888674742502504,0.0,0.009351402611439685,0.02677727693464272,-0.0033330440469321316
2019-01-09,0.00526094666991642,0.013331201696652898,0.0325792835902266,0.012082170047097652,0.010815865640969676,,0.016155476745014826,-0.009852407481743961,0.022081715826286555,0.0,0.004662896342142978,0.05130337904827736,0.04383274495491921
2019-01-10,-0.005122133868939508,0.0015879222562588389,0.022175288656563635,0.006213669408953786,0.009787651646612225,,-0.07139941551976892,-0.00496306887252475,-0.0006617911322108236,0.00010906830669616242,0.003521059696545381,0.004397292239938562,0.016843556715169856
2019-01-11,-0.004590730637261555,-0.008053198630685496,-0.023078818242153465,0.00045314972691744125,-0.018586039753981837,,-0.03502985219777338,-0.015037713359303668,-0.003981469288028378,0.0002183017398602383,0.00038628222243371386,-0.01887211796589642,-0.020550384885523416
2019-01-14,-0.0012556904753264328,-0.007313248984570047,-0.011818396335129804,-0.009711648649130251,0.0,,-0.023445652383477192,-0.020408876302628127,-0.022185695146788247,-0.00010874325392122046,-0.006119439115519666,-0.0222122154261367,-0.007455134495016934
2019-01-15,0.0005583864802001083,0.0035740269404415555,0.006381193748822653,-0.0009152185584421366,0.006028494752628523,,0.032318485882628055,0.025446502402029753,0.010818061062696241,0.00021797664844543075,0.011395339331948072,0.029186284762210114,-0.0025542798050967423
2019-01-16,-0.0004186307511659827,-0.006442361257523434,-0.0056192844046764135,-0.005816605832588548,-0.017881323891694632,,-0.01602868805672059,-0.035809525490346064,-0.01490555136789069,0.00010992413689615778,0.0024171395849539117,0.005390848634876373,0.01958529595698128
2019-01-17,0.00681647465277047,0.005014151945256951,0.021098068004382985,0.010536789671915462,0.004383137965054094,,0.007155854557569778,0.03077189939094437,-0.0027339142826529367,0.00021810591311574305,0.007557902505640517,-0.004811865698698632,0.0006685609475164736
2019-01-18,0.011852137573516096,0.02129707246698254,0.012448115044460563,0.018064343060425463,0.012110079612311997,,0.03330715352062038,0.06121844941054789,-0.002741656594813505,0.0,0.013222163183518744,0.03357993587514127,0.03593790630435591
2019-01-22,-0.015185119346778828,-0.017908714757530784,-0.03217632650491607,-0.028908517260577915,-0.02785342384489387,,-0.027973882703285644,-0.049669016468476476,-0.032789692869689635,0.00010938634172911386,-0.013602403652014143,-0.01902308047550346,-0.018546163592486755
2019-01-23,-0.008240586603496807,-0.008492518829215562,0.0016717660553517263,-0.00848159608049463,-0.00461229406409946,,0.0017714547730690133,-0.007516920285028038,-0.004264253133350736,0.0,0.0020901815084632077,-0.0028563287057538785,0.002460025840862399
2019-01-24,0.001401425790713867,0.018853815589749273,0.003939773522912593,0.006329394747138357,0.007781017751380525,,-0.010676035056212202,0.015968269574785032,0.0056816821081598695,0.0003271844065468791,0.0005312237755707206,0.009489537903456031,0.0006549861049619846
2019-01-25,0.004471602679567617,-0.002558530380156539,0.013072251730297526,0.02357332904241286,0.005206130153869833,,-0.023530528416595083,0.011321800183007137,0.01546060426413438,-0.00010904957487738454,0.008426090200593683,0.011083047606334773,0.006526373303702819
2019-01-28,-0.006715185861738391,-0.009317186652843316,-0.02478616668116497,-0.006786546895103046,0.026552226416242553,,-0.0468692606994771,-0.005891232705594214,-0.009811021375852344,0.00010904957487735096,-0.007629364020814279,-0.03304516396948992,-0.02937504940647726
2019-01-29,0.003782908828876969,-0.003035644678772691,-0.0007650752922596172,0.006034884014762992,0.002143016211566633,,0.0,-0.011887171844633912,0.005618286301861699,0.0,-0.0013279499553501455,0.024414716404003434,0.021046431001207705
2019-01-30,0.0108485266268912,0.010496288775528667,0.005954520848414449,0.007343774627407439,0.011402623378607455,,0.02464606482453824,-0.018099978365122636,0.026944585919962787,0.00021856495194890146,0.01570676046692604,0.020700039817145483,0.014812674191161564
2019-01-31,0.013601572163912567,0.014407786401319365,0.029992013717385697,-0.0028410399150952765,-0.007587142150153955,,-0.03622912256135595,-0.050999579797963275,0.0027228699674351434,0.0,0.0087439032508501,-0.006295151320476593,0.009167736103662337
2019-02-01,0.03539294486929324,0.03193143379607991,0.014519387672033998,0.018692014838790853,0.019907024837782856,,-0.015655756277067782,-0.013437240349882295,0.022185695146788125,9.808292026186582e-05,0.0004819209482059673,0.026575375013369148,-0.009652584598008941
2019-02-04,-0.014595056906803185,0.011507190220272082,0.018036521747157887,-0.004419034300865114,0.00610333947761996,,0.003936798571372863,-0.002709507445835402,0.0026560335631189494,0.0001096048055935077,0.007010613393654721,-0.01310777915170097,0.006445397756538562
2019-02-05,0.010238567440682635,-0.0021735519085425126,-0.009627122501704756,-0.0065164689704751205,-0.0010395071095665109,,0.046073388534148434,-0.029737767016382373,0.0013254357249093468,0.0,0.0041830218891836315,-0.0162575167636625,-0.00952157601006055
2019-02-06,-0.004374915737079661,-0.005034427308020431,-0.002167948447094196,-0.01000541192171543,-0.021018461698270888,,-0.017029810074914588,-0.0581122338435457,-0.007979034628331539,0.00021847181807980786,-0.0013191207347805175,0.0046455532771056945,0.008878902466089512
2019-02-07,-0.007736705821439059,-0.005482776516546218,-0.023868429135218878,-0.02599910481366407,-0.0018224002976899379,,-0.0428912814283698,-0.05166776248125952,-0.018222516086326013,0.0,-0.009578281209764802,-0.023636440836503524,-0.01963870630572992
2019-02-08,0.0016236725511998315,-0.005512824944866978,-0.013714515277703981,0.0006159460590916144,-0.0030446930594669156,,-0.024194795997019555,-0.02783208627593161,-0.0034759821296846327,0.00021892524632338137,0.0012207291304046862,0.0013278954810955926,0.005883331237244602
2019-02-11,0.0016206147343742411,-0.005372350395710459,0.007217786915471528,-0.0018491158796961626,-0.0038186129703361707,,0.026184737973145984,0.039615080177501164,-0.007689524995377542,-0.00010955687263079138,0.0005543274865287506,-0.006084825771734435,-0.0011412734588399124
2019-02-12,0.01739168520745448,0.015021010982766878,0.01058239444024728,0.013937105199563484,0.0073190356209915635,,0.0875082778537451,0.04696839851328955,0.020146431788537835,0.00021920196240942362,0.012777307156525348,0.013450993747225972,0.02066589529857045
2019-02-13,0.011210233901534873,0.007134333467860609,0.004880679583170672,0.0015195010693094366,0.00045600693513274626,,0.0,0.04822967615312002,0.019074052501076685,0.0,0.0032421256616618653,0.013086745004804941,0.010965544918057004
2019-02-14,0.0002620211526738503,-0.0018600381439720112,0.01928723452098978,0.010874676718650063,0.0022752877992342786,,0.035781927107045156,0.08331427444055332,0.012739169118999243,0.00021795156380847248,-0.0022208057463913343,0.010347468525424543,0.011471800200878906
2019-02-15,0.018704402397986316,0.010020456506383698,0.015508908733871007,0.009270596200903694,0.0033280293988528567,,0.02773144688218869,0.019408139783916235,0.0026614493990774622,0.0,0.01083810886648521,0.02145927045246075,0.025454517389133423
2019-02-19,0.006669436449411722,-0.0003351846171907275,-0.009880695635521667,0.006527102640439951,0.010365732605357536,,0.0034128561186383497,0.009063475444028041,0.03717376576347279,0.00021860529508597093,0.00172913402764941,0.009668830919902454,0.003193676199412846
2019-02-20,0.003827302816069954,0.008097325918957373,0.016555254235829705,0.009126019578116592,-0.014300011510626251,,-0.02588567740429291,-0.014134424911778718,-0.007711969304046068,0.0,0.0020133986000393954,0.013803085898025029,0.014471159980392128
2019-02-21,-0.009082498421356248,-0.009523289392656672,-0.005820126567586836,-0.024473087445955093,-0.00913800332648132,,0.0034902857037359676,-0.005607757222381105,0.0025773082531329473,0.0001091845656981493,-0.003562033461447619,0.0008783487609059586,0.0013459958661150948
2019-02-22,0.0076807179577215706,0.0020964810423280064,-0.0038516117285798458,-0.01011076831004021,-0.002451002450986505,,0.054250924597976424,-0.006668222747016952,-0.010999876363309572,0.0002186338000238666,0.006180689200029689,0.0010530011502992312,0.0
2019-02-25,0.0010197689675691167,0.0019244894894912845,-0.010343054023890005,0.00453980453665484,-0.008780643984342279,,-0.04040964704367588,0.003595804951315536,0.0,-0.00010956130722203071,0.0013602325595599431,-0.030092184246932944,-0.04415289825300861
2019-02-26,0.00203635659226185,0.00267175034030651,-0.0047771105380969795,-0.0028728970560104837,-0.017166640580256666,,0.02377015940534438,0.007153622417243852,-0.03038521971814238,0.00010956130722202845,-0.000715668406601015,0.0014450869566807129,0.007624716002433397
2019-02-27,0.010244445430251992,0.0011662395537135294,0.00434366715515652,0.00919423713841421,0.03114859440482583,,0.055478972014835,-0.04904427656453329,-0.0033593399222291657,0.00010914878081139527,-0.00042950077562218587,0.02706717946841366,0.015992959665558505
2019-02-28,-0.005552036972042454,-0.004172331038453982,-0.019990423821847167,-0.007530035803057498,-0.016771225833292634,,0.01886866608952121,-0.015629754010321694,-0.004721530756910511,0.00021846204609205286,-0.0018645256236046726,0.005081935058785661,-0.007964508328648347
2019-03-01,0.012199339451858653,0.02028119862970828,0.015792099719318838,0.020943266603581555,-0.007006566769243367,,0.023095763407107922,0.0010858131921831734,0.012764548914842152,0.00010861253898892012,0.0062244861733027545,-0.025671941828169002,-0.02050716575266365
2019-03-04,0.003867324609841639,0.0007374618756774704,0.013974203511911875,-0.001481431246065869,0.015504318951334077,,0.013605522287796885,0.017747348579480713,0.0006674780706246069,-0.00010891286651111846,-0.0036442892648651257,0.014952218756868871,0.011393022180376826
2019-03-05,-0.0014953376939126483,0.009534811274596218,-0.012814266495593463,0.001185347086397835,0.023265463765527974,,0.013423133685028243,-0.01666246995721002,-0.0026719987982073753,0.00010891286651120945,-0.0013608782743415968,-0.0008837826470079063,-0.0031084886702674487
2019-03-06,-0.011412925108273393,0.001944704111582288,-0.010487833480381247,-0.020042753621916768,-0.014686785626473891,,-0.028551864024837652,-0.050580334054711226,-0.0067113410917715955,0.00010980179186140028,-0.0060752589716561774,-0.005852637083743635,0.004194180905644253
2019-03-07,0.011038888638866224,-0.012954813259097132,-0.004991415437206048,-0.006821798555440084,0.01813825459301924,,-0.034111918717085986,-0.020738446057843217,0.01138251703309385,0.00021866683273059033,-0.008400582151086786,0.006736419730751398,0.004793947169250828
2019-03-08,-0.014450358859958018,-0.002627616717864755,-0.03779149186527327,-0.03525050499637012,-0.0070652373731542135,,-0.0015787656848952009,-0.011709738440917656,-0.013404960598626687,0.00010926546104633419,-0.0020018045584471013,-0.014772894807674927,0.012875714360045367
2019-03-11,0.009698634684198097,0.016310772552258563,0.0067025646101786605,0.018485319035486517,0.025468644194158625,,-0.020750654742848863,0.04322191763401045,0.02334214669807278,0.0,0.014396739127117,0.018124163487878844,-0.009179991028241142
2019-03-12,0.002753773729238173,0.002262558842408868,-0.0036503065827139664,0.004996721465157652,0.023113097038153913,,0.04262672854725529,0.017431014970754548,0.003290804061164926,0.0001093535669536373,0.0037640320700854687,0.0017593248732148987,0.0041414278074535325
2019-03-13,0.008835500445686931,0.006195332965522698,0.02586993828467592,0.013306660111362266,-0.004031775450305652,,0.009230891922987641,-0.006150360014873655,-0.003950243093622423,0.00010954167523987306,0.006597406951557582,0.02396780239242691,0.008535336073069595
2019-03-14,-0.0033507296521707057,-0.0005615227725926248,-0.004911990918125627,0.0023029341390678783,-0.0017326945030129131,,-0.029528200042498946,-0.014120672035590783,-0.00529099167095199,0.0,-0.0006399347495852646,0.005476652401714517,0.004391617567737601
2019-03-15,-0.003611399053492457,0.005681882992282343,0.008469024662983082,0.003979385467910253,-0.004345264362729955,,0.02492331188461064,0.05586204105279219,-0.0013271923242200727,0.0001085294604285166,0.004928328673069683,-0.001366353756552562,-0.0010582811479794643
2019-03-18,0.011536209912093762,0.00453846100610189,0.00029595124358040316,0.023249657568588614,0.011689315727655256,,0.039220895025736786,0.029156280906850473,0.015810760586960168,0.00010961780204076202,0.0036189839891202814,0.009864025557438543,0.008135025279230913
2019-03-19,-0.002593298370151049,-0.004777881470641814,-0.0038529849884379698,-0.012614563578792908,-0.012270067138911454,,-0.007424014679091831,0.007288375552329737,0.007812386089318287,0.0,0.0002484700985439298,0.0005075712823629864,0.007175991325942382
2019-03-20,0.005549050306302832,-0.004720206050368709,0.0028169164988042805,0.016338336359224385,-0.006849972210862205,,0.0014891224709167646,0.010319461743941051,0.0038834240959505534,0.0,-0.0030147812601496807,0.01677328824482743,0.01801052521929845
2019-03-21,0.00576295626724401,0.009339367865819188,0.008844814181599572,-0.0002972602252382262,0.013220223694457339,,0.03939232525553525,0.0015392097012328835,0.001936412972786405,0.00032768157084394825,0.011231548700955765,-0.002331391563910773,-0.0007317965932141176
2019-03-22,-0.01614637420357074,-0.022254450534663905,-0.0308499055069975,-0.030195618089687723,-0.0246927537297553,,-0.0187729692727111,-0.03547623918391702,-0.008417113603888433,0.0,-0.019433959227805,-0.01867955028069307,-0.029870710323444075
2019-03-25,-0.006982620082163294,-0.0016260502167790949,0.015022259416029539,-0.0016874727204393633,-0.007424093423591484,,-0.04319354391589821,0.008988010287013482,-0.005215109554166569,0.0,-0.0007522489469136603,-0.002721552964075403,0.016160758719268378
2019-03-26,0.012928900144369475,0.010039568798964381,0.02197244740467204,0.0295008313732271,0.002530632389293804,,0.007581614258669491,0.026488228896903675,-0.0013079802803611872,0.00010926997818233381,0.007426410370456172,0.019565474861165985,0.0020759200812107397
2019-03-27,-0.0076870749069935535,-0.010853839926308015,-0.00952612000078523,-0.010942229656962156,-0.013318545605885098,,-0.006060661378106482,-0.008751797428443984,-0.005907582361495799,0.00010975782017998903,-0.0052430717711267226,-0.008049682909491764,-0.0023728321974062273
2019-03-28,0.004966193446695873,0.0018712515244007654,-0.007835081187526394,0.003310067639529493,-0.0019604034286562133,,-0.041899168917254204,0.022495604825300827,0.0019732291436913383,0.00021798049305836486,0.0037835081581856257,-0.0016852043084925347,-0.019036773643650282
2019-03-29,0.0007432131366356808,0.0013000148954676765,-0.009543939424455732,-0.005573455490521944,0.031352440817098294,,0.023493816157750678,0.0030290208402951207,0.009806896108089063,0.0,0.006285721834024669,0.015065567840403174,0.027611633990487966
2019-04-01,0.011444127461858144,0.014186814924822537,0.014134235559321315,0.014695103859133035,-0.005868611964965042,,0.052762725237091704,-0.013702067986852199,0.01485325680046134,0.00017506959110896516,0.011789455775862103,0.022993294139272487,0.016787490075267062
2019-04-02,-0.004292053259045491,-8.003677710785542e-05,-0.019994818739172887,-0.008220698150338249,-0.006347304753605575,,-0.005891069202901224,0.0010211912578384215,-0.006430688690284731,-0.00010941490266871555,0.0004896108284261483,0.015146921880254663,0.008648079265769642
2019-04-03,-0.005915500112730452,-0.00835941583990478,-0.01274075999022057,-0.008591407821762884,-0.00922338154838635,,0.0014759345843451822,-0.00974615280022444,0.0006450924379549193,0.00010941490266858341,0.0015723133161208303,-0.0011200897242740107,-0.006767971690475556
2019-04-04,0.01411475221401453,0.007318354381658115,-0.00535721539745388,0.00573588768729589,0.009223381548386375,,0.008810565846201929,0.0010302503341539713,0.0012888240335832764,0.00032807301257395437,0.0026498016932960987,-0.005458353574446206,0.008488648914554937
2019-04-05,0.005348293853439709,0.012897285171483478,0.014625570238477634,0.023796353549392635,0.0005922181341601997,,0.004376431402784064,0.004111106127874125,0.013431339231040625,0.0,0.00482863620055773,0.015652771266681204,0.001860731947448896
2019-04-08,0.006163561073319572,0.002054482059549872,0.006482477492531616,0.004838530965021021,0.006343558771461668,,0.12439215265753424,0.043649043113049686,-0.0006354385160435197,0.0,0.0007618452513057089,0.019926916517356983,0.016873849489873635
2019-04-09,-0.01297507352485082,-0.009039816931670115,-0.012854762771618474,-0.016071263384868528,-0.012132077058136735,,-0.03266137093564543,-0.017331862540307313,-0.01666690998186956,0.00010916730179492239,-0.005137483036333653,-0.004983657721781371,-0.0014070636907074277
2019-04-10,-0.004526711606391793,-0.0003983346359426499,0.019145549780099812,-0.0014874028447398118,-0.0019372142346036157,,0.060546696844898405,0.07132123845293985,-0.002589328129151922,0.0,0.0034046529120457907,0.008859932053609087,0.008552453111417918
2019-04-11,0.004770954680930908,0.0039762241499305415,-0.00899937799379736,0.0,0.0008946109780005653,,-0.008788381976538794,0.09826578375450042,0.0038810261176509936,0.0003283289821958573,-0.00027747996425420043,-0.015753269705639367,-0.004617653206109592
2019-04-12,-0.012648554285549923,-0.050712604107472935,0.014954788434330393,-0.027924232544025644,0.005942840149682407,,-0.002525422533402876,0.01464764754697368,0.003865908362699472,0.0,0.00674356019972031,0.003922496595923203,0.003779664330255841
2019-04-15,-0.003342083654048961,0.003168143172984702,-0.015406971115611083,-0.03061863185472932,-0.015675470339113932,,-0.015286913758341401,0.008274606713944657,-0.009043887853205916,0.00010862040712572288,-0.0006550808267499272,-0.006756251640830221,-0.009405558212424187
2019-04-16,0.0067964713420606004,0.008536529689203778,-0.007565724396964659,0.004880722470923996,-0.011957997083627343,,0.0025640680729983973,-0.015362601020258394,-0.003901098376907956,0.0,0.0006550808267498169,0.009102385508106294,-0.002259249760747452
2019-04-17,0.002827994223589508,-0.007455195641796162,-0.000911410724669854,-0.01614978286194685,0.0009131586236256702,,0.0,0.039783998724559524,-0.0006514732833679836,0.00021890215715016355,-0.0024500202357189958,-0.004227012164721718,0.005638582742974631
2019-04-18,-0.0036905541076823058,-0.0034148728129388974,0.0018225090961050843,-0.013336773066615142,-0.01116819058890475,,-0.006422435335959633,-0.04062105018282293,-0.003919165042843764,0.00010908382324161432,0.001967247753015187,0.004383225552526512,-0.006062760904159794
2019-04-22,0.021582034585227845,0.016876565139148945,0.015957317235133554,0.01970124295270783,0.02311521803487314,,0.04780758152149083,0.0070938160655391064,0.019443102061053298,0.0,0.000861563483260151,0.025294377531729542,0.0
2019-04-23,0.005773387230713575,0.0009839548298849576,-0.007645931135869942,-0.01100394646510793,0.007787107038751182,,-0.01485154998404287,0.03673887879778917,-0.001284458587219491,0.0,0.008951509509440696,0.008794598003557658,0.050734518587100735
2019-04-24,-0.019619937402198407,-0.031130288922822012,-0.026688597988768117,-0.005789689456592104,-0.021409139440073992,,0.00497516492151373,0.01590477383973701,-0.009686906770713983,0.00021843128010801862,-0.0022220297554708013,-0.004236012385606118,-0.010812377264742386
2019-04-25,0.005610203920441704,-0.003217780672111862,-0.011347147038505286,-0.0025839306379013076,-0.01072478481160536,,0.00371512207996202,0.009813626947170738,-0.009781314273924365,0.0002182838251074404,-0.0006161035605995996,-0.011129011883393372,0.018178646427033696
2019-04-26,-0.02126566043278571,-0.006808300573850337,-0.018777440317507537,-0.008607491478171437,0.007519580144352996,,-0.006199660812510522,-0.0007814441669903467,-0.003939867762016865,-0.00010913595657526569,0.004646131607315831,-0.030192147020790736,-0.05358547035582271
2019-04-29,-0.006481170243436362,0.005280420835143875,-0.002072979508410036,-0.019434212504220717,-0.006441702065859368,,0.022141309460595757,0.03420115420961833,0.003284203614576647,0.00010913595657525248,0.0015665976367632355,0.0015787815088609655,0.002671354839913137
2019-04-30,0.0038685102896247286,0.019682637785204585,0.007473949310667877,-0.021007378580452925,-0.009896808908876849,,-0.0036565552224184653,-0.026413105111273327,-0.008561234273870332,0.0001090243048971805,0.0005102091789630688,0.0069171789718909735,0.013527854301437962
2019-05-01,-0.020258396024822566,-0.018918362090322875,-0.007154510326162421,-0.0240644836186464,0.0015527778263478044,,-0.016000215505628856,0.006957767886364452,0.002641879680688319,4.408513618480799e-05,-0.007545116838197617,-0.004396301632502883,-0.002496533890294121
2019-05-02,-0.017697259165281254,-0.012212426738703666,-0.022266182912617696,-0.002264251399072246,-0.0031077841412878488,,-0.008722976473359303,0.06919842010276187,-0.016628080516430836,0.00010940652258294609,-0.002161192802021085,-0.028733022127376474,-0.020341586562239587
2019-05-03,0.0023262332310618364,0.007618251535724468,0.011678928980268106,0.010407833708468093,0.0034182734753401725,,0.030809651099668826,-0.0032405089777710534,0.029734364296300216,0.00010909540573574638,0.009740068537290033,0.003717776851515447,0.019508021634840923
2019-05-06,-0.004398654832104573,0.009589701361187319,-0.002098589775854875,0.01405090816268817,-0.002329471771364495,,-0.03331608599341964,-0.003974550028808286,0.005630154215156038,0.00010958203140855955,-0.004123318212370403,0.00514967343380531,0.0
2019-05-07,-0.0053295908792350116,-0.0010987727591449349,-0.01432315228924067,0.015532982162507404,0.01420227365223607,,-0.018999776929382754,-0.012386178842826804,-0.001983313689552123,0.00010927094159543166,-0.016840834333439948,-0.014388737452099669,-0.013573286115026397
2019-05-08,0.0015626439779362425,-0.006531593813045008,0.0070241967844112225,0.008673930425716373,-0.02169288472196567,,0.011443272858834166,-0.027877762576579326,-0.001987484678049953,0.0,-0.001390260279558859,0.011656275734294631,0.0015485327230412838
2019-05-09,-0.0009117307133988163,0.03092118189276163,0.0017890639077197802,-0.06661121280193473,0.017545497098032728,,0.0012633042303397484,0.004513011862450938,-0.013351193046857366,0.000109159319331036,-0.0030303409278209423,-0.008891821579248248,-0.006774902413136318
2019-05-10,0.008658585902233024,0.006579540490858458,0.011124509749019733,-0.024439357281020917,0.043668474344830566,,-0.002528411190293814,0.033939021666218094,0.015338677724907313,0.0002185818828842045,0.005010830009330329,0.001136087113999066,0.01434220309810427
2019-05-13,-0.011164526474836742,-0.012787280405661211,-0.01185968625775228,-0.014660698628034525,-0.03340860761026748,,-0.03871449466719846,-0.055559235204978005,-0.022081837272749098,-0.00010943447800957449,-0.025451031565486466,-0.011091289690628572,0.010001472451133031
2019-05-14,0.0013199334518018543,0.009913987428402098,0.018298622333511365,0.006990735509098287,0.02214764109487437,,0.1083823572449586,0.018237617429859194,0.006743159547841711,0.00010943447800963072,0.00900256489251912,0.013844996784245485,0.0024848162978282616
2019-05-15,0.007359670884465651,0.0041022421120264765,-0.0045028982302791135,-0.005514939288330107,-0.0013420380920327103,,0.059582247616220774,0.012719737238227061,0.004023829720592488,0.0001096218048832092,0.005840677879129137,0.003391202281055967,0.0076912891169793164
2019-05-16,-0.00013057317010854526,-0.0012409384438749746,0.008506551784839125,-0.009259229265990255,0.011718886657486405,,0.029591492342634904,0.011825595781530805,-0.006715872928544477,0.00010871303063933437,0.009218820418312783,0.014404858553816006,0.021788533646471275
2019-05-17,-0.005910835704700091,-0.002320808044388895,-0.0075400927864409705,-0.0185903971317037,-0.008887764857586019,,-0.027369030843402583,-0.028695834582067918,-0.0026988419079202815,0.00010919935858220041,-0.006486348056268446,-0.0025457452094018508,-0.010226138630285873
2019-05-20,-0.00013198090932771002,0.0026518642288537553,0.005620314578301389,0.01318046260037799,-0.012125018139418405,,0.0338273456486028,0.025384106521280304,-0.004741276408380741,0.00010958590784013299,-0.00663409705253318,0.0055604242081782615,-0.009921929849934568
2019-05-21,0.004600749096719475,0.00412889675199549,0.01856170053799507,0.000934740725180571,0.01108288052347322,,-0.024987633912171524,-0.005173540370399117,0.0134865923143293,0.0,0.008975152974331192,-0.001585540208490204,-0.0036948382780170675
2019-05-22,-0.009090170658899282,-0.006365783615445262,-0.008999915455503566,-0.013736207389768289,-0.008676000031356813,,-0.03812130859926355,-0.026658205805456546,-0.0006700794253050056,0.00021833902459523057,-0.003076370559199641,-0.025716621316452276,-0.013804747113056287
2019-05-23,-0.023703693001356527,-0.022648195121164158,-0.057951646146361634,0.002460229913606579,-0.025410253277666717,,-0.03488733776626449,-0.05877142755889759,-0.03062455271997003,0.00021829136307164207,-0.012293715663904638,-0.06334526829760828,-0.05089830634177524
2019-05-24,0.004192268056454452,0.007101337821777524,0.006366338172822127,0.010528271387837324,-0.005098593884008244,,0.011764963051812629,0.06294821343530804,0.008943571231963467,0.0,0.002265883261660195,0.012925643119113449,-0.005720587657732604
2019-05-28,-0.02031310453663824,-0.0033755282175636898,0.0028348445417518777,-0.022506844474992134,-0.031149330477006153,,-0.01769971224624995,-0.014504050974001922,-0.018666235232700366,0.00010952606985300312,-0.009344180160218419,0.008694965699414527,0.03199230647436006
2019-05-29,-0.00621662664215379,-0.013102137970680588,0.001497614548834982,-0.005370236567452802,0.021655831765372478,,-0.04255931298258809,0.009565878950944146,0.0041781871997685965,0.0,-0.006733201234302528,-0.0011889598003590532,0.006390705553374587
2019-05-30,-0.0026365695162837953,-0.011975112142562234,-0.01998542857795926,-0.0017321499531753929,-0.014808115453403718,,-0.021344292502297944,-0.006111792813049964,-0.031770966283888785,0.0003277100038715161,0.002727667770203435,-0.04111237204849152,-0.015550637926252726
2019-05-31,-0.01681408963969591,-0.013349042926195437,0.00016973801504511956,-0.04209938131618551,0.0026944216879761854,,-0.00508910092984518,-0.0026856415779386925,-0.014451343089428964,0.0,-0.013567262337495375,-0.05421480314158651,-0.040642283853943424
2019-06-03,0.015562773071613353,0.018622158534963677,0.007771500150094172,-0.009082630551944356,0.024391348079497183,,-0.011545828054831345,0.014871762318416804,0.02159913792222392,-4.389416927384726e-05,-0.0025460131774847246,-0.004496915953624309,-0.05573244512806718
2019-06-04,0.023511043332028643,0.011230669281987368,-0.005399992921994785,0.0074740631841094755,0.021394458757239873,,0.008991480701003206,0.0018980317240861664,0.030167648252062234,0.00021845644535637814,0.021474601868242026,0.0046838493124264375,0.006313152281073945
2019-06-05,-0.008323810842996684,0.0029792703082095703,-0.03477719311457723,-0.04654878641295972,-0.005914041617623183,,0.027744649563944707,0.0049175854453195784,-0.034450339948722625,0.0,0.008624800956626892,-0.036741545839093274,-0.0225944377036139
2019-06-06,0.018060296921848712,0.025428584459231754,0.0194314407625713,0.03338144585978452,0.022408574533869175,,-0.03415894988582213,-0.013678090935428098,0.01067277925246508,0.0003278439158028363,0.006481140746987916,0.019585879538385274,0.010087348364538977
2019-06-07,0.003626879897278766,0.006607099600548952,0.01297424512390679,-0.008740925161733812,0.0053395432046162965,,0.005134727495368543,0.018571695460014682,-0.004966589859449327,-0.00010933569127293577,0.00995753614511791,0.02553170410289085,0.020967111597183796
2019-06-10,0.004415040318874319,0.006645714730136361,0.005074944139699545,0.0012533911196905415,-0.017910723810979603,,-0.018088304183264514,-0.006026235785727603,0.002840930740253329,0.00021855995934253944,0.00457870732405013,-0.011558667091632894,0.0032707762201474432
2019-06-11,-0.0009351172525314086,-0.009201188471332814,-0.008983914806655476,0.02372483559822629,-0.003772183097205383,,0.010376396308770427,-0.01599448046141937,0.015482289371418712,-0.00010922426806976102,-0.00024235118047318812,-0.0005626934407119843,-0.011730798478256567
2019-06-12,-0.010881918649641732,-0.008120332432538216,-0.003069384635809495,-0.005314885238168216,-0.017999390300681307,,-0.07083796880896363,-0.0962320365796978,-0.005602294947056673,0.00010922426806971577,-0.00176682202930056,-0.04156492207989086,-0.030348919210510975
2019-06-13,0.008741705742601335,0.005972546711088739,0.00867292136151375,0.01908294228634706,0.01163003918000406,,0.10133566133310053,0.08309453628210953,0.005602294947056552,0.0003278001180631054,0.004117622294016735,0.024153429987657904,0.025933901001394203
2019-06-14,-0.004428459312798247,-0.0008271966533924794,-0.00407212283597987,-0.008481624385432698,-0.004880209622606911,,-0.0500425405914521,-0.012130945957242888,-0.010529998778466764,0.00010977310784651832,-0.0011053156878546174,0.0017167386190545491,-0.002373231079864146
2019-06-17,0.00990346902166966,0.0047893097024036164,0.0032250755096825644,0.010089014024551663,0.004575916056292548,,0.0013150125488501547,-0.0019704997165764133,-0.007082354704936372,0.0,0.00038008642681376767,-0.010152371464018073,-0.009069996142478567
2019-06-18,0.008619386002381588,0.012606609439689376,0.013800188723173094,0.01078316715270329,0.010596465219471201,,0.010457570870169693,0.044743120984039715,0.004962946823262254,0.0,0.010416206436427763,0.036298881148850444,0.012548810530092392
2019-06-19,-0.0055608906663244355,-0.0003253432335012699,-0.00301302973170474,-0.0009938423509049138,0.007650367828743723,,0.0064808137140546,-0.033368002753136165,0.0,0.0002180189975456981,0.0022546102492816728,-0.0022304841961076215,-0.007923971730891594
2019-06-20,0.016981703051053558,0.011247308607113581,0.01744967492187948,0.01968561759550429,0.019092980688354622,,0.03678304350685718,0.013942799314037664,0.007749056639779006,0.0001093395563871358,0.009509468426012852,0.0567861823076403,0.04038275725823509
2019-06-21,0.013999280451224711,0.005216551047624145,-0.006114422275469798,-0.013541570630161029,0.01021047249582008,,0.03907666420330907,0.0026884588253251467,0.01185948905167157,0.0,-0.0014550227254428601,0.008229058080394206,0.008369523100838579
2019-06-24,-0.00957091482029955,-0.00016001306451185474,0.003144401964896591,-0.014328474250581496,-0.008891832321534291,,-0.040322752699942996,-0.007314520609988069,-0.01537415135249831,0.00010922821925382052,-0.0012249686741479934,0.0066041254974623384,-0.012657431661485839
2019-06-25,-0.00887615629450824,-0.010219439947525657,-0.012469932717412091,-0.010275199306064242,-0.008823486174666757,,-0.018880398663218605,0.023296660907050234,-0.015614397183499072,0.0,-0.009856234117463992,-0.0017337036242671868,0.01643872634315994
2019-06-26,0.0043175586791090025,0.0023425437033457006,0.048654752973877495,0.02084229119986997,0.013789421014412728,,-0.006373624711760773,0.04934750441376358,0.012086971354771579,0.00021861937579422137,-0.0009978817014705144,0.026371391240027704,0.009166793470948
2019-06-27,-0.010235049619213227,-0.006638412118927699,-0.02386831525944973,-0.013377377031956333,-0.0061377004890253,,0.04010557335902226,-0.02436950877489792,-0.009229436090484999,0.0,0.0035395896563135488,0.00016899028346076085,-0.0010476690324435778
2019-06-28,0.010626508811233169,0.010745217849643215,-0.00441626083414879,0.010596846702719903,0.0033656425909887166,,-0.017348495990246543,0.08332287273932701,0.004270005386157784,0.00010909306613113626,0.005132580727358173,-0.016698292234671352,0.011020215772193073
2019-07-01,-0.0009137790780436761,0.0032094316720127996,0.0202844384757524,-0.009993971272020983,0.02410455489061886,,0.013656335298999147,0.02310488945498872,0.0014195794828245486,-5.4545045403449494e-05,0.009037506240847773,0.01212550079620379,-0.03649930107317811
2019-07-02,-0.0110325576884902,-0.01541784451527254,-0.035148474729340566,-0.020293113139896304,-0.009169081909273949,,-0.01365633529899909,0.0,0.005657762863075261,0.00010898777047801016,0.0026008619627370085,-0.050659164798446725,-0.037244173172371095
2019-07-03,0.009464027135320324,0.0034106862144825806,0.006633280283573637,0.007963489141458686,-0.005773852561493276,,-0.008788381976538794,-0.027518578831288824,0.02093582942415944,0.00032798450045793987,0.007963323469831599,0.018751655050204683,0.012831859236289423
2019-07-05,-0.004064013479174909,0.0015391201547729765,-0.009966817639279252,0.002234587108046941,-0.00449752913759997,,0.01253141647937616,0.03313019508659556,0.008253198760182526,-0.00010905135167444343,-0.0011384059551409966,,0.010958155991259232
2019-07-08,0.0045872890191382,0.0004856992912027626,-0.00016683130605077667,0.0004058491537609337,0.00014521429261486797,,0.061576395389868144,-0.002637049730266831,0.0006846425002192312,0.0,-0.005510038365658902,,0.010223137363375817
2019-07-09,-0.000654137220102537,-0.002024819445975833,0.0,0.006268370982390298,-0.004079003839432116,,-0.06033185769753674,-0.005626254428630964,-0.00617914009207095,0.00010905135167435661,0.0012458852838756302,0.0038287551123385413,-0.009133897389503433
2019-07-10,0.014031545020630783,0.016802074720805502,0.021800949749161726,0.012619102322469707,0.0024786255498497685,,0.01603960156994787,0.0016580735394056752,0.012320509454206655,0.0001091387626962959,0.004766344887932946,0.04599877507057652,0.03228801630904853
2019-07-11,0.0007738468847927162,-8.000559797791286e-05,0.004076108924897073,0.00397297723171734,0.005663273823956514,,-0.007370838466117724,-0.007983915892809897,0.0033955534655063287,0.00021913531991513108,0.0023418473669169168,-0.00582315928820087,0.01835187647775731
2019-07-12,0.0007729136666025748,0.004375257072947461,0.0048693274534907524,0.025060054377697705,0.006351056783304522,,-0.00866876310383022,-0.014466269881184714,0.004734627934546357,0.00010860659633919447,0.004466942951042139,0.0010006671949078052,-0.014744477405661847
2019-07-15,-0.007110077349004991,-0.0020659415634594323,-0.018136117541305535,-0.0017416921097041013,-0.014785059484969347,,-0.010000348240850632,-0.04045489977693495,0.006054259492769184,0.0,0.00033253346970986517,-0.011568575661322026,0.0031458343672347623
2019-07-16,-0.015031736704267827,-0.007665470289366671,-0.01495086260312139,-0.010318670220009662,-0.010864830095582758,,0.04423343475687925,0.03672049090954423,0.0026795373088772043,0.00010938887069483232,-0.003230227562585761,-0.031868381263711054,-0.014917778339350957
2019-07-17,-0.005944204090007764,-0.00498162555357825,0.0005018260863421305,0.0015645850736550721,-0.023903223690243735,,-0.026798112499786263,-0.026539568353899458,0.007330798720114724,0.0,-0.0068289560266789765,-0.016500286587573458,-0.0339696086236677
2019-07-18,-0.008515338513879976,0.004340299677900314,0.008993125714338353,-0.0033270863826874325,0.016197192566466425,,-0.04675515296071795,-0.00034960326517909334,-0.005994122552633709,0.0003277971569353517,0.003654485887822952,-0.025453964291941193,-0.04776979596348139
2019-07-19,0.002002198423022121,0.0028834312466095775,0.005234614909422686,0.02554838745689241,-0.0031292102103752744,,0.006447280840053721,-0.027631666607834234,0.008646547304279443,0.0,-0.005570242727394611,0.006153865574378286,0.0055856889107489364
2019-07-22,0.0010663592350068532,0.0021567614657627557,0.001821754078851011,0.0034335470529383316,0.004169989426257697,,0.019096943932714362,0.010007085480912772,-0.001988802325908937,0.0,0.002453340534425611,0.008087024036224964,0.014959628572466369
2019-07-23,0.0039883017865802745,0.004061588506289264,-0.0026509297828935406,-0.013613480068194121,-0.015123438627512215,,0.011285327982742465,0.0017766441123592126,-0.0066577449783704855,-0.000108956069973003,0.007124460139244023,0.012628002402363756,0.0051513314171297555
2019-07-24,-0.0001325816603566144,0.0057065453434907015,-0.0033231135530219407,0.004814505932195808,0.018387593736279156,,0.013622410130638874,0.019335928799528175,0.0013348918490949206,0.0002183963455820893,0.0046885670780186075,-0.012091185712367615,0.02458295230216835
2019-07-25,-0.005722283470531037,-0.00721775393637389,-0.017461906909177698,-0.017637817889191845,-0.012220852116500692,,-0.009888692719647006,-0.013319311075431566,-0.011405364818222059,0.00021884462624888922,-0.004788465017018479,-0.0003578457722923211,-0.005655945949587248
2019-07-26,-0.0016029571997341163,-0.015320065324641207,-0.004923889741342796,0.008761072221354384,-0.002852928411424698,,0.0,-0.0010591336709538364,-0.0067705526019135945,-0.00010971393936520403,0.0066775571226569,0.0028591870800451606,-0.01604100146344623
2019-07-29,0.007059610580334707,0.004113761746117158,-0.009577862291435472,-0.01326861861297943,-0.018516425190440403,,-0.054895771443831384,-0.07516823482192848,-0.021284789978723836,0.00021842401703532922,-0.0018228850634439766,0.01435049872773879,-0.0027254525888784197
2019-07-30,0.00013289285970914858,0.0008852296048708352,0.02243087947288272,0.030181958178040508,-0.0009193952191055541,,-0.018543637882070405,0.01098283582252395,-0.0027796086607625946,0.0,-0.0024574052172650265,0.020716207819442056,0.004165337646865968
2019-07-31,-0.013225760280057597,-0.009941578340261813,-0.00725178728389642,-0.021381649394137902,-0.0010737686778424951,,-0.014814875969948155,-0.012888656467958844,0.0006954763245046259,0.0001091941202282831,-0.011000876227163772,0.0084070152871425,0.024009998738009932
2019-08-01,-0.02588363730139276,-0.019439061126661574,-0.004750633862779679,0.034634446774956786,-0.021723428758730748,,-0.0054424434901116795,-0.03850371943700236,-0.005578611933652879,0.0002729827196480951,-0.008745963362493192,-0.08724438488965175,-0.018430071944535262
2019-08-02,-0.00984675776063596,-8.260963764804294e-05,-0.040432376255355056,-0.03814526526918725,-0.004086649257111857,,-0.008219108692222052,0.0035621513252161257,-0.011252014747998796,0.0,-0.007557660319374017,0.03714634378193867,-0.028707018848129828
2019-08-05,-0.020700612466034603,-0.016620491007106556,-0.03221157061535262,-0.03499361523621183,-0.05105284010156016,,-0.07273341235313123,-0.06699121827149668,-0.03943733612352063,-0.00010916431456169863,-0.030534982301623128,-0.018858219787790117,-0.029892627588533675
2019-08-06,0.009629411017832296,0.005375558766357028,-0.008263698312384446,-0.037942674723269385,0.0185570741322272,,0.04342201976494006,0.03568863350438141,0.018622310221697528,0.00010916431456173288,0.013925294481145052,-0.019034114330870048,-0.011700006293607566
2019-08-07,-0.0065038007725785425,-0.002348101192113823,-0.016922742720920987,-0.03377100761968492,-0.00751265828804212,,-0.009964586717579788,0.003662257298434208,-0.016369701034922784,0.00021859025433241549,0.0005910333494590161,-0.04698209821371576,-0.06336801990445637
2019-08-08,0.026317184776794015,0.034088840543452834,0.03229377362331882,0.02426804030831336,0.029240405455615712,,0.028210791716535975,0.00040603066161449153,0.051180914642624295,0.00010972321660597647,0.019429869461752257,0.028149149880623607,0.02263840840426772
2019-08-09,-0.021506097482085373,-0.006594686953077349,-0.019436142368950093,0.0,-0.007511101978980966,,-0.002785590707365324,-0.046964978044836306,-0.009309093720833285,-0.00010972321660604581,-0.0068347998464333305,0.03383184075416974,0.019004619137844465
2019-08-12,-0.004870966999938444,-0.007131945828247294,-0.01661542567635721,-0.04646917430025984,-0.017639430402669964,,-0.036935724601262834,0.0029742294895998074,-0.03812763559296857,0.0002187406858715455,-0.012248130547284441,0.010421522239265677,-0.004192145877408417
2019-08-13,0.012275131567968946,0.006886742872063034,0.0140202885856255,-0.00512578225845735,-0.0077030788237303725,,0.03832943356721139,0.018496012444775826,0.009669074404375245,0.00010920376690521101,0.015431932793979142,0.036958593570984986,0.04734713238503241
2019-08-14,-0.041123385552243756,-0.03873397777982718,-0.03957011802442339,-0.023966418064258935,-0.020780362362077896,,-0.09949723804821639,-0.044281587234054925,-0.02776907760080616,-0.00010920376690520071,-0.030013485830088286,-0.03369002338298362,-0.034650205573414646
2019-08-15,-0.005930404025288402,-0.006732141764739703,-0.016944605750388815,0.005932009722804515,-0.00826519317632604,,-0.009273381337478119,-0.025574488193787263,-0.0038122496902907046,0.0004371397654562594,0.002638576996563821,-0.011853881848911481,-0.00850478093420934
2019-08-16,0.015492858827156617,0.00043185620685145143,0.010939724856146684,0.013780669877200228,0.015796026709291262,,0.08480927613674893,0.06400795872945116,0.0286163710593663,-0.0001093660967775078,0.014647171935038839,0.005853318339767621,0.0280159252919399
2019-08-19,0.01669700108472537,0.012868937850339336,0.04687327516258469,0.02240802290227404,0.020952607652843087,,0.09388239614265136,0.061339062975624574,0.01984602794453706,0.0,0.011975407391110528,0.02539075808645241,0.013300978987093547
2019-08-20,-0.006065579291661781,-0.010109570748268196,-0.023067026930503595,-0.007045171235266164,-0.01281642044534572,,0.019293243079625193,0.02143922366134149,0.004357404007449773,0.00010936609677760737,-0.007692063766504506,-0.0010674258263118732,-0.012792633640215061
2019-08-21,0.00994571518584914,0.014957119900701983,-0.0015190323830874268,-0.004428788745410852,0.0139587161577201,,0.01892794741830901,0.013787935511659938,0.0021716331357341987,-0.0001093660967775078,0.008102883232580047,-0.00947874395454377,0.026249103822670716
2019-08-22,-0.0021536490727266733,-0.0012732670353506293,-0.007055027259530939,-0.008021409995425471,-0.013793439665746655,,-0.020202730014947563,0.0007604271751817509,-0.010905449327280065,0.00032766626830290187,-0.0003081852610954543,-0.005766820811535422,-0.013122022018803092
2019-08-23,-0.03035399214682448,-0.021897773263598444,-0.035843281141731236,-0.053532827465982855,-0.030043247910917597,,0.010152229735345636,-0.06720265437962686,-0.03723443113346076,-0.00010914412889212513,-0.02602301183187368,-0.022850825175309675,-0.019755813478069584
2019-08-26,0.00532000122734161,0.004849919942207903,0.018666659078320304,-0.00568057488403646,-0.0011934464019838235,,0.033522826712948164,0.014928761259602458,0.0007585940625278067,0.00010914412889205325,0.010997906219937341,-0.010035393642502183,0.0
2019-08-27,-0.009774739809314262,0.0007775694065095224,-0.007621109225795788,0.005208535777582836,-0.006675323350969863,,-0.023472326433346177,-0.03297668548164332,-0.012972224050395857,0.00010942929464826707,-0.0039316566544193455,0.026722312427516968,-0.0034164706958974113
2019-08-28,0.007266045645935682,0.00859592514307751,0.0188485402423163,0.01778610754307242,0.011610336154197634,,0.06062455639443453,0.050050761275063256,0.020525151501220057,-0.00010942929464829773,0.0070171346285885314,0.013905415932545118,0.033319589076027334
2019-08-29,0.011020463879378687,0.0058887281340477705,0.0065232477159840735,0.006013154168218596,0.018000217810203077,,0.022106749171473605,0.021036976334630465,0.013453293859667733,0.0002184505566253478,0.012691995190092486,0.016188203729259464,0.002809686998371716
2019-08-30,0.0007307621862411985,0.0017005618250237517,-0.002105809566246378,0.002533247638167061,-0.004511717842964308,,-0.02093098652008053,0.013402413816792403,0.010339641930022313,0.00010900937763713238,-0.0004441822912298153,-0.028639866907137726,0.007399524019303897
2019-09-03,0.001167345939890634,-0.012393940172563392,-0.0026865507082811887,-0.01857088601543328,-0.011623156346583929,,-0.044451823055581104,0.0022797176169897324,-0.0007348017869482337,0.0001969986129352874,-0.005864633929203834,-0.02128911381081288,-0.052294001867668784
2019-09-04,0.0105915407431555,0.008393504210946822,0.02392346608796276,0.020868146372782746,0.02311283176824741,,0.006123830443099643,0.028434377232550177,0.0007348017869482618,-0.00010977986673015242,0.011286414364080689,0.041956576014808435,0.046378769371798634
2019-09-05,0.014044413679213753,0.003320661933512475,0.00262339582793378,0.03406211072805306,0.02404619913218926,,-0.00612383044309963,0.050702864503243524,-0.009597751116749766,0.00010977986673025912,0.012773597158369066,0.0019546874282368163,0.032747293158543585
2019-09-06,0.009348299688952476,0.005256287643939069,0.003549074256833433,0.008172253999821676,0.0019377531421120346,,0.043276060404187994,0.03412362514154716,-0.00819363668038043,0.0001090750005535635,0.0007720608733044639,0.002128037689048443,-0.02290792220653915
2019-09-09,0.007864151166751585,0.009509998921217658,0.02467907456441078,0.006693512659111302,0.007393057553351625,,0.06269863785213708,0.04715352007935453,0.04103141195950025,0.0,0.0005031085348753052,0.025016611167612036,0.04327329571903305
2019-09-10,0.00808012800277005,0.020395277789252812,0.024261883015634353,0.0319499854755595,0.023266090495456214,,-0.022347164375362976,-0.009123604994410455,0.0014346516033069895,0.00021831221979989705,-0.00023484294943361612,-0.008850383149503491,0.010570594307132511
2019-09-11,-0.001944278390169477,-0.0046889055115260396,0.015504347293880082,-0.003019875088315696,-0.0032907152127391206,,-0.013652265050484582,0.005549108179977901,0.006430884491732038,-0.0001091501523718868,0.0070858605552418805,-0.03025976251603501,-0.0258452791293728
2019-09-12,0.0006947172617918379,0.0011538786999851424,-0.014972090335472718,-0.019413432501403993,0.006102770569524884,,-0.0011461158864889294,0.015183704891421722,-0.008583330210808824,0.00021898098134285945,0.003457502690259162,-0.009567723496152427,-0.03652045860155656
2019-09-13,0.009127511936749202,0.0006585348278069017,0.01741641558697212,-0.00685193862243593,0.020842320288715493,,0.05249677424823739,0.023448531805265356,0.007157760805822935,0.0,-0.0006636493197884506,-0.00673403218134418,0.008032171697264253
2019-09-16,0.014894223095668927,0.021334535929939343,0.08664790708814149,0.05836527951139148,0.005788944581678068,,-0.019780762959155044,-0.033437176309208595,-0.04299378456087407,0.0,-0.003093806706449422,0.14176076912691946,0.11070133012462227
2019-09-17,-0.007624455797172755,-0.0018547903777090138,-0.021172228973828654,-0.05703552050451052,0.0007594775644568316,,-0.025858753030380564,-0.010744168567456388,-0.009726760909813352,0.00010932411539117806,0.0025288709450255096,-0.06278622740174829,-0.04224193424381444
2019-09-18,-0.004795010280973969,0.0023381333185192917,-0.019962956750343985,-0.011807933203938777,0.006505758947899697,,0.007941122678271694,-0.04965793943049409,0.014925626156552714,0.0002186123820274389,0.0005983022373002476,-0.018221023476840587,-0.020019147152048722
2019-09-19,-0.00675150818197781,-0.00419628811808098,-0.0006664375230326182,0.02588354949652633,-0.0052923379735116145,,-0.004530138374008529,-0.026845055000979636,0.00590815280877195,0.0,-6.651011784815338e-05,0.0,-0.0006223743782662355
2019-09-20,-0.0034622737969660384,0.005323071574455938,0.014074010239007917,-0.0019674801601612165,0.012953959451558649,,0.0224477687261174,-0.003185061622773225,0.010256813953655738,0.0001089915777887203,-0.004736148668466968,-0.004650770591117595,0.01513776203267544
2019-09-23,0.0006934144106741012,0.004654531284842216,-0.010578474457808979,-0.004385971737120937,-0.014775037579106661,,-0.0022224614992324724,-0.004619127922473966,-0.012468282697282944,0.00021873853613492807,-0.00023482592300289664,0.013206606492782061,-0.008776713510717755
2019-09-24,-0.013820436874795195,-0.009330992913472481,-0.014730999637809177,-0.0006595439491427407,-0.013301940051994598,,-0.02820263009484745,-0.03885038095981357,-0.020880643440205255,0.0,-0.007877551589155833,-0.025365866948278873,-0.00823049913651548
2019-09-25,0.0029475412566969217,-0.0018604918175534196,0.0030309746962637256,-0.003083731061797389,-0.010832480544049323,,0.020385928321696698,0.010679591864582779,-0.001508351217373411,0.0,0.005897398983303491,-0.01478900193599761,-0.027186754214819947
2019-09-26,-0.005339932796863822,-0.02749779176589153,-0.03073000992869193,0.0004410076277875078,-0.01979952689266,,0.03524597439102543,0.061787579770952096,-0.01138561307729403,0.0002178998614418235,-0.0020855413296266855,-0.002486238183556982,-0.0053016430709882925
2019-09-27,0.0071604313571227126,-0.013067784068711853,0.0038072033018732958,-0.004641020936872851,0.002061040881521916,,-0.013072161042898057,0.015716080368183383,0.0,0.0,-0.005401930884820813,-0.00516981274447524,0.006422629656467192
2019-09-30,-0.012245884683340575,0.0,-0.016017112824893463,-0.01495421756559651,-0.0012677765008097923,,-0.0021954484556596008,0.008774769302772469,-0.001527487413090918,0.00010962403661803661,0.0046271968938241,-0.03380910887459862,-0.02413658922306553
2019-10-01,-0.02379038482137115,-0.022080020301297,-0.03264327143414354,-0.015866201281011606,-0.0009519040936585726,,0.033498421246238905,-0.012170451494463266,-0.006904703643475629,-3.311329794272226e-05,-0.011966173507500276,-0.00910025780657932,-0.015365853753180787
2019-10-02,-0.026452572360922626,-0.03259175034493413,-0.03844520842516792,-0.019144943314530802,-0.02231054331502733,,-0.002127544577967719,0.02784006152018382,-0.024942829247037807,0.0,-0.01782243682680849,-0.01750303458145835,-0.03628131447772331
2019-10-03,0.012284956433963887,0.007629793749814576,0.011056011027295495,0.006036971109619079,0.011458254639153873,,0.006369444730499314,0.019653538598733682,0.015662269606349855,0.0003280203910044939,0.008159487076161934,-0.0049486206812231525,0.0015526614005119835
2019-10-04,0.014457720676465271,0.006167455275643654,-0.0029859274245047722,-0.003013830416344325,0.005281116907323187,,0.08418548671540967,0.0875247331682444,0.002327849401439825,0.0,0.013440984352888458,0.00817106684004976,0.0191230003547657
2019-10-07,-0.013869848696009698,-0.005195862476009046,0.020352015493018866,-0.020880779675804234,-0.0185264230804432,,0.07674490670045538,0.002967508437521109,-0.014837979063079194,0.00010938209354883177,-0.0043237135954825355,-0.001515151805010875,0.005565407737213151
2019-10-08,-0.019596693331141873,-0.013779789548347651,-0.012903221255999863,-0.03252867907713651,-0.031717165498384096,,0.01874213522724555,0.00266306594301449,-0.027923850630833084,0.0,-0.01564655046418079,-0.002277040832052003,-0.022449922439221802
2019-10-09,0.011033398442714257,0.01271977428625864,0.01911075859917621,0.00024488264412997964,0.023553883587621578,,-0.009773446376435367,0.022499176850128706,-0.00242988123409103,0.0,0.009451426801624233,-0.00018998765137411943,0.026478125267826478
2019-10-10,0.01193891869127187,0.012734553032863222,0.016965424365868426,0.004641099156649822,0.005558308765110343,,-0.0008934602430173046,-0.0081230929679034,0.007272615957355306,0.00021853073536010046,0.006740802655797338,0.01770291052718128,-0.010439562735377404
2019-10-11,0.010639320154340047,0.013521915371063939,0.009794036982985685,0.002191484997888306,0.021291049550644824,,0.02122115943276877,0.01187208828413744,0.012004846480836913,0.00010934623359785729,0.010313762341579701,0.021970790527379106,0.025237405293718825
2019-10-14,0.0028950434820872424,0.000258021037848067,-0.005330354083176698,-0.014945860681728557,0.0036638030603181105,,0.024201570297145605,0.03618276920211989,-0.007986947697708078,-0.00010934623359796013,-0.0011143519595854623,-0.021970790527379137,-0.02981795448503312
2019-10-15,0.0034633653191833615,0.001118400612321764,-0.0032121627115944632,0.007133070775622401,0.0017477153836829035,,-0.08460751855918977,-0.018776107920707143,0.0016023517976729343,0.00010934623359785729,0.009851364858215509,-0.014288643174027102,0.006440700230769081
2019-10-16,-0.017290443055488963,-0.010370832888985573,-0.016706326513821878,-0.0113384107555228,-0.008608543251940591,,-0.017815808261509084,-0.003684308927659176,0.004792180025894871,0.00010923551741491184,-0.0016073351144173266,0.011484640962973029,0.0018566973010461472
2019-10-17,-0.0013200833910566652,0.002082771133100825,-0.0014660160685127683,-0.0002478120135410578,-0.000640556572210056,,0.025223369648587176,0.009044705470615002,0.0007965923515165342,0.00010942108652036664,0.002944698202210637,0.008759724263590393,0.0008428150519973713
2019-10-18,-0.0078085868340319236,-0.005302140718432143,-0.010693515237278973,0.002970758372504172,0.0020805656747798517,,-0.01487017729116487,-0.01903181098181384,0.014229677875049933,0.0,-0.004386574484439997,-0.0026012649376332096,0.010225552178719805
2019-10-21,0.016575358364368645,0.016166235663652686,0.036579788953385525,0.00910563487110919,0.017747092671398047,,-0.012247029101385032,-0.04217325208176478,0.009375279400563399,0.0001094091148561515,0.006756308463392593,-0.00878264077563847,-0.016988046251016974
2019-10-22,0.005078742583045151,0.010153270666488134,0.010310966658509646,0.03372198342620677,0.0029798595909968353,,-0.003798698303705176,0.007747266426762883,-0.01251998497756253,0.0,-0.0032723336077546566,0.017304367040113136,0.025953738053415804
2019-10-23,0.009507426959589088,0.0015269399142576487,-0.005142534334221713,0.016443622532218947,0.00015662848530393364,,0.024437191589145996,0.03471253504579437,-0.007904933361661908,0.0,0.0029056883833578585,0.030698986888806686,0.00033052388335951384
2019-10-24,-0.009507426959589128,-0.0033963332360180433,-0.0016009718791178274,-0.014787251967719326,0.007331583105370296,,-0.026342235646582047,-0.02408350288556246,-0.012779991878912208,0.000218387454370523,0.0016325904431329777,0.003749669601827074,0.019472103412820314
2019-10-25,0.0023134210840204668,0.009227484522843398,0.0033773949746453437,0.005659037882230557,-0.0006215855197939568,,-0.017308040316842205,-0.020172848499281533,0.00880336059100673,0.0,0.004086710184350009,0.007280508053446051,0.00565566668725874
2019-10-28,-0.008848090087947121,-0.0016021493917899984,-0.011961104860417055,-0.005895320551803483,-0.026794673843685026,,0.0038724806163964957,-0.016923836191643782,-0.01525516532996079,-0.00010948395110973514,0.005620613770025396,-0.016411356559790032,-0.027278130700424414
2019-10-29,-0.002917927367617298,-0.002958603143618721,0.025007704266947765,0.0011821717975529099,-0.002559140589175635,,0.020086783654701013,0.001522773748928876,-0.0008093502778617314,0.00021836367510305574,-0.00029689951586001865,-0.00468722689775686,0.010869672236903891
2019-10-30,-0.010575922736340563,-0.015096653245377801,-0.03656859665488688,-0.02318245134145858,-0.0035294099284863393,,0.006606896854252087,0.003645156750191985,0.0,0.00010926265534215648,0.0030626893467991024,-0.008893787637540606,-0.013688677503125928
2019-10-31,-0.002217399742815521,-0.001892637002273305,0.002902777306823089,-0.021011910799976854,-0.010826875890308018,,-0.019953414170519337,-0.036120530486969685,0.019247151999984093,0.00010934940372529729,-0.0026667691563924544,-0.01524783835676975,-0.015395217049908034
2019-11-01,0.029600329504069493,0.0006025515548749608,0.034716455624402204,0.04324847301345556,0.01387588088568908,,0.012399035723153195,0.05593521966972758,0.025099081323399657,-1.0954139606527451e-05,0.009221466069314052,0.03671137310433661,0.014564583228580731
2019-11-04,0.029307850633539398,0.045091366237564455,0.014763482009239475,0.04485267146868418,0.0,,-0.01913930206158696,0.010938560051627225,0.0027729408763589635,0.00010904261825575726,0.004009183333316453,0.005161531437816348,0.03831261632101549
2019-11-05,0.019619217626918324,0.0030388582503585284,0.008754948234686288,-0.0538786671121596,-0.005946278956829667,,-0.04546253401189522,-0.03927946673883708,0.0015809335205138918,-0.00010904261825583678,-0.001106804315260635,0.012525523199417844,0.003193870488876415
2019-11-06,-0.02213387709045773,-0.016870932146826608,-0.015154504624581105,-0.0564430040086173,-0.016250025074341607,,-0.03498300141863362,-0.014477322678640067,-0.03210562933170262,0.00010904261825575726,0.0002284087363485556,-0.015726094921588368,-0.009773369470940808
2019-11-07,0.021038780323923444,0.016460706660083434,0.03260494094267282,-0.01475115132258944,0.012212336827670167,,-0.005249197191213554,-0.07470493739513719,-0.012310079042799012,0.0002185428430368052,0.003510486785795215,0.01344439143058023,0.007858271534841262
2019-11-08,-0.01917344993850944,-0.00790705498235534,-0.006402393089676526,0.02704614663341641,-0.000809510623778186,,0.01670169925239075,0.019205700662698475,0.009042297257634776,0.0,0.0024630202068744254,0.0019310108694935376,-0.0096308930609613
2019-11-11,-0.006094456287962325,-0.0009925820454202252,-0.004234989892168485,-0.030896555796271808,-0.004870938631857031,,-0.018809407740514518,-0.0049314498030194,-0.02067046425344521,0.0,-0.0019115301737666402,,0.009311353195644453
2019-11-12,-0.0138860503633424,0.0012407418017217591,-0.011610075714629698,-0.011381372432109522,0.005032815619146983,,0.04132836924602022,0.03210901437975163,-0.02623948838910141,0.00010900690527610979,0.002105512381449299,,-0.00625152312493815
2019-11-13,-0.008251081917619706,0.010853684483489851,-0.01157276900557432,-0.008359549543494034,-0.00780364983611095,,0.005047976850252542,-0.00447859845533517,-0.043828074227615456,0.0,0.00032379910665924854,0.0036988153134576494,0.0012855537685628297
2019-11-14,-0.004369988151669828,-0.002620487338053554,-0.005400167029650727,-0.00948898680758308,-0.0017969771964118054,,0.012012068670509763,0.01115911079120675,0.0017906258468039895,0.00010988271757131642,0.001454390592775138,-0.00546497613992116,0.0030465829705719743
2019-11-15,0.010022615895342804,-0.001077159822313487,0.017316221386238798,0.03102866287324371,0.004404987651350446,,0.04855332840467047,0.016664520351609525,0.03860122398164292,-0.0001098827175713189,0.0072104716013622365,0.0170015487683374,0.01367488315787895
2019-11-18,-0.009730752653083166,-0.01747586028421356,-0.02696994186898181,0.008945991708531062,-0.015255129222937428,,-0.010481361259612122,-0.028465071445383978,-0.025273496531944533,0.00021916163169223525,0.0007373186349249098,-0.012591981697359962,-0.007927740902310867
2019-11-19,-0.010268335601177469,-0.017873247048869504,0.008255103933420592,-0.029960932886470698,-0.011637637992162752,,-0.0019176744635411168,0.03808505622959959,0.004403199198978192,-0.0001092789141209513,-0.0002883857629705193,-0.0338287290715129,-0.007189103572469338
2019-11-20,0.003091818077764941,0.0076140003390914104,0.03759135687956444,0.008874945369357479,0.006334497359753381,,0.04319936106630299,0.04321575730622905,-0.0017592013160647542,0.00010927891412101858,-0.0037256109949525165,0.031890914671407665,0.022668799812712893
2019-11-21,0.023820804775342347,0.0121131700055912,0.01421779886174245,0.016494975407508355,0.016316694215834746,,0.012785457191091339,-0.0038526443050890366,0.047279959499070046,0.0,-0.001609926318904998,0.02868016162864833,0.0184802215555132
2019-11-22,-0.0043150804248999215,-0.00117949507609458,-0.005161718178250108,0.011690171576896615,-0.005409370307742388,,0.005430021079580151,0.012429819518277917,0.001678099425229419,0.0001088725294086091,0.002221358236109661,-0.011720230677891285,-0.0024649527193531325
2019-11-25,-0.006653398064118555,-0.0021096955657600495,0.019016472807054978,0.008804329672814753,0.008347660807170797,,0.029348358625472977,0.05214579870632736,0.030542536710587185,0.0,0.007720007280179963,0.0019052573529929142,-0.0024710437284028203
2019-11-26,-0.0024701845994147082,-0.004996298560667948,-0.015517118677254613,-0.034653269529671356,-0.004901980032030761,,-0.013233570626452465,-0.03176636203384662,-0.0280311398780875,0.00010945227921136573,0.002263304129779894,0.007928342116123371,0.002316782254899665
2019-11-27,-0.0005820903720092708,0.0023742228554650747,0.0038190206001566477,0.004655882918126498,0.0035972547171760514,,-0.01341083090725272,0.006033511944450487,-0.007553609459733393,0.00021847431076478662,0.004447477545738404,-0.002234253743727886,0.0032345041676593187
2019-11-29,-0.008331517922554337,-0.00799308362830328,-0.006650973788312646,-0.004655882918126424,-0.011986108588237114,,0.010742870122161038,-0.015007490898400344,-0.0050675553445174715,0.0,-0.0037156397618887844,0.0,-0.008183478079333631
2019-12-02,0.004247667020514219,-0.002821443554529528,0.007148095438869324,0.0028478367385207154,0.0021451717938106287,,-0.03904238359564164,-0.014645953374713352,-0.015358521934064197,7.688844682913377e-05,-0.008530803201125155,-0.037694005798813955,-0.020360922648914967
2019-12-03,-0.007923762124904296,-0.007821596747026958,-0.02482090691934952,-0.017210409362415097,-0.017123080876429636,,-0.009302261073096311,-0.007701260807419083,-0.019974600837427803,-0.00010951853602313672,-0.0067295713882526646,0.003210848281183995,-0.003963540662455587
2019-12-04,0.011279671073822791,0.009019646912511227,0.02911850011781044,0.011246675461901508,-0.0036955510631894485,,0.017601170348490607,-0.0014879315605771798,-0.006159166063969721,0.00010951853602304868,0.0061513668393994424,0.04031607849864774,0.0358852857124466
2019-12-05,-0.003501931934560449,-0.005230018527532979,-0.013115386933986568,-0.012299284460178458,-0.0013472667188780259,,-0.015733858140711206,0.0026765274536231396,0.023550803706449575,0.00021850834777488792,0.0017964233968875273,-0.0006844627235049213,0.006416154000078543
2019-12-06,0.015951446832876116,0.01433823220338202,0.03497597984140835,0.026758518125909018,0.01820219369684965,,0.042909135467955536,0.04642545137850107,-0.00865804662377281,0.0,0.00909262633038142,0.01326324493036506,0.012559747458927224
2019-12-09,0.0021557776181547667,-0.006034676459185876,-0.002261456169494807,-0.023294008443414123,-0.00680793788355848,,0.027326560941138115,0.03510094670752327,0.024904577068820315,0.00010938408003477828,-0.00314898893810758,-0.0035536038749760987,-0.0009026629167143254
2019-12-10,-0.008650841917007867,0.005017203320359318,-0.001133152673908066,0.00614113490056365,0.0034928065450811436,,0.007863834892651298,-0.007142642945828995,0.020982894700632235,0.0,-0.0011158384357146112,0.0038913846584612364,0.0019547408675179424
2019-12-11,-0.0014491108849105257,-0.014180715051304112,-0.0012961068852564935,-0.000799407347302933,-0.011018602721970444,,-0.01933271470617656,-0.010811127167302533,0.009917254308399882,0.0,0.0028347076230028838,-0.008138396902971164,-0.01819058798797388
2019-12-12,0.01981432563745429,0.02195427951449114,0.014645938202773516,0.018736811951246747,-0.0018481724884272,,-0.01429872683359762,-0.013750445150865516,0.038714668009483796,0.00021863375470070623,0.008582474789218324,0.007462721201589594,0.019691639005330316
2019-12-13,-0.015906315487382975,-0.007179855760004346,0.0017558417568273468,-0.014218492948927719,0.025406099068623424,,0.017841724954949352,-0.001130920686005782,0.0070952832096961875,-0.00021863375470065254,0.0005986444621663828,0.01559257007900717,0.011483237063631286
2019-12-16,0.011060780189634788,0.011798384551773906,0.0019120580673815868,0.01604678498624465,0.0037640002109029526,,0.009678994368642764,0.00817025175652842,0.005483397579311259,0.00021863375470070623,0.006846434492050994,0.0016622344252858487,0.008857453834061023
2019-12-17,-0.004581979490390255,-0.006387442785923084,0.01108142728269519,0.0,0.00488833584740661,,-0.009678994368642871,-0.002810012603840787,-0.014162314222095426,-0.00010926163823430457,0.00021886489444063428,0.01106626207707407,0.013865799030356205
2019-12-18,0.002723270000578244,-0.00042157093746312944,-0.005050545934563155,0.00909197981610614,0.0004874829684268709,,0.02961887655667427,0.019228726212260967,0.025812910486506024,0.00021880685919221617,6.300404551050823e-05,0.0008209507069725004,0.001882557937783024
2019-12-19,-0.006893748522259464,-0.0035493379101407614,-0.00015841178544081234,0.0007755138629117453,-0.001137959993768482,,0.038725267238814386,0.03578581243000777,-0.0023192472311831737,0.00010894224771441153,0.004090640987044961,0.006054178681762713,0.008356193270678035
2019-12-20,0.007894920922491945,0.013035833375942385,0.008352494242670424,0.007978479143809962,-0.004401202563355295,,-0.008291706630569762,-0.015566569096637216,0.011543198105192663,5.456516391874333e-05,0.004374298171758462,-0.014294172568698566,-0.01503352973693229
2019-12-23,0.004991747969168873,0.0054165565115293374,0.01371608276188403,0.017785321505230246,0.02245458896509368,,0.03437306119335065,0.03246694120517821,-0.0015314922032155336,0.0,0.0015266665491101613,0.0013229702607629112,-0.01718734927423089
2019-12-24,-0.0038487459040180937,8.291369956180526e-05,0.0010826964559545998,0.004522205902945319,-0.010921885500383165,,0.003213015720987801,0.010419647189538929,0.0015314922032155249,0.00010912139657853736,3.149923411900899e-05,0.010848232620243392,0.02588810021896094
2019-12-26,0.0015697237744090257,0.0021585226534636473,0.005089978171336639,0.00649707664056703,-0.001292900475155263,,0.014331377508377988,-0.002075491331685235,0.005341323709356902,0.00010979877244183578,0.005308754494752767,0.008951154240486446,0.0
2019-12-27,-0.0034281200378882943,-0.002490888235900387,-0.00030748366413015224,0.0002491108835539487,-0.009096891571055324,,-0.019960770165684177,-0.017286735381173167,-0.011481161151317247,-0.00010979877244189564,-0.0002476875996722811,0.000647878221560671,-0.005066233605159459
2019-12-30,-0.0058833100094060654,-0.003747500583872369,-0.0057104588387664095,0.013356635871815436,-0.0045795695533818615,,0.025479027145017964,0.029674083741687132,-0.021790795624013908,0.00010979877244183578,-0.005528251355080236,-0.001620483258516437,-0.008891538792372217
2019-12-31,0.004308482392920956,0.005491773607589652,0.0064792852821676135,0.012452649421193,0.0011467783541040707,,0.01094630392983678,0.008936281302922363,0.009397244107781897,0.0,0.002426190740808276,-0.008469105995315784,-0.00779014742872279
2020-01-02,0.01592291573680687,0.007605365215834394,0.006590516514183117,0.0327037601840639,0.020261809729778483,,0.006201447008911326,0.008857909727708937,0.03898071254413114,0.00032843807317788033,0.009308608203030342,0.0004905567917850234,-0.010681009420334052
2020-01-03,-0.008072163368879203,-0.0034650106443045526,0.0036598978715177825,0.023901703999187868,0.004961861238046477,,0.018377305069005576,-0.006826050414009069,0.015619466574190683,0.0,-0.007600947548480929,0.02947785313705909,0.02982664355079032
2020-01-06,0.007648857883593896,-0.0033937393593469526,0.011802331599894883,0.03248655572312187,0.0052552998016814866,,-0.022248708111572684,-0.02024397942595586,0.00954861405694268,-0.00010976271428710468,0.003807437601974015,0.004276556767260172,0.016795054935377255
2020-01-07,-0.008217640467539075,-0.012851766071355672,0.0,0.004871667727879947,0.01011388832717246,,0.006187367847848484,0.011581642628472603,-0.0036617804353240814,0.0,-0.002815570344933644,-0.009049835519917927,-0.021729036792167374
2020-01-08,-0.015194991069224105,-0.011488807103926711,-0.02343733960312412,-0.006426806322665319,-0.025640462176660644,,-0.019463715744029424,-0.059026779810250306,-0.021506300195809406,0.00021833227305467946,0.005315435616611977,-0.04986729909494995,-0.021022457399066028
2020-01-09,0.007626210763874408,-0.00161535426927119,0.01725070295006926,0.00863280713490271,0.02012212023203913,,0.03248550896990925,0.04095219986999967,0.006724093396316588,0.00010973875347499005,0.006757578135012074,-0.0015099407281168543,-0.010904581875742902
2020-01-10,-0.008927184602212928,-0.009147405022832551,-0.009886697240133177,0.011614438578380565,0.007560031886481554,,-0.045940173118134295,-0.08620632826646561,-0.011985313384812766,0.0,-0.002881858914088019,-0.009107838301014881,0.0028496457228986208
2020-01-13,0.009500432650424651,0.0018877455984828016,-0.00444279513772866,0.014491498688645028,0.003446304533463333,,0.015810323407078726,-0.028227578555562852,0.017924406641042265,0.0,0.006854030405066781,-0.014506611592123216,-0.0401856836047685
2020-01-14,-0.00863312424541958,-0.0030907704097330514,0.00015362010586641664,0.014284313637532266,0.00031272928573929446,,-0.027834686403871715,-0.022453116554354193,0.003694245570940928,0.0,-0.0015261112537140952,0.002918206516905231,0.004821535120187537
2020-01-15,-0.0015906159891794205,-0.0014628818708259375,-0.0021515798398162645,0.0004231429290348547,0.02195490459633219,,-0.038640218939734745,-0.03434453084093642,-0.004434698449466199,0.00010943149953327621,0.002257565869165299,-0.008261664891586395,-0.018162390597982497
2020-01-16,-0.003915502252695114,0.006523115852464734,0.0010761846420939427,-0.012562340219071395,0.006402485790980204,,0.009178280303639215,0.010152370774442513,0.005908388957213043,0.00021843354895553248,0.008283587887980297,0.01134227660393451,0.020951360487589936
2020-01-17,-0.0037854649589889352,-0.011270320537773236,0.0,-0.01816284118755095,0.00288303999621227,,0.027847684392620056,-0.00429455681939701,-0.0014736905077468102,-0.00010921081032581359,0.0031082061034372645,0.0005125138918026761,-0.009014670932060808
2020-01-21,-0.014397269416669238,-0.01983567168110625,-0.016111468457617132,-0.033502822960995646,-0.02423065236909881,,-0.0395436747961553,-0.02805669059376331,-0.03603995159120831,0.00010921081032587418,-0.0019603829406450593,-0.005136997597916357,-0.006107606488796535
2020-01-22,-0.005787231534450402,-0.0036247802910476757,-0.016058564242552673,-0.023514166265253062,-0.01690706006220437,,0.00836803293198729,-0.02432096670085078,-0.028695437284191775,0.0,0.00012074688514418504,-0.025912240153968126,-0.024649415282735128
2020-01-23,-0.006270970824964143,0.0017697466232109234,0.002061070764558965,-0.017947193808048604,-0.0077661567705499986,,-0.061875420778094985,-0.000972484825979668,0.0217907956240139,0.00010910051261992408,0.0011462681568194552,-0.022268667589771998,-0.013779905166582496
2020-01-24,-0.006762119932505059,-0.011113394702572749,-0.008269741464211723,-0.007080488503074814,-0.027421017960807915,,-0.042559450618011224,-0.06082735832232089,-0.018648731655592738,0.0,-0.008932966736861798,-0.025913858818734172,-0.031843486541953334
2020-01-27,-0.024112391536736697,-0.013139276665079962,-0.025555447035766978,-0.02348559923017806,-0.026513527527768095,,-0.030049442229699953,-0.08594689891077685,-0.011040853674442366,0.00010938369479711133,-0.01615905877781173,-0.0186607392877555,-0.013573333598936059
2020-01-28,-0.0013912650731656,0.006591082343672715,0.002291161560685523,-0.0009704950326755191,0.00335278983731572,,-0.023144646874938543,-0.012089425051916614,0.014173463972977921,0.0,0.0104246445724488,0.004510438016930643,0.014078767018844291
2020-01-29,-0.008387535466232271,-0.006772139059567716,-0.011342206383598431,-0.017877404483295757,-0.014667521464864578,,-0.014742176789941422,0.014340109103120613,0.004680302482986941,0.00010947008180329697,-0.0008264792258148752,-0.0007503283038199852,0.0015147692873675469
2020-01-30,0.010550768203665494,0.009288876702568448,0.0065907771131387795,0.002961053428915776,0.016172660579497608,,-0.06335122498765385,-0.07384873709419272,-0.00546251936758597,0.0,0.0032400708247209966,-0.020857790653369065,-0.0297000836642815
2020-01-31,-0.042083223306773006,-0.03899107997045957,-0.024269513421507814,-0.02166690917760558,-0.010077094515460848,,-0.07898825258592436,-0.06027176890788262,-0.014978716700023756,0.0,-0.01832489947794949,-0.011756905202123132,0.0008658758875040947
2020-02-03,-0.022630232255309416,-0.008059375857501572,-0.004215789574158105,0.009022736936952554,-0.008476168726984784,,-0.01959720667312027,0.00214013131576474,0.016542345245220462,8.713473366135976e-05,0.0074014406997699265,-0.02991171444957051,-0.06748556322889983
2020-02-04,-0.012593260025390908,0.005349253637845035,-0.04651990006542096,0.010424463783573529,0.008138532880949146,,0.001163688899707942,0.027826230550615925,0.006230692621585464,0.0,0.015126249549528143,-0.009433085502585589,-0.0018535686493229438
2020-02-05,0.044995194303330814,0.031596570931214846,0.03973795451968252,0.03922067327262898,0.007737396405326692,,0.020713906630520477,0.007869251147218178,0.009273593318975088,0.00021908178859159652,0.011481639508942147,0.025484158333631088,0.026726833394462617
2020-02-06,-0.013642631305122742,-0.007189714841791597,-0.006314611351581648,0.0,-0.034606474035644694,,-0.07937857262588079,-0.0718254167592347,0.0011810240866297614,0.00010893304030502266,0.0033592210320086873,0.0013751107166373815,-0.0032567425202740603
2020-02-07,-0.0066478169762415155,-0.0050356396173107925,-0.007216363548182949,-0.005475622328844667,-0.015030083767201392,,-0.03897400438219518,-0.037484904738183666,-0.011872130780017642,0.0,-0.005343893924078627,-0.011848479844140999,-0.01184955985116981
2020-02-10,-0.010617303537054382,0.00777193499379754,-0.002071809419978995,-0.03374505094378431,-0.040425839472150685,,0.031548499480493666,0.0177884275366169,-0.029901514848198276,-0.00010893304030500327,0.007437641236750372,-0.015010789206127353,-0.021127546425875394
2020-02-11,0.00946157327379221,0.012850903698925269,0.014411043561372034,0.016407824646280395,0.007852997700501676,,0.034191028267511865,0.07278343609712136,0.01465851505285896,0.00010893304030502266,0.0017314531870229188,0.00823380492710344,0.0113605840521796
2020-02-12,0.012151106806415795,0.007435720847293947,0.017726758821281954,0.031558901924680575,0.003813073849392585,,0.002398059513177419,-0.002525667433487132,0.03651199553092491,0.0001094126698504962,0.006422141574736544,0.022348403663761767,0.028119435314379194
2020-02-13,-0.005564501319612007,-0.003397389891389018,-0.008801914368253854,-0.010647275284274626,-0.0076405971141611725,,-0.018127256947717624,-0.02172584499540405,-0.0015598463022728551,0.00010949898817752975,-0.0010673482442217553,0.005461296975505263,0.014301280569573147
2020-02-14,-0.004606147062328376,-0.0026310103598532423,-0.003405801455431843,-0.010521273087206637,0.004009552744389863,,-0.0024417837036701633,-0.017376825081521538,-0.0070507185901292095,0.0,0.0016007438312283261,0.01198776923479897,0.018116756165552955
2020-02-18,-0.01277715596905614,0.0014525568123035838,-0.005473948924870253,-0.0009619913203199016,0.004536965940053924,,0.0,-0.007036109584051724,-0.0015736640378704021,0.0001091921672659236,-0.0025803713171140327,0.0013444734571090653,-0.0003486750383999411
2020-02-19,0.007652610332772432,0.004525070661529784,0.01633236520987136,0.022600975024093257,0.0021701047555076924,,0.02653929337574397,0.029138885851788792,-0.0015760169716677122,0.0,0.004769939516188506,0.02295898207534838,0.04049412909560994
2020-02-20,-0.00798654477068579,-0.008433311463731366,-0.0064330030079625365,0.010762993722530942,-0.008709837504951554,,-0.02653929337574408,-0.06462425593135156,-0.011102347773634842,0.0,-0.004116813978069945,0.008591759986917004,-0.0025148810303935922
2020-02-21,-0.012270083307345518,-0.007312238278045737,-0.0075008115513904156,-0.01997948235315505,-0.021740061782106006,,-0.006131510752173514,-0.09590445977802312,-0.032417771112591434,0.00021844682820365248,-0.010351628347947632,-0.007654289214218475,-0.016417395057629156
2020-02-24,-0.04797864040177796,-0.040244976317463946,-0.0358864042215663,-0.06472854391594851,-0.033715339272405206,,-0.09273051419855399,-0.09164308251112104,-0.04982053874181043,-0.00010916831588643894,-0.03372758646719667,-0.03820174222566258,-0.03278413455703034
2020-02-25,-0.039079086293063614,-0.03894945801358978,-0.04628304161971131,-0.0870115993967669,-0.040292224692034695,,-0.03432028816496029,-0.039949406539657964,-0.028987279793260334,0.0,-0.03077135442246987,-0.031246362442259805,-0.025358501676095033
2020-02-26,-0.02220025419912356,-0.026869600083875376,-0.05067762066158038,-0.055972405141932836,-0.03240896191800439,,0.022100241134046943,0.01651063068907125,-0.040005516773229534,0.00021832471535266604,-0.003684753357644652,-0.02255047309408302,-0.005986412435747725
2020-02-27,-0.062064097287539616,-0.04069875182830964,-0.0822438105641135,-0.07302950269390786,-0.008112292972308107,,0.0401661840388632,0.07030955341975348,-0.002786649706242325,0.00021886640258230968,-0.04595159570256026,-0.03130472654919268,-0.05171474225877214
2020-02-28,0.0319995783708923,-0.008427821536777751,0.027002793226004303,0.028816742452089494,0.06879792183294488,,0.07213737822935005,0.04550925808681855,0.030235950952361923,-0.00010942721347837507,-0.004210614470127908,-0.05088053912882219,-0.017005240701448404
2020-03-02,0.04634363269943219,0.03422648801023415,0.016590516880423917,0.006393785370573566,0.015285114699051213,,0.0,-0.02976109538933121,0.06549687288429176,0.00029495461345612145,0.04239546921850607,0.04257820298868486,0.0233083844807221
2020-03-03,-0.049068835957289905,-0.023040246451941443,-0.02280512151248261,0.0012131485529322937,-0.03001588107842781,,-0.050072949505734696,-0.08530827230801673,-0.023953377563921737,0.0002189742899549016,-0.02905026201030668,0.010420083649111973,-0.0053455644664198035
2020-03-04,0.021597517999628096,0.04292597145408685,0.026859414621995127,-0.001820115767099697,-0.02180297043748603,,-0.019443431037602713,0.031819877715524844,-0.0008661258975923899,0.0004367252313373693,0.04117346701914883,-0.010420083649112054,-0.00730070485765736
2020-03-05,-0.04506779273704023,-0.013693332456514027,-0.03562621688945907,-0.04503190473960291,-0.0727554202856015,,-0.1312899787234556,-0.0956400633114073,-0.02545115165244409,0.0002189288910339299,-0.033806835896877364,-0.018990644089533503,-0.011051978709341246
2020-03-06,-0.04949868375265447,-0.019428144656930397,-0.05096197439153882,-0.15871424283408447,-0.010055121089914316,,0.04950057135624796,-0.008500427712930116,-0.0970003125328125,0.0,-0.0166691557980132,-0.10948423284168828,-0.11758808488083661
2020-03-09,-0.13039111410016305,-0.16687272895690294,-0.2855520120149052,-0.7342566571384956,-0.19969448969827,,0.07126309655406914,-0.08192430804659624,-0.32594996847847657,0.0004365371237704562,-0.08131251088454683,-0.28138207584532327,-0.2551752551492866
2020-03-10,0.03635890418128894,0.05204897890526384,0.023496202210960652,0.13652445906016653,0.060876996916999264,,0.2440868137450232,0.24836854918587378,0.03467028444263233,-0.0002181466430791834,0.0504508901095605,0.1044905721492862,0.006770124589309984
2020-03-11,-0.03349610553831985,-0.02321381609058896,-0.06882864584323516,-0.19495340137529038,-0.007092288901947447,,-0.04993077434856195,-0.09639512087089162,-0.07906026780968595,0.0002181466430792376,-0.04997712191699907,-0.03965016421696938,-0.03199358850069613
2020-03-12,-0.12142244980702266,-0.08505340647358912,-0.14376265752419598,0.007598298122481105,-0.1066603549287701,,0.02140941380269124,0.016352299817584143,-0.11247800524749105,0.00010925161088341493,-0.10056886897689882,-0.04854872033413112,-0.10487683971127487
2020-03-13,0.024967960866245274,0.08973930147180362,0.1068486447798273,0.18176053198079892,0.0011307045678400154,,0.04149044814539765,0.13674233209708433,0.066025648171142,0.00021836937585227714,0.08202813058458941,0.0050569007889737115,0.03888588549338868
2020-03-16,-0.1000695809415937,-0.1796875611636586,-0.185002332581369,-0.1708864464052111,-0.003679417460207886,,-0.18510627012423603,-0.2522208530105787,-0.15737557279271977,0.00010921582557966365,-0.11588662966871573,-0.09103182924913152,-0.14202807400444636
2020-03-17,0.06510048042423124,0.014103684914829266,0.006497551027068935,-0.05823563499381187,-0.020046375241511698,,-0.04071476088041551,-0.043624763659001774,-0.09097165781181832,0.0,0.05258497390937293,-0.07156128147340932,-0.00035746202346678056
2020-03-18,-0.10563279002956508,-0.250062142689814,-0.1466234051680745,-0.07410792376910405,-0.14780712058350373,,-0.1516960464176114,-0.1580926491505862,-0.14090545611348732,0.00021800382298798834,-0.05195989568465245,-0.2749054858727992,-0.20481066395627548
2020-03-19,0.038791218935300936,0.04162806403787162,0.12115876821588337,0.028091824130597656,0.06428720422004462,,0.0808822863058745,0.15480878285993338,0.17829286328102975,-0.00021800382298794549,0.0021228479448532297,0.2030205602070239,0.05089830634177545
2020-03-20,-0.05033061195752327,0.03425556482249154,0.04769200475379925,-0.05699576441899356,0.09702407042477147,,-0.08557335018189714,-0.07583028826423706,-0.037387407167542235,0.0003270859168784951,-0.04405019618934577,-0.2530810621639419,0.06341716705034528
2020-03-23,-0.040198706451728225,-0.09107561041635114,-0.08918129069805311,-0.054230092076283015,-0.15863201373412147,,0.05043090091910076,0.12587274161813927,-0.09169783571780428,-0.0002178820180926985,-0.025900730758817495,0.18035178781894945,-0.07305478616906322
2020-03-24,0.1194418600684621,0.20490356733974824,0.2248529050043331,0.10101667500293238,0.11607233492746812,,0.11396705369105678,0.04646317332525542,0.0020857226983720992,0.0,0.0867310092517071,-0.10379009631873004,0.03109058707003118
2020-03-25,0.05088457167036716,0.04005819763342205,0.006484810080961283,0.11279559173424114,-0.008073037413656411,,0.026248316429451565,-0.02357320623335734,0.024692429967966417,0.0,0.014859166762562912,-0.013403743037901155,0.04470017891790699
2020-03-26,0.04020994268574563,0.09770910211466959,0.03649462242590276,0.06687961335744255,0.041458493233457724,,0.11605437886312606,0.09001399454619945,0.03200273948780691,0.0,0.056748654755454604,-0.2231435513142097,-0.0842474760061614
2020-03-27,-0.04936942415699455,-0.10480790378748728,-0.09266472317064264,-0.09991949969018199,-0.03547249124188601,,0.07977658692381555,0.05492003870452071,-0.0629649258597653,-0.0002184197243654361,-0.03023809212655956,-0.06985382720091658,-0.05051138985176328
2020-03-30,0.014775029462493617,0.04505842981737273,0.001366492136655718,-0.0530626570046038,-0.029373536939139907,,0.11553219820995057,0.08952134318667754,-0.05162433288745681,0.0,0.03195939359964636,-0.09337407077745852,-0.1542251205910549
2020-03-31,0.012455636654209335,0.007063260809219485,0.050268576013557595,0.05047535117504523,0.029075220376355546,,-0.0923734867732059,-0.07794830925317897,0.015334185906360081,0.00010921582557966365,-0.015017655283585996,0.3747377747001668,-0.2563894447709
2020-04-01,-0.011656316760179556,-0.0553253143016394,-0.039064879628699145,-0.07530441550915226,-0.04580962353485473,,0.04078066658727144,0.01453794056300895,0.0893639684121045,-8.754818280610616e-05,-0.046049049449269915,-0.011277393361306821,0.008048333182828415
2020-04-02,0.07368941125836603,0.10460170704127977,0.13378470570539747,0.1731239047494617,0.058268806920530734,,-0.17297491593050282,-0.2027346732509317,0.03707716463139998,0.00010911542741705206,0.02281318099403193,0.2164148498932187,0.3016126459877277
2020-04-03,-0.02989811347074929,-0.013357200727477724,-0.028457951248421588,0.017850613085143404,-0.052038203710271555,,-0.06501382199172986,-0.06386525220847464,0.04678145609610542,-0.00032748007125432894,-0.014559674899185216,0.11892967304772556,0.18404931237616645
2020-04-06,0.03162939379379404,0.0679361719529776,-0.003348086122531387,0.03328579637260053,0.059381610239196796,,0.06263557272714217,0.10226011034718963,0.012715880993862378,0.00010894314909132452,0.06500664078570431,-0.07883868432861171,-0.07464559807391527
2020-04-07,0.018847633967696027,0.0065708955039282535,0.01422750378364846,0.029327661110599857,-0.013553476029433466,,-0.03390141001016471,0.013876482307876586,0.007194077336652615,-0.00021819239212922986,0.0010192179927403637,-0.10743991550318434,-0.02148695019780865
2020-04-08,0.061365815987109905,0.060653880295303386,0.06993420827025883,0.11714041203506577,0.07979166201073973,,-0.016139445222411532,0.02485317765381153,0.012466767996605304,0.00010924924303795998,0.0330174142485515,0.05897400245955125,0.13205972201306632
2020-04-09,-0.016555695915934664,-0.019614435115206563,-0.026986441377829597,-0.012936614181295302,0.05514787990771827,,0.09428551023875763,0.017382025249886836,0.027925172956634742,-0.00021851042277700302,0.015102506818920279,-0.08653819373148791,-0.22047067935711936
2020-04-13,-0.008615529795224097,0.007091730300741773,-0.012458525913184807,-0.0019550876739988267,-0.008329218321718332,,0.00227552247083034,-0.023831540171560653,0.02548987592765486,0.0002185104227770161,-0.009172161729919963,-0.023863262273295518,
2020-04-14,-0.007747811175824914,-0.0035393433463836465,-0.0064346575383686,-0.028450508393820597,0.03543369265319709,,0.0,0.03865486887244724,0.029754274765261286,0.00010894314909132452,0.029066312659553544,-0.10406935989420649,
2020-04-15,-0.04704706702379346,-0.025375855980975737,-0.05674433146058263,-0.09055649246327642,0.0005044683203788186,,-0.001137026740343879,0.025700114246454662,-0.04156882466888905,-0.00010894314909130853,-0.021476813630825455,-0.009474017509373916,-0.09347194399257372
2020-04-16,-0.033407635019650335,-0.0307752119427201,-0.03572367540280871,-0.10936874856888228,-0.03254600884418972,,0.059620180289930935,0.06615723067672842,-0.034545705183853095,-0.0001092492430378501,0.004812519585354277,-0.007038741981476047,-0.05769331623301806
2020-04-17,0.09890268671437794,0.08595871227234783,0.12650661998071303,0.11083721749332728,0.07379169297110628,,0.02852834689651317,0.01892150966076232,0.07936670510485272,0.00021819239212921959,0.02665697191041456,-0.07924417021542265,0.05516486987965936
2020-04-20,-0.04835073280689327,-0.0421757877830673,-0.01976313375651131,-0.07937029225173164,0.007952754289872205,,0.11963292761545835,0.16923384675851372,-0.013072380879483828,-0.00010894314909130853,-0.017775005662878058,,-0.12898478211492678
2020-04-21,-0.005356763274271148,-0.023365036170039783,-0.04073743137412495,-0.020056634061021317,-0.00867910643041127,,-0.01302327782620813,0.017804592585590327,0.00982020562737324,0.0,-0.030833615525523033,,-0.6436989051459642
2020-04-22,0.02816440474075805,0.0337216431778046,0.05252766688401271,0.05364045467458731,-0.013161161386085727,,0.02496649898894886,0.05556985863664036,0.05389578505334547,0.0,0.02195164927798658,0.4258324109325982,0.4120225086543235
2020-04-23,0.03085031674784363,0.027565283111768996,0.03373033830505513,0.06324170943880157,0.010737332760307432,,-0.02965921008123144,0.0007947033460471145,0.08430717991578207,0.00010894314909132452,-7.184774561756424e-05,0.0990355699564314,0.08954990963118407
2020-04-24,0.0064235654945551494,0.0024166749426258478,-0.002490569891806917,-0.004335383728402406,0.016131002616170904,,-0.0028260164586478512,-0.007174114784960158,0.019663661820073043,-0.00010894314909130853,0.013842357490727075,0.05992130447411529,0.05238831216657014
2020-04-27,0.00479048380531773,0.030559190865765605,0.0289477214506811,0.02432165745022598,0.02196868515976878,,0.01683852624286096,0.06353785922419859,0.005547654850949206,0.0,0.014315817378376183,-0.27298961984642706,-0.045110741177876765
2020-04-28,0.023170973117891635,0.002226588260925027,0.035174752307564915,0.06960530574882443,0.0065206189418921855,,-0.02917875897662082,-0.01474775780236681,0.002762161671292727,0.0,-0.004609031737079133,0.018722565611555362,0.027951120895050502
2020-04-29,0.05389182304291722,0.0510601140655349,0.09251849439641457,0.10086793513935613,0.058820631576799044,,-0.121730603585438,-0.17028014383350282,0.11578906176723223,-0.0001092492430378501,0.025841383533573903,0.1930168459107026,0.13529266119286157
2020-04-30,-0.021080497603104986,-0.028080378963533485,-0.0026094495230576478,-0.010784989800043714,0.021650564391290296,,0.009661972957256787,-0.011355942154187176,0.03144127070029707,0.00021819239212921959,-0.009354207603332654,0.24575824107899463,0.013900696446969129
2020-05-01,-0.0743566457076668,-0.028220782048844498,-0.07290269525650707,-0.08547939934148402,-0.0765328044451347,,-0.0336805351315106,-0.05637965743052923,-0.07282652040195803,-0.00017474624575383738,-0.026830284879038227,0.025161789573800875,0.02076577350371139
2020-05-04,0.03954210434395943,0.022115409881481207,0.030694225091133925,0.018205993447220598,0.0006933378904851559,,0.0022074547500049832,0.12008982126420659,0.035224059045770396,0.0,0.0027545594643800567,0.03732705049870888,0.09830485545113715
2020-05-05,-0.0011147953054298628,0.015732490992554544,0.013780189462740606,-0.012970237987563204,-0.026930437378295844,,-0.10818190971203656,-0.09338328962633452,0.015941343552176232,0.0,0.009197052010361207,0.18215870360574352,0.22157369227908993
2020-05-06,-0.018915030295826838,-0.031050722573003467,-0.010564210934205462,-0.13390451493404465,0.008744050076828401,,-0.09126439292618328,-0.10981440370507328,-0.043246679556367656,0.00010953867606355465,-0.006801546919128215,-0.028077814754540388,-0.05075595996661981
2020-05-07,0.005666923414742606,0.028355877426502186,0.04656496132908668,0.03519430071657091,0.0165678504733954,,0.05626068271004657,0.020790018266136003,-0.0119445525257592,-0.0001095386760634375,0.011994217453909472,-0.008410478508596404,0.001238901665793613
2020-05-08,0.04291728228346117,0.03009125389564614,0.025389330152461517,0.07893370093501424,0.029417281763727234,,0.026366979211786455,-0.0005139266549502199,0.019828952558432224,0.0,0.016410732346994042,0.04338627151751991,
2020-05-11,-0.009573581516322907,-0.022241978488416303,-0.018981671254844422,0.0006656431448509395,-0.0011243039971190938,,-0.04563539010520038,-0.09608297365824985,0.00652326174460329,0.00010953867606355465,0.0002054554676826049,-0.029130264881487344,
2020-05-12,-0.016856240474128134,-0.024612249082315744,-0.016458291335687616,-0.03039774669601719,-0.01678805939191672,,-0.04510044129069344,-0.026407917260446855,-0.023685305218321975,0.0,-0.020132988535494493,0.0699360845843155,0.043685106940530474
2020-05-13,-0.050911679672339366,-0.026697975420026897,-0.041493266043099386,-0.08141534125286365,-0.07849967941152945,,0.033358648476300844,0.08366088553605201,-0.07893392745725722,0.0,-0.017844097180698525,-0.015255527624962338,0.04472886344547472
2020-05-14,0.008785417058970103,0.01510507166861078,0.0010019926290363134,0.023530682544642082,0.03334054144049387,,-0.05253750056650068,-0.10720490109132036,-0.0014419795888153551,0.00010893838476319887,0.01189638557799106,0.07697563978283398,0.06858643058862084
2020-05-15,-0.007117007914032335,-0.009932473179052437,0.023268343678674287,0.004350733879998149,-0.012281750870025185,,0.043308759178798464,0.0,0.03822125630492725,-0.00021847706082672266,0.004586042206075777,0.07181128046665101,0.035518366902586515
2020-05-18,0.07651952871816316,0.05189041993444927,0.06466108704803954,0.08658921357593374,0.053084430885001796,,0.007915624763036106,0.018879233849817004,0.08132392911683378,0.0,0.030005091744863162,0.0780549474333258,0.07318439785579293
2020-05-19,-0.03136461260415003,-0.03217021487831179,-0.021561188991424358,-0.047563144235654935,-0.00900152278892524,,0.03232332033247286,-0.024253984067552786,0.017766991868794966,0.0,-0.010323871981686729,0.014657988934609463,-0.007233304593519837
2020-05-20,0.032026170066474444,0.03702054611841988,0.034096900032767594,0.042240502938186354,0.05919151489246211,,0.008866464270977934,0.04679207245777085,0.04187799516952368,0.0,0.016845172981428017,0.038267651370394666,0.05014320800431304
2020-05-21,-0.01801429551788251,-0.010376021191992334,-0.0097871636172663,-0.05062638021245978,-0.023660538998397564,,0.023677089229045857,-0.016129456920922984,-0.013357703622457657,0.00010953867606355465,-0.006928320561884622,0.021810472572888623,0.0005752085289457673
2020-05-22,0.0008971540809163117,-0.019307284795682736,-0.010115192348567338,-0.008456723226591778,0.025843357056841793,,-0.006176574288237478,-0.014035338170597341,0.0024420342635562992,-0.0001095386760634375,0.00189770921455279,-0.023898467365780895,-0.028581706437163984
2020-05-26,0.0289491243490799,0.03290411973826736,0.00897076543347488,0.018928163129148554,0.0028307064121007343,,0.05660744339769828,0.07267695551035218,0.02647572399384381,0.00010953867606355465,0.012245322882226841,0.035492800146700365,0.004428051515732225
2020-05-27,0.0071623783204123855,0.006410568197586127,0.02264112142324371,0.0013878212412174547,-0.02109513946771732,,0.0624140430397349,0.05952853493848634,-0.019185293946026787,-0.0001095386760634375,0.014768961524141748,-0.05631117156271565,-0.0365967654916162
2020-05-28,-0.026294696093828118,-0.032800685542243,-0.037869981608403575,-0.05560937955814917,-0.01679581398116766,,0.0,-0.06832962380146121,0.0012101247154203232,0.0,-0.0018459876971057944,0.026178717782885146,0.03748002773069688
2020-05-29,0.00950201116299558,0.009092452949429094,-0.01948645384288028,-0.0519109595694731,0.0015797269361966292,,0.0043905991131027175,-0.014549676847082402,-0.013390601423478523,0.0,0.004445626496514908,0.05489535278738067,0.004990469773013247
2020-06-01,0.017656939439468073,0.01181640984974994,0.028282792355072577,0.06429716292315545,0.008308256847323368,,0.011976286042082167,-0.010768082914268229,0.0061087363795260755,0.00010953867606355465,0.0040331413060437004,-0.002251619301958666,0.07310349377018065
2020-06-02,0.022012020139424555,0.0202694492477352,0.01849567792378913,0.06585024747847786,0.05587778256916117,,-0.017467870366550786,-0.052643760392728625,0.012106837005289127,0.0,0.008246286526380101,0.038418432029987924,0.02632437797827709
2020-06-03,0.03998454860984526,0.025956903404310547,0.02060090769762156,0.04636581905676882,0.04627975408962634,,-0.04765707839666439,0.01549490145387707,0.026129617802029916,0.0,0.013220671378664393,0.012127894238099181,0.006869247618883014
2020-06-04,-0.0028471694227898098,-0.009304584681657414,-0.009128438106334399,0.006451481107455716,-0.022046314952331267,,-0.005018635676776233,-0.03551374772800525,0.033432393157868445,0.0,-0.0026300603982189813,0.002408027919451247,0.011258136973673696
2020-06-05,0.07794124210226007,0.045976992482364455,0.08322068034691187,0.29041163521565994,0.04539361881634897,,0.026071972902590494,0.05367998556232413,0.037824355448448525,-0.00021859894638805486,0.025306543027377094,0.053842154452614525,0.06525422434649453
2020-06-08,0.03079442974032407,0.023818653851567347,0.03478614589126423,0.16011092613602232,0.010789818566224223,,0.09686868211247304,0.09994539631522677,0.019460150818297602,0.00010906027032449107,0.012014879580809306,-0.033997608541419734,-0.033228943612657914
2020-06-09,-0.022539399906868953,-0.016701838818005615,-0.03396319489609432,-0.051293224052430184,-0.00469412225656236,,-0.021360973480418315,-0.034753725667459115,-0.04265257268570026,0.0,-0.00748438428924028,0.020998827322276235,0.019723520412850967
2020-06-10,-0.055116048517629475,-0.0396818146608379,-0.057557527390179976,-0.11026158827598907,-0.04716438158021621,,-0.06575139474146187,-0.07218448518550924,-0.02031689225401234,0.00010953867606355465,-0.005596031035195622,0.014264123663056202,0.01788605809514264
2020-06-11,-0.09239240490933076,-0.08788752864006874,-0.08616027043551598,-0.17598331077640986,-0.05296026326883741,,-0.09276500704264305,-0.0771717649802075,-0.11337421891861371,-0.00021859894638805486,-0.05937713329672437,-0.08192020672199837,-0.08670236032234346
2020-06-12,0.02121120718686838,0.03323365596571629,0.03751139448083679,0.06130022467965332,-0.001084171736935688,,0.056936720249459644,0.03537444705630988,-0.007692141998112516,0.0002185989463879489,0.011904493429630979,-0.005229129845693835,0.02044632170892053
2020-06-15,-0.0006362003839907744,-0.012634953625003905,-0.008727647722838832,0.029296392316888617,0.02039819778096557,,0.016219709951508624,-0.002442037844149696,0.04651990644920457,0.0,0.009292170700785482,0.02264453598786219,0.023083866748214322
2020-06-16,0.022237245950826618,0.030230189056680505,0.03979726008416281,0.06306113204519359,0.034262759853445034,,-0.020000508329151578,-0.03863387716639332,0.013422903139488638,0.0,0.01906486591831883,0.031596946849465804,0.03267530995243713
2020-06-17,-0.033114832428836324,-0.02683780664159756,-0.024460236157471834,-0.06358591680004333,-0.012815538982215501,,-0.03861488116152871,-0.058879180285594655,-0.01958433271623579,0.0,-0.004162620641563587,-0.009190034483863407,-0.0068948807990975155
2020-06-18,0.006199603785280378,0.004360031882783857,0.009721533549375348,0.03255214963447354,0.007048306236063398,,0.032281670542908425,0.02331129318343382,-0.0037151242218476945,-0.0001095386760634375,0.0003850030344578428,0.022947551923632386,0.031138492409090317
2020-06-19,-0.020237312398835,-0.014350788030412346,-0.017017424207760867,0.0020319284355932096,0.010070974975898778,,-0.03490987678750672,-0.01994752726963621,-0.011229203178870628,0.0,-0.005731229144856534,0.023692357725096126,0.013796603235967894
2020-06-22,0.009523678195578804,0.010536921337771316,-0.003208395752954103,0.010095918175398318,0.0002045410069406127,,-0.029374410060438557,-0.016932387756680177,-0.005031422087320778,0.0,0.0063948116780914626,0.02191322743071508,0.020344440717232425
2020-06-23,0.006013980306568679,-0.00163896224052121,0.005722920670307563,-0.006045434915106174,-0.024840982273920294,,0.017461575594748754,0.004089893306359438,-0.0063252108034328475,0.0,0.004592856825157347,-0.004938281640582677,-0.011173300598125302
2020-06-24,-0.048255127323115966,-0.042445665622755036,-0.06653442712596538,-0.09480521647834217,-0.023111563551268744,,-0.002666564693325296,-0.05811903231274966,-0.05209495039110393,0.0,-0.02583952144734194,-0.06361485543886097,-0.055837409684835033
2020-06-25,0.014943975214170742,0.01775553606635008,0.025769655199244408,0.02955890331201752,0.018068601722488694,,-0.016151034400566772,-0.030749151342461447,-0.00940246955386773,0.00010953867606355465,0.010663466282530157,0.01959054425194132,0.01912291663253902
2020-06-26,-0.034917311144287075,-0.03131136826908357,-0.04150632877684849,-0.046930889754472675,-0.053880250690149886,,-0.05150767265966531,-0.04563551237377927,-0.04838545618348541,-0.0001095386760634375,-0.02403802724384414,-0.0033683151421185233,-0.0051126100408636485
2020-06-29,0.01592040659141476,0.013898104125170197,0.023271582870203637,0.009563873940391876,0.031728104221358695,,0.015592340208221462,0.0298989447542905,-0.005681794239405887,0.0,0.014590449655637654,0.029158075888172572,0.014779190871087105
2020-06-30,0.008984793339721022,0.017637626129887417,0.017282848556374533,0.024337681573219253,0.03989981182095235,,-0.018453461240586767,-0.033016342850069026,0.014144464754557431,0.0,0.012728260080984863,-0.010134365936320531,0.0014419613169014058
2020-07-01,-0.022844049976451723,-0.018208330992720727,-0.03093526278711523,-0.049856045174062585,-0.005187543468363876,,0.06247691752694111,0.06643920637686743,-0.004222328342155476,0.0,0.006980466134985648,0.015414076503719254,0.012884931303860299
2020-07-02,0.008429263507598853,0.007844218104812728,0.02520725003750419,0.021029304176978836,0.015072139379490194,,-0.0639107059810439,-0.04787735528768929,-0.007077038252077777,0.00010953867606355465,0.0054917015919874815,0.01715393212471812,0.023662811921981157
2020-07-06,0.007008060220293293,0.0029397706851269165,-0.00359665646669306,0.022247462446622585,0.037208814803134635,,0.06391070598104391,0.04054624291142573,-0.13190962730401742,-0.0001095386760634375,0.015319445672386021,-0.0014800200037567868,-0.010707737316676227
2020-07-07,-0.026248136115935836,-0.02584779467273161,-0.024068135997516192,-0.05832395002164288,-0.001976104849459703,,-0.04543101055143461,-0.03519664412443297,0.022437058059657317,0.0,-0.010367131977919612,0.001972873636207393,0.012789384882292686
2020-07-08,-0.002315694873572736,0.00046329122316955635,0.00979448315802012,0.007551834713166571,-0.0007916946889443869,,0.041385166320484564,0.018127552553640146,0.035801332127392664,0.0,0.007619125652495124,0.007852801090500697,0.008970732959243537
2020-07-09,-0.04213598516803664,-0.042705295320837035,-0.06779258632172103,-0.05961237152403561,-0.01395556885533599,,-0.02324117450801881,-0.060157160619992545,-0.03105830399213482,0.0,-0.005709052750015417,-0.03153582247951986,-0.03069294639940625
2020-07-10,0.030712950219711994,0.029650161112706318,0.034344667858219484,0.026070095500333842,-0.024797862779315772,,0.043308760994644695,0.055655883684121686,0.015649905566458972,0.00010953867606355465,0.010158884672335342,0.022943649821140583,0.021491133138729968
2020-07-13,0.0002342092532332835,0.0019927005309038383,-0.0007561829046352425,-0.033468371239782975,0.006359558202393037,,-0.021419751175108415,-0.038318809136843775,-0.012500257319244637,0.0,-0.008696647279336292,-0.012404029045255536,-0.00975390919300468
2020-07-14,0.03251771027147327,0.03395985658299646,0.04076115709557827,0.03167131134559614,0.009970480047653359,,0.02274327977438277,-0.003913825047979522,0.0,0.0,0.012875778827897727,0.0059731387149650345,0.002796552743114976
2020-07-15,0.012627120907175604,0.006093385099186573,0.0074764197596015125,0.02953547427860696,0.024401219520270006,,0.026111145933980007,0.018648224594617045,0.0400670125452309,0.0,0.009145209657747047,0.022086787402843505,0.022777931748516847
2020-07-16,-0.007873287696334478,-0.00598005033119435,-0.0007209915354004999,-0.009944368104359171,-0.0013841148361107664,,-0.019519001002460328,-0.02731335670072603,-0.004542196129680468,-0.0001095386760634375,-0.003299048207056814,-0.011227845556821008,-0.005703220660197464
2020-07-17,-0.017312633521512848,-0.013329996837671687,-0.02983078148821042,-0.043864141780394814,-0.013947147613385731,,0.00524245699929712,0.022683991284796697,-0.018377293898792366,0.00010953867606355465,0.0028950572475493074,-0.004674630237237927,-0.004126553311016978
2020-07-20,-0.02371620461017164,-0.022266964663964883,-0.01589166110437842,-0.03691365472541552,-0.03657582686945872,,-0.001308225215172179,0.021424053105770884,0.0015447214495061044,0.0,0.008048869525676907,0.006881324770062559,-0.005297720555762118
2020-07-21,0.04935004495989022,0.06931354110268378,0.05755412283723442,0.10402137493432621,0.05072095787223465,,-0.019828737004938177,-0.02685272961688487,0.03933896834475717,0.0,0.002125325959182382,0.022521838242898946,0.02305775020295402
2020-07-22,-0.023567733918743335,-0.0038371863608213643,-0.018656158564034384,-0.02677677504530294,-0.02200095382687622,,0.00797883169001938,0.013900031093725038,-0.0225063958954711,-0.0001095386760634375,0.005675753978596652,0.0028694424279529607,-0.007475400084783141
2020-07-23,0.0020616218689379026,-0.00032938461780727653,-0.01057160071462364,-0.007699727880672732,0.011260783045721895,,0.017072015756709812,0.016730328095324102,0.0045421961296805225,0.00010953867606355465,-0.012003001304225318,-0.02148025148608989,-0.023465534926005834
2020-07-24,-0.006197773422433668,-0.00971652017228728,-0.004458747478796337,-0.004767650536497333,-0.020606684498039988,,0.0,0.003763658910354712,0.004521540894182651,-0.0001095386760634375,-0.006461578319229934,0.005838012202562321,0.007652211253280015
2020-07-27,0.014628845433192079,0.01004590479009461,-0.012742590903431241,-0.0023917665673693065,-0.006553181877420475,,0.012936835805966027,-0.02202892794909214,-0.04144879433710208,0.0,0.007266092151481792,0.0055629602888248916,0.0023073383563702744
2020-07-28,-0.011869473520963205,-0.021427242304568845,-0.020577192109973545,-0.021181302473572486,-0.002880890130002748,,0.01783480331244685,0.013730298795873688,-0.02218813160831936,0.00010953867606355465,-0.006362605233079716,-0.013843572631082568,-0.006474011051216058
2020-07-29,0.010961413625532627,0.010715478482496687,0.024843256020232487,0.0407491059424731,0.011473119843763403,,0.04806840562192753,0.05167175938296979,0.06663985178170835,0.0,0.012223634187295938,0.005852247865781891,0.009235807973545515
2020-07-30,-0.05030203730150489,-0.0431051842765024,-0.05931107057685587,-0.07686755416365879,0.0016283474104246418,,-0.033030581608937036,-0.04337313022975133,-0.022745532450162854,-0.0001095386760634375,-0.0035743006239128128,-0.03161537700610869,-0.012255905518224315
2020-07-31,0.0050035778611334505,-0.027379575044517934,-0.006663930794115184,-0.0019042145221932164,0.006284859636176481,,-0.0049874354348226554,-0.0067848513560437584,0.00459061234098171,0.00010953867606355465,0.00787146689998398,0.006253929076299451,0.0034839194453874316
2020-08-03,0.004031555915440121,0.010311140265317412,-0.018354258255127095,-0.03162564863309113,0.01045462750872098,,-0.00878856326537975,-0.028387042624272385,0.028594653144502227,-0.0001095386760634375,0.006928029383555452,0.018040771018960837,0.014501347453973811
2020-08-04,0.028466604395544035,0.019615176447336343,0.025018189049242315,0.03162564863309105,0.04133384228996217,,0.028590945967445137,0.01926847725033027,0.02490980285674275,0.00010953867606355465,0.0038553162132780833,0.02036434010287782,0.005242177246902737
2020-08-05,0.008703794520259493,0.008175771357681803,0.010044868179472451,0.01262652640964596,0.0017256214770962617,,0.014598921353676787,0.02562305080311968,0.034142710741358426,-0.0001095386760634375,0.006191361353665324,0.013822908368820797,0.020920794509613986
2020-08-06,-0.004800449723510192,0.003091400160498509,0.0007883565704314764,-0.031222774598202094,0.017470856709337155,,-0.014598921353676752,-0.03021362107881274,-0.03191357276324392,0.0,0.006662444513505719,-0.007602792620511544,0.0026678539611924477
2020-08-07,-0.004593376007644039,-0.007689430763381623,0.006549452678455053,0.0,0.004133236312976346,,0.004890055105699104,-0.03591346326059719,-0.0306303761454501,0.00010953867606355465,0.0007177915810096578,-0.018534650216822466,-0.02177170497753927
2020-08-10,0.02433278273503752,0.033198665732153076,0.0343887649697605,0.06453854585589075,0.026821089970314103,,0.0,-0.035602342511210125,0.012365100097687714,0.0,0.002984230550193734,0.018773114507925005,0.0027192402887529186
2020-08-11,0.010281947255758988,-0.0012263629620856919,0.0017640289672709835,-0.08348717785531809,-0.02158550639710208,,0.026475751890709595,0.0049301447258463344,0.0030675319022718628,-0.0001095386760634375,-0.008288841364162431,-0.009823967831111632,-0.011608187705998915
2020-08-12,-0.00022686999655411374,0.012199391226675557,0.04793863296209216,-0.01595778597890391,-0.004486026820126388,,0.026949398817570268,0.03780091083749824,0.003058037255058071,0.0,0.013846130977921065,0.025438195632662634,0.03177016099634331
2020-08-13,-0.024800243792497317,-0.009970460035175415,-0.02503487090005001,-0.021681066809346235,0.004299454432774927,,-0.022210153805662113,-0.00871982553871751,0.0,0.00010953867606355465,-0.001809453237185793,-0.008013241087414124,-0.004891072445101004
2020-08-14,0.0044077515716754575,0.005883457991713268,0.004665861450207388,0.002736014695407984,0.011867401358271624,,0.019895509944924953,0.06099943865875742,0.010630475345451992,-0.0001095386760634375,2.9733013730193995e-05,-0.004981625768953631,-0.00022289089582971293
2020-08-17,-0.013047445183703264,0.004637562209632465,-0.0029444344547160605,-0.05114925550350234,-0.005174625824061823,,0.005776921251165395,-0.009785727261942339,-0.004542200452929535,0.0,0.003171444457219443,0.019779312109832047,0.0011139580075844229
2020-08-18,-0.004937201762142202,-0.020891728323632133,-0.00913253922781821,0.002871392118717576,-0.02040329639311595,,-0.016260463393212875,-0.041704963197116626,-0.0152908146650732,0.00010953867606355465,0.0021581444882085845,0.0,0.009529157979736351
2020-08-19,-0.011139267690785272,-0.014250966904081038,-0.017004702296222387,-0.009362845231338164,-0.022954304169035992,,-0.021302588634592768,-0.031239804487267032,0.004612026972254911,0.0,-0.004172454678342464,0.00046620047464404716,-0.0028713437728692284
2020-08-20,-0.015370023378457654,-0.01845870330785425,-0.02244398715353083,-0.030862130959981946,-0.011677694580279105,,0.0011953685972356546,0.018541565084460983,0.01974253831267712,0.0,0.0031087677449557856,-0.006781272332962184,-0.014481705687485203
2020-08-21,-0.007530786742427705,0.0031785089351437402,-0.015858959050938884,-0.01807254959585898,0.011097160936599137,,-0.0023923373345883766,-0.03082173882151964,0.0,0.0,0.0035410696531934173,-0.007063839120427099,-0.01401152866256448
2020-08-24,0.02907837909185751,0.02461242231905715,0.01843467597864911,0.0343571252811567,0.03144592891478908,,0.0,0.014718020315092794,-0.006033400832919847,0.0,0.010082183177801374,0.0028315261957383604,0.011089849991352936
2020-08-25,-0.032253061787045886,-0.012346947332717878,-0.0005146129135248499,-0.008109064402447224,-0.012459887203835389,,0.0023923373345884325,0.014504887871341883,-0.006069797194776913,-0.0001095386760634375,0.0034929513127391195,0.01705449582160384,0.03494384721956
2020-08-26,-0.02151161590306092,-0.015797788697570238,-0.033768277540592896,-0.04156241073594335,-0.031062683893248143,,-0.012019247962160426,-0.023473370996279143,-0.016884648368570808,0.0,0.009976205435152626,0.0009261403764556351,-0.004793037498373103
2020-08-27,-0.006770883461092548,0.0015323266948085326,0.015585909494602772,0.006153786994539064,0.018060707997268312,,-0.06236456879892379,-0.07127694472727109,0.010777783628827958,0.0,0.002183725356762806,-0.007666433181295248,-0.02096512846504485
2020-08-28,0.02362390029528179,0.008443722761427987,0.006010880072468032,0.0068782578551447714,0.008050371493697042,,0.0076925909702147965,0.03117131240792819,0.01066263491808996,0.00010953867606355465,0.006438990661322822,0.0018639334380627327,0.008438868645864604
2020-08-31,-0.018604120749174256,-0.02005239377151618,-0.01284935412395792,-0.030152984351864146,-0.006319926306115766,,0.016466341889389443,0.009333864652196605,-0.027651478618695664,0.0,-0.0036290593970798976,-0.008180482688788581,
2020-09-01,-0.012851577633858515,-0.01017937690364094,-0.019454525421981526,-0.020619222254104418,0.03195283502595274,,-0.02287249046503746,-0.04138503559774675,-0.02045699389221733,0.0,0.009374346548356338,0.0035141186450238786,
2020-09-02,-0.006105412358721954,0.0013231104825857658,-0.021213240760406295,-0.00643088875089447,0.009998132542480453,,-0.03665346490127331,-0.020454286785024187,0.0015883494443136431,0.0,0.014360216912083053,0.0,-0.068336918692031
2020-09-03,-0.0020431621348072234,-0.010999015739552134,-0.010778051746342632,0.015206118948319846,-0.023675183723645767,,-0.017485252751988676,-0.02088151665337093,-0.01277943785894411,-0.0001095386760634375,-0.035020253134059785,-0.03256378039620338,0.00046827441736039686
2020-09-04,-0.0007672248485045442,-0.004262768776753185,-0.003618654166666623,-0.027376765861199776,-0.01827578384478739,,0.03335863980418014,0.06224249024656765,0.004811388275441518,0.00010953867606355465,-0.008198292075182344,-0.041940038965667156,-0.03865907314975043
2020-09-08,-0.0232991546764427,-0.03679740576079427,-0.05149885977726742,-0.1021910529699473,-0.04479231181885572,,0.015625171739750483,0.1133285609086095,-0.03252324535890544,0.0,-0.02770340696079066,-0.07370105454892084,-0.06457096286412266
2020-09-09,-0.0060422281441013,0.013333637894913078,0.011675729065645452,0.0009038081030046371,-0.008879971999460863,,0.01283728415707727,-0.015649938447332673,0.0016516751599452537,-0.0001095386760634375,0.019554959795956072,0.03150287206164169,0.03694217043418773
2020-09-10,-0.02535161064493577,-0.02377163396289088,-0.04571898967931714,-0.08283199247490815,-0.005896071757347828,,0.001361604108125374,0.010200335057685512,-0.016639375896573685,0.0,-0.017515778237935518,-0.021249139482126273,-0.017918460482335544
2020-09-11,-0.0027062264374433185,-0.005903267051376117,0.0057547814656095765,0.002939824768924957,-0.00020399873405931615,,0.018868369717527377,0.03904037694319561,-0.016920809274614385,-0.00010906027032450635,0.000508800019368975,0.0021453481009238683,-0.012040621960690667
2020-09-14,-0.006525519391633321,-0.005162327146410812,0.012306932975848828,-0.003925624937919418,0.010751529665159349,,0.03798770577072483,0.02885890511439636,0.010186866982421085,0.0002185989463879489,0.013085325827734702,-0.002682405041866987,-0.0059454744090912
2020-09-15,-0.010695098583729468,-0.012236300605783441,0.008318465599250207,0.05173571979511615,-0.02637376864471963,,-0.048726228988492715,-0.019890074755770593,-0.013605851032873484,-0.00021859894638805486,0.00503940268036789,0.028073877604577576,0.024838045522334325
2020-09-16,0.04158261387089797,0.02853463481555801,0.03717070453169021,0.08326962615202113,0.045163010972319784,,0.0,-0.01272948365511557,0.04027386810585127,0.0002185989463879489,-0.003976378715129959,0.04793168288198765,0.04185332897633771
2020-09-17,-0.0002644893363403188,0.0029233634331938944,0.02838474067275029,0.018724051642411928,0.006513510265904245,,-0.009491450607884751,-0.0022633790482383077,-0.006600535225080656,0.0,-0.008834168066777984,0.020207686145055376,0.02680227437925479
2020-09-18,-0.016269203228692308,-0.007388126676760186,-0.006114971233180615,-0.017865225928437554,-0.006117427121515765,,-0.022039523689719082,-0.029898565705898217,-0.006644516011932308,-0.00021859894638805486,-0.011579403258113505,0.002436648379072157,-0.004496516864956617
2020-09-21,-0.020647298212847626,-0.024724772923809694,-0.043008366701555806,-0.03138873401250696,-0.017572568831791088,,-0.07969442936506231,-0.05108868288500605,-0.016807239245324502,0.0,-0.011192057172121166,-0.04555859404700348,-0.04338496936825746
2020-09-22,-0.025015357626758127,-0.010143220882496475,-0.0017472841065539224,-0.018775800621062964,0.015194584508494199,,0.0030119467694688213,-0.07039794162286006,-0.013652163319295748,0.0,0.010132913381619773,0.007359505365347801,0.011575058431615598
2020-09-23,-0.032611348024106215,-0.04855863005284695,-0.04106500320385873,-0.06237494370372477,-0.038427500260424595,,-0.065240544260015,-0.056951668549333805,-0.045701907071396757,0.0,-0.023464052108241266,0.009311757229600379,0.00610278959885359
2020-09-24,-0.002037700140528154,-0.0020865474140101575,0.02044531979938234,0.02185390716082789,0.009848174067817983,,0.01592388403378554,-0.0027944976601550174,-0.007220420689175669,0.00010906027032449107,0.0026617787177171093,0.0047482283386981565,0.003643876253440746
2020-09-25,0.009280598280712626,0.00041781944298865487,0.0029721440179843487,-0.040274121814957396,0.01358655548431046,,0.015674489475356584,0.03663412591438275,-0.005449617296796889,-0.00010906027032450635,0.01603771798147064,-0.0012473495442892311,-0.00803412720745208
2020-09-28,0.01915745103856417,0.02881619326221182,0.00029652180146699607,0.01167329354725341,-0.006466029614147801,,-0.009375263606672483,-0.009033385090991282,0.010869898376573572,0.00010906027032449107,0.01647299953183499,0.010182628650101985,0.016485221813513275
2020-09-29,-0.029604326406372693,-0.0278424302311626,-0.037785927708176355,-0.03443520215616768,-0.016144208329108532,,-0.004720538702208205,-0.006372543313799614,0.008968400496157668,0.0,-0.005460970210877363,-0.03623037769525053,-0.03076414486954368
2020-09-30,0.0014575113071774238,0.0013898500868874761,0.011638757858456097,0.002000002091026023,-0.04789448739825766,,0.02492337500772409,0.010899387182360942,-0.03267037952477692,-0.00010906027032450635,0.007553322171959572,0.025798092321844535,-0.0007441399326395343
2020-10-01,-0.035580185501375865,-0.02218875122906723,-0.012563515879070472,-0.03352282139634051,0.0015117504885392046,,0.0015373281759381188,0.01523999846981449,0.0,0.0,0.006399690555422752,-0.039210725687550664,-0.013741627852296353
2020-10-02,-0.004538036560752235,0.010874862733270898,0.019542857158198295,0.019437762183235095,0.014354628542061154,,0.0015347651664362756,-0.004458224964028667,0.0018432078205671634,0.0,-0.009539763902319707,-0.04270639678033607,-0.04502368137395513
2020-10-05,0.02278283496979088,0.0209889919380993,0.03593551248302755,0.06282778142486223,0.011000924557976919,,0.0391028747104707,0.009782201510885219,0.01643849012827554,0.0,0.01757743837539866,0.05842229412013499,0.04577811369944049
2020-10-06,-0.01042767623197763,-0.005517239555793063,-0.029004684906318568,-0.036826089284433025,-0.019760612120179426,,-0.014859292311330931,-0.010676255934693814,-0.023832484626575896,0.00010906027032449107,-0.014317833086347877,0.03516183421386613,0.03677157033866439
2020-10-07,0.0032890221936110503,0.020263846041986912,0.030462042257355666,0.014699250396337361,-0.005810740847641087,,-0.00751302445895342,-0.023530393659653162,0.018382867329779014,-0.00010906027032450635,0.017256922504041837,-0.017426380744432424,-0.01587528761225196
2020-10-08,0.051203621224658234,0.019329246173751917,0.03435785313912532,0.08392597453041184,0.04246959430601621,,0.03410254400712042,0.0552233685970709,0.07540838178602474,0.0,0.008823346755859501,0.030177902226463854,0.03340906213112983
2020-10-09,-0.01485719711722164,-0.016352128899128123,-0.011321783388359433,-0.03273021853086357,-0.001034780913983468,,-0.014684435086191692,-0.017483147097289535,-0.005080714816862488,0.0,0.008890552506217984,-0.014727806710243511,-0.008848557076484137
2020-10-12,-0.0031715075312594527,0.0068685820365738184,0.01300902295002701,-0.0009245483466947289,0.0152078612231696,,0.004427899070278312,-0.04694001570508901,0.026802357845684178,0.00010906027032449107,0.015959561532588283,-0.030632573384070473,-0.027519087094390635
2020-10-13,-0.01191018096636747,-0.015009781984708245,-0.020151188835223165,-0.027193539213654517,0.016786722938444253,,-0.017830960352803703,-0.01677568437115831,0.013136669819832874,-0.00010906027032450635,-0.006547381475814581,0.020442352236282067,0.02052858014112873
2020-10-14,-0.0020476225983404317,-0.0061494443813059135,-0.010084878813376375,-0.006676331440028228,-0.007044488585230997,,0.016357269131880924,0.06195018798022327,0.025766275678261532,0.0,-0.006303695451785365,0.02052241638499371,0.01130499111485143
2020-10-15,0.008746186590613537,0.007647113738111987,0.024883566316452523,0.015195275100200002,0.02749188477152594,,0.0,0.012291734147831189,0.0,0.0,-0.0012362281613605118,-0.0004895960930111225,-0.004795022373623779
2020-10-16,-0.010211597400290168,-0.008469758367738184,-0.034918182276594,-0.05025214791134825,-0.016843877955402497,,-0.01635726913188093,-0.022948546341842086,-0.04387409333877366,0.00010906027032449107,-0.0006044208765116541,-0.0034339008479155396,-0.0065099687412276536
2020-10-19,-0.020142671160057544,-0.02233596565386241,-0.03219756003126558,-0.027124039447536503,-0.02100224279650032,,-0.010550347267233298,-0.03729418500696618,-0.023530344293236635,0.0,-0.015320484451733356,-0.00024573043495083836,-0.0012102143556234554
2020-10-20,0.008343428222376183,0.005595901713744005,-0.003676410961198157,0.025139809578324727,0.016796753546864256,,-0.0106626420923003,0.0018519521580347622,0.006779849105094224,-0.00010906027032450635,0.003997898015855738,0.016573618459721613,0.007960481067489537
2020-10-21,-0.01615365099556688,-0.011364414177420843,-0.0613923347946631,-0.04156687788153784,-0.005433222254541276,,-0.03427122251130307,-0.0009256977246718183,-0.015319545064873204,0.0,-0.0018945497408432346,-0.03668103537968244,-0.03745389431107262
2020-10-22,0.049995833372257645,0.03507656712847139,0.040613116060631185,0.05144818808726734,0.006436199363705787,,0.021944528495381838,0.012879760539043224,0.0695644334526004,0.00010906027032449107,0.005470024897721321,0.014438886645961864,0.029251194518891566
2020-10-23,-0.02028470398274654,-0.011372170034994425,0.0195505029639917,-0.014858721735087852,-0.02394117331181654,,-0.04114519995236504,-0.021247706117253934,0.007968049583502388,0.0,0.0033895662314046564,-0.01820726191309192,-0.013904358658419798
2020-10-26,-0.023997668193534195,-0.022717245291694832,-0.07066234703813,-0.05751085019345421,-0.022216009616970022,,-0.014646243040839894,-0.053704050003521644,-0.01923134758627566,0.0,-0.01865259684995669,-0.034309560813801196,-0.04137483706635456
2020-10-27,-0.016019863998470305,-0.020363637328180795,-0.001981046158829934,-0.020289126463609947,0.005443653200405796,,-0.009884855989576375,-0.03815744030819548,-0.08966266117241233,-0.00010906027032450635,-0.003453494097545599,0.024444803948206684,0.01675591372843886
2020-10-28,-0.038830492930547106,-0.038570768208501374,-0.0497984868166379,-0.042981741743042846,-0.009651647532685917,,-0.06674844212880976,-0.09551469286112173,-0.06962518248005939,0.0,-0.03477697675953392,-0.05405309946974598,-0.047959693395795054
2020-10-29,0.04339060322799118,0.02830381953162766,0.012769649030866016,0.027763933556929844,0.014027044129396756,,0.014060084016784812,0.005614592348491602,0.003788079601753753,0.00010906027032449107,0.010112353112417084,-0.0363378321357542,-0.03494039919522748
2020-10-30,-0.01067251548189268,0.010123046756946816,-0.018691809878345473,0.0,-0.004792986064485071,,-0.057466604169219615,-0.01239464383382291,-0.026821563851137393,0.0,-0.010479367448895086,-0.008382278752804388,-0.0063109003528388115
2020-11-02,0.04114092702527535,0.03742028623709941,0.054728574805788764,0.055392374212044064,-0.017278073146014726,,0.03451752456720937,0.014631538632585525,0.003875886044085377,0.0,0.011145993980423272,0.026579637804712102,0.0391360158402529
2020-11-03,-0.017211205749529602,-0.005698823986944544,-0.030905651659598198,0.00413661859291089,0.020406874068272345,,0.007117694349949699,-0.0011178824854524965,0.06187533315603299,0.0,0.01750197032388615,0.02269141120207067,0.010270004683774835
2020-11-04,-0.00540215031596916,0.0004183710632331442,0.035855521286140536,0.012307855380625964,0.004156067924862315,,-0.008904706463937897,-0.01464796312540992,-0.027651734376449525,-0.00010906027032450635,0.02210301418143,0.04005246774122653,0.03879741565953355
2020-11-05,-0.0018073423435808643,0.005142017797902398,-0.008594996954534227,0.06511159618544475,0.026198693672720694,,0.024736091715998536,0.10445184758578914,0.03088265518156326,0.00010906027032449107,0.019314803500464134,-0.010576649608272934,-0.005306392741916371
2020-11-06,-0.011827216447838752,-0.013818486006951593,-0.031363101531810204,-0.04492936564096173,0.009650418175878885,,-0.01760606495385597,-0.05140092538235468,-0.04776430193669029,-0.00010906027032450635,-0.0002283441892917973,-0.0421086967938044,-0.03585167975159125
2020-11-09,0.1192054674973476,0.10970799074875057,0.13413069997008562,0.20030706957438596,0.03576717313358077,,0.09966028294777633,0.13474182852612646,0.09156683881986653,0.00010906027032449107,0.01248742992964363,0.08002190056582763,0.07217408058114713
2020-11-10,0.021942744540976684,0.04518547139111252,0.06242029468739549,0.012190740556659965,-0.005808274711609507,,0.051695336766519544,0.03875012602385863,-0.02898736974481295,-0.00010906027032450635,-0.0014675725741378964,0.027824028085275187,0.03174106329887126
2020-11-11,-0.010362397327043433,-0.007370123849197183,-0.007060916003804979,-0.039544146829902586,0.04573394688386547,,-0.006125585035204482,-0.010004628999718806,-0.0166827521790551,0.0,0.007401064213047144,0.001213445119165282,0.005899722127188322
2020-11-12,-0.03486611262252258,-0.0219467732211375,-0.036661985474466974,-0.0508508847223977,-0.04573394688386551,,-0.052021272207374215,-0.07989046387460966,-0.00938937625788236,0.0,-0.009748132924556218,-0.008036083670052593,-0.008032171697264378
2020-11-13,0.02384060934081367,0.028835167790307783,0.03892693100612178,0.04241209505133552,0.011007002420467961,,0.019231442598681894,0.04359063673552005,0.011256961298574156,0.00010906027032449107,0.01374935458241841,-0.024002141973626042,-0.015537542168159463
2020-11-16,0.05604909514627379,0.06898498431462828,0.07410810232157275,0.0735024368736572,0.0158144495080918,,0.0719514075402872,0.049015806671434035,0.014815167138363217,0.0,0.012405112618935416,0.02985296314968113,0.028498722788427893
2020-11-17,0.013276378774176442,-0.007211884224616945,0.02001876714539891,0.02257777678077737,0.02298528578926372,,-0.01788430805550344,0.012556215117901831,0.034330380575347666,0.0,-0.005392517887301881,0.0024277749239481365,-0.003988275081284063
2020-11-18,-0.03848666719549294,-0.032223516186981875,0.00845839484928435,-0.009280738055533503,-0.014327262075399867,,0.0,-0.03261177536749181,0.0035459783015958355,0.0,-0.012107918557109526,0.009652584598008973,0.008660089231342082
2020-11-19,0.005092907581521774,0.017058602427911074,0.007374125472441585,0.037366251646622266,0.035168960333883954,,0.031090597237651615,0.037945215778515985,0.0799067801795968,0.0,0.004201329832400341,-0.0016824904822220722,0.004186052624313438
2020-11-20,-0.012375440405524785,0.0006993898816896083,0.0045503871003735406,0.009683508715945734,-0.015131308266808283,,0.011594318305978214,0.009790732935425402,-0.006557643886394854,0.0,-0.006871185563602904,0.01005274143155584,0.01611452918556017
2020-11-23,0.0634547829541012,0.05928671746512962,0.0743416967888884,0.15552651197681036,0.03377319564241355,,0.04369968697294525,0.0626544210360084,0.05596970371334407,0.0,0.005976575826429958,0.021673404307331376,0.027257008957012892
2020-11-24,0.06444354109394093,0.04919301418421382,0.03903195351865675,0.06271277318962773,0.04615664047323757,,0.020478551104922475,0.029510479190406766,0.042624570969290336,0.0,0.015985142109068016,0.04109229124245599,0.03558162104990988
2020-11-25,-0.02826614319919175,-0.037073076161353434,-0.01772005768327975,-0.003582338302210422,0.009115367812057726,,-0.0904569914700378,-0.026188082281767833,-0.03333640017283339,-0.00010906027032450635,-0.001542936520064364,0.019271833571648952,0.014266184677657633
2020-11-27,-0.015309256642611527,-0.00904850153889024,-0.019674098606482428,-0.009615465166503818,-0.012342659123699307,,-0.022439355418359834,0.012360978995509737,-0.020234032292769433,0.00010906027032449107,0.0027810055009942166,,-0.00891915022913003
2020-11-30,-0.05261669516483321,-0.04628550047287199,-0.07825198296913503,-0.049514969720913515,-0.0362036388720544,,-0.056002117938410687,-0.05643578076772714,-0.028710307914994355,-0.00010906027032450635,-0.004437161558722488,,-0.00085360653924054
2020-12-01,0.009656843355786645,0.0030921347134955524,-0.007357871246212683,-0.040795648065626,0.0008815205063704384,,-0.017756859725821708,-0.041580482945658276,-0.0016194060506356403,-7.6310031412438e-05,0.010878266133700635,-0.01470942500896404,0.004048157227439957
2020-12-02,0.03671992096081934,0.02729715464091478,0.01766859889666026,0.04901035685510551,0.011216475724299272,,-0.004897908922313243,0.05449487263218729,0.025601425644273267,0.00010906859258093729,0.0021015876557896967,0.015372921660530102,0.016239943540453505
2020-12-03,0.006737830563279987,-0.0007793489479502119,0.030308814444022267,0.03098131149746451,0.01624924114790896,,0.009772160000233671,-0.027755380131152453,0.03416490419434856,0.0,-0.0002726245760604512,0.009243023551225676,0.011854147337481592
2020-12-04,0.03590550482316214,0.0380205724406906,0.07186893489602893,0.12595289492038197,0.025060447859532677,,0.07190597308374308,0.0987422226120908,0.05639455563256387,0.00010915476513800481,0.008580610596049996,0.012625330959156548,0.01497924796558308
2020-12-07,-0.018891129943076714,-0.027386901211273598,-0.03330196637478534,-0.021752041354563965,0.0010028166903914967,,-0.003021246497431128,-0.01849668019898676,-0.033752138209616506,-0.000218223357718925,-0.0020570658834450947,-0.01109309907352418,-0.009618410384780455
2020-12-08,0.032237457936230056,0.008557403686687094,-0.003274890476125396,0.05038560842036635,0.021811955931079045,,-0.012176695223699189,-0.018018532422811595,0.005952297311793678,0.0,0.0029218970977484948,-0.0017513139327349518,0.004309024826809585
2020-12-09,0.013170327422878348,-0.012089236173388864,0.0004686834227444703,0.014022688185281542,-0.012003913218893766,,-0.007686372008568205,-0.009966728452727088,-0.037797298314963514,0.0,-0.00900929610528457,-0.0035118561115396593,-0.0006144393434478832
2020-12-10,0.027878935156892666,0.03166891641596569,0.029990534846258257,0.09441889357744733,0.015918992545160212,,0.0555280217395957,0.06542498039620209,0.04959717658980369,0.0,-0.00032724854190297777,0.027755467721532326,0.030666110889212336
2020-12-11,-0.0047832549497732035,-0.009687914086678502,-0.011888437898345023,-0.019905792786473083,-0.014596382390153642,,-0.016188756771801437,-0.013380708021603283,0.02747827653965424,0.00010906859258093729,-0.001173266160668734,-0.0036422107751621358,-0.006378335357456323
2020-12-14,-0.03673997329505203,-0.03309982851685981,-0.02704127400257645,-0.08592417477560953,-0.022555471879461535,,-0.008941926779142411,-0.037953748277976575,-0.008596099956606242,-0.00010906859258084021,-0.004487204021280216,0.00918711728321807,0.005185492273671655
2020-12-15,0.01923608043961728,-0.0007829907993369469,0.011278444533613917,0.034353499828834316,0.023546332192718167,,0.0,0.0008225635330882791,0.005738694356826264,0.0,0.013428823498729434,0.011839461762888082,0.009897151254819117
2020-12-16,0.015218331485808919,-0.007637965426437595,-0.01127844453361385,-0.019853180782754172,-0.025745438406108285,,0.00597015990113319,-0.004946359176983414,-0.017316467631893873,0.00010906859258093729,0.001568191330407066,0.005867577605415738,0.0011811024995080994
2020-12-17,-0.005047195832168013,-0.003161775908446767,-0.008304740238663084,-0.013978813673027533,-0.0015253585651934726,,-0.008968559829720358,-0.020034064865233105,0.0014545209233945407,0.0,0.005576536334703938,0.009979292795109864,0.00725280058665106
2020-12-18,-0.017399731671483416,-0.013895907110638346,-0.023870659644000692,-0.0350164701487287,-0.013833196945362761,,-0.030490024140806267,-0.023891696883986534,-0.01464129882658946,0.0,-0.004000855186128388,0.01437691635261899,0.018768084988839123
2020-12-21,-0.01842284151267642,-0.012696229449437236,-0.018222619922085112,-0.05836620476470877,-0.006556220953128318,,-0.02349376462199318,-0.05320418644635418,-0.02690763910438137,0.0,-0.00358186363902645,-0.02581987903788906,-0.030358431808314802
2020-12-22,-0.01706973139700915,-0.020299757319969317,-0.03053115994091126,-0.031988924428211864,-0.003294369584865049,,-0.024059135965926133,-0.01467906674583578,-0.02144040858656945,0.0,-0.0016871130659631567,-0.016243369478143265,-0.014529064414150871
2020-12-23,0.012769584618583785,0.015642838427061507,0.026546969238105015,0.055745375308644894,0.010881778682187957,,0.03195187853835386,0.05396979638477881,0.009245234314011124,-0.00010906859258084021,0.0008985841280623748,0.01937718589431471,0.02318542379883879
2020-12-24,-0.004078343141134292,-0.004210062428509706,-0.014830256608262243,-0.012373559270706507,-0.005339770617186009,,0.010946197678601475,0.006110760801230547,-0.012345734545862973,0.00010906859258093729,0.0038827841276786682,0.004993768180486974,-0.0033356255788077826
2020-12-28,0.0033600947001676458,-0.005052172630022059,-0.004822864158455971,-0.015398221797351109,0.018989442980667924,,-0.025198253785183592,-0.017559577962698747,-0.03315220479331139,0.0,0.008554062597093282,-0.0142142861461298,0.0
2020-12-29,-0.011324041137460095,-0.003421502143206603,-0.005869341908773339,-0.009237581392181851,0.013298803538148034,,-0.006400119723958593,0.015817533507636206,-0.004827306995144441,0.0,-0.0019096899084806,0.007341406858367855,-0.008685407935148033
2020-12-30,0.007963946437292344,0.008473674773228641,0.023774238613929695,0.038127006691402794,0.0165842028897422,,-0.008057997823450593,-0.009636437804754273,-0.006472286514106625,-0.00010906859258084021,0.0014257354813209308,0.00811743451996671,0.005930043074416986
2020-12-31,-0.009176018917237917,-0.010366680103159122,-0.0005000873473500556,-0.034075193053635315,-0.012745377223361122,,0.006451520476059296,-0.015078025687331466,0.0032412040230121934,0.00010906859258093729,0.005067817248560245,0.0022776694803732225,0.009415526600243277
2021-01-04,0.0067694405469825554,0.0030742883905219656,-0.010558277148416655,0.008055638188597143,-0.018833472196895025,,0.02852825772640448,0.02732639347517119,-0.01302939631133738,0.0,-0.013707369279724622,-0.018368289336076666,-0.01673432101382007
2021-01-05,0.0470678752333083,0.026674285441120868,0.05578180881239983,0.09609112683032635,0.04351374596803915,,0.018576259171346622,-0.019315441226184178,0.05734049082273936,-0.00010906859258084021,0.00686384049072392,0.04751536437621937,0.05391047408748534
2021-01-06,0.025196987417333137,0.03167694373208802,0.03913822487954346,0.040301269935874115,0.016921006581775856,,-0.02799546835009839,0.014084459829774788,0.02446629635194351,0.00010906859258093729,0.005960643017281137,0.013369449860171962,0.011967233322694193
2021-01-07,0.007814944556296739,0.004666269597305407,0.02698250645001179,0.028101450823905593,0.03455115659741771,,0.009419209178751697,0.09340120854363453,0.004521515603500452,0.0,0.014748082253397597,0.0035615391821998714,-0.0018604656529195673
2021-01-08,0.011059596333523363,0.009487222617448134,0.0,-0.024109179591608455,-0.009149385852438104,,0.0307715174827031,0.08175612133510961,0.011958190900726789,-0.00010906859258084021,0.00568166738163866,0.029388122523537764,0.03315018318725075
2021-01-11,0.02990458429391388,0.005692701296455955,0.014657059052776878,0.0,0.04388942018405798,,-0.03547018795924661,-0.07461577849444131,0.014749384075345404,0.00010906859258093729,-0.006763503108872742,0.0001917729414258096,-0.012143330007956208
2021-01-12,0.021960866133164003,0.018817689628551574,0.04441372777134376,0.11911015759616553,-0.0010443140057393315,,0.036984241090645346,0.05908874950606142,0.04438817291542958,-0.00010906859258084021,0.00021085251749563882,0.017676028017225398,0.020574629393193728
2021-01-13,0.011214917970009569,-0.0009648147728710751,-0.008258655871052347,-0.012903499415085024,-0.020050272618241785,,-0.016781404785129482,-0.018045769296221318,0.013908493282402063,0.0,0.0026894860499268,-0.0050996427451649,-0.008251167888758251
2021-01-14,0.03829082411585491,0.023737674949844818,0.017703294362944943,0.08207285788949195,0.005012387129579835,,0.013751103238896525,0.1077856980846615,-0.015310011199271605,0.00010906859258093729,-0.0035080432911687286,0.012420182241798423,0.0043134502537193475
2021-01-15,-0.049297530829773,-0.03625531488993652,-0.05916353129875407,-0.07938962057256818,0.004082553642421484,,-0.04659232320138541,-0.06326798366925825,-0.016973343104256536,0.0,-0.007319576835997635,-0.023080858115719825,-0.01736657249829859
2021-01-19,0.01964307411830758,0.025939251570222414,0.019316230519008284,0.029918683427891588,0.020314301094316218,,-0.014411707637978804,-0.07377285351611569,-0.023089277399482685,0.0,0.007821492326080724,0.011796179402438513,0.010528323788846054
2021-01-20,0.014028929230645262,0.009163221054778747,-0.014011065483490629,-0.002169904443906191,-0.009060652685291437,,-0.004850394200714968,0.010104847199274805,-0.002924034494820812,0.0,0.013743725202849867,0.005470163597685744,0.005043238354928816
2021-01-21,-0.02908842160103807,-0.03597175427822496,-0.049021707805593125,-0.06645166471100572,-0.004186525724539504,,0.001619377769746492,-0.03702648781146191,-0.031229090579572634,0.0,0.0009112448545097931,-0.0030143202929227013,0.00035925992841950486
2021-01-22,-0.014235379752741454,-0.0030475155198344123,-0.01164417561411177,-0.0023238352436367026,-0.01114967632690668,,0.0,-0.030972614274238152,-0.018293430699972395,-0.00010906859258084021,-0.0035457688665021998,-0.013678024796100564,-0.008295809524155864
2021-01-25,-0.011237148393675544,-0.009089756071933986,-0.0025797355764287633,0.000930314590499328,-0.016345069927935853,,-0.019608555254060342,0.009064854020497549,0.010711694376140933,0.00010906859258093729,0.003936182339966638,0.009518442319156868,0.003976148379639417
2021-01-26,-0.02220612978953249,-0.017086591762228407,-0.021363380438436535,-0.05396415848985064,-0.06802522959976844,,-0.0016513617635091349,0.003275875718259733,0.007581736323831465,-0.00010906859258084021,-0.0015619713541483904,-0.0032261153324621857,-0.0032520353863773432
2021-01-27,-0.011401043485591865,-0.013066452826016258,-0.025022676988838824,0.009765869122999425,-0.01914018516859063,,-0.02341252031268593,0.002450167944618149,-0.02291953193459517,0.0,-0.02474429466675558,0.0037943509761260053,-0.0034442162208803543
2021-01-28,0.015534473821872374,0.009254121593387338,0.011252502008220455,0.017818968084928364,0.059051810936132404,,-0.017065238361941168,0.008932356011050552,-0.0093165657182952,0.00010906859258093729,0.008563462023839502,-0.010469306626375453,-0.0036383522035062024
2021-01-29,-0.026844207147659897,-0.04385936015800492,-0.0266219929344812,-0.043410767775055904,0.0031632112144814916,,0.015371816195537808,0.005642610835206811,-0.022082992224399897,0.0,-0.020222737364255516,-0.0019153424740689152,0.006901589326978164
2021-02-01,0.0017823490649935526,0.01410173361248781,0.01684456154864688,0.016317079250837405,-0.0014222605980398057,,0.013468199021309829,0.01039627097654802,0.014252006928939102,0.0,0.016508322229226446,0.02629987927536018,0.02095536517598809
2021-02-02,0.01568243588996956,0.007494133604225973,0.0063660873013558225,0.016537014729864588,0.019418125913450067,,0.011637743457779197,0.02823696657951931,0.026378672683076806,-0.00010906859258084021,0.014041267971996249,0.02252680190187232,0.021046024082532207
2021-02-03,0.03847864289901397,0.02158938111106551,0.05323196103128629,0.060369237192345424,0.014931504603331916,,0.027711437493628806,0.07089883404043917,0.021212879279091355,0.0,0.000786090541370831,0.01629880339978635,0.017035600831955527
2021-02-04,0.01900857802462436,0.000449422688954,0.018344965006268234,0.01263546674101101,-0.008438831949820718,,-0.0032205040450906503,-0.0043321573241877805,0.011922547773897684,0.00010906859258093729,0.011301698598550784,0.009297402928690437,0.006293072898792323
2021-02-05,0.032969958805479906,0.0029171350938974098,0.009272993513945157,0.011591771852829523,0.022698630282649766,,0.04571333450645495,0.05490459731604423,0.01847321145280723,0.0,0.003928130362982281,0.010797520602998767,0.008441718204824155
2021-02-08,0.042142460004067045,0.024566607942092943,0.05176568849426994,0.1205372889150075,0.01108436212934439,,0.027357292014976494,0.02168121856523368,0.04935685495721566,0.0,0.007196060317307188,0.020044244058655104,0.011533767640306192
2021-02-09,-0.011780807149142028,-0.005700296469523129,0.0021352657411500067,-0.031938896646263586,-0.0050773253173809615,,-0.004508040068925314,-0.02993425251797065,-0.04046786006882232,0.0,-0.0006663318879007215,0.006707394653814713,0.009428570385342264
2021-02-10,0.00963099043406821,0.01700514959881891,0.00786180564585906,0.037815425536482136,0.011166399800902142,,0.03550674299480679,0.06678046569417545,0.0073474035781892245,-0.00010906859258084021,-0.00043547590881924203,0.005981390130667734,0.007054413636870818
2021-02-11,-0.025357537238419707,-0.0054188814667414245,-0.008149223468753929,-0.02451659300401202,0.008551002452632035,,-0.01759564164335621,0.0280272871756586,-0.007347403578189229,0.00010906859258093729,0.0016137461255439792,-0.008040416252765942,-0.0013086865927979254
2021-02-12,0.013551408911348385,0.0057429218526075234,0.015384785394535904,0.016279829036447032,-0.007367209886915133,,0.05328822669081672,0.03396435059617931,0.00588240108645824,-0.00010906859258084021,0.004927535406568328,0.02174737423410685,0.022338254843802984
2021-02-16,0.029643169326560626,0.020283807041348537,0.035208202150038406,0.041278823968327,0.014388948275804617,,0.0651520324580722,0.003031411699752255,0.02032010881018652,0.00010906859258093729,-0.0008662542415136435,0.009534236310485994,0.023571446460274974
2021-02-17,0.015445018709026754,0.029518072624422347,0.010386252015572974,0.010152156409486595,0.010007900092385832,,-0.009241109145738228,-0.04077154172972337,-0.010108647112266127,0.0,0.0002291028852420195,0.0168376377996056,0.01643702691000564
2021-02-18,-0.015829325807090584,-0.00963743328227395,-0.03441874441419349,-0.05577298856107176,-0.02899194558225813,,-0.04475331226598765,-0.0018934866411261576,-0.0160938627843787,-0.00010906859258084021,-0.004264710111499379,-0.011359081720906437,-0.014406569359623735
2021-02-19,0.00670564333591507,0.008385733913409785,0.015190753723099784,0.005522782057861586,0.026246042633679578,,0.023304885318877734,0.06658930121303461,0.03193281030573439,0.00010906859258093729,-0.0017675867534899107,-0.021419828300822973,-0.019696532128715093
2021-02-22,0.0361903144568699,0.02667652642611123,0.0495574079432326,0.040475671953494656,-0.00522333037357138,,-0.03306081699042634,-0.053410577147012056,0.0649847264064613,-0.00010906859258084021,-0.00772148902433903,0.04222831236345517,0.02963295916999848
2021-02-23,0.013717590325461427,0.012524119396749174,0.023694934513633796,-0.015610309836386933,0.01085134742871784,,-0.026971221730615533,-0.02269949178036572,0.03291945718404616,0.0,0.0012137851541658869,-0.0001621665453972607,0.006621011176425539
2021-02-24,0.029532397519948413,0.03627071016902476,0.04815028177533564,0.07750095222142932,0.008026713302912785,,0.0043072991314722356,0.01895181176316573,0.050515891164966284,-0.00010957098653636278,0.010958857733151667,0.024827094026203225,0.02560551981410782
2021-02-25,-0.016717708893524336,-0.00933565292353942,-0.030457302470837364,-0.0513680987423529,-0.0254460306252606,,0.015636356420413028,-0.013228399023526472,-0.007416463089381336,0.00010957098653639126,-0.02439093350770492,0.003474419161598288,-0.0023962869037372084
2021-02-26,-0.02524392468853673,-0.02322802886116365,-0.019421905500839803,-0.005247316753530642,-0.013266670101043487,,-0.046184193982840765,-0.0661885849372955,-0.053516154899679556,0.0,-0.0051658914758731505,-0.030087083015343324,-0.012523739695996646
2021-03-01,0.03665663206193459,0.02029248889200422,0.011470168187242037,0.037976772004898185,0.012973902225409424,,0.02911409993339869,0.05571723206973127,0.06093261798906095,-0.00010957098653636278,0.02395109453137888,-0.016545549036889904,-0.019936252986524877
2021-03-02,-0.005868241399701768,0.0038143774498844464,-0.0062925931142531555,0.006491246205391825,0.013674841716458894,,0.022695980853374393,0.028618956398845832,-0.017391661773901078,0.0,-0.007833734577742479,-0.013972283195016144,-0.021765519051084356
2021-03-03,0.007993489577125415,0.01116371016412121,0.026054367399039404,0.029747121224935447,-0.0018802246775601894,,0.03174861409257944,0.0737047920145943,-0.013880334739076593,0.00010957098653639126,-0.013334327723300865,0.026937099239335904,0.02393169659624583
2021-03-04,0.03801569549948682,0.008746312057528445,0.03587487174621898,0.04235611101539364,0.05888595607694907,,-0.035964825852094456,-0.07621599442442649,0.021370783051163012,0.0,-0.012451853939290476,0.039640798242363266,0.03969616781575013
2021-03-05,0.037115577446188694,0.04216081371121718,0.047745334759977186,0.04352063542559631,-0.008497629772624951,,-0.002821059305302798,-0.006304993223163799,0.01358900672724233,0.0,0.018229295663243786,0.034956211332467055,0.038323331788885064
2021-03-08,-0.0009854551722425944,0.006857098845340425,0.007513596588863357,-0.047877881687362976,0.0075420533187159095,,0.0,-0.0006326305537422647,-0.006153637516936677,-0.00010957098653636278,-0.004991169352284777,-0.01601742733166207,-0.028272995935383502
2021-03-09,-0.015563091408164519,-0.0022805935825833397,-0.015084390052382936,-0.03801185064183401,-0.025598336743821865,,-0.005665824213645162,0.0457717161223007,-0.006192002767700009,0.0,0.014176568394246554,-0.015653167339343493,-0.014367424806240396
2021-03-10,0.03024069611552472,0.01693370713594776,0.02591361682911251,0.024479828042587717,0.036467668237151356,,0.05257091364783924,0.11737964170243678,0.06376165321668341,0.0,0.0062052215351282225,0.006694194843479392,0.0074316632168841545
2021-03-11,-0.007474816068559532,-0.0016177579462743942,0.006876294929031097,0.053708599815919786,0.0009456822227169136,,0.04351394669982072,-0.011898680761850317,-0.025975460388629943,0.00010957098653639126,0.010088057889666345,0.024067997039850533,0.026449996670126933
2021-03-12,0.010707347489633343,0.0033221778340492,-0.010754539714009673,-0.011361903538693992,0.01434258322638738,,-0.007772221174452893,0.029484987172115916,0.014251849225187541,-0.00010957098653636278,0.0013459974596893715,-0.0065344811194027455,-0.006801270700270513
2021-03-15,-0.025826868765313236,-0.011812146193738037,-0.01755476114228905,-0.04439243159798056,0.013089382910153696,,0.04450836890696218,0.028127050557877495,-0.020250614955603385,0.0,0.005945898118306684,-0.003512794753896724,-0.0013076645524868274
2021-03-16,-0.02142322757714122,-0.02395816046585251,-0.02754244547854664,-0.03932977383196194,-0.015621126651536638,,-0.036736147732509196,-0.048944310795114125,-0.026830848779001316,0.0,-0.0012621642605580722,-0.008296252838346256,-0.012140864406967431
2021-03-17,0.004388724809286233,0.003616645196803598,0.004408841137046258,0.030416705961043695,-0.011135930077606746,,0.005147924212697093,0.03028130586128673,0.006161481680693571,0.00010957098653639126,0.003403938377864934,-0.0041740804207497356,-0.0032429273703404337
2021-03-18,-0.0440767024932215,-0.03686481256393792,-0.06262854037811943,-0.08701151064238688,-0.036268023400267906,,0.0012828296466934788,-0.01635494222689961,-0.046520085927958865,-0.00010957098653636278,-0.014656551365166722,-0.07392923581912815,-0.08662220665560076
2021-03-19,-0.005648686846155926,-0.007132608784425235,-0.014719699718712505,0.05410694650486571,-0.0030821370659060428,,0.0,0.05485086196748921,0.02666821117393686,0.0,-0.0018518169923376752,0.024387433702312715,0.02997607678846033
2021-03-22,-0.0103205195941623,-0.008158458170141998,-0.006867663058546184,-0.023039390838208624,0.019318184024013745,,-0.002567221889174155,-0.02756702015083225,0.014925817522392042,0.0,0.007952978236693577,0.000813603494559056,-0.0017202287454199444
2021-03-23,-0.012417997897039509,-0.005574646626061044,-0.010197524666765443,-0.03219530420490327,-0.024524219196966474,,-0.06780008179073567,-0.059718902030701855,-0.04805004691345712,0.00010957098653639126,-0.007901720907397986,-0.06258856926849213,-0.06348518137985491
2021-03-24,0.020079674034849906,0.026420594784351388,0.02859549935457203,0.017521509261338428,0.014842263812231879,,0.02311439142556685,0.004385763598688372,-0.011726306708011756,-0.00010957098653636278,-0.00509645431123626,0.056715795456362156,0.06050688934372074
2021-03-25,-0.002843957353662518,0.0035277459088938886,0.006742803171150849,-0.01339298963396565,0.007201255115918185,,0.02521718251343738,0.057918008911722614,0.01689439673963667,0.0,0.0056098893023322155,-0.04432534267068593,-0.03987398771513926
2021-03-26,0.0268695216475572,0.022678061194774918,0.027070864811098987,0.03893240439388457,0.02156774063397503,,0.05854080429690818,0.02043995348776748,0.021670818609794064,0.0,0.01598625517428268,0.04121186207282392,0.04097228546420184
2021-03-29,-0.005386237852227536,-0.005224065736364691,-0.022043263020267725,-0.027759147790172342,-0.01017992380534255,,-0.10412521853151237,-0.07781078602684088,-0.013968556316110861,0.0,-0.0005049600587991296,0.009148895704975353,0.004537283853831782
2021-03-30,-0.012446346852511083,-0.009302269476415262,-0.007644336815366375,0.012148004829512261,-0.015120720479837728,,-0.023595835660723992,0.021098474177926353,-0.007702262293683206,0.00010957098653639126,-0.0026565975896046218,-0.01540508996627721,-0.012250820721613646
2021-03-31,-0.015286146268913035,-0.010820082461909792,-0.008646719418979723,-0.026322032522351005,-0.002634751806667106,,0.004204672152595891,-0.011847074415891907,-0.010362935997052045,-0.00010957098653636278,0.004045160538915744,-0.022716861296467626,0.003785493479481886
2021-04-01,0.02755854262266073,0.009119440578729422,0.019628690220313508,0.02814973414849244,-0.0029204216417105426,,0.02758801010621166,0.009167167378203772,0.021894106212804906,0.00010957098653639126,0.010741078178378587,0.03682007963867423,0.005181765539667942
2021-04-05,-0.01562940198065017,-0.011795026138007448,-0.034080300683272224,-0.07861319431476918,-0.007549406655614361,,0.005427414171793991,0.0032152557803209803,-0.0038289079220697143,-0.00010957098653636278,0.014251296725672704,-0.0446220188068797,
2021-04-06,-0.0028359739622535675,-0.008938566440348418,0.007061836042117574,0.0015794864483940614,-0.00746528490186066,,0.01344095554573334,-0.0026786995126820866,-0.0012796881510895488,-0.000109092443200119,-0.0005909333053161276,0.01033294532824783,
2021-04-07,0.0044275952473505804,0.0058720915981052176,-0.0038111983501035425,-0.0019746879092674367,0.040589875071584604,,0.022443201006502413,-0.0016107623210784778,-0.0012811466161029548,0.0,0.0011566054921949194,0.007220247973487097,0.006324516338005563
2021-04-08,-0.010480784810014018,-0.0112932061319684,-0.022004142534969354,-0.02278723722182305,-0.0096853497722598,,-0.009180336726842875,-0.03277181066910824,0.01020422537279751,0.00010909244320011149,0.004735552351892493,-0.0026805176043276555,0.0037111781198780076
2021-04-09,-0.0023240997392904765,-0.0009711041417091512,-0.0001953059633456585,-0.005677137679345527,0.0023274939359992524,,-0.02941393472097979,-0.023028254958332217,0.020100934772238416,-0.000109092443200119,0.007243757527552831,-0.005382687512558865,-0.0032263296255313585
2021-04-12,-0.006644457269719248,-0.011138387222676627,-0.007248425386941725,-0.014748331158594134,-0.012662154229471383,,-0.08491660161414145,-0.043548390609176535,0.003724595178645849,0.0,0.0003644853201635404,0.006891362679280162,0.00788609542838716
2021-04-13,0.003776374990470538,0.004509419903309184,-0.001377273115074119,0.0024733493306132027,0.004146579407345957,,-0.014881207186568947,0.005917431887287952,-0.008711723060778642,0.0,0.002959466908975064,0.00834033191621895,0.007187955235198351
2021-04-14,0.0284900698328634,0.019660643151650566,0.036726355502400845,0.05057228126227135,0.017094457621825043,,0.03823990295724153,0.04611751613981533,0.0024966288024778583,0.0,-0.003420911338238834,0.047840496481724726,0.05088735493063113
2021-04-15,-0.005949066235212976,-0.008185467325392128,-0.015107119905975346,-0.027377021556137793,0.01119148853367396,,0.008620637167887656,0.013986130230999504,0.004975249452088426,0.00010909244320011149,0.010684967850803624,0.00426642031370121,0.0003024803410842495
2021-04-16,-0.005631948719742559,-0.0044576719281573815,-0.015729958633192726,-0.019496918422411982,-0.008212717691304846,,0.007127652569750062,0.018167105305035743,-0.023855533423596278,0.0,0.0033369268138714924,-0.004108079722759994,-0.0022708358861355388
2021-04-19,-0.0031818381281687293,0.0029093588978619713,-0.003922298518772976,0.006541355735320571,0.009150834776935828,,0.05257091364783924,0.024786043179010706,0.021370783051163012,-0.000109092443200119,-0.004925211320807501,0.002687961140897665,0.008451604789895328
2021-04-20,-0.02129478317484881,-0.018867470447348773,-0.0450147493151217,-0.0561522980211786,-0.01934193268073153,,-0.021799292059727686,-0.047407406321700464,-0.01377576906173261,0.0,-0.007348337449419559,-0.011434140771119814,-0.018198864417406643
2021-04-21,0.012759748443648838,0.013721847536575163,0.02817070769915465,0.05247803115225377,0.004361013863073837,,0.027175553568868572,0.03616827475331641,0.006285320749646367,0.0,0.009417429810774576,-0.020492851071113493,-0.020408871631207238
2021-04-22,-0.013121294369811324,-0.017479058703755185,-0.011658303613957305,-0.014418275884225165,-0.011213202902121333,,-0.014854858327355733,-0.029494069820636182,0.00997519868451969,0.00010909244320011149,-0.009174720078294238,0.0017916773259383197,0.016268078965175743
2021-04-23,0.005413169670961988,0.005925994132564375,0.0052430105582850555,0.02256492840589963,0.020012995842990777,,0.006779543228059748,-0.007232444289797055,0.01600025365196269,0.0,0.010783873427783782,0.011809568618563863,0.01039605755098134
2021-04-26,0.0019774158516957375,-0.00029536534788991963,0.01060314922678193,0.010090741175339113,0.005511009756023859,,-0.0067795432280598035,0.011104826476949372,-0.0012217538970923938,-0.000109092443200119,0.002085445890185908,-0.002576490958304783,-0.0038095284166677302
2021-04-27,0.01302554998785175,0.011556183355482884,0.02068044674184668,0.007601747247467531,-0.0012071060846554843,,-0.01646152880885039,-0.022334777468256614,0.02772922011210854,0.00010909244320011149,-0.00021550182821748835,0.01615388985271588,0.011385322225125429
2021-04-28,0.029691330639296482,0.024241270291109375,0.033355594505457074,0.03946598040157732,0.024001767860048158,,0.033993850405549954,0.030583620578729116,0.022340769635701672,-0.000109092443200119,-0.00028725146879703985,0.012299114355236777,0.012450472088676386
2021-04-29,0.014182254320303886,0.015840503803774546,0.0016952081385032932,-0.006149173636938788,0.008870521378398208,,0.02898750143882205,0.010893244261098615,0.02752482289058686,0.0,0.006352434238110897,0.01847735201538157,0.017438006523553012
2021-04-30,-0.02926727560711101,-0.03648554287443569,-0.038174656791279786,-0.022612991403305995,0.006730344255104234,,-0.007822716219659432,-0.01748653729166661,-0.026362701314820648,0.00010909244320011149,-0.006592238910017798,-0.023347363996991177,-0.007794730251748729
2021-05-03,0.02722914104440075,0.023586729944957217,0.030807304439370194,0.03029341283291089,0.01637716812646405,,0.04103143110871013,0.0722948738556889,0.002320199402409513,0.0,0.0021544557349534163,0.015004970488645696,
2021-05-04,0.006270751428221454,0.0054813091227526095,-0.0032288463206027245,-0.01076924624973251,0.009472749387173986,,-0.028027362373257984,-0.055892209504191076,0.020642966739830893,-0.000109092443200119,-0.006188463064610221,0.01935841678177559,
2021-05-05,0.02962942520992847,0.0265045565859957,0.053155841705706065,0.04498958748118674,0.018063291851302097,,0.01538506914766017,-0.03028057452997275,0.015766177677234584,0.00010909244320011149,0.0003125310512773481,-0.0013703846834359535,0.011542474129190721
2021-05-06,0.009467741437208028,0.0005504966591139756,0.004678879487322271,-0.014897872871077647,-0.007186190601857566,,-0.006381676375597856,0.0066855981257976736,0.027549713558522104,0.0,0.007954026712337336,-0.013808135928212445,-0.015759742068003596
2021-05-07,0.014196085496732926,0.009130835957953175,0.02482401518706787,0.02738881765082347,0.027351825137245142,,0.019023969601195498,0.08613153679832009,0.0672523044617876,-0.000109092443200119,0.0072517022673784124,0.0035469232960034743,0.001601747703210274
2021-05-10,0.002399934007889862,-0.0040987163958087006,-0.001752789131550422,-0.02813953500575208,-0.01180559324555971,,0.01000015332597254,0.01667118937261188,0.010576803647813805,0.0,-0.009951762092924398,-0.0006159532070319497,-0.0017474884307144486
2021-05-11,-0.032315950035867,-0.026542403351254813,-0.02271215442129009,-0.08214154040389776,0.005494218335725984,,-0.013776154591249154,-0.02536888638546554,-0.02691659970890832,0.0,-0.008964889868211843,0.00598942126817532,0.003201399707473364
2021-05-12,0.005344062389844221,0.006259834042423781,-0.0005388196067632486,0.023767367752722847,-0.0028043541225405712,,-0.010139407094171944,-0.019720443114758894,0.002096381014470289,-0.00010949682882222346,-0.021474125549234675,0.00990333377683225,0.011412185973020213
2021-05-13,-0.012401973033794351,-0.006447230058217927,-0.018630274802979643,-0.05776741445382048,0.005479499854670447,,0.003814409139040032,0.03501874272223507,0.04404183581043751,0.0,0.011941259491216777,-0.032981876841300585,-0.033000512449221676
2021-05-14,0.02448717984155104,0.025816859231696573,0.0411757489041857,0.056970954395941464,0.017812392634040025,,0.0012681033086540006,0.02794599494145852,0.012941877331530221,0.0,0.01523835246793386,0.02323164725216683,0.027527360373937253
2021-05-17,0.023097985029961677,0.012166320808641379,0.031007521036630768,0.05011717221477879,0.003215382741376714,,0.002531643842766216,0.03196394305956888,0.029241823214633724,0.00010949682882214892,-0.002547611806258635,0.01398624197473987,0.00547315207528444
2021-05-18,-0.028708284568821078,-0.03051468386720017,-0.017476145487731923,-0.019900891843929836,-0.004767249812818975,,0.02126402419329592,0.0226211718237378,-0.003849691442892597,0.0,-0.008653116918971665,-0.011387050847042057,-0.008800460750782361
2021-05-19,-0.02428765863220342,-0.028466907924638647,-0.03030252754881855,-0.03141212057844015,-0.0013151047992440849,,0.026863771506098297,-0.011246572375661372,-0.03134430327711303,-0.00010949682882222346,-0.0026251729969705884,-0.03432813577056364,-0.031351452856064395
2021-05-20,-0.0023762545384859307,0.0034824899473487273,-0.003424345654161519,-0.004798201587889831,0.004654688031218854,,0.029675769546716572,0.02663113941468803,-0.002989389595950194,0.0,0.010700544684882402,-0.021241715384246986,-0.02574729536703053
2021-05-21,0.00135845170876535,0.005392779457904568,0.004683043717386994,0.006790501853359953,-0.005971333346190017,,0.040119980727650946,0.04727414025776305,0.01682330438410139,0.00010949682882214892,-0.000819168896012977,0.026443082615561383,0.023352084641075667
2021-05-24,0.011642880826816955,0.014114277436456593,0.008053765683794135,0.012658397380939275,0.01439031946584606,,0.0,-0.004407505051830074,0.009765716945270373,-0.00010949682882222346,0.010142625267886663,0.03885181099585813,0.027641993460738794
2021-05-25,-0.022907699240313543,-0.016518181817481076,-0.021986780220514878,-0.03276337647605825,-0.000945170294842085,,-0.025029715986238234,-0.046561740916807474,-0.03964860399968077,0.0,-0.002221336543636548,0.002114804413564604,0.0030569934280678195
2021-05-26,0.011604278398747699,0.002403904381024503,0.009791364096851048,0.02684992203221845,-0.0013009514527627594,,-0.01977952123010001,0.029185745042775126,0.017043199264759775,0.0,0.0019827004929230223,0.002110341452486795,0.001887751958262664
2021-05-27,-0.0064680500018836455,-0.01071784100638404,0.001982794922731298,0.030376000934126353,-0.003793918925045574,,-0.031029020567606813,-0.019973748007669923,-0.004982439711561016,0.00010949682882214892,0.0005249865044708807,0.006902788513265063,0.007227553867621514
2021-05-28,-0.003249703314274718,0.007543633268605499,0.003774659919312739,-0.004228186749842492,0.008516518051401138,,0.03220345611059621,0.02579920038073374,-0.011049893341904093,0.0,0.0017870959922688643,-0.008409720685110917,-0.001008718292895692
2021-06-01,0.03517984325666872,0.027182598131166944,0.044389373522589905,0.09229382295118824,0.0049348186690059085,,0.02777945011141196,0.015958048552798462,0.035718308255812875,-0.00010949682882222346,-0.0008813532271739627,0.022221479565573597,0.00961338919514003
2021-06-02,0.007907564161601714,0.013319314949016921,0.012280574686849673,0.026344773991514445,0.017543403252149002,,-0.018433754814141817,-0.03581432907944168,0.020261182224947154,0.0,0.001571418208845968,0.014496190591573086,0.008106422831770042
2021-06-03,0.003930754162014019,-0.004544338325692966,0.008104158814169982,0.001708929743637591,0.004481298316693913,,-0.019965367083663085,-0.0004558140230074353,0.0019080150529865957,0.0,-0.003718241453268449,0.00029069767646568986,0.0015568611169530886
2021-06-04,0.004403606252988157,0.007961685729248675,0.006369133257998974,-0.004792744929209981,0.0014894668382598706,,-0.00594881024537936,-0.02586745312770521,0.027270469196939668,0.00010949682882214892,0.009104323120702517,0.010984356721161435,0.00830932180410088
2021-06-07,-0.0065307253997882566,-0.006475419963430702,-0.000668520010302118,0.0006860061232627035,0.016688604718962056,,0.024750750070377615,0.0235849704260263,0.011986917481386946,-0.0002187112538895847,-0.0009708141560687487,-0.005188079081777945,-0.005766947553324095
2021-06-08,0.01753560792884957,0.009054114637082751,0.010974807622774564,0.001028336554478531,0.007403417482389119,,-0.003498580086452214,0.011361245426403882,-0.0036730660303229035,0.0,0.00021319573325577474,0.01292007636510429,0.007028423647443096
2021-06-09,0.008334716950607163,-0.008775744766480843,-0.01315047561134262,-0.02885625741897736,-0.014181495767710956,,-0.0023391018619787077,-0.012733065146805146,0.0,0.0,-0.0014932480239496,-0.0029997879791116636,-0.0011212334741569502
2021-06-10,0.0015950277917775038,0.005828366328624409,0.008176846187703979,-0.00070587334638314,-0.002496833594627898,,0.028853628689326685,0.02307259105321295,0.016423864995667403,0.0,0.004637997021073435,0.006274977806071759,0.004756584233968584
2021-06-11,-0.009285926458017945,-0.004622934182115264,-0.0033292472417266873,0.0,0.0072463800276840245,,0.009060222813909617,-0.008082894871073415,0.022372328404039448,0.00010921442506748969,0.0016511511518443643,0.009339249995478888,0.005567168171350154
2021-06-14,-0.001609920068717695,0.000555837138211237,0.005653368032032747,-0.001766327332954877,0.0020285318522658856,,-0.015909632012733512,-0.02835101353580217,-0.013363433255089787,-0.00010921442506738925,0.002236309598898503,-0.0008454276958396702,0.0030487828493585096
2021-06-15,0.0357632762813278,0.021350518251623814,0.014158895053732875,0.03201363758751966,-0.003948022923816537,,-0.005743719893566571,-0.011194297937564537,0.006258424325329702,0.0,-0.0018357246610091434,0.015664655974471392,0.015242313632246214
2021-06-16,-0.0035816897472822724,-0.005728126520758544,-0.0006541630412108756,0.04486864398195669,0.001580971973156626,,0.008032123450922128,0.03412050952112192,0.011520033106754278,0.00010921442506748969,-0.00559908008869438,-0.0004164064186756409,0.00679073640390324
2021-06-17,-0.0334712737897056,-0.023992997877415257,-0.03529576413162732,-0.0790062889880728,-0.025256972717677864,,-0.030164505685549372,-0.03458988062720856,-0.06178175152639672,-0.00010921442506738925,-0.00033167057055249447,-0.01355810830839053,-0.013079205520576806
2021-06-18,-0.025983968965050657,-0.038462529438191596,-0.025400519499910863,-0.00818369258187436,-0.037139688794941755,,-0.037196916497459466,0.005615589140955838,-0.01036251191637748,0.00010921442506748969,-0.013582228133146907,0.008128986599629897,0.0024654169452704303
2021-06-21,0.03561646848977542,0.028890330230283104,0.04951013366274564,0.05254308913799445,0.023622751360276074,,0.03954977750198679,0.017118062269889614,0.041730340120059495,-0.00010921442506738925,0.0142145059186013,0.027534779172366148,0.018836521432452093
2021-06-22,0.01899074897520123,0.0032949385063197347,0.005608827817225186,0.01714028256222791,0.018481591229087484,,0.004689256488687189,0.03426858831103837,-0.006378112320183504,0.0,0.005331725835541474,-0.006676228898743709,0.005755989387702845
2021-06-23,0.007341205531267039,-0.001222200484584303,-0.0004938543457945901,0.031165358929732236,0.00791475298620634,,0.01739175874632298,0.025384290746838668,-0.011029616688894637,0.0,-0.0012058957022687766,-0.0005469711609088846,0.003996275466302445
2021-06-24,0.004037721861204998,0.008152964591143584,0.010315348968245996,0.024881886143019814,-0.000228250788944211,,0.011428756408346388,0.03524038638419802,0.010115273357543015,0.00010921442506748969,0.005898237924701122,0.0027318689302707733,0.009658075999591623
2021-06-25,0.002167640636172204,0.0014925034158684144,-0.0013039135847092232,0.036198509547652684,-0.0006858868267261488,,0.004535074075067935,0.011201120750792567,-0.019400145773768834,0.0,0.0035458598796328316,0.0122018867465469,0.006561703333289417
2021-06-28,-0.025849381366196578,-0.03133409949636325,-0.028455235994863052,-0.05207701092980341,-0.011271036752483048,,-0.027524714878164925,-0.05861541164162039,-0.03319410967835462,-0.00010921442506738925,0.002013772346739709,-0.016713480973740442,-0.02208646282610371
2021-06-29,-0.006208817682658068,-0.002214121928462316,-0.009103360368753746,0.0019186796254387596,-0.002663722153779241,,-0.0011634272586649274,-0.02256248852873678,0.017208780057294697,0.0,0.0005379716269173309,0.002189981712933536,0.007991518290021624
2021-06-30,0.007319053689865966,0.009400473908325477,0.030848665673575887,-0.0009587821558055988,0.005896962650085145,,0.04662589379455831,-0.013513879301135352,0.00755439472624758,0.0,0.0008414520372773822,0.005182065326196412,0.02048390948515963
2021-07-01,0.0028495025013666555,0.013937198758148169,0.031995202086299385,0.04959684993853891,0.003107862234673833,,-0.033901582141142875,-0.02061933931637643,0.006563375250456078,0.00010921442506748969,0.0055213687696966055,0.02432098379017182,-0.0032545755473811994
2021-07-02,-0.0014237723361296233,-0.0013191523258269274,-0.0020696229271428483,-0.008557550515916824,0.007556752581297939,,0.026093298778618473,-0.008367993818505332,0.0009341183396734058,-0.00010921442506738925,0.007614225305922538,0.0005308560177753567,0.010635638516652338
2021-07-06,-0.028908276850381033,-0.019804398412184312,-0.04015842523679995,-0.06564411751024027,0.003188414954544394,,-0.006741440877228739,-0.004210502448401982,-0.004679276724221833,-0.00010912821191986172,-0.0018231988208792594,-0.023492589904503473,-0.022176750225207494
2021-07-07,-0.015766545712259186,-0.010245511626967579,-0.02129324625011796,-0.03434238363972895,-0.004215470948035986,,-0.013621228455377946,-0.06889249563150134,-0.01798431050076741,0.0,0.003528019152009121,-0.01919971210156351,-0.019984677898834638
2021-07-08,-0.0044794366567734115,-0.003211326417155912,0.003383470710802837,0.0060873865356126395,-0.00228630288275868,,-0.02195352118587968,-0.007562622519424396,-0.009597081148682384,0.00010912821191980373,-0.008181477483284605,0.010468415158990073,0.010175479415533057
2021-07-09,0.017962077616073182,0.014225749918297306,0.015418402026101511,0.019366044928821033,0.007184047832229111,,0.01392139773495761,0.02597589106636212,0.020992979601258045,0.0,0.010618228645875718,0.02141873936903423,0.02720094119517084
2021-07-12,-0.000980532368155574,0.0020160080144513547,-0.005503074586076272,-0.008301482715141369,-0.01499670042926621,,-0.009259390389840244,-0.03563754243885691,-0.012351638788182299,0.0,0.003575628960794657,-0.004705258395293706,-0.004808013940274698
2021-07-13,-0.004752117857281283,-0.0033620366884742816,-0.005701872125996735,0.0029965977890729647,-0.03306665865185196,,-0.05129318895169423,-0.07808592722255828,-0.01735814114657645,0.0,-0.003415014762184293,0.013784092450787471,0.00946399751949418
2021-07-14,-0.022424279220120674,-0.019039154349589957,-0.030566723734423082,-0.07774605085625856,-0.005379092239646017,,0.02059431994643699,-0.0016586654153320512,-0.019647161230497805,-0.00010912821191986172,0.0014911787776457628,-0.029401983065693128,-0.02297151388565263
2021-07-15,-0.009790750125442912,-0.00659207114100713,-0.010283274131583586,-0.021795246646217986,-0.004324127452539752,,-0.02304529828159125,-0.02976941668313248,-0.029191664655271895,0.00010912821191980373,-0.003421302628577501,-0.019208771361308614,-0.016104693580046243
2021-07-16,-0.028039930295068037,-0.02681209802086968,-0.028071058885100926,-0.0485331079153931,0.005881108440779355,,-0.02736502150712302,-0.06112344081536723,-0.01129961340646711,0.0,-0.007874311961764312,0.0012549677447129483,-0.0009396604490316657
2021-07-19,-0.03497303564959986,-0.02734285908734612,-0.03296982061900947,-0.044136449997147706,-0.03321677925357557,,-0.025543970257127527,0.001816667781268642,-0.03897273031825529,-0.00010912821191986172,-0.014878361678838228,-0.07687743259128632,-0.07138435549017173
2021-07-20,0.010960475161711551,0.005922498311323305,0.014237259949441028,0.02191749206915113,0.03369531895442311,,0.01285362933955806,0.006031174896818761,0.048227407507398984,0.0,0.014228963237019629,0.013007584163350861,0.0100460087130273
2021-07-21,0.03165946256556102,0.033514717584332006,0.04575181643338247,0.06891402022777295,0.009050054037823158,,0.05346204495008316,0.048704159595827884,0.020264143349956427,0.0,0.008063718127448187,0.04274527751507595,0.035214412187330124
2021-07-22,-0.011317159615579728,-0.010068586361110543,-0.006157093261115269,-0.006274175169531268,0.0002368401728337303,,-0.026995549441264685,-0.042111377566045424,-0.003013763062368517,0.00010912821191980373,0.002091972344702154,0.026544638382198837,0.02329964382805264
2021-07-23,-0.001226764748927677,0.0004048311026423011,-0.016132214670496917,-0.016048160351178706,-0.005824075122387529,,-0.0012447598863866475,-0.01930090292125018,0.006018122727549101,-0.00010912821191986172,0.01023527099358742,0.0012466238888499356,0.008181924793473815
2021-07-26,0.02493213456759559,0.020920477127052462,0.027271975528999758,0.020112571676225797,0.01713704170644668,,0.013606003317091832,0.01690865175944594,0.0029953605181085963,0.00010912821191980373,0.00245177808247476,-0.0012466238888499293,-0.0009355162727065967
2021-07-27,-0.011177043496464445,-0.0033738611110595527,-0.009540577815676696,-0.03222452839025424,-0.008354593471839599,,-0.029927459903624845,-0.016299734798122932,-0.02831313281894266,-0.00010912821191986172,-0.004567751874398228,-0.006535516553204866,0.0010690900390176214
2021-07-28,0.006721284230320787,0.005649636129668226,0.00689933678921203,0.024079118861918394,0.006360429222905882,,0.007566063146947116,0.015700665519978885,0.020305433281235442,0.0,-0.0004102548939477863,0.009580080211361324,0.002934117869198629
2021-07-29,0.012121252161782186,0.013644593943722907,0.006327140222482963,-0.004470806017480622,0.01953339875805571,,0.002509408475944558,0.0005990692781439464,0.0020079793544180297,0.00010912821191980373,0.004138528162078779,0.017124879072838765,0.015985544178618787
2021-07-30,-0.02334856933369111,-0.007437492670898147,-0.018031398345355915,-0.02571990718433021,-0.02235520025752248,,-0.0025094084759445527,-0.021181029913833218,-0.01109454213168759,-0.00010912821191986172,-0.004868112736247554,0.004201971618133568,0.018439686218828088
2021-08-02,0.00017352676100632712,-0.0017693860397196668,-0.012204023943188718,-0.01194837100613365,-0.0003533092221031899,,-0.005037704058957552,0.007919815701898219,-0.01636034872871149,0.0,-0.002100181348223448,-0.036082129528796476,-0.050264487712443975
2021-08-03,0.010710288163945364,0.009499033338585284,0.02249710612694977,0.024512833198808655,0.014731901485916325,,-0.01015235780448869,-0.017136319430869504,0.0010304412679855697,0.0,0.008102601308143201,-0.009440013744507703,-0.009106416990485424
2021-08-04,-0.02364523491778343,-0.022672256799832053,-0.030655906444515334,-0.028398153688983192,-0.008274659080547097,,-0.032407242063939024,-0.053244496103658834,-0.04637284861259703,0.0,-0.00493113009644578,-0.03529862976314312,-0.031202697755015434
2021-08-05,0.006313539188928628,0.009229561327483295,0.018398780038074786,0.019275985380853105,0.0053688961551046355,,-0.01326286427965949,-0.09915885542974212,0.00032894387810885527,0.0,0.006312926301397643,0.013256804241062686,0.016069653424098385
2021-08-06,0.01147245776708685,0.00708735936097036,0.009782190181328136,0.007607330090526006,-0.014893077614984691,,0.011944430602912517,0.07076486451641838,0.016313769520757387,0.00010912821191980373,0.001651075721318587,-0.012230787295063023,-0.01564714796045122
2021-08-09,-0.011472457767086724,-0.01681546334551166,-0.018758788452811814,-0.03000196961959275,-0.009020075219142795,,-0.04451180819730255,-0.03614447497878933,-0.004324535417019555,0.0,-0.0008138531156892243,-0.02522014696560788,-0.019478827289127004
2021-08-10,0.016987997178521144,0.018089875010244418,0.018404509738617146,0.025063939984414203,0.04419267012513899,,0.0,0.03077165643461404,0.018250678227238134,-0.00010912821191986172,0.001243080986386394,0.026245112279733602,0.021167066294494427
2021-08-11,0.0029175231316298624,0.007514729499288782,0.012492730819534337,0.021846176503871967,-0.01331954243462484,,0.053704287691745824,0.05055214586321411,0.014783809157416344,0.0,0.00248190274398372,0.014095997403170522,0.01187745396090235
2021-08-12,-0.00226411190245446,-0.002043976268465852,-0.002626285359567752,0.0011172457058748625,0.018552931558523094,,-0.021136910097355736,0.003834024081811342,0.018692199432567835,0.0,0.002992316195699586,-0.002600781700057256,-0.0027820298928197306
2021-08-13,-0.010164986975775437,-0.006647026529302404,-0.018937204377752825,-0.041023387555773005,-0.011412157335204079,,-0.012088826489467611,-0.01996857360926494,-0.021841687722698077,0.00010912821191980373,0.0018184900129804824,-0.011056266248410133,-0.012474757050309836
2021-08-16,-0.014728217974159456,-0.010252348321200169,-0.020942727192475172,-0.039546752822813586,-0.02474964404229118,,0.0,0.0013005113289393604,0.0,-0.00021856279299354596,0.0023516135424202886,-0.013549544553790172,-0.011775691155639431
2021-08-17,-0.006816185850508648,-0.0018847910151861588,-0.005305267111980734,-0.029058495489548825,0.012509500005024996,,0.012088826489467498,-0.0006500097647592542,-0.020181420502843696,0.0,-0.006576808500254569,-0.014036366031791543,-0.009607874869683553
2021-08-18,-0.02128327236373941,-0.02743789323716671,-0.018325488599758195,-0.026511163591331283,-0.0022100691854918123,,0.005326325466267533,-0.021690004227093312,-0.023888194518211055,0.0,-0.01100539254722609,-0.017291497110060994,-0.0114485708099595
2021-08-19,-0.030995692730292,-0.025238288122584156,-0.02057251971907415,-0.05974564730346136,-0.03362861050566088,,-0.033764269293320145,-0.040683623947779295,-0.016620699741724185,0.00021856279299351905,0.0015473414487669499,-0.025882886168473042,-0.026735216160199502
2021-08-20,0.0001896054455873154,0.00010615584961002785,0.006273401785790077,-0.006357723663847882,0.005404671229205604,,-0.0055097402933971095,0.0062091597293240895,0.007790655643634837,0.0,0.007925507034594244,-0.022869029038457382,-0.019500277798814986
2021-08-23,0.04032130383537434,0.025442063027758793,0.03756450531313081,0.06695572910928302,0.027292150746688525,,0.027249699526005564,0.05160266971135336,0.020845396086570277,-0.00021856279299354596,0.008758070752988711,0.05317906540398825,0.052917680357096326
2021-08-24,0.008161618981626545,0.011409882598305216,0.011252399474707665,0.03804012800681856,0.012854076386972895,,0.012024310060711578,0.007807424421606385,0.012945407813270905,0.0,0.0015860783524199314,0.02778999712967882,0.03051277489315186
2021-08-25,0.0018049250966517196,0.006824753943747108,0.010948741312948937,0.01020216061024432,0.01846842056526597,,-0.002659748867754336,-0.0012969313924318933,0.0159491997408948,0.0,0.002096113894543268,0.01528991856797876,0.012698140341083235
2021-08-26,-0.013615586369324176,-0.013181745449328475,-0.016014641991261257,-0.025911252441706004,-0.0069141242651494465,,0.013227864590870558,-0.01833723067240052,-0.0299808579485496,0.0001094345810736774,-0.0059206131163547695,-0.016475806640548186,-0.02385408460821016
2021-08-27,0.019189878435899466,0.014500459343637103,0.028785288936135352,0.06687942046323644,0.02004342629284909,,-0.032045511630703946,0.04079554435191644,0.03103518609967221,0.0,0.008901353317281126,0.020843261537424038,0.02579341199258782
2021-08-30,-0.010998219531640015,-0.0025376124496237964,-0.00956254318405572,-0.016107314758320446,-0.008396258148491528,,-0.012286873385732344,-0.0019053089979359568,-0.02022431318680111,0.0,0.004387723929355532,0.0063712929108411046,
2021-08-31,-0.011670404092618537,-0.016602173149017782,-0.011993460808126851,0.017275591391272764,-0.016893182048439728,,-0.008275806938157871,0.030058561478351117,0.0,-0.00010943458107364116,-0.0014824820858839812,-0.012344939289773264,
2021-09-01,-0.01385205321838933,-0.011014086284396256,-0.01597406596828989,-0.02403104100791337,0.00944557880851779,,0.05392134452913873,0.058699425634358766,0.014941738549467736,0.0,0.0005312651994837851,0.0029184319561366876,-0.020077682138674852
2021-09-02,0.024071246326474102,0.020681087688354756,0.03505957972197156,0.05808828355814252,0.016400935395031728,,0.019493726860081537,0.005800835328518885,0.024072266409742717,0.00021856279299351905,0.00307194718081309,0.020764985461899244,0.021574179254908857
2021-09-03,-0.0038201332728528725,-0.0022542816388663916,-0.006380492146088991,-0.025144049054944,0.0018924084456180758,,-0.012953360095148999,-0.009297111559994532,-0.002070456596971237,-0.00021856279299354596,-0.00024271467097900868,-0.010472802125564952,-0.006683513932994009
2021-09-07,-0.005848935817254809,-0.004420540341021672,-0.004633860450415304,-0.010081470128237435,-0.0008899056611415166,,0.028279311766429446,0.020797464542131144,-0.01566616153367895,0.0,-0.0035820858160214688,-0.012334191047063616,-0.02144075493786768
2021-09-08,-0.009208342016140713,-0.006926685470367638,-0.012583376672631905,-0.029663997481761507,0.0015570595751779935,,-0.019194466461503464,-0.05983380034760237,-0.006335648279092516,0.0,-0.0012188907756500366,0.01262258326247272,0.011676529661835638
2021-09-09,0.0007399450999541093,-0.004054408007021421,0.005412333673275095,0.0068039882867007824,-0.027263180407032985,,0.03802751569923047,0.014545643826746595,-0.012793518538224928,0.0,-0.004289461741762321,-0.015986388993725318,-0.014476867532154773
2021-09-10,-0.002035648573977013,0.0007289599683785183,0.0026951810225511364,-0.003596372632438321,0.005580734396966988,,-0.030305393873118678,-0.03178742394683983,-0.002148220011242775,0.0001094345810736774,-0.007915911735094356,0.022596558198328724,0.015581840020272943
2021-09-13,0.025424007619900504,0.019584290866636236,0.032830213307342974,0.06471359678281088,0.03108463073137571,,-0.003853607035888908,0.0208979620805614,0.0042920548742906425,0.0,0.002556030074857186,0.010259423131016117,0.007289764762316231
2021-09-14,-0.01437014058180623,-0.018231630645755167,-0.011350982169435562,-0.013980872585194485,-0.025535228829389838,,-0.006455749418033928,-0.03151316229071989,-0.0042920548742907145,-0.00010943458107364116,-0.0054110549761542,-0.00014177358781817647,0.0010957404191798117
2021-09-15,0.03315615052548117,0.020983821475782146,0.04094865771867079,0.05910139194318641,0.03931192583988309,,0.024313344932080688,0.028467176534338726,-0.006472636829166343,0.0,0.00831795946362077,0.02878902007666152,0.024208363209180562
2021-09-16,-0.010691518942748867,-0.00940905181464498,-0.0015182884736407213,-0.019924736832485457,-0.015209144642718215,,0.00252525080371167,-0.005506187119713648,-0.010881233430791962,0.0001094345810736774,-0.0015865428196343888,0.0013766521997947516,0.004000538739934012
2021-09-17,-0.011894173056021464,-0.005770732661586377,-0.00524769764867622,-0.01437269014100643,-0.042454204074954184,,0.0025189733203243164,-0.013588884541096346,-0.00438610424700992,-0.00010943458107364116,-0.00978883760209119,-0.008288485080056722,-0.006676483606734409
2021-09-20,-0.027011462058266104,-0.020675121886094567,-0.03190192381990072,-0.05571836756543604,-0.019280136066792724,,-0.0743982351655572,-0.08159862715406578,-0.041509070720078554,0.0001094345810736774,-0.01681465639693142,-0.023580039885445533,-0.014167409600580758
2021-09-21,-0.0009316819404140681,0.0007380497210240554,0.03883650850886295,-0.0019641789385858146,0.028555040470923648,,0.05020862963138041,0.018717026868486548,0.013652190145003722,-0.00010943458107364116,-0.0009450349089990668,0.0014192451999074445,0.0008149959701315723
2021-09-22,0.028849163816537658,0.028990516282965645,0.04820405844359386,0.050604791383309165,0.024542408667701722,,0.05270991266557739,0.04594815788555717,0.04420613890061778,0.0,0.009707458582873266,0.026037305147087204,0.024808513346339735
2021-09-23,0.03330967809270039,0.024482979230341255,0.023022238694519952,0.04424043726022345,0.04213805012436221,,-0.009828157140767518,-0.0012660451296247729,0.025615029368226627,0.0001094345810736774,0.012076763168670925,0.014540722585482755,0.012373463117093173
2021-09-24,0.008895137065127847,0.00538232078804506,0.020353488090813582,0.004994924113662968,0.009338913523975095,,0.04230236468496391,0.04458942335341568,-0.02237708424025998,-0.00010943458107364116,0.001645730908376241,0.010162000597925646,0.012739025777429712
2021-09-27,0.02926028175937097,0.023285147881327517,0.025659979150756476,0.07174090621055333,0.014055081452216516,,0.04963501567095514,0.08584975910271055,0.03702170925991623,0.0,-0.0028648851256622256,0.018167745222865975,0.018302168259545212
2021-09-28,0.01040103502320822,0.0037803959398827035,0.01620727573476002,-0.009652396037603312,0.009536673245957026,,-0.012464622311368849,0.01325253931317538,-0.012539297692371004,0.0,-0.020357785310010323,-0.0013246789591088337,-0.006999710412289954
2021-09-29,-0.0006677024440072068,-0.00029013603276527284,0.003533524914197764,0.004338473072571992,0.0067860800009149555,,0.02921552297408336,-0.0016469075114381654,0.0073338637779194055,0.0001094345810736774,0.0016817458966789695,-0.005049844618327228,-0.005635260814447713
2021-09-30,-0.01786060110642069,-0.018361735848828727,-0.003976326684490279,-0.015098278571565777,0.0008194272326396056,,0.03696068222457489,0.018509057321021597,0.0,0.0,-0.012297412655484938,0.002129359335315448,-0.0006423845534709173
2021-10-01,0.03524377397859012,0.02799292198693043,0.03380353410699641,0.0517156659814549,0.011806650159268565,,0.02944485185783127,0.04637270881259918,0.01758930244495775,0.0,0.011813976970071317,0.010447757535758741,0.020228410624251257
2021-10-04,0.01288233546521739,0.0037310326127350957,0.01963448898629671,0.020966516170894497,0.0345085363053618,,-0.04775440517308716,-0.03617691491879142,0.03328588404810463,-0.0002188811393855531,-0.012979881215441915,0.021732913405120385,0.025368184549122447
2021-10-05,-0.0016215649458442066,0.010827437371824225,0.0033516335333346192,0.029732907149689996,-0.018349275957547546,,0.011885627502910306,0.019038339965381686,-0.022066939793172532,0.00010944655831185146,0.010351280340229958,0.018999615200272817,0.015594857957906418
2021-10-06,-0.018508420711912124,-0.008824197743480198,0.001114844584026157,-0.023777788784387785,-0.016462870679296162,,-0.016242854871725925,-0.03247591220844482,-0.045651040534127524,0.0,0.00414740780096213,-0.019257114879821166,-0.016208995421168895
2021-10-07,0.002806337780543856,0.007122340559791385,-0.004186510343547648,0.014888595605971009,0.012672449322692217,,-0.006571683285213769,-0.005425471117648155,0.023086070827395902,0.0,0.008608563927429442,0.010248616477885292,0.011604601002808508
2021-10-08,0.024748962595655684,0.022178585785099375,0.046583588069959575,0.03479432685925278,-0.0039053604680780963,,-0.028987718912744487,-0.01535132663959418,0.03064578992050523,0.0,-0.0018255047058198606,0.013796814002389387,-0.0020667443986621594
2021-10-11,-0.01002095111785291,-0.008551041729553023,-0.012761613306933014,-0.007162426486100747,0.01947416475928143,,0.023477961320582295,-0.0072083622479795235,-0.0010063663676832411,0.0,-0.007266069193183255,0.013609049539262657,0.01904589876207931
2021-10-12,-0.00521186564193703,0.00018651576552498585,-0.0075990935487112755,-0.011446064814314831,0.008719081369914042,,-0.009994628049499292,-0.006140114240166122,-0.003025743053415259,0.0,-0.0024645232239004964,0.0013631577797073476,-0.0026303219373609455
2021-10-13,-0.0027797954037084216,0.005955223134129237,-0.0024551435834147704,-0.022362406072738494,0.02399791291976794,,-0.03521097589282438,-0.01012963533856326,0.006042358596363884,0.0,0.0035910843303367484,-0.000991203153882869,0.0
2021-10-14,0.015113711263422232,0.009418099597033006,0.008431087782248173,-0.009024549758631843,0.009100225283006315,,0.02285826098853985,-0.05343885182062773,-0.0020102491752655174,-0.00010944655831194817,0.01668074289875978,0.009376996530156993,0.003942892974801568
2021-10-15,0.0094711197080708,0.007325626627467634,0.003919286548559814,-0.010369263282810685,0.04176907968785626,,0.01902688709077815,-0.00899013778711332,0.005017586602233239,0.00010944655831185146,0.007586896534579967,0.011720314848458537,0.009612605911569237
2021-10-18,-0.0004795843063834603,-0.00045630370560701143,0.004843619777590741,0.039330142054340995,0.009189277236933585,,0.017582991873557104,0.0516243330589152,0.005988222610184593,-0.00010944655831194817,0.0029562551056545555,0.002787711641119797,-0.006398126091463694
2021-10-19,0.014913864676009487,0.01934427051575049,0.010946371757204676,0.0003034814901435474,-0.029301543332303056,,0.04889404131408865,0.04034171219610158,0.0019880640433099397,0.0,0.007685219250905828,0.006875366327177809,0.010523301367921872
2021-10-20,0.00549667497564861,0.012986194193958665,0.009250873650225743,0.01266979250919406,-0.03898046590134659,,-0.015682785217095,0.0027417976569923375,0.011846092086182522,0.0,0.003919999909115455,0.014440253306115215,0.008666174391847917
2021-10-21,-0.01833464407362918,-0.012628127269491226,-0.0189897263740196,-0.016928981448522347,0.016662892365695774,,-0.029948579191481705,-0.06563436139922939,-0.02988271674287945,0.0,0.0026049416145556737,-0.02107357679052843,-0.013854865278149414
2021-10-22,0.006835867390336773,0.009441705693959563,0.015035820232441573,0.033870941886625,-0.005966796772811354,,0.0064933053229554805,0.009892477718822647,-0.0010116644104808212,0.0,-0.001036820760608069,0.022612676129453273,0.009999495119184893
2021-10-25,0.01929927536257066,0.0092653940774968,0.010509792992042345,0.03731469471497133,0.025602918081587094,,0.005379206860366878,0.008073758777154895,0.010070675451964509,0.00010944655831185146,0.00534842576229259,0.0013004671691528552,-0.006812335483292082
2021-10-26,0.022890250338664066,0.0021934809612099366,0.006642750789691179,0.003966828220223659,-0.007621608341635542,,-0.02059680007321334,-0.06342851590827729,-0.01209707985428802,-0.00021870874757256233,0.0008996538969626637,0.011745495611492743,0.0030595458086343265
2021-10-27,-0.026315073596216484,-0.01795165565469759,-0.028346152799710426,-0.0600235856434852,-0.012392189235664049,,-0.014341134689026314,-0.03487278636664547,-0.013272254726310783,0.0,-0.004439944320720813,-0.03541665463789581,-0.01170018665437063
2021-10-28,0.002802822369486863,0.009325548385121412,0.009626835729189142,0.015790634965373192,-0.012260894946709205,,-0.00557107466392634,0.02255721077364319,-0.005151868338584231,0.00021870874757247698,0.009602582945735077,0.0014506772370001756,-0.008596041469797908
2021-10-29,0.002485059388907236,0.012038448683744513,-0.008821180087640351,-0.008907577985930544,-0.011251596689110943,,-0.015765996537041964,-0.007462654389436577,-0.01771798741291437,0.0,0.0020268804136280745,0.00866014553622341,-0.0036036075032986558
2021-11-01,0.01783263985616488,0.0003492626989633908,0.001341617944274093,0.03746416043907703,0.018588159952903284,,0.035678205889994555,0.05110600109365567,0.04321656432389978,0.0,0.0017188196502935782,0.006922094711885806,0.01682516869498865
2021-11-02,-0.012418512998541697,-0.006130543084757623,-0.0211358665228497,-0.013011302236994725,0.005318592579480946,,-0.019912209352952695,-0.03931559845761314,-0.01012150218342506,-0.00021870874757256233,0.004035113222377053,-0.002023930686717703,-0.0010655302020382848
2021-11-03,-0.013825536111438401,-0.007230057760178169,-0.003979410058219906,-0.01495418935357378,0.000662858345312936,,0.013318714698497781,0.04699659047762761,-0.015377074727560424,0.0,0.006086574938538783,-0.03752033623165046,-0.040121379232985546
2021-11-04,0.007480279054491581,0.004414661921792894,0.007805730346311118,-0.002958773823793106,-0.0006628583453128864,,-0.009972479682818301,-0.00531146872104476,-0.03167076636584323,0.0001092621892606185,0.0047015077247704665,-0.024296749355947594,-0.011783082065805183
2021-11-05,0.009425963256519402,0.010777749050198565,0.02877310747404089,-0.009825678069976999,0.02108871500746248,,-0.040914671461292795,-0.01070813997870081,0.007555233556290015,0.0,0.0034637344967817425,0.029603110915466888,0.028049569269574234
2021-11-08,0.010708374577113603,0.0035669763835976444,0.006341590809035004,0.025699113488102623,0.0019459024201223375,,-0.015195947271140715,-0.032211375869562645,0.005362003945030155,0.00010944655831185146,0.0008532104906527424,0.008700502160851964,0.009538255229658866
2021-11-09,0.009691070324296218,0.007354525347317012,-0.0023729295031157675,-0.016169572077092326,-0.010328066480175287,,-0.0035400173957873845,0.01288753012092217,0.0010689304885085436,-0.00021870874757256233,-0.0033108699178455393,0.026013027463800083,0.015500489193060782
2021-11-10,-0.019897247232933804,-0.016076844689442496,-0.036979041792290716,-0.05858923056628978,-0.02203284838835498,,-0.021506177977718928,-0.048729375849074004,-0.030371209775640947,0.0,-0.00807743528700672,-0.0349597137716366,-0.01923251061972864
2021-11-11,0.0018676629838842512,8.768749977779413e-05,-0.011851014625169907,0.009383966269086521,-0.003543790158887264,,0.02268762889176613,0.11307719812466381,0.009862941499479801,0.0001092621892606185,0.0003234544175563491,0.0029502172596877715,0.005892627236573861
2021-11-12,-0.007648335903446007,0.0006129559081411308,0.003045174131397504,-0.0012461995332442492,0.0008630358458919165,,-0.007109103701737683,0.04472535634948139,-0.004371303095053885,0.0,0.007518553985204086,-0.007391927214819571,-0.006013247223451746
2021-11-15,0.0085810672508286,0.022420160701786127,0.004962688853693049,-0.003121960858949208,-0.008762110166477304,,-0.051230811732707694,-0.09154485546305365,0.017372878865128,0.0,0.00034238921527130904,-0.0002473410846150907,-0.011647790022524418
2021-11-16,0.01004715071984385,0.003930189073239331,-0.0011007616206622048,-0.004387388766484385,0.027095615246365345,,-0.03437631076879125,-0.011449300470292056,-0.005396874001546697,-0.00010926218926055802,0.003950207316842079,-0.001113792578478947,0.011044471753846862
2021-11-17,-0.010979882067226375,-0.004495115250673347,-0.009266386219940529,-0.034508338886646575,-0.012788477266276658,,-0.015666270790441313,-0.02205990696757312,-0.028541780928216215,0.0,-0.002432436935791588,-0.030678795222381924,-0.026664984923688854
2021-11-18,-0.010944365534047226,-0.008439714208845019,0.010367147840602824,-0.00390869604198937,0.02187736236994409,,-0.01993414760856497,-0.01939366424674985,-0.011198376325527537,0.0001092621892606185,0.0033907920570067887,0.007631682932159843,0.021825290056724986
2021-11-19,-0.04732135449417015,-0.022442983232029187,-0.043708286788174594,-0.05088098948350216,-0.028189674525144114,,-0.02721253040135975,-0.04456657941447223,-0.02047859516009947,0.0,-0.001789880836712228,-0.03625501887511446,-0.02716990535192795
2021-11-22,0.01375040240703904,0.017713656579474057,0.03222883772669559,0.03010530373198075,-0.013328226129252836,,-0.019499014364134357,-0.008623751986136815,0.013698785373922731,0.0,-0.002819109062864909,0.008243422539506072,0.009056572044343037
2021-11-23,0.025996454466642373,0.020764232683654057,0.025950565896134127,0.061702192891917765,0.01925905317051348,,-0.01131561581059246,-0.014765271580567457,0.01463158761098274,-0.00010926218926055802,0.001324917199159969,0.020379913403448663,0.02992924121596037
2021-11-24,0.005528760213871044,0.007623619831953546,0.014131293039101258,0.0028154905559287626,0.03744001011076657,,0.025282027546774586,0.0352077986406812,0.01000578654903789,0.0001092621892606185,0.0026664329907884797,0.0,-0.012786663960825858
2021-11-26,-0.03576122593150346,-0.02313435283915973,-0.04580102031610314,-0.07490131028864125,-0.018170450112602363,,-0.05854622112698841,-0.061236683166634734,-0.022372097838109194,-0.00010926218926055802,-0.022555645634815567,,-0.12942944407512108
2021-11-29,0.00553585836130188,0.00296460956529768,0.009329486763970475,0.01204829059386465,-0.002716907967736785,,-0.02531772553110338,-0.02316701639757404,-0.026362919164702393,0.0001092621892606185,0.012191881784862274,,0.013314313765143606
2021-11-30,-0.0288251805321862,-0.017390033349734275,-0.02839680716581371,-0.013733286050953862,-0.016934054938784058,,0.03264370800989727,-0.012147632079091041,-0.022314302424300807,-0.00010926218926055802,-0.019649435816436994,-0.05500577771220903,-0.0344000632058541
2021-12-01,-0.0008358302350502354,-0.006845387724747773,-0.013349847605770486,-0.023891806992592354,-0.029335572026919547,,-0.06638940171442644,-0.09732494118999527,-0.03136565751370712,0.0001092621892606185,-0.01116918022225541,-0.010640015259155196,-0.018947785326399475
2021-12-02,0.024614998052942535,0.026757552856259463,0.029334383979132243,0.023891806992592444,0.03133714994137278,,0.06492853127995551,0.019771368505768855,0.01941810966671076,0.0,0.015200245486976054,0.017570885251851714,0.014705097587609328
2021-12-03,-0.006384605356752428,-0.006360463003442733,-0.002107023563725569,-0.01666410394333464,-0.014482645015551356,,-0.0342040840728575,-0.08750983580383229,-0.010876232963646787,-0.00010926218926055802,-0.008739652496491114,-0.0031581348152753272,0.0021235939176135355
2021-12-06,0.011268256507012131,0.015524264210562652,0.023625082984032993,0.0230520106142036,0.01780970576815215,,0.041487380238920624,0.054876477388264816,-0.0060939332063712805,0.0,0.011773993981017845,0.04750543965222499,0.03706441331098662
2021-12-07,0.011142554266560694,0.014693780024040252,0.023885006566182355,0.04200080268894357,0.011230201120642868,,0.052308728179904576,0.06119569631453282,0.021766344243511287,0.0,0.020473550859901792,0.03278055588418494,0.029010898357175026
2021-12-08,0.00288640291046041,0.004484258342339409,-0.006187945608531385,-0.011310487614876678,-0.010186734173587026,,0.020450541741272154,0.04173467633380846,0.018958015491442486,0.0001092621892606185,0.0026445562402982116,0.006788139939756825,0.00528123751934538
2021-12-09,0.0025588808776026684,-0.0026203786628635015,-0.021274109802579266,-0.01704965803943164,-0.0318833997514787,,-0.04273527981043559,-0.006590853888025082,0.005851142804218617,-0.00010926218926055802,-0.006774242091469839,-0.021773365385070045,-0.02452802250161509
2021-12-10,0.006368314671203805,0.0016912736613099153,0.012873228624110394,0.017374571955285953,0.008479176964435783,,0.0028127510518687515,0.0014683416211469361,-0.010557436188416449,0.0001092621892606185,0.00936927321658061,0.011782995072318671,0.011805879005724917
2021-12-13,-0.022144608390098946,-0.021006681961789276,-0.03418776205189353,-0.05134453745746935,-0.006718950595868547,,-0.03865916689420194,-0.0801649359784668,-0.02992413314438463,0.0,-0.008897824723791319,-0.007277848778701605,-0.01153600989060698
2021-12-14,-0.001461326258868566,0.0029298458919582936,-0.0047987653319616855,-0.016905834287920713,-0.0026414248554535277,,-0.035664954507328435,-0.011191166635569693,0.002427066124618642,0.0,-0.006903743213715919,-0.008747234103043048,-0.010170268691256113
2021-12-15,-0.004397052207215546,-0.00569490732010051,0.00042399702511096584,-0.007684030794467661,-0.0061908555466200915,,0.0015116641453476614,0.04863701361068621,0.013245344912521372,0.0,0.015504219950335235,0.004524254854187371,0.004623342475294434
2021-12-16,0.0016307769971294988,0.009302203327263777,0.013903886730826992,-0.0049211567610441724,-0.005832611248266991,,0.014992766712169954,-0.05105152637478511,0.015430413234692273,-0.00010926218926055802,-0.008857609233330812,0.020247846657025757,0.012538081337890975
2021-12-17,-0.022076594384675276,-0.02640863308017059,-0.044052386077519066,-0.012052512433575205,-0.004471471686517201,,-0.004474225565379463,0.004823293600550116,-0.016627363412188408,0.0001092621892606185,-0.01070000684195759,-0.01968375130995643,-0.022628158761559693
2021-12-20,-0.014599028216486176,0.000440230509410445,-0.00014583314989034474,-0.03853628692865758,0.007046275272653195,,0.01924581701262294,-0.012913894062353859,-0.01204839473502528,-0.00010926218926055802,-0.010690302815853198,-0.03208984698820528,-0.03429385404657945
2021-12-21,0.02239786577691019,0.01588698447100166,0.029870335471471363,0.058311017750963555,0.04306606779563153,,0.0014650540685512674,0.05760949030846087,-0.00852099933099004,-0.00010947049915984609,0.01760326653807007,0.034483708583404965,0.0326479889102645
2021-12-22,0.008066648629192237,0.005699489900874323,0.005643150772240714,0.011126510436167714,-0.018065000723009723,,0.040177705046028495,0.029469597244544014,0.003660798022496427,0.0,0.00994876344565244,0.023903305938092152,0.02494368172776147
2021-12-23,0.000491425441486159,0.0024081976752336103,0.0015462951376614647,-0.0024233434837973153,0.002600715109793662,,-0.00422847037498201,-0.014248474030715864,0.0012172666413584011,0.0,0.006202837252157735,0.014586858053269043,0.020802340060442504
2021-12-27,0.01415694525318688,0.020238743786056227,0.02797966348914485,0.02701477363033828,-0.00501491014994586,,-0.002828758632600188,-0.03067735170531805,0.009685236827984755,0.00010947049915971922,0.014052915691332222,0.021422696350977165,
2021-12-28,-0.0032365328847985576,-0.0019379729052801838,-0.001230087096849691,-0.005412685413675876,0.0035708864918684983,,0.01685412345073488,0.020809971543476607,-0.003620786658246483,-0.00010947049915984609,-0.0008173989376626499,0.006864713426415776,
2021-12-29,-0.008792071777247158,-0.005158475460195926,-0.0027389087093368267,-0.007490492511593212,-0.003377622421150388,,-0.028250336977662285,-0.02705986493264718,-0.01461676355361463,0.0,0.0012784252943009453,0.007471035471199367,
2021-12-30,-0.005904500371655231,-0.004418267524928825,-0.008815607822457041,-0.009960760840544714,-0.020804557168419523,,0.00997873384829994,-0.012618454327731716,0.0012263052233289246,0.00010947049915971922,-0.002768400554296621,0.0032592428303951084,-0.00025438819775952857
2021-12-31,0.006558352827489378,-0.0006816237500430241,0.0013863729759686712,0.0006901338122926517,0.00098644550339592,,0.002832859229019291,0.01652922299611749,0.008541876703064104,0.0,-0.002523290471674356,-0.01971672704194024,-0.01758146024535147
2022-01-03,0.037685918228147236,0.016145171734908186,0.02178961457090863,0.06896967387111988,0.010495006940115412,,0.0683324977794518,0.08525347667117814,0.05668576537019453,-0.00010947049915984609,0.005773227426953387,0.00872329084409012,0.012991371859948884
2022-01-04,0.03692388083484633,0.01803210095406419,0.04246329910998251,0.072036078064998,0.02171578726206536,,-0.01597910355676731,-0.010810950344690536,0.02382401450867533,0.00010947049915971922,-0.0003349985306565355,0.013203669171990413,0.014463586316759385
2022-01-05,0.012360803039321633,0.006484510616444643,-0.017298176568921565,-0.04817603059950983,0.004857453224226606,,-0.02445752882698077,-0.06048883117035751,-0.01240831337567061,0.0,-0.01938885471016204,0.010721539117612951,0.015126233775560426
2022-01-06,0.023248179093929077,0.00847337144300744,0.036853530499148524,0.029427542173895545,0.040133991912232415,,0.010944006302483704,-0.012393806806051516,0.03018658334644885,0.0,-0.0009399847460037414,0.020852630980791157,0.017098639095503774
2022-01-07,0.00816342862694234,0.014257608803158418,0.02702379578560639,0.013642768171708538,-0.009537982202393483,,0.01753232159669955,0.02311366726011504,0.017467643268007274,0.0,-0.0039613194336906915,-0.005931739485066541,0.0035307761766701956
2022-01-10,-0.005970301665671724,0.0006397682401228405,0.004824391737492748,-0.025310124741015332,-0.005266302161742547,,-0.00670688031968462,-0.021555801255263136,-0.013071878235773667,-0.00010947049915984609,-0.0012451245868389392,-0.011329762844815575,-0.008789119078501956
2022-01-11,0.04120161688582988,0.022602434231108245,0.03110481412548952,0.06919882730677607,0.02939245216391025,,0.04474424906452231,0.039669609370070226,0.022765291511045227,-0.00010928609239308328,0.009067016828771453,0.03842763115087833,0.04107698898041104
2022-01-12,-0.002947604836775365,-0.005013646771503546,0.009643196533082132,0.0014401243859126585,0.027765842901637337,,0.006414339904036618,-0.00449780433203185,0.031648070395286894,0.0001092860923929766,0.0026999477897833354,0.016373777343167455,0.00995266104346292
2022-01-13,-0.007194716113936779,-0.004171229267630201,-0.009284385768040858,-0.017417406471984993,-0.014008313779893117,,-0.025908066764118123,-0.03361660609585847,-0.019927288476314586,0.00010947049915971922,-0.013874385087357706,-0.006566171451312663,-0.00034958923621201016
2022-01-14,0.017404075464111452,0.01689145924016579,0.036632208029454286,0.039051801432937905,0.0025696021117364736,,-0.009228838226425744,0.01081935346303563,0.015765016615695984,0.0,0.0004088498786955356,0.02231831583198615,0.015841228529568138
2022-01-18,0.01669596267907416,0.0032514381896371833,0.008837967783838255,0.01453774831658225,-0.006035847108698739,,-0.041926439657952314,-0.04399784286027352,0.011404888442012852,-0.00021875659155282947,-0.017868041813063815,0.018908622916395185,0.018864195758124955
2022-01-19,0.00041002196956313377,-0.0036393246493776213,-0.0026319967206247445,-0.00556652819992697,-0.03616983741329356,,-0.02234717821305669,0.0040080345076935146,-0.011404888442012767,0.00021875659155291838,-0.010437980613866143,0.01648707959677064,0.00907721815111668
2022-01-20,0.0021862446499767677,-0.0035747303884470865,-0.01908555237369664,-0.02486704632202098,-0.019010667158836314,,-0.03888178424584867,0.008761733280440765,-0.006276638018804668,0.0,-0.011129822960013098,-0.006353628489874904,0.001226378435661947
2022-01-21,-0.015126929845013272,-0.012061485703827615,-0.03457410568192059,-0.03493801133127367,-0.01650594422238515,,-0.04658993158363955,-0.067238717634697,-0.03850727555966278,-0.00010947049915984609,-0.019825864859266244,-0.01318187649493751,0.0
2022-01-24,0.008554594959701274,0.0021252063491253807,0.0036197220895815632,0.00767403245949172,0.005532182328888191,,-0.010827572698843504,0.010126684689014386,0.001090121748646239,0.00010947049915971922,0.0042377527998827885,-0.008017020067327322,-0.022650131630320404
2022-01-25,0.028975604276356943,0.041658068015792867,0.048090387195735114,0.07802789062074875,0.04419128597078847,,0.020015885622354488,0.056318578261558574,0.011911454021427957,-0.00021875659155282947,-0.01228408362990091,0.024900462385002015,0.01974899145669888
2022-01-26,-0.010194615906127533,0.0007539670653928209,-0.0005740184917127374,0.00785595579788112,0.0034523570055462853,,-0.007650984747572866,0.004750402835360686,0.04215585220227755,0.0001092860923929766,-0.0025119933729556673,0.019664518414087454,0.01914728408878755
2022-01-27,0.012726921662839827,0.01999629043629959,0.02942742422237094,0.005381946884320733,-0.0009073942926303229,,0.012213775062958525,0.06053177750743314,-0.009331461447749849,0.00010947049915971922,-0.004950271031788163,-0.00818465407876841,-0.005716814162463408
2022-01-28,0.0021279263768809154,-0.035795907750653166,-0.004919740619618203,0.00828574391645798,0.024214349720623154,,0.0060515480436639825,0.010355201967060758,-0.010471491142874271,-0.00021875659155282947,0.02453213589849793,0.0006846189222218972,0.00845369254718219
2022-01-31,0.00899211014583576,0.005497297726595387,-0.00674770028144948,0.0026579565136737814,-0.008542576698707154,,-0.009090959379481222,0.0014705778088686548,0.007341576360466937,0.00021875659155291838,0.017850859717076017,0.016852742917173844,0.00957465697697571
2022-02-01,0.06214158332749395,0.026004841131893924,0.032418596493310615,0.04210627974025023,0.027761236491530228,,0.03440868491058472,0.068159827551201,0.023749504098296688,-0.00010947049915984609,0.0067340476238717225,-0.010598813840874447,-0.023112918895500222
2022-02-02,-0.0026015591887816507,0.004589136323334871,0.007292446051662969,0.008363936180264877,0.01800297616111979,,0.013148408210386023,-0.01660932930681572,0.01619463485763715,0.00010947049915971922,0.009667256536204708,-0.0006803492721893124,0.013100864426586463
2022-02-03,-0.01172811935887188,-0.00897603312230755,-0.014638658750614458,0.009545245790820263,-0.019394656739911094,,-0.03997571609357301,-0.0326270658929804,0.027724380277841285,0.0,-0.023785674591032913,0.02254343210721108,0.016918308313770575
2022-02-04,0.02147946705872038,0.012440964035029397,0.010944420566820242,0.0198027049473659,-0.0044619152123130425,,0.0443204433634061,0.003598432014088893,0.0,-0.00021875659155282947,0.00469123991072657,0.02302228407864901,0.040774676484977276
2022-02-07,0.011965776431869078,0.019459130041216445,0.011579928142170475,0.004890103300673266,0.021254344969757217,,0.02849201389277638,0.047694892547681875,-0.013503739011626928,0.0,-0.0032144670700940173,-0.011116069127863486,0.004326781242773778
2022-02-08,-0.026192305631989345,-0.015346500005511876,-0.017474823671239145,-0.04107604325141109,-0.014874208589254397,,-0.0028127510518686665,-0.011019676544843518,0.00402013841493767,0.0001092860923929766,0.008194197555967961,-0.021377565490643867,-0.012516325796209812
2022-02-09,-0.004798926567672792,0.009846042696039017,0.017582120970218905,0.023855480898428764,0.010142092484665261,,0.015373822805861387,0.013072312115033133,0.0010025476006160182,-0.00010928609239308328,0.014529971320692262,0.00279501551514679,-0.011726655163352116
2022-02-10,-0.009666716420544947,-0.012781956211348722,-0.011251655125197307,0.009384937369575375,-0.0009491437193735578,,0.023304885318877734,0.034266030331997537,0.002002018723562006,0.0,-0.018128821978502373,0.002898552754011479,0.0148445126049012
2022-02-11,0.024866961255996495,0.020157049559628482,0.022382570408058945,0.054998244905228255,0.037279688688148536,,0.030689536092848007,0.02928939339182999,0.029559099827256186,0.0,-0.01991579403705981,0.03575518904190616,0.011657428140605455
2022-02-14,-0.015453190596339634,-0.015536781269477445,-0.021289490047195103,-0.04156871593596599,-0.028256287811779253,,-0.011897061816815782,-0.019430658432123278,-0.019608558571059684,-0.00010949445048386324,-0.003274553716244728,0.025661465361270522,0.04178153401495492
2022-02-15,-0.012614262981079203,-0.007346653492304987,-0.020637811555907715,-0.03404367409221487,-0.025122568802448855,,0.009265484907091578,0.03849101723769986,0.006906742258046785,0.00021878054287683627,0.015998083921745794,-0.036786492344537486,-0.03228827637763636
2022-02-16,0.004605161979521575,0.00029798423826494374,0.005892446935072377,-0.0050312718118752705,0.007864400621579525,,0.014388589038334789,0.02424736639550956,-0.0039411188290091005,0.0,0.0011201440927681855,0.018935477002203903,-0.010108831679533132
2022-02-17,-0.00153258688877489,-0.005151138944595577,0.010476073352447728,0.0052822842324988795,0.008580101873565732,,0.06656580952692685,0.0,0.008845369978320458,-0.00010928609239308328,-0.021592898988283298,-0.02209022533527082,-0.022416878914542145
2022-02-18,-0.011183192428918413,-0.0014229649853063292,-0.016926159496960108,-0.0075548366220359485,0.001207322332256439,,-0.020872553467727727,-0.03691382082304107,-0.01677385449149836,0.0001092860923929766,-0.0064959555238026856,-0.005681833467430946,0.009401510802472049
2022-02-22,-0.011702140817321008,-0.007674330650749313,-0.0202867813992923,-0.03184635859412643,-0.002589102423558274,,0.04843563711797211,0.036913820823041114,-0.029280298399981877,0.0,-0.01078983100148732,0.009270939500887683,0.026167415773841695
2022-02-23,0.0040459734935217,0.023513102853005643,0.004543773148378226,0.009608935128099625,0.027277484392111147,,0.0058928784003146216,-0.026137018018916318,0.00204703216008929,-0.00010928609239308328,-0.017897856923494,0.0003256445076266229,0.005656009422144404
2022-02-24,-0.012715445642368737,-0.005177659510128742,-0.00568287395731006,0.005927215921694176,0.07357928956199464,,0.053757757727906155,0.07527801744702625,-0.0082135961647224,0.0,0.014937151058140396,0.006814152157409257,0.019942828653203154
2022-02-25,0.02655693914194842,0.04019011027224986,0.03955800257641678,-0.004635511948909769,0.009718108929589237,,0.008869446727721835,0.008153864972035097,0.009235610630080018,0.0,0.02182398469043703,-0.011819058698750612,-0.02732218991349617
2022-02-28,0.007423601959478365,0.025460235918760177,0.03857999216623865,0.12116147600683891,0.02784874494343393,,0.03790360581418788,0.008663091084919044,0.03512671794367697,0.0,-0.0025616802058174215,0.04739718911129528,0.044839885998954575
2022-03-01,0.009518348227194657,0.03895355437037305,0.021896396901164683,0.06763522096126065,-0.028080726037217025,,0.01267188849925861,0.02287115599682817,0.02723880219969847,0.00024094377025086233,-0.015347588471617732,0.0754148706838357,0.07339398596640409
2022-03-02,0.017032580579593705,0.029094178156972423,0.011077248166718422,0.0332102387770182,0.03228547573674459,,-0.039598450852691675,-0.00339744798614552,0.0066954079471231165,0.0,0.01822921171995873,0.0660687986332607,0.06971979252787928
2022-03-03,0.0063131058218364585,0.013404181125000969,-0.0064467992930665125,-0.012900685000176515,0.0011232681136731809,,-0.004376586539922322,0.055707835766277136,-0.01150517335088814,0.00010916160365308567,-0.0049910008557374095,-0.027928382054031586,-0.03056149074180861
2022-03-04,0.03694457319909164,0.015435179892151648,0.028937405256568557,0.16204760819802208,0.04407104083842367,,0.03448620685766364,0.021757032753432624,0.005768847085677254,0.0,-0.008157810848962787,0.07234873487684747,0.07109422197327595
2022-03-07,0.03539894736623909,0.021142506516057154,0.009923585961004552,-0.013808143404472065,-0.004450389886064004,,0.09009661711076981,-0.022830363711689096,-0.008666182813011887,0.0,-0.0299223750802711,0.029700519477322773,0.04081553559418091
2022-03-08,0.0075472381278628015,0.051068185644224176,-0.024692501046125023,-0.01418468947557851,-0.035065656193392775,,-0.0954071918435386,0.002145511112250607,0.007707101131099583,0.0,-0.007610646714636804,0.036068133568955676,0.031734165578380616
2022-03-09,-0.058526445301031765,-0.025298333570691525,-0.026564229596631565,0.05413482091993128,-0.0014912375121719364,,-0.06489352185799888,-0.024960435560028686,-0.02330195380602175,0.0,0.0264577010246606,-0.12777087530099485,-0.13312386406507265
2022-03-10,0.030570451583189415,0.026997589304678184,0.03583285821136611,0.01089696357494237,-0.010802596372496346,,-0.010280106805343027,0.00929739556397265,0.012689547472065526,0.0,-0.004525786567840809,-0.02682474335451587,-0.017653625651692418
2022-03-11,-0.005168301259273426,0.0004682705867282204,-0.013223837716826342,-0.003101410239406229,-0.023814212533224927,,-0.05062872121604743,-0.01591262507206481,-0.020579000950743814,-0.0001091616036530497,-0.01279657649769289,0.031409383697339324,0.030692286658044615
2022-03-14,-0.03645446120979402,-0.024763169505759394,-0.019081325896282884,-0.0415772118395564,-0.007520901459409833,,-0.02941384698442904,-0.06394854656032165,-0.02811425422356497,0.00010916160365308567,-0.007335126423368345,-0.05732524958516306,-0.06759684359349555
2022-03-15,-0.05859623007575613,-0.051949908128419875,-0.01565780454085676,-0.019252259593494414,-0.015134770952102779,,0.020923934032829335,0.030199492831575955,-0.007153859067717934,-0.0002189242229546631,0.021752093896187093,-0.06814898374310487,-0.04872675463895833
2022-03-16,-0.003762707737707055,-0.0036077517813782357,-0.00242286785030525,-0.028647607985391694,-0.005387521760295949,,0.02881339937184296,0.005135672877164891,0.009188261689025546,0.0002189242229546805,0.021931948841059645,-0.016416952596453073,-0.005053646035632557
2022-03-17,0.026298852862546362,0.0171620795511175,0.04142079347331615,0.0905119752329032,0.01896444025545883,,0.01875792998610397,0.03522861035967302,0.006078960449799191,0.0,0.01243332658418962,0.08214098728763619,0.08156368756578795
2022-03-18,-0.003932869680807241,0.008008206920372506,0.007761083233015155,-0.03098706667501841,0.02744761980624125,,0.008097161201786223,0.055050005168844084,-0.011173221706217094,-0.0001091616036530497,0.010893121872585444,0.016565918662604154,0.007198696700154454
2022-03-21,0.04389326018294505,0.017832922263504837,0.03123389750785729,0.08058959929587184,0.02944233285293499,,-0.01860508568711052,0.03324279357667211,0.011173221706216992,0.0,-0.0002924223592314112,0.06874448836426282,0.06739373957966661
2022-03-22,-0.004388995344490515,-0.0033462662403247975,-0.009680698057062304,-0.021891397541527694,-0.011181472300131407,,-0.001174435542989517,-0.004537460440284948,0.029852939548403134,0.0,0.011633574425579891,-0.009947655629352114,-0.006234127318569661
2022-03-23,0.01563952840917121,0.010729180914316783,0.025226782599020597,0.0033479570372473766,0.04142631124976211,,0.0011744355429895758,0.031827632387871084,-0.010842744024664102,0.000218311292351103,-0.0129619431538575,0.034174713799099164,0.04811206915919598
2022-03-24,0.0030026894465523236,0.0026491307854695184,0.0016276596080737214,-0.035551185733442306,0.011366334532722287,,-0.029781909672407535,-0.02177239847853149,0.01573286545792711,0.0,0.014961784088256276,-0.0060238516433635285,-0.028152952768131536
2022-03-25,0.021592866505748348,0.01793815036989318,0.027920984141404273,0.01648684834968106,0.05316320767936143,,0.05298477464405976,0.03199873754000181,0.030742083299013213,-0.00021831129235112573,0.00487164988420682,0.017361547195901026,-0.010622439229112702
2022-03-28,-0.028452354115622917,-0.017637245438874474,-0.03791916040957982,-0.03589459510110028,-0.0632443256384795,,-0.03263696244565115,-0.013658661397852165,0.028906332631173724,0.0,0.007087917818516394,-0.0773569887040718,-0.06892300005036632
2022-03-29,-0.0053277688384810095,-0.0122784707851867,-0.027525347844289186,0.002644876007095286,-0.011193539315669753,,-0.010720874393666589,-0.015343334708380944,0.01550410041399108,0.0,0.012295018015141419,-0.031163995034828196,-0.015047140342468842
2022-03-30,0.016973072566991158,0.007034981608424109,0.007047800022913223,0.012076609762692096,0.019223928128918457,,0.047934421979077435,0.03672416471308998,0.04252201460375792,0.000218311292351103,-0.006194032612707249,0.03357855787211574,0.024521764654350332
2022-03-31,-0.014305746024194764,-0.016143845629951564,-0.010940018934959005,-0.012957553283630905,-0.01879103410774519,,0.004555885988955299,0.02750286106333224,-0.02993175951747423,0.0,-0.015511003135917512,-0.0699142281336978,-0.07451399865752108
2022-04-01,0.006397058905719197,0.008500398278857305,0.005783350442393712,0.02385835777070249,0.024508080085385294,,0.04227557140620172,0.014856397103472018,0.029064044818108287,0.0,0.0028300644709328797,-0.012109229777362916,-0.010870690874923832
2022-04-04,0.00048106071865437245,0.0009126688506355282,-0.0002984683973288459,-0.005521964801267066,-0.004585224608677307,,0.03004499561294689,-0.006472617231867712,-0.006094945543940542,-0.0001091496886980287,0.00853014238024834,0.03919360537857637,0.018854394625336807
2022-04-05,-0.005184311394628068,-0.0061634685191722565,-0.025177413904967576,-0.03647671898926634,-0.004819423038481413,,-0.019210883213810696,-0.02727018658522923,-0.022969099274167713,-0.0001091616036530497,-0.012711926451283563,-0.012763850391532395,-0.014435640667323677
2022-04-06,0.011059019187229204,0.008836907977738263,-0.005215163235898468,0.0067966694503806754,0.0021292948503213276,,0.018153278049322707,0.00807048004226117,-0.008976673323048516,0.00010916160365308567,-0.010049534146802182,-0.05637425383113294,-0.05584595466589387
2022-04-07,0.016598056811856093,0.013799388413857855,0.02450755593851619,0.02777475933964771,0.017428174429032963,,-0.07924949237435079,0.026593477071683438,-0.004519006213852484,0.0,0.005026252353131957,-0.0035335725813111273,-0.009768817717516365
2022-04-08,0.020827970617201513,0.016794026540813696,0.03044424134760817,0.06899280591926274,0.004448838170886466,,0.11663697684229932,0.010989295357716552,0.017064072207378822,-0.0001091616036530497,-0.002677485277254416,0.023663655620502395,0.014222727193429386
2022-04-11,-0.03503803212781437,-0.02605302276505035,-0.050450848373442485,-0.0648406065148053,-0.035007193229742925,,-0.04482255923816778,-0.014217435436809972,-0.016158647756761544,0.00010916160365308567,-0.01723995803400547,-0.04290007156317295,-0.03354064777774723
2022-04-12,0.02065600164336648,0.02062420406987679,0.02040674618311932,0.020844924153150243,-0.009091200218851642,,-0.009641020241680759,0.02147673297987551,0.02766817771928963,0.0,-0.0037122309027972675,0.06472423940349636,0.06427040921839045
2022-04-13,0.014036446809902493,0.01561634693191436,0.002297632066790692,0.008083464787136589,-0.011005787206192533,,0.00750655027911109,0.01792181824045315,0.017452472535710455,0.0,0.01138846153472997,0.036531066664568596,0.03823677485195292
2022-04-14,0.011681464375455287,-0.0004661697371339382,0.011309255453309455,-0.00470752380562821,0.022321358691316868,,0.010627149897276991,0.0079609715249575,-0.0025986356512421502,-0.0001091616036530497,-0.012529928443487605,0.024444608901800145,0.021339492953202407
2022-04-18,0.008164090309035857,0.013314822571241919,0.020504753354850757,0.03363757603301031,-0.002008709330338366,,-0.012766043679507181,0.0004404844593817379,0.007775507665682827,0.00010916160365308567,0.0004110458028515574,0.013018595620772351,
2022-04-19,-0.008961609654400385,-0.011917173364002292,-0.018632061433341042,-0.016263206338150416,-0.0008620143664643062,,-0.039306537255092144,-0.021362690577208656,0.008569043808410406,-0.0001091616036530497,0.0160139685497338,-0.054098017506977916,
2022-04-20,0.002276287246055778,0.004065571051502244,0.010870102885268254,0.017891296988375896,-0.00822767656003322,,-0.01119831201474136,-0.0013503200843245282,0.014400844746529837,0.000218311292351103,-0.0007419644811462921,0.0001950268168053265,-0.004179734402707968
2022-04-21,-0.010629056369291286,-0.04717424529926351,-0.03973900904989996,-0.03762773082031425,-0.010270926901939103,,-0.029716359446551488,-0.030180619499478156,-0.020391581637885212,0.0,-0.015066434078313649,0.012884653910080365,0.020259821345692295
2022-04-22,-0.02207359289946904,-0.022303201758142537,-0.027328414800233358,-0.044559296030949234,-0.00646378354510293,,-0.0011607262382996647,-0.0023240463373257283,-0.03227464014245843,-0.0001091496886980287,-0.02782271399884863,-0.009963806735670143,-0.01930834648799283
2022-04-25,-0.034294463513808826,-0.02173177003194293,-0.04636627173146724,-0.03048453120524709,-0.03425738173957325,,-0.04271138059592052,-0.04229646444612898,-0.015185790752896205,0.00010914968869798137,0.005780722207014096,-0.03220667575621769,-0.057544491547078365
2022-04-26,0.00036469526773393767,-0.006114489617613203,-0.003716275275063989,-0.0018225885440959486,0.03270874399048499,,0.006042507509577608,0.07073872475294314,0.014298601524306436,-0.0001091496886980287,-0.029388227009517043,0.029870680923266252,0.03581704578608847
2022-04-27,0.028157384913519195,-0.0018544145903183653,0.018874586337785104,0.01394811283617221,0.03474249818119317,,0.022633652053502075,0.06944520156842322,-0.0017761548099901148,0.0,0.0028076637677199212,-0.006452266005904203,0.003976919737874036
2022-04-28,0.02979749699833307,0.03490607118048587,0.04712042584962559,0.02557413556688681,0.00816449351898079,,0.007042117493214588,0.04051810394364108,0.013245186487070359,0.0002185818853787744,0.024945678535828467,0.03384597278060827,0.02372408951224107
2022-04-29,-0.022616248436497715,-0.03215764731350543,-0.021029347890313157,-0.034609230382087346,-0.04054794636596685,,-0.02606771345079989,0.0020238724741008063,-0.028471547036670704,-0.0002185818853788344,-0.03765562831942668,-0.00837860752234604,0.024097551579060524
2022-05-02,0.013515165300137988,0.01946855243347754,0.004178740987681825,0.05663401696872436,0.0017654932533196837,,-0.013293349398778348,0.04274478968697978,0.01788970458818016,0.00010914968869798137,0.006001404280594227,0.005625223395021305,
2022-05-03,0.020390128235715715,0.01700630413016762,0.030898213100607294,0.015994796456732286,0.031900676900228825,,0.027596236403100643,0.027137226938827683,0.039970251587566834,-0.0001091496886980287,0.004573562835594464,-0.025517729479198285,
2022-05-04,0.039028789074049476,0.030904090547465766,0.04863115908965558,0.038577891058428085,0.04073635642726726,,0.03944822028028081,0.0018835852712991916,0.028549331053004657,0.0002185818853787744,0.02999838141596469,0.05049320848199707,0.05189821906429831
2022-05-05,-0.015274060305558992,-0.007967742815951024,-0.009675062348775352,0.0116261343728899,-0.024214387873191225,,-0.02069029029417667,-0.009833664034989356,-0.0166946807660264,0.0,-0.0361897334759874,0.0030554164782012672,0.014193554842638083
2022-05-06,0.015165111143984927,0.026296385265442937,0.04588806784468335,0.0416628894465545,0.03082268771713967,,0.01727152562608785,0.015463303454489498,-0.004290001286492933,0.0,-0.005987002010402307,0.014227602427204179,0.015489091357433593
2022-05-09,-0.08213505524248475,-0.06937369999075287,-0.10248613654068078,-0.11578337666348248,-0.08965051779752224,,-0.13941951678595327,-0.10777530154765098,-0.07126792045195773,-0.00010943219668083135,-0.03254101589911302,-0.062426280285238195,-0.0652296668855444
2022-05-10,0.006608125386966113,0.009561584109461762,0.008196893319676568,0.026781848743078734,-0.024413439935602965,,0.037351322374128235,0.07234972434468274,-0.01301148951197563,0.0,0.002307913916583776,-0.03293858566618786,-0.03880456276327371
2022-05-11,0.020604959942141184,0.014694093529401377,0.01055636630534503,0.01154756615828093,0.011452034399697726,,-0.006341041156609477,0.020722243326197383,0.0037350058654301564,0.0,-0.016013388256368707,0.05614415279814477,0.04841419028822516
2022-05-12,0.004529422214172933,0.009455154038314232,0.0056384770802254056,-0.014750501289178932,-0.0045351706347530555,,-0.02577467397494471,-0.02033452479563382,-0.006545123166942216,0.00010943219668081612,-0.0010448709646157883,0.006142235233144035,0.0033370442535769133
2022-05-13,0.02923263001992307,0.019003704315864667,0.03269261944978998,0.07887303275024958,0.026315749674851098,,0.042178680968264826,0.09425260950078798,0.03593187059009209,0.00010961648128637945,0.02362673536140679,0.04034331190595052,0.036883097880667785
2022-05-16,0.023247555007284048,0.0301595252145617,0.029335946509110894,0.05524886620679746,0.009107429596826106,,0.0712431868750145,0.041118214930927204,0.0259057013162584,-0.00010961648128631786,-0.004066030379039846,0.03161579498459063,0.024144269139562795
2022-05-17,0.012673577509985805,0.005878245216950644,0.014304682640811167,0.003243641235196197,0.002045370588560126,,-0.04286365031519257,-0.025717332375244442,0.033813521434165765,0.0,0.020362079897518735,-0.015549390064861638,-0.017300102162694835
2022-05-18,-0.015977553209855447,-0.02671375051944937,-0.02401981010308897,-0.05506524626468718,-0.03022215238229629,,0.04519193720115082,0.011397264378734092,-0.04356080003556902,0.0,-0.04114674881401777,-0.02378704820282726,-0.02556995721708173
2022-05-19,0.005390877419809917,-0.00716585554360511,0.0012433025634598393,-0.005301840643022135,-0.01928708686717362,,0.028655333244963534,0.0030965903638348145,-0.015253621105403436,0.0002188284736958,-0.00614338603619772,0.02289625890465735,0.028488892552139912
2022-05-20,0.00786900604317008,0.005736955954071062,0.003911592521233055,-0.01100462892757086,-0.0002299741016071746,,-0.012507442399255326,0.0006866015881285592,0.00451047979501948,0.0,0.0004361354691968978,0.003735994382830233,0.0036147273214037893
2022-05-23,0.021858238945688026,0.022972900726474683,0.03738068579498058,0.03357491896672385,0.005429832877714523,,0.029314575690185307,0.058663972043372994,0.014298808299820012,0.0,0.01853728922923346,-0.020722876574558815,0.01311436875565536
2022-05-24,0.005416971409982373,0.00534354004241906,0.004210402053367738,-0.005364512302292434,-0.004739705118423737,,0.06349640276489892,-0.014018133086173444,-0.008912927367434632,-0.00010921199240954882,-0.007663007747731517,0.020012333867694996,0.005543539532063966
2022-05-25,0.019927263957253593,0.01591754026366528,0.015588617579961796,0.02008298964735917,0.04458816417116369,,0.09065440327640441,0.03674281310605325,0.023884323361803017,0.00010921199240954225,0.008796064928439842,0.0029277401918172906,0.005512978042512577
2022-05-26,0.003524483718881924,0.006704539591543401,0.01738396548695367,0.033620122548196386,-0.002568466903216881,,0.03278956225204164,0.012266268565097984,0.011299869770709473,0.00021858440393134938,0.019784487235609872,0.028901474650211898,0.028788712391658148
2022-05-27,0.009782391962886623,0.009524714812204989,0.012733430064864803,0.03153927792669776,0.01632546776999133,,0.05207668522410496,0.04791153748716437,0.006890622581499178,-0.00021858440393131647,0.024252341808871775,-0.010642540424001071,0.011452407328588213
2022-05-31,-0.016426920332576082,-0.020514002646453165,-0.019739871048434825,-0.02211682964877704,-0.011341450034711735,,-0.1661798226610909,-0.015313421891636663,0.000857775614948389,-0.00010921199240954882,-0.005626473122243947,-0.005058003283599353,0.03518521184972102
2022-06-01,0.018985225945787138,0.009459322582979901,0.029724679485913286,0.015888165550523657,0.02319903807360308,,0.04445183995234296,0.052170339287128616,0.023729986322512196,1.0597912643132422e-05,-0.008121502490625975,0.007664207521350341,-0.026885727092622082
2022-06-02,-0.0017390313445675505,-0.0018166352075121585,-0.006848291809716944,-0.01603222921007153,0.023929082746867995,,0.0068929467854349,0.010570225058822585,0.005845623806739863,0.00021899838546776603,0.018864494417930977,0.013957321433923692,
2022-06-03,0.014434258929850395,0.009049852805166835,0.027116785937103326,0.014184587226417926,-0.00988320341578513,,0.02039909653207926,0.011583310725689262,-0.013411957481120097,-0.00021899838546783593,-0.016547797144596643,0.017723593045990693,
2022-06-06,-0.0025262548907866475,-0.004345167392175622,-0.006284501779426217,-0.00972125100099875,-0.013831529484732631,,-0.001924798403912267,0.007277084399641029,0.0008435242285904157,0.00010930895263952428,0.0030401935756402053,-0.0047181821455692195,-0.00550525984523533
2022-06-07,0.04481229632432261,0.018878647799322166,0.044407358427716634,0.013413357224737991,0.04360340404111787,,0.00192479840391227,0.022063724206422823,0.03724057613955715,-0.00010930895263965376,0.009546350888032702,0.009581515561468386,0.01508683530669283
2022-06-08,0.011733382060572915,0.005147667202409203,-0.006951068385980418,-0.021780735195007065,-0.028153067331749233,,-0.03722253232080609,0.018111158842648564,-0.004069894885019444,0.00010930895263952428,-0.010931488942620934,0.01979442657533638,0.018041021939678097
2022-06-09,-0.0218451652379781,-0.020131675370751917,-0.027453779538706785,-0.05550341968474984,-0.03463176513157333,,-0.07564454069544588,-0.04941990968780607,-0.018107558002757488,0.000109689432828108,-0.02407040131408108,-0.00345026219215267,-0.005666177304983087
2022-06-10,-0.01844313196798932,-0.01201441136480367,-0.014699225273592482,-0.020303002433420498,-0.01400361056713028,,0.0032238936522753707,0.04135076476760303,-0.0337868114359868,-0.00021899838546783593,-0.029424192306747105,-0.006522210943221346,-0.008049748441725258
2022-06-13,-0.046975350678856394,-0.04710088851418005,-0.04436617056805658,-0.065342352177683,-0.057749475740597835,,-0.06082570873659672,-0.07192915282545728,-0.05111244074888068,0.00010930895263952428,-0.0387078487364012,0.0015725225669612618,0.00781620361952007
2022-06-14,0.0026051383040043815,0.0013137535692012436,-0.0024190133897543644,0.03707766020708704,0.02074698462032206,,-0.0034268017158283477,0.035351506191351655,-0.021939091543153395,-0.00010930895263965376,-0.0030179282401547568,-0.016678171781360347,-0.011117314846484374
2022-06-15,-0.012671123381553776,-0.019831217054057493,-0.019563768116914695,-0.02958452969124398,-0.00038303498321529985,,0.012507442399255466,0.024077785314078465,-0.009284795680210343,0.00010930895263952428,0.014155886699822791,-0.030740125359695558,-0.016350868283453026
2022-06-16,-0.03758219034509593,-0.054933746822453326,-0.06528903256630642,-0.05928790439224377,-0.04965278478784775,,-0.035656442452059386,-0.03676268929576663,-0.056610024263696886,0.0002192687391457594,-0.03365630581283675,0.01923796878051528,0.006540663023981544
2022-06-17,-0.05939460715725809,-0.04674006978765513,-0.08855694464291224,-0.020091560054732137,0.014632583832701532,,-0.023697759798161317,-0.03346141553606495,-0.030062319392172698,-0.00010957930631765831,0.002153561196546389,-0.07047649715583913,-0.05356382332357686
2022-06-21,0.06037877304858717,0.04099979367036191,0.057419079158928465,0.03857820748020354,0.052193809463488366,,0.08059600004417751,0.09132850918987949,0.05444207861937658,0.0002188523503358727,0.02486187030118873,0.008452674730206198,-0.005973180591423204
2022-06-22,-0.04037575982894192,-0.04444308515185032,-0.06469960013618382,-0.03696318413475602,-0.0453904012730102,,-0.03603996136453819,-0.036536117219296095,-0.03729595692972605,0.0001090649554489265,-0.0018145392162078231,-0.039412604130830454,-0.025380554847237738
2022-06-23,-0.03062572684161186,-0.037483058824576435,-0.05715834713692658,0.005721689620775609,-0.01341348915709789,,-0.011534214248028323,-0.06185780443104946,-0.021223723345205198,0.0,0.009754700194436427,-0.004434597067865753,-0.009041967358825233
2022-06-24,0.019638995042249537,0.016295652780033976,0.03378367715759379,0.025175254158824767,0.0113614971810497,,0.0409146714612929,0.028253020299303554,0.031174290702873045,-0.00021833799946715997,0.03129900858543663,0.030912060014264154,0.024671310840431903
2022-06-27,0.024215174803410986,0.019156614910850592,0.022145372843688595,0.023708225156768008,0.034475330376540325,,0.05207258093459933,0.04958324538134706,0.0039523081562644795,0.0,-0.003826898806341777,0.02149645153089886,0.01965893305055289
2022-06-28,0.027365857309724413,0.015932363871090583,0.03190446219048893,0.046604840030327575,0.028887447960557804,,-0.00955931006205102,0.026963042094301278,0.019531829945899987,0.00021833799946705445,-0.020644648188046746,0.019725206397425168,0.020835809564629944
2022-06-29,-0.03763947560715214,-0.019938703264618326,-0.04028818147061169,-0.04321510608030688,-0.0026730030074025414,,-0.025947296535275003,-0.08926307903978382,-0.015594697437172778,0.00010924918946800232,-0.0008145723485868423,-0.01784255758280852,-0.011604590949194532
2022-06-30,-0.02854685764981129,-0.015081160471618855,-0.01820526383118749,-0.0037294157279172792,-0.010989824731175959,,-0.030018926467550073,0.003773847426499361,-0.019842006388976614,0.00010943336181097383,-0.008157656711566593,-0.03546244618405838,-0.008479558664398167
2022-07-01,0.022057626347173568,0.011878418425330611,0.012943392250951204,0.026149693078299244,-0.00815160228503586,,0.017897545578371907,-0.00990073799500769,0.004000126656135236,-7.648442295493419e-05,0.010521139984108812,0.023297394157348193,-0.0047700831064061405
2022-07-05,-0.031796838503187375,-0.026629481639796327,-0.07223287950910115,-0.022251122688765328,0.0002272729736980411,,-0.02015750545757671,-0.039092064793837096,-0.014070683436554633,0.0,0.0018865542969263153,-0.08265263823306315,-0.07596162460482665
2022-07-06,-0.018204924084275785,-0.0132657680507708,-0.01547816791316352,0.0,-0.05898719503199045,,-0.07881790382985926,-0.11500988080832951,-0.035018948820889656,0.0,0.0033717563062492816,-0.01228589713099984,-0.017806250489824788
2022-07-07,0.03144085682604184,0.019276133077593512,0.03547997990822108,0.03914924595708334,0.05875992205829252,,0.024184864486261767,0.0953411526456019,0.03400622676474412,0.0,0.014866212092818154,0.042069347047071236,0.04380262265839284
2022-07-08,0.0016277555093211782,-0.005239623765127493,0.0012730860893898222,-0.013099987058286676,-0.031486894154811484,,-0.003590544539824872,0.024223111796552996,0.008072811586817094,-0.00011003016131988441,-0.0008230427990142677,0.02043590512957503,0.004838364398041526
2022-07-11,-0.005124476095073317,-0.008864677928838905,-0.01058077044835694,-0.01913694420529059,-0.03105770706135418,,-0.030434484514581025,-0.022052898497491577,-0.022358671578233548,0.00011003016131983221,-0.01148932296077641,-0.006482852600859916,0.007867173443413986
2022-07-12,-0.01340106150541582,-0.018472138144447238,-0.02485378267528254,-0.03679077487014296,0.0027392852277797557,,0.015941416318687566,-0.010272493707769101,-0.005151916268470934,-0.00011003016131988441,-0.008888258680033175,-0.08248859080632905,-0.07098502803200309
2022-07-13,0.004015366289763442,-0.006716761825620893,-0.004082236637642411,0.011093788587257626,-0.015404936121557479,,0.039361062849578375,0.03232539220526073,0.01842409356922316,0.0,-0.00526553567667226,0.007648025858004024,0.001774457621801722
2022-07-14,-0.02024097010990343,-0.014967827215683115,-0.018213499041575723,-0.013537118772157639,0.012100683820252868,,-0.007042117493214484,0.028961837706051156,-0.02049240927804192,0.00011003016131983221,-0.002431472946125103,-0.006624903198671231,0.005304558527482047
2022-07-15,0.0166987290063619,0.012500811188711857,0.01556287139332724,0.025531670058090913,0.002338238577391703,,0.04603790970023373,0.030432387115172953,0.01642750419442167,-0.00011003016131988441,0.018924767158191382,0.01823943561936435,0.04109669226166571
2022-07-18,0.018284660873846222,0.013923688494136617,0.025960146115408644,0.022567613060952983,0.01851171597814184,,0.03753173556965604,0.04220278174185486,0.027123651696720055,0.0,-0.008291164680022226,0.047933907584572694,0.043661358958919816
2022-07-19,0.02489076698265107,0.035402481771459306,0.03930193765363732,0.04509589430437355,0.04347157932164301,,0.028833034381066457,0.042856173004580986,0.03314123834447876,0.0,0.026660614140358908,0.015574863741418022,-0.019894726702203644
2022-07-20,0.010929211406229489,0.013121640221056555,0.024891095088033013,0.011553621255660418,0.027253762300069127,,-0.00739558672221771,0.006793878561708066,0.0038279969018943827,0.0,0.006353134195025672,-0.01586204126696413,0.007798323897708746
2022-07-21,-0.016837531434143953,-0.007673447826975448,-0.01981833840669816,-0.024692739874468763,0.010696852613616754,,0.0052881071785338424,0.0038987051254952615,-0.010561764289082088,0.00032868162195906064,0.010131435841378952,-0.05926126247971976,-0.026677578051649112
2022-07-22,-0.007664561658736637,-0.008356841367590191,-0.009036431999366315,-0.01527725714425759,-0.022999678920286228,,-0.03324723801272821,-0.023357806772498022,-0.010674633974045068,0.00010950386183621101,-0.009321268210110312,-0.007443317566603376,-0.055027999426618054
2022-07-25,0.03276010243019342,0.029318270081162487,0.04351901409901418,0.05341190188857449,0.04305639117354881,,0.023708192411338792,0.06725663505077166,0.03357616284342142,-0.00010950386183619705,0.00121410325595186,0.021464831392082117,0.013581604116844075
2022-07-26,-0.0038971380660483253,-0.007843119025388546,-0.010484069630329624,-0.03700596644538237,0.029281807368198173,,-0.005338998518357223,0.001984133348798551,0.004705820409649332,0.0,-0.01190149546950817,-0.021157847506325142,-0.008443566749631802
2022-07-27,0.021413606111465436,0.013082828770405333,0.02365079248774822,0.011373632293326722,0.015691769570588193,,0.06125417909140195,0.02278115899453897,0.02777974828815981,0.0,0.025634932072463278,0.02315924915508065,0.021387245877161655
2022-07-28,0.011617223613481276,0.0075420460791343,0.008434160112635102,-0.0022326081307513096,-0.0024612622043045946,,-0.04637613497165526,-0.06426399972799234,0.02078696744250151,0.00010950386183621101,0.012464429705950778,-0.00923979657847222,0.0003647638194739244
2022-07-29,0.04526802407447627,0.08529245050760817,0.03520125113884851,0.04845564704813206,0.023676833905836938,,0.011536661038306913,-0.00284512116903784,0.011560913407620221,0.00010919781862234593,0.014473570782031417,0.021954778646968966,0.01654723772321159
2022-08-01,-0.025600759306948145,-0.020168009137886352,-0.024205150436860074,-0.007940049937288777,-0.0176027151870964,,0.05280400574143677,0.04184717948299046,0.0008836657203377488,7.645098084442693e-05,-0.0029657426183493664,-0.047709906874381466,-0.049826482506090355
2022-08-02,-0.004349164541113265,-0.008571843416759935,-0.004109415719465041,-0.002609695792379539,-0.006827576821103977,,0.023461200956338007,-0.005729211981590205,-0.004426504530067066,0.00010947154801780191,-0.006619279791232199,0.005678020726394147,0.003951086983894155
2022-08-03,-0.032959988308299,-0.024039465659100392,-0.03644943929575456,-0.06459988812276535,-0.0039813331172293956,,-0.0038718322124194336,-0.02325105125037433,-0.0017763110047581113,-0.00010947154801786276,0.01553813421500929,-0.040869178393673794,-0.0450323289808845
2022-08-04,-0.042989311726783115,-0.027538155420703987,-0.0158946122751035,-0.059620888666287016,-0.008704004599705871,,-0.006812895454321087,-0.02485261310732931,-0.012522497295061939,0.00021893111332775404,-0.0006757757523477869,-0.021242805946935443,-0.03834111582646287
2022-08-05,0.014347708097017341,0.016405317483549425,0.03250975337089005,0.02661779481663761,0.018151166503251413,,0.024120932955803684,0.02766151761598827,-0.005530029734060489,0.00021839335571374638,-0.001691478860840618,0.005244194253932335,0.02339995824766677
2022-08-08,0.005636746257493605,-0.0014978881123558177,0.00836581949024674,0.017304230683924556,0.008634968013326692,,0.03466387848697408,0.018441640244797296,0.006448794002863705,0.00010971755675092418,-0.0011615892354823452,0.018889870332891242,0.030919673679975064
2022-08-09,0.018269685779949283,0.012952590275227547,0.01987991791949537,0.03871438342428807,0.008494227901584368,,0.02545588778790005,0.07194231157550475,0.007319185600669881,-0.00010971755675099704,-0.003979104887929165,-0.0036422107751621358,0.0033772406297850163
2022-08-10,0.009448406047264993,0.0026347247180220214,0.00490901759081976,0.007184542825731706,0.012010426250186529,,-0.019030938623456665,-0.016716420060000244,0.026980239159840255,0.00010971755675092418,0.02078677266450646,0.01596967825713254,0.011969310320661475
2022-08-11,0.028517490856122412,0.024094387758812123,0.04462392612328175,0.044036799720494915,0.026184613367301546,,0.04647848711244587,0.003081803747277901,0.019332642130415585,0.0,0.0,0.02441435817128712,0.020071345177612575
2022-08-12,0.008654328461705378,0.0014400998975930706,0.023534998465075833,0.0006087296572832214,0.025012376481150036,,-0.006132031270992071,-0.00023650643963522977,0.01554430794801294,0.00021871345935509586,0.016786924311118,-0.022515022367634772,-0.03310084546794641
2022-08-15,-0.018033980617992947,-0.01920119894773317,-0.014971244048990659,-0.021374126337177,-0.0070826688586916415,,-0.011489546930398288,-0.03763113784735139,-0.0077421162179896665,-0.00010949766926836458,0.004112502783166554,-0.028008244488632112,-0.053986864486111
2022-08-16,-0.009359218064767822,-0.0025538661569406585,-0.00667095440232812,-0.012984123578244213,0.02327212629094576,,0.01674769048683098,-0.035785371316560524,0.0188201626954161,0.00010949766926842295,0.0019567796623995133,-0.033176570048743435,-0.02985604743233095
2022-08-17,0.008058406143929695,0.008213556942757548,0.012508931081088493,-0.008538808173558296,0.00123926550471816,,0.0659580565228602,0.00406836019576879,-0.015371734677591774,0.0,-0.0071231809063886705,0.017992488930119958,0.019317248300269846
2022-08-18,0.023369143760945624,0.017380563921751878,0.0341382653952217,0.029880868036815837,0.03696007284433741,,-0.01733443377604896,0.007835057282724859,0.026328615175505735,0.0004374792492335072,0.002902118928790597,0.025537926849365396,-0.008989056756934078
2022-08-19,-0.003183497231790908,-0.008398667813161719,0.0024758959535952055,0.09421681859412687,-0.010257457677243476,,-0.023589833448767982,-0.007581569635111661,-0.010109718275841019,0.0,-0.0135291941343732,0.0037483310285530594,0.001037344491362722
2022-08-22,-0.0007446630734731607,-0.005022685153443151,0.0009506250904028134,-0.03221509232509098,-0.0036848673834221557,,0.002554135698788545,0.026287869942785116,0.0008461215941887617,0.00010924203268401894,-0.02104230002327383,-0.0013905976461365762,-0.014516468165874718
2022-08-23,0.04156662474914912,0.03192630888076813,0.030045944021184743,0.06668220421154712,0.03438148327851791,,-0.012836989517240402,-0.004705958063967985,0.030002483537150067,-0.00021849600049336635,-0.002422231882845197,0.032022959566863685,0.045548865415404934
2022-08-24,0.005900711843367182,0.007380439877111134,0.018907052091701855,0.015064032167523772,0.003851591917148857,,0.0330400056084387,0.024523119606568267,0.008990605941582684,0.00032782397174285327,0.0031960744144230234,-0.009792764996533851,0.0038122036537749262
2022-08-25,0.005160289994265859,0.008724538858896359,0.014016531404809433,-0.005756516785862782,-0.010068904699981127,,-0.02020301609119829,-0.010226715155582447,0.005679643758681241,0.00010892457835153394,0.014018807712070546,-0.023194050066636537,-0.010670526048171858
2022-08-26,-0.012388453189615458,-0.007377636207336201,0.0003569348187045535,-0.012565258910442393,-0.01302881024344337,,0.01099400669383893,0.008286748753884927,-0.017959553234629506,0.0,-0.034435120264196185,0.0032092453731423216,0.023208003707207617
2022-08-29,0.02272945229708482,0.007438298203047889,0.011527813757467904,0.022983366920289294,-0.014893479277534922,,0.04441508219522208,0.023033467623780307,0.013093412888722235,0.0,-0.006634175109379962,0.03947536569769178,
2022-08-30,-0.03879767579473668,-0.024659228665045094,-0.026082157956562955,-0.04414389602578119,-0.02412699249944692,,-0.04862918565854281,-0.04165239418874035,-0.04065271448569554,0.00010901056483638859,-0.011038507568507591,-0.05616844623486226,
2022-08-31,-0.0075038559129835085,-0.016066676190753092,-0.009547773018667719,-0.014125188364492577,-0.007215746843723872,,0.0016874824963145113,0.028280744784773635,-0.008503548005090154,0.00021925725494496433,-0.0076381817830406505,-0.02184859375027854,-0.028487300804681075
2022-09-01,-0.01815717137930118,-0.016071728272530856,-0.017697663723856057,-0.037306819892655,-0.0216460353428406,,-0.017006967123793702,-0.010633114035634699,0.0017065042669832944,0.00020776572396139845,0.003132866540795512,-0.033867103958700365,-0.04566713291371992
2022-09-02,0.01815717137930126,0.014742137015114396,0.025071321043062304,0.005394463151486661,0.035163917784261395,,0.022053507794351557,0.03837002377550659,0.0017039225495740905,0.00010924554227690638,-0.010600339674981113,0.002293842042610278,0.00917289116759494
2022-09-06,-0.00671771593839274,-0.004635143631012666,-0.014893889636513242,-0.02786764824686236,-0.02355689501010163,,0.08596203364547716,-0.016977546792580202,-0.018034343629237348,0.0,-0.0037803913402249447,0.0006871278328069815,-0.017993114952063294
2022-09-07,-0.008567368357937949,-0.01287504298269984,-0.017364144016339605,-0.021919113878607708,-0.01852074803725805,,-0.07511513222353992,-0.014854165048679492,-0.006084231991630767,0.00010962475535491485,0.01780561607647135,-0.057124743239430203,-0.05162146810378153
2022-09-08,0.008146110690079002,0.005400619434848151,0.014506456022089421,-0.012611555596768706,0.02229704906928896,,0.010730725146000299,0.010564380560976354,0.009544371891912009,0.0002182358126783413,0.006514786909732843,0.01849458263616453,0.013270987584915508
2022-09-09,0.01661387929363431,0.0254509034196813,0.03314106849034269,0.017372878972541955,0.012920406881454318,,0.04808612281481036,0.05483360515380594,0.028099064843265565,0.0,0.015416063328588494,0.03771388519842012,0.041081081308960286
2022-09-12,0.01143688497801682,0.015691682644918433,0.021382787126763125,0.017975357211867993,-0.003230114638581829,,0.01089518921942665,0.009227021373476143,0.017478528124787392,-0.00010920972888657203,0.01069030942983136,0.010373418754571713,0.019122280935142323
2022-09-13,-0.023635349254934167,-0.019198592846525385,-0.018172654976140127,-0.022099031179333883,0.03027201067944474,,-0.02587384949741691,-0.007871370968104292,-0.036978990633784396,0.0002185052868641344,-0.044456138196069694,-0.0038632021685711254,-0.015203268734406711
2022-09-14,0.02424982964935716,0.023926067872960446,0.0467830704309014,0.0280690578961724,0.05003409029899653,,0.05260293690859652,0.015014171739075205,0.027861596077587463,0.0,0.003808466161665154,0.01177016757015403,0.008546598244676025
2022-09-15,-0.029508654803461126,-0.016364226464000917,-0.018434334997253967,-0.03190236983066476,-0.011956119351636678,,-0.01691040742769076,-0.0042349021938613484,0.0016640186561384033,0.00032791274159566116,-0.011418237469941035,-0.03620097472599824,-0.038992364778840334
2022-09-16,-0.017230829187110847,-0.02630473750694327,-0.021252215736379827,-0.010501993309693128,-0.028586023036802684,,-0.008563662581622158,-0.03801522203481495,-0.018456892150505493,0.0,-0.007658087897974524,-0.0017514161754129283,0.0016786977250889859
2022-09-19,-0.00010710237482357355,0.0028720165595011744,-0.0023006763841503203,0.004182964667178944,0.007446012240183328,,0.07164759276691202,0.0025491103138540346,0.007591693713992665,0.0,0.0077250876097525985,0.006755208543975407,
2022-09-20,-0.008187921062161848,-0.0039592109551469905,-0.007113311129634766,-0.006203474811504272,-0.0026741442044066364,,-0.020588883227756084,0.010360347998376318,0.0025180245618482908,-0.00010965065527247736,-0.011544846459861235,-0.017092432040431087,
2022-09-21,-0.016250049783699937,-0.008159697762004132,-0.008783146814924741,-0.0252061092361046,-0.015350653921915619,,-0.02254050868351547,-0.007587108306295667,-0.005884854072769598,0.00021889844137904036,-0.01759795183624896,-0.015589058480856866,0.002674394284016926
2022-09-22,-0.004187007611254825,-0.0007747605773902715,-0.009314639132441595,-0.012845286593812878,0.004401308385786852,,-0.019954538274018267,0.024394213988231665,-0.04660051108025623,0.0004369695018810852,-0.008435285138531876,0.007646393288585217,0.005991363756116905
2022-09-23,-0.05468665568476491,-0.06756902187349632,-0.08997318715230965,-0.052246356559162446,-0.06872654819389024,,-0.06319593480221432,-0.11441043023874571,-0.07139339546500954,0.0,-0.016896807138164372,-0.06072132965840042,-0.06998103338873995
2022-09-26,-0.02085747528501053,-0.026669570556368056,-0.013914408301775871,-0.01457882544308247,-0.04097524682945525,,-0.01581372736896678,0.03327861222667717,-0.030830870171013446,-0.00021821665698971033,-0.009941950594332543,-0.02432275561332391,-0.020859063643253878
2022-09-27,0.020740854576614304,0.0004255488921856529,-0.004445498318748893,0.011167472209032338,0.024013120769223573,,-0.01606793665470569,0.043729282228608876,0.026075514141840367,0.0003276001065429578,-0.002555902106006067,0.02229718206343198,0.04059422782021563
2022-09-28,0.035742733811138315,0.03319662316338869,0.056313647392098064,0.04803323257323349,0.06716902596520465,,-0.006843568276091026,-0.012706085979193848,0.05742324162278736,0.00010927383834546619,0.019485209661690435,0.04582277604147026,0.0407987303203681
2022-09-29,-0.0020278336007615123,-0.006952601499206227,0.006387244980905534,0.011334413757270172,0.006962164893776474,,-0.07298607143561063,-0.009995305605424715,-0.012681241189188203,0.00021831660798483744,-0.021110268437741775,-0.010098023637917602,-0.0015645957594941282
2022-09-30,-0.015569410358319338,-0.00762673309168116,-0.012815716617665054,-0.010683136706942872,0.009690803171056453,,0.009191385571623691,0.005486016528014618,0.0054543888290272706,0.0,-0.015584375183420452,-0.02313171355012484,-0.005720390227367686
2022-10-03,0.0514536141671184,0.05458348234493789,0.07190705387499108,0.04159627288634945,0.008522427168868474,,-0.009191385571623687,-0.010521534683267919,0.027717720033125923,-0.00027397739281829873,0.026058748382445127,0.050510858468253296,0.01982468311946937
2022-10-04,0.03579633921566234,0.03814801725119116,0.05010139106713706,0.03240697388341442,0.01829803938708939,,-0.01676022645313905,-0.010147348200783585,0.033813245337508215,0.0003289395828966844,0.030516133577096722,0.0330008884172046,0.0331881668552316
2022-10-05,0.039616271347692446,0.005693103478450776,0.002677565518051248,0.02344973693382337,0.005967264264513204,,-0.030507490877158823,-0.05234199026318116,0.010178103666381106,0.0,-0.0023308537139718265,0.015420946404964398,0.0064862793199992035
2022-10-06,0.02922945158139415,0.01806594451009434,0.014727570841269352,0.03993573879524806,0.006221782605708679,,0.04264042207440627,0.0486926792021081,-0.02564206317348791,0.00021825696134534256,-0.010369260720899096,0.007678447843065347,0.013684424071702688
2022-10-07,-0.010143181285572157,-0.008648400220310225,0.007283093498412551,-0.00997849613847127,0.008600224552242998,,0.010152390493966419,0.02693119909319962,-0.0008664615725565897,0.0,-0.028290392341250588,0.04583975567776008,0.03321129782311869
2022-10-10,-0.021915112268079642,-0.01822430215828203,-0.014534124130761985,-0.06160135678522527,-0.035746190619831184,,-0.0046021033742968615,-0.034024236932171575,-0.01748282425784486,0.00010920820887671942,-0.0076646452537306505,-0.01592062651753452,-0.01785670629514141
2022-10-11,-0.008534771691804204,0.00019108457702443691,-0.0105004387508566,-0.024681110419820188,0.0014878608387521696,,-0.02806552755537149,0.02855277330279922,0.016616053531061957,0.0,-0.006353017342208633,-0.020403244311696305,-0.020385521329987062
2022-10-12,0.004377913273947624,0.002986033464740148,0.006210561914037829,0.01672655898176378,0.02042764408264986,,0.025294113492660034,0.05205620462172074,-0.0026053833242986727,0.0,-0.003304039900583808,-0.021624899439362223,-0.01834524700433515
2022-10-13,0.03435183313229859,0.047326682924396034,0.05389498729942151,0.043429570635742855,0.037513625322336965,,0.049626709194002167,0.011706442062214622,0.01809607086376173,0.00032804087203337377,0.026048860060801537,0.019840578680461147,0.018240166354839923
2022-10-14,-0.026660019413820037,-0.031592412541953364,-0.03972279894590608,-0.019602765438919558,-0.04370977349847665,,0.04811928937133868,0.037342456769842276,-0.020708148804310888,0.0,-0.023052475812732436,-0.039734295175801966,-0.03138265865619742
2022-10-17,0.014313759683571198,0.007279677938310911,0.0033853993837330695,0.010146280886528858,0.006137683614785098,,0.046710696735324846,0.01858443498721979,0.019853748889823025,0.0,0.025372555439868633,-0.0011621151801772627,-0.012878056400538658
2022-10-18,0.0017872467477105755,0.008702819649167234,-0.003978788310857666,0.00621589640874071,-0.021380593694713634,,0.023735302854234124,0.04145665678740449,0.0076629051830483805,0.0,0.011680884136267432,-0.032018802306258566,-0.017507372373318824
2022-10-19,0.029231318588601018,0.03193323080204834,0.026947219930427285,0.009982317656127634,0.01641494917348867,,-0.026943096852701038,-0.004272942003256916,0.007604416719603171,0.0,-0.007111570696542174,0.03201880230625862,0.020797209752150967
2022-10-20,0.0013478379096442837,0.005697949038282641,0.005763037021144635,0.005680662977241176,0.01827984721891586,,-0.02356887152112019,-0.020394394393774825,0.0008416744637028385,0.0004367654341603837,-0.008420758743512375,0.00023253110208246185,0.001968719874634826
2022-10-21,0.018399870525247213,0.024727085808588838,0.021763173463021847,0.03440497251760469,0.01080972521764816,,0.02276533896703633,-0.008149507766813781,0.016681033825747014,0.00010930781398425847,0.024010806430732643,-0.0064143901776635825,0.003272611189588279
2022-10-24,0.006966039764566379,-0.0003463370819992578,0.005207563919846334,-0.006052700950296999,-0.0400423871645769,,0.022258490142739763,-0.008005125855525173,-0.001655753566574407,-0.00010930781398425979,0.012162183603556547,0.007576235318235656,-0.0027264317014352372
2022-10-25,-0.0067770544920858515,0.01034291870618657,-0.009635564045385462,0.0036641997749948126,0.002306439010104917,,0.005488139264045102,0.025888600967847522,-0.002488570315870242,0.0,0.015842496712918097,0.009361524594810797,0.0020727657014745276
2022-10-26,0.011830074291478112,0.012272405890743753,0.020997997698118036,0.019915728415129397,0.00041366730084280075,,0.008563662581622118,-0.014322811014785464,0.019737390753929145,0.00021870117428696625,-0.007562377151334839,0.027905622008788097,0.01267004874813277
2022-10-27,0.003819488665603093,0.004563499559946795,0.0005528416610697632,-0.009003341975237639,0.027834441175274414,,-0.00934582617689886,0.002505615704734828,0.012945105176379649,0.0003276209915532677,-0.005354384663301695,-0.00369851920620485,0.013255137952723853
2022-10-28,0.0288679745925551,0.011624270679186565,0.004176365197280604,-0.00041759041503790966,0.002007946527545621,,-0.024555697479162922,-0.02299432987836498,0.007208712429502102,-0.00010926005272799324,0.02351188355727926,-0.013679485260450168,0.004978560148159504
2022-10-31,0.000993070289832196,0.00509859814281502,-0.008528891143939392,0.010523464899835641,0.01100051239612839,,0.007191373490225365,0.02278568189324861,0.018972914680460605,0.0,-0.007249253187870717,-0.015024079836367344,-0.014260111816833197
2022-11-01,0.009877833742307364,0.007270227906088112,0.01331425481087699,0.016393759151113487,0.019368246576370325,,0.05121367890727442,0.07201992833453849,-0.0015672162456585898,8.733102645930059e-05,-0.004385440716441885,0.020812643755177666,0.019319144529228335
2022-11-02,-0.020766246911625517,-0.020626095504779226,-0.00998851378975851,-0.037271221719368496,-0.006918170482352108,,-0.0068312194052994315,-0.031348090655553836,-0.031065810353088932,0.0003283003237796009,-0.0254166412111355,0.019056736321509248,0.009937840039120635
2022-11-03,0.013502225632997404,0.01462641701604362,0.056174117742696275,0.014798435476083133,-0.008828557879119094,,0.0015222638218482594,0.04042949731142747,0.007823831540366146,0.00032848477634001607,-0.010350132788989589,-0.021549655459584663,-0.00815221906155016
2022-11-04,0.010832052223933837,0.012563621367102516,-0.011272481912570314,0.015265407595794062,-0.030217353076127003,,0.0387819322013705,-0.012191831321718603,0.008983205984133205,0.0002184430299186587,0.01429042423062275,0.04914667618928344,0.04353423289787531
2022-11-07,0.011772688381237396,0.011868988643505851,0.019607167543947653,0.036187324157732355,-0.005412067557548153,,-0.0051340299597494015,0.010459237975475306,0.007290580357924501,-0.00010926424467991961,0.009520212294019746,-0.008460837976679755,0.003410233997071214
2022-11-08,0.0031629294127130574,-0.0014557483634734343,-0.0037124347256476263,-0.01511976427253544,0.0169272675864278,,0.027558026761678137,0.014347427741586974,-0.009732497967999784,0.00010926424467990184,0.0053810102644704675,-0.03322564762832039,-0.030705950402038516
2022-11-09,-0.04576848109591324,-0.04080169000285879,-0.07072634842014863,-0.09674109294353582,-0.06247569703631261,,-0.04761070555019817,-0.03852962929380292,-0.024753792916988548,0.000546434189866171,-0.02081728357088155,-0.03448420041325041,-0.04002640676474508
2022-11-10,0.014585674264051086,0.018762741586161192,0.032980544644709384,0.03685119146371723,0.02695600098445154,,-0.01131656148775723,-0.01712169294654725,0.028820450378176758,0.00010919262767909238,0.05349721676599484,0.008473151499984026,0.012813843239860453
2022-11-11,0.030743979137135023,0.028063903734761243,0.034169139535226996,0.053185849895922226,-0.033794543544268765,,0.016554212009462003,-0.019056037628121986,-0.009788068779054443,-0.00010919262767925802,0.009631866926606577,0.029832566433551803,0.02224412353507596
2022-11-14,0.0029153027600981123,0.0004823806048104197,-0.0031519736575457242,-0.014227119160617144,0.016796751298084982,,0.011131797070917108,-0.02256094331996123,-0.014032443171766988,0.0,-0.008543226180434384,-0.0376065801749253,-0.029271409694030987
2022-11-15,0.0066811224541564376,0.00800876064594297,0.00793649433714415,0.015571399692279568,0.0052749862487703756,,0.04474061454021089,0.03294489066366593,0.0008309843070571912,0.00021866524467314144,0.008492988800779913,0.01181116092834462,0.007557649470246732
2022-11-16,-0.010747012007738177,-0.016406221017830437,-0.036840263463501326,-0.03416583468854707,0.013454409954632731,,-0.009216711612965318,-0.01843545211207457,0.005797326101546889,0.00010926604799996448,-0.007657896428512337,-0.01449384755502914,-0.018084062457234117
2022-11-17,0.001327511670129004,0.0028286743875962717,0.014975384631719239,-0.006555410698895112,-0.01278947532061081,,0.022535986433227913,0.03074021536894196,-0.013300535464591288,0.0003275320055138952,-0.0030645014531870745,-0.046987305363022244,-0.01753762066532759
2022-11-18,-0.008705734771388935,-0.005993305510998663,-0.02001758840894554,-0.0029430526152367967,0.013624272339040932,,-0.004186919030549189,0.0356441176228251,0.01824291520129894,0.0,0.0045300109140643755,-0.020030343269235563,-0.023009963105301245
2022-11-21,-0.009952880445973063,-0.009609299381704793,-0.024402892330218546,-0.023574040648601042,-0.019381757192511086,,0.009049891651831952,0.02653594751328179,-0.0008223090570190222,0.00010921833383064817,-0.003642643220090022,-0.0041299101313334585,-0.005525187422303284
2022-11-22,0.02851610895253965,0.025332870814566557,0.03515443242558914,0.04468305030298311,0.047130355957131685,,-0.017476967649180896,-0.023059580461719853,0.026776416798645883,0.00021820642959288238,0.013367158206414063,0.01357684179254409,0.0023716765309715333
2022-11-23,-0.005004623164105424,-0.008915721220148923,-0.0252427527021704,-0.02293526033078618,0.0019115840703848625,,-0.024269477844305446,-0.020844143165174852,-0.004815349271609578,0.00021825603405367053,0.006281978868668067,-0.03653719589028337,-0.031512203530007256
2022-11-25,-0.0035268180009645545,-0.002935300007691167,0.0005520845537512472,-0.011881406120773642,0.0016189045165182273,,-0.005797190339970855,0.034249245204014026,-0.005647455847773993,0.0,-0.00022381159989084113,-0.01917405548039829,-0.0295355196255086
2022-11-28,-0.0304930576799497,-0.02949989756129801,-0.023699414444118102,-0.029602734025885858,-0.015429148699753217,,-0.05912670319943586,-0.04493601971009218,-0.017136289469878108,0.00010915875499300383,-0.01608579015523233,0.008466348194212426,0.0011983224921087163
2022-11-29,0.0066258709474391045,0.014858532239853922,0.003305288629167491,0.012815046975960072,0.01294178700078192,,-0.00231580137851949,0.015987596557448983,0.02117359630246876,0.00032740478938057094,-0.0017188635126113236,0.011092594070076216,-0.0033589283020146205
2022-11-30,0.0072112410256485685,0.0125161028521156,-0.0059734882644520235,0.005483808729878479,0.015574713107801197,,0.06651689321170207,-0.0009794352162384027,0.010420768133244194,0.0,0.03101439491900409,0.03181283171206913,0.02831439519959904
2022-12-01,-0.004861830901826414,-0.004483324076429619,-0.00365034990069803,-0.009979458481226782,0.0009688304321304506,,-0.010174562362749814,-0.002354760539480049,-0.008006265089921184,0.00021908462257853132,-0.0007358432613204149,0.0071809148487334915,0.007795722766561261
2022-12-02,-0.008519983151227446,-0.008032778775686016,-0.007176467496955556,-0.008612624632138887,-0.0046251008054089835,,0.05195057134116066,0.05726741334726057,0.007208327782092246,0.0001088929449861455,-0.0011544898269738057,-0.01491451956508731,0.003008913275783264
2022-12-05,-0.027780961404076505,-0.025002173560207397,-0.023267336849899085,-0.027496781796943832,-0.013715519781707791,,-0.035289430734919004,-0.015141863371498256,-0.02833021653496309,0.00010985232061441371,-0.018153109678300847,-0.03867991275553174,-0.037438156791682047
2022-12-06,-0.02818960876363862,-0.02610779249553852,-0.03200561890659713,-0.03402610286523803,-0.05125045037503569,,-0.0584271278931085,-0.038204104741923754,-0.019901384373607313,0.0003275427501457522,-0.014519472706270761,-0.03469627689750147,-0.04214244366475863
2022-12-07,-0.002216410990962398,0.00296054336311304,-0.006334382603598997,-0.002966814496551595,0.028004443635637595,,-0.06448770839614355,-0.006872714905970001,-0.0025156361729798855,0.0,-0.001702733012360016,-0.031205488102777176,-0.03579316049542887
2022-12-08,0.0074013585284521686,0.0058950220243124815,-0.020046374398886506,-0.003759917010360216,-0.03185975336674218,,0.056074890169457846,0.022214446060811792,-0.017789549620471107,0.0006560251836794474,0.007803463009162325,-0.008797096459014752,-0.014236510283766676
2022-12-09,-0.00846321677642201,-0.0324443078210806,-0.02317931808129567,-0.015533535932158143,-0.028419700515035246,,-0.014700704916434815,0.0036549393850144906,-0.024222539544645365,-0.00010945320566182363,-0.0074982353549891976,-0.0035124728771405668,0.004593485339190115
2022-12-12,0.024329762432162436,0.010362693727054494,0.0158704867827174,0.022586379138834142,0.024672584799276198,,0.10356623002937093,0.04908273060058358,0.02422253954464543,0.0001094532056619039,0.014314163894381761,0.026527491222966312,0.021118877789298954
2022-12-13,0.01087470651107018,0.0220238034651128,0.01447677201371468,0.0038966706449958186,0.016540445470706187,,-0.01772451406110283,0.0032850081859130457,0.01778954962047106,0.0,0.007541484060888399,0.03342629255912618,0.027066278518406796
2022-12-14,-0.007393133623259317,-0.00693913675407883,-0.004772737420788571,-0.009377847749492954,-0.01218057267877848,,-0.030503525623506136,0.02216531920802618,-0.010126628041037514,0.00032741479249840755,-0.0064143361146636515,0.022284314454879706,0.039033523186116824
2022-12-15,-0.00962718553495302,-0.007513941321240607,-0.0028393672649171713,-0.008199363004989522,-0.016059513394372473,,0.0197158824479753,0.013277967955329926,-0.01108756874459618,0.00021850791188866985,-0.024765715695984673,-0.016337029364260253,-0.01195161205235672
2022-12-16,-0.0070431058731229715,-0.013656808630958741,-0.018925064319297087,-0.010024867740967657,-0.018793052357918835,,-0.021930617365830397,-0.01684901437175711,0.0,0.0,-0.011876311637328862,-0.022655553214386982,-0.026333501469289852
2022-12-19,0.004478909434711248,0.0068517176870556565,0.0,-0.0019207367583558305,-0.03446846654690401,,-0.047682241619924945,-0.011874771732274225,-0.008613336928257906,0.00012043534774549053,-0.008515726459976305,0.011525187878036369,0.018040771018960837
2022-12-20,0.014349513760296313,0.016289903292842786,0.01981319506638627,-0.0006412385135588972,0.009347222654926168,,0.015385059953548014,-0.006901655979615832,0.010327286740898665,0.00010956223305769146,0.0013673519814845964,0.011525596222201515,-0.02743639290870464
2022-12-21,0.012759147582603015,0.011687922127012149,0.03171543462321741,0.021571082135412502,0.02327967252239875,,-0.02394872253517016,-0.012470438988731616,0.022853128572995183,0.00010935634687789201,0.014841691349790765,0.029205787930566576,0.010018869027400148
2022-12-22,-0.02038027917340359,-0.015110552708727994,-0.029498476969087715,-0.030752063220750164,-0.03144546980902574,,-0.03096712620857507,-0.0024016672167869475,-0.01178454802098258,0.0006566620909151168,-0.014368818905218806,-0.006288118249169556,-0.00838395701134273
2022-12-23,0.026101508515640925,0.03044740127100623,0.042317991971831,0.034198079832106286,0.022506425911759564,,0.007231823354341052,0.012134661451731985,0.012621093054460214,0.0,0.005735747036456844,0.02403931340637381,0.03542924400682532
2022-12-27,0.013798248371610386,0.012492251058710874,0.012058714707731948,0.005924507941807791,-0.0026331523651379474,,-0.0008009580860308922,-0.006784653527612073,-0.005029485138041245,0.0,-0.003951401672776975,-0.0015092444067184001,
2022-12-28,-0.016562650167217086,-0.014862520423018092,-0.027035455452859403,-0.03560208035230535,-0.039681124638426254,,-0.04590973864929388,-0.03101901896580827,-0.019516796171801926,0.0003278788750863447,-0.012505568133337558,-0.007073415875726736,
2022-12-29,0.00753761301992966,0.007543019309129475,0.009322104445557079,0.0032164405443293165,0.002672696804780318,,0.011676593646147355,0.013946690250458058,0.016150013246584754,0.00043735961945002286,0.017839995172872335,-0.0058479698824231,-0.009098796326801948
2022-12-30,0.010022921129236207,0.006539937457749515,0.013738224218282327,0.011335718440845768,0.000667085828228874,,0.006611568558039017,0.006343305901010195,0.0008426801848359963,-0.00010881369653764656,-0.0026374351295474444,0.021818130111979507,0.02271437257826579
2023-01-03,-0.03496517946901787,-0.031121693903632786,-0.04223540209354145,-0.031282828872405063,-0.064947573680094,,-0.049820377071040166,-0.021049354265033623,-0.021286236519357595,0.00010881369653772462,-0.004218652643613334,-0.04190895397551398,-0.030153038170687443
2023-01-04,0.0029062950317355627,-0.010689979216851133,0.001942845247316728,0.0009822233156101831,0.029172649737709406,,-0.07831241192092288,-0.11012015782254757,0.003436200978666115,-0.00010881369653764656,0.0076904441141074755,-0.05412504061375341,-0.06490361183347325
2023-01-05,0.022127501427654954,0.01784862148153158,0.0298140507158117,0.018001124924035213,0.0006904780200803111,,0.03676870162900877,0.05707594011133019,0.02289199052932629,0.0003275669702397377,-0.011478954143018472,0.010790243323327259,0.01867983807631346
2023-01-06,0.012014382361536595,0.00750389701049628,0.012425772089769737,0.024292453292655967,-0.01327919641026887,,0.004502348713277428,-0.009457898125705735,0.01827301620997376,-0.00010946744871488267,0.02267310427200325,0.0021712588255962083,-0.004179188530098584
2023-01-09,-0.018813528014686755,-0.007846247710232335,-0.007385814433214482,0.005163312656216351,0.004260416245738643,,0.017809958899353523,-0.012205049675021371,0.013082920705803882,0.00021872937099039167,-0.0005670664988792922,0.012394069472764347,0.014164358699826057
2023-01-10,0.014824647670149608,0.004896954542316423,0.006116301021872641,0.0010917873216486258,0.020828298444878712,,0.22860087918382785,0.055724866109850946,0.006477728454152379,-0.00010926192227559748,0.006988263631786612,0.005607491328945025,0.011545990997060948
2023-01-11,0.011559870265031047,-0.0047829243774731075,0.0013540569003943708,-0.000935843470547115,0.019935145008946855,,-0.08115529013037116,-0.02946610185521061,0.011235777967927747,0.0,0.01256870413187449,0.03080796838868568,0.03398233072589115
2023-01-12,0.01647500460584856,0.010673430150341034,0.016107830114134847,0.02541924642983142,0.026476391973499432,,0.052663351355840916,0.005566629915893389,0.008740808293473509,0.0007647762908806977,0.003633952170609998,0.011041324135648845,0.018082349740372285
2023-01-13,-0.000618611234916417,0.002707005809460627,0.01084307304441059,-0.006562425336852834,0.019614479584662073,,0.020029390494161418,0.015540762488009938,0.0023708175635436977,0.00010917839785212764,0.0038720629206434706,0.019972854549974103,0.010119349091357649
2023-01-17,-0.0019461955591235027,0.01636662528098069,-0.010177640819031789,-0.00907483939894353,-0.04335169857460082,,0.0007078690779585915,0.02601052712915008,-0.003954293332614242,0.0,-0.0018335931102673353,0.004370909237896097,0.01132244978220926
2023-01-18,-0.020757846079638143,-0.018227052257515582,-0.014155023382659832,-0.00464630352474126,0.00995920241026196,,-0.03896591019365163,-0.04492728231796801,-0.008754621210220482,0.00010935985480256157,-0.015913950121561143,-0.00901245304108138,-0.00713609117730375
2023-01-19,0.00639860132264335,0.009937557608560302,0.009152462687786158,0.019218201104405096,-0.005166489025554804,,0.0007354653291600584,-0.015839820859159297,0.007168535063577311,0.00043645005275559076,-0.007306268787614253,0.009759837231327074,0.015397674813147596
2023-01-20,0.01807126427831999,0.010558653759156753,0.017893059026562328,0.018706346330109667,0.007541865497687233,,0.033264247131796945,-0.008728507236541137,0.012618510823571722,0.00010891364448919809,0.01845752374627749,0.011882798564742555,0.021856252480917528
2023-01-23,-0.005218801929402119,-0.0013275972366127056,-0.013805740642719827,-0.006146635111439187,0.020741527569320087,,-0.015048782198180977,-0.047170629178437985,0.019403103504076872,0.0,0.011927289973397754,0.0042973852125463945,0.00664758894979547
2023-01-24,0.00926894126266222,0.0009405795163722275,-0.011048962605052063,-0.03162254134986847,-0.02543186203891186,,-0.010889452970944286,-0.008585570878306267,0.004601072687159048,0.00010919165717014836,-0.001073999573033734,-0.021799228342584402,-0.02650771559912319
2023-01-25,-0.0052857231575381405,-0.00972493303831454,0.01304478246100748,0.0013956927346363728,-0.014540345611164959,,-0.022141040229487072,-0.009312532204852324,0.006102396183015389,0.00010927634961000932,0.0003747468991240459,-0.0010022551578146885,-0.0019961258315898036
2023-01-26,0.03940420100710495,0.047491883016858444,0.034939482448822966,0.039059912757578356,0.019428468877455703,,-0.0022413070668448167,-0.005891926269610521,0.026267841091710032,0.0005453336488453128,0.01093050699462647,0.01072195784579792,0.014121726188179732
2023-01-27,-0.01842631298031012,-0.045427791540079115,-0.008378288863482602,-0.008231698447052408,-0.009933376231833609,,0.04174894792403181,0.03842909245055968,-0.010424614305297716,0.00010881864051850472,0.002295075067038701,-0.011348877808654395,-0.01083610952671826
2023-01-30,-0.0178911114313059,-0.029692479848949137,-0.02523273929052982,-0.03689110979863068,-0.010368898998591258,,-0.023957591500544616,-0.028628234410195345,-0.019652810600727648,0.0,-0.012626374336548543,-0.022321789192895503,-0.005403513676196244
2023-01-31,0.02134506134463809,-0.0010338421836707324,0.01105613219889077,0.010239194265728386,0.027066239763450323,,0.016035362496320423,0.0368085695981654,0.013646810727454571,0.00010909642106981087,0.014596558196490857,0.012490603380142556,-0.017586004548502437
2023-02-01,-0.011007739558899514,-0.015403788280576031,-0.03481590682734263,-0.02011142753735244,0.00762863540655738,,0.045928157401129245,0.03892342953217616,-0.015939623096154747,6.564520794744096e-05,0.010571674252333477,-0.03361769338456743,-0.021936285287647732
2023-02-02,-0.03178806382434417,-0.013808777135425358,-0.055909759997393164,-0.016353524039892205,-0.030869426211425043,,0.002758702208192628,-0.011722068102164895,0.015939623096154813,0.00043768544723874603,0.014451989413319218,-0.006175697967100173,-0.012825431692047048
2023-02-03,0.006903585523112949,0.002600115028765088,-0.02907999173685335,-0.01988583601208539,-0.009760732149118675,,0.004123701215678266,0.019328345479678582,0.0,0.00021872267109075385,-0.010686125102923513,-0.033097413729513595,-0.021579058380057175
2023-02-06,-0.0016990848874583735,0.001120643495022716,-0.005751466182979641,0.005049296374591139,0.006187003301360807,,0.04689405162936724,0.03198547503601484,0.000385248463724018,0.00010929516830246321,-0.006130013958457813,0.009626540342797498,0.02046139294238183
2023-02-07,0.028151130155365318,0.025893866519336055,0.0412795531002569,0.048364500616000616,0.010594288466566251,,0.011064177146398868,0.05431102232566892,-0.010065867270968745,0.00010918677469640321,0.012993773920068152,0.04046030450624416,0.029867581216149682
2023-02-08,-0.008740007193341072,-0.023774153004561694,-0.011040907773499852,-0.010425586784866431,-0.007968944754512786,,-0.003241481533543759,0.013083802068305873,-0.005462454569126593,0.0,-0.010994836508784099,0.016705605669870234,0.014962275655905872
2023-02-09,0.0037676165999467035,-0.00921864085714423,-0.00779267425215476,-0.011484441751016887,-0.008507213442612066,,0.06778000267111498,0.03425063355698454,-0.0015660338095762256,0.00032768164758139494,-0.008707125300024442,-0.005494870384471273,-0.008471088060078274
2023-02-10,0.041287080244831076,0.020740410173365875,0.045609931093634516,0.0377285226986381,0.029990704961926264,,-0.017136135401316796,0.004699353855171906,0.006250043555172216,0.00010942830950197583,0.0023309717973851213,0.021549826198298386,0.0236809550524724
2023-02-13,-0.0038972446063545462,-0.005597875107250346,-0.019748357168250807,-0.01334472476421209,-0.027822909020847497,,0.052896818645001696,0.027234800453877103,0.008530497800085838,0.00021862792939344184,0.011670673075458255,0.005003763254789607,0.006066280852256809
2023-02-14,-0.011783919873126296,0.007631189480105078,0.010980164808202223,0.02410486746817268,0.006675897660199025,,0.015107801042219874,0.021398290244927128,0.010752784730095062,0.0,-0.0004601539259799184,-0.013315106905582361,-0.011934153574506905
2023-02-15,-0.003010883600121664,-0.01059413156213578,-0.0168741875339928,-0.05324691765382517,0.014942336635721682,,0.008613359542510884,0.009383309011665102,0.0038124704070233704,0.00021838741126753466,0.003241939330189945,-0.00647005111468599,-0.010055091519282749
2023-02-16,-0.0029335980547294735,-0.014541925431554147,-0.029910047707011105,-0.0063796113699499425,-0.014875244364541225,,-0.007460626102481348,0.03478069759134656,-0.0068728345091218015,0.000545856274744527,-0.013864540236871099,-0.001528468008688467,-0.003215245401613823
2023-02-17,-0.039210225591789785,-0.022586327112260007,-0.03991481263077995,-0.028728649294080474,-0.02676643262901326,,-0.011004991727320172,-0.016434288356885096,-0.013889304829615898,0.00010950145692661973,-0.002501316758741902,-0.02765748787749983,-0.022556893907792835
2023-02-21,-0.0009890598368471973,-0.011424925955131093,0.011364136967160782,-0.015097811215660685,-0.0068571612635891805,,0.000582315648387374,-0.019821961494538118,-0.010152434276369285,0.0,-0.020264939185391073,-0.0003932105693234996,0.002071781863473177
2023-02-22,-0.013037767510910635,-0.004045531049841695,-0.011748391612955466,-0.02368180628940576,0.027286317109729803,,-0.009356833112748358,-0.036768747555645145,0.02020283168597115,0.00032718092906011703,-0.001378916135151085,-0.031021591575409513,-0.03203935374461666
2023-02-23,0.009162368966000025,0.009805176433072584,0.0128873418928685,0.013601239224672325,0.09021863325063037,,0.053200861366604145,0.03545520215979029,0.0007690550486736383,0.00032755511205443847,0.005305121540553368,0.017559596008482406,0.031308626638663475
2023-02-24,9.026262041419472e-05,0.0029598118424328476,-0.001708671649788111,-0.004061139811413125,-0.025346127159250005,,0.005001526025936765,0.00655087764465965,-0.011596687139368164,0.00010884043709180217,-0.01073972534400203,0.01228143531962699,0.0027982255620932856
2023-02-27,-0.0018074136964096384,0.002521196178353184,0.005778905260660412,-0.000339145497999978,0.004616221412338293,,0.027878166588012555,0.00909985958946942,-0.007806422472546114,0.00010921346446400499,0.003400076924572109,-0.008170841452289811,-0.013084870272368812
2023-02-28,-0.0058061898599670245,-0.012670461116779766,-0.023995977703913877,-0.006807314202452476,-0.007345677263922351,,0.017633443794767494,-0.02390035241875066,-0.007867842489330883,0.00010891291547648156,-0.0037028983388823216,0.01718638562940847,0.0239597962001546
2023-03-01,0.008876958917191362,0.007930174303096846,0.027673382776877423,0.019447712122036193,0.021689986135847845,,-0.019251855954014456,-0.0029865266893026633,0.010216165077705263,5.474061679603062e-05,-0.0038432661808350875,0.008934989840743236,0.005632467404274467
2023-03-02,0.004588507183433039,0.0031421182333020684,0.019387284516655508,0.009334881953606567,0.01561243424676529,,-0.011950121740881678,-0.02132923569954449,0.01243221876688352,0.0003280922762257983,0.007747122805703225,0.006168892458660851,0.005600920320202304
2023-03-03,0.0125776226317552,0.014656150995537638,0.0028574299050365664,0.016129369097777513,0.006469483849876418,,0.0364846587172144,0.003220099984330308,0.00769242062799655,0.0002183799476461177,0.015910589466200522,0.01991567061073006,0.01871854053301594
2023-03-06,0.008825422934192606,0.007308097206164179,0.008432872396829104,0.006996032928974967,-0.0488054809832241,,-0.04141502086800005,-0.0035718536566435367,0.011428529197639892,0.00010883560527185972,0.0006925330712121729,0.009624472767698171,0.001398601626583598
2023-03-07,-0.019519843014322785,-0.012961859877832766,-0.017587189225088982,-0.013548000992448591,-0.005379856967440986,,-0.0021990029362382547,0.02888539838067953,-0.005317045427321989,0.0,-0.015447456257628315,-0.037257223476991806,-0.03351607452247525
2023-03-08,-0.014712002192848543,-0.0063606344673457545,-0.003909055773380482,0.021138962202790115,-0.0034099408914429626,,0.0223140487216909,0.027269266556120317,0.002282222840278962,0.00021898133776296593,0.001630854524925538,-0.011557819718178803,-0.011263971815556734
2023-03-09,-0.007758630586584214,-0.01533260983583151,-0.013331051561110151,-0.023015681593917404,-0.013167741259963884,,-0.019565905958815213,-0.03608126274877185,-0.019954641955011367,0.00021854900654405334,-0.018622269396630604,-0.012618463959211575,-0.01348886178594366
2023-03-10,-0.012447894743492996,-0.005247139832402277,-0.015141146540437448,-0.011626312869846995,0.007027282259788238,,-0.0160445402424757,-0.010239320261050969,-0.023530441171236274,0.00021840517706130398,-0.014534399582938501,0.01248783891820555,0.015921953010585257
2023-03-13,-0.011571396262479708,-0.006030452312764154,-0.034556716702774985,-0.01193166242063741,-0.001817295244905481,,-0.020851913188904846,-0.023040582140062285,-0.02735503509455875,0.0002180693207779513,-0.0014262915335985869,-0.024731803430170726,-0.032478004290749415
2023-03-14,0.0037473250769567324,0.012833976435044997,0.00673135105595551,0.017429460466920343,-0.02392807792574607,,0.01581977300008438,0.02270298268145879,0.006504211551402213,0.00010920891979744783,0.016394822568456775,-0.048000438591475195,-0.0370791645524676
2023-03-15,-0.05102753301502318,-0.04425935477005064,-0.062278640513905026,-0.057969907292582175,-0.042261534686512975,,-0.037671735088148285,-0.07170889504184809,-0.032952136672542744,0.000545673786944211,-0.006273969653533893,-0.05486364210363997,-0.032702987116093596
2023-03-16,-0.005822948045785301,0.0031805923235307502,0.012106191397932039,0.038678943673071585,0.019177737955910972,,-0.02064496661631442,-0.018853084712044894,0.02563200310045311,0.00043638231410325173,0.017393034217653952,0.011362920164135027,-0.016009024577818866
2023-03-17,-0.011848561487145939,-0.012719037760349678,-0.021070947448783277,-0.009530369317691894,-0.02070575042664694,,0.005044154721236338,-0.0022196774971250063,-0.0214532018760413,0.0002180718019401112,-0.011761509463320332,-0.02285644171745365,-0.02899960413617604
2023-03-20,0.025805937920372782,0.014596928765908693,0.01857824757844223,0.008513572481523918,0.01469657270736581,,0.04549017300749074,0.016711504404145157,-0.012588952635240281,0.00010916194905394568,0.009569682577064613,0.014161375514511305,0.01938018132777649
2023-03-21,0.043827726133259914,0.030140350357301834,0.03625244378415823,0.021138190278491186,0.02007106656023866,,0.0492478757205267,0.04417452525461921,0.02254798327686327,0.0,0.01304505120820807,0.026870775573159467,0.03206796521147245
2023-03-22,-0.0231545657518064,-0.020547310583662805,-0.013530017672702666,-0.02623774065763498,-0.010324487708212255,,-0.026668077591786122,-0.014214467280084245,-0.029327798412148273,0.00021800046093739534,-0.01719330765715998,0.018700138103390346,0.0172349486881672
2023-03-23,-0.011346276788056034,-0.009981117345148824,-0.020022142845096975,-0.0034140221023800663,-0.005304545711733382,,-0.01778354405446412,-0.020715069480623096,-0.006825886275328713,0.0004354749751727598,0.002699609815124707,-0.013382887665004234,-0.02353988606775695
2023-03-24,0.0011597982065646723,0.009916954623135358,-0.0103207787471924,-0.005143263423216078,0.004626221276088426,,-0.024827231763018657,-0.016189488001634493,0.001710714389020957,0.0002181455718198377,0.006540471359428381,-0.00791427974394696,-0.009192980788752556
2023-03-27,0.021689184412399202,0.010136772512161569,0.02125412835650896,0.024952677905479444,0.009255865027082689,,0.022432090992425158,0.020151272920383725,0.011894987021592847,-0.00010906683747365686,0.0018680972558249844,0.05138719347499268,0.042152088773000994
2023-03-28,0.012399070689173843,0.011603944652787454,0.01078006817722736,0.04202148766667091,0.0318998598932818,,0.004187794287738782,0.01161442482026649,0.01758071397203742,0.00021802595553572726,-0.0022472823778453012,0.0034248954637037658,0.016401219978573148
2023-03-29,0.01703104916327354,0.008553217939646997,0.018414033758316337,-0.0019308511034025315,0.012750562505278448,,-0.018680749308179336,-0.013053271966147641,0.012371414918944367,0.0,0.014430438020524851,-0.0023276521770999366,-0.007198899838779376
2023-03-30,0.004852359728840532,0.009466397082077438,-0.00502513471982588,0.0036974536114999833,0.00896346020831007,,-0.007326202050948683,-0.014685959270214417,0.019481306787389463,0.00021788262632262004,0.005838306417816468,0.018605819536788252,0.012054518885621602
2023-03-31,0.0015516204843026506,0.00473038508978265,-0.00040316804905490535,0.0017634871265080432,0.004515475228297077,,0.014598823484254526,0.02809465325111911,0.002408461188310934,-0.0002178826263226679,0.013996072307935084,0.01813383023803986,0.00938854904327939
2023-04-03,0.057325214762168133,0.04077309485166416,0.08877387311930898,0.043106764944960456,0.003483822883008926,,-0.10495803604353932,-0.04578449365685336,0.0276809629093249,0.00024058797863135405,0.003803364858877539,0.06050025144129778,0.08028552159670856
2023-04-04,-0.009603951866703132,-0.005368923229309006,-0.019747382584464717,-0.0053842482881006236,-0.029843383954853576,,0.0033477669599810776,0.00906822574590721,-0.00547546234227613,0.00010901683209596563,-0.005563422072954144,0.003724399090982494,-0.0012827242152954864
2023-04-05,0.01698235354225493,0.004956801922371681,0.013548619303250953,-0.004018466129052755,0.018971780065503877,,0.03158162580046863,0.022227041247282725,0.0007841287251927721,0.0005467250097481636,-0.0026219049986526835,-0.00012392341548803274,0.0022145821743992386
2023-04-06,-0.016721590701494565,-0.013213780456645471,-0.013924964586173748,-0.023980396340585238,-0.021254630911544496,,-0.03492939276044987,-0.009231526562718865,-0.01978695481218498,0.00010894537252388096,0.0038933551692833276,0.00012392341548787944,0.007770407320037998
2023-04-10,-0.004442832705861818,0.0038103197518436203,-0.002921646598709423,0.01651881341982793,0.002217710511614012,,0.0033477669599810776,0.005621419299194733,0.0,0.00010941209675079741,0.0010257527404001672,-0.011340391955713465,
2023-04-11,0.007046947837962623,0.005510835144209927,0.007522381153107945,0.004359405300125081,-0.007783187100579623,,0.0079895671447016,0.01222163234245273,0.003988875656109377,0.00010920871121176464,0.00026861949328036637,0.02169551407091767,
2023-04-12,-0.0010407444284247491,0.0035395058226089684,0.007280249263046123,0.00727495674078174,0.004650936702816599,,0.004631176545842924,-0.0073508936612912655,0.004765665315782173,0.0002186687103599142,-0.004084140181838652,0.02087454437572209,0.011273819798967723
2023-04-13,0.004675354645350796,0.013278302459251528,0.013944977176475064,-0.0010801332412781752,-0.0034698051831806892,,0.03310913026163101,0.01056120133208046,0.011032413840293425,0.0005456497767967075,0.013195012291972997,-0.013299676146526643,-0.020593337288427837
2023-04-14,0.002415682245050599,0.0020318936954265704,-0.004964594029230551,-0.0044874505952163905,0.002096270888936952,,0.022728209542553206,0.01080322359889575,0.006250043555172216,0.0,-0.0024456392967184127,0.005098954837641379,0.00920498963043334
2023-04-17,-0.011701199139726823,-0.008853732637309462,-0.026997151068633558,-0.024173346816888423,-0.01742821980728446,,0.0397727441917789,0.048647506175665114,0.0031104339112714625,0.00021792797628808933,0.0035819111988091724,-0.02018293695033353,-0.019429314784615712
2023-04-18,0.01934099692706001,-0.002343049241709481,-0.006269018521067572,0.0009529173479816323,0.0022616106159774217,,0.024297458504721148,0.03186929352564804,0.0023263747479144305,0.00010918518985444706,0.0006519127727765889,-0.000988997484494833,-0.0017532585871537188
2023-04-19,-0.003169109559314347,0.0009378176833659953,0.0029493641078912444,-0.008448377009396275,0.002190322400913002,,-0.025498014768340113,-0.025346909169444497,-0.01797610850407732,0.00010898208354895718,-0.000168911223618204,-0.020871844345131115,-0.0016391526910929902
2023-04-20,-0.008009994405889712,-0.004874554504577585,-0.014160211776272828,-0.007068205494647135,0.0016560146309433953,,-0.0416982495210987,-0.027375958233690108,-0.0007888854114645224,0.0007634974092816677,-0.005472172608685775,-0.024417959732492237,-0.024314783812604785
2023-04-21,0.0031945553803423127,-0.0043073891355501345,-0.014754506385839182,-0.0025826938178629354,-0.004444550257376425,,-0.03569537455459019,-0.0402008380066585,0.00786165605023731,-0.00010880337268704502,0.0007767384029077683,0.007606560236817152,0.0008400840578076088
2023-04-24,0.01870155321631021,0.013858187804967618,0.013501134793353207,0.014282530455074627,0.015764822416826838,,0.06652408281060189,0.028656092452145548,-0.006284603121943049,0.00010880337268712191,0.0010425529047133546,0.009968133656601486,0.01038257432221557
2023-04-25,-0.014315039697634216,-0.014627186064862786,-0.015165109219720883,-0.023048796988705836,-0.021699740229142866,,-0.040265568519518735,-0.03294570994844244,-0.012688658840430819,-0.00010880337268704502,-0.01600119295758875,-0.02042591407278635,-0.025247794575171473
2023-04-26,-0.009225326435851304,-0.017972298975167656,-0.015995537005323895,-0.017600723531226603,0.005868543724693645,,-0.03932199949520363,-0.06550622313108746,-0.003998250940366763,0.0002181679668922228,-0.004244576440118479,-0.03593992302892261,-0.03645332952977974
2023-04-27,0.011882195508062032,0.005827265288683093,0.007535848240400638,0.00529633214503405,0.008012826845882434,,0.013063485204120578,0.0007645137327025096,0.024536321142061366,0.00032668533898806815,0.01971247920490707,0.005902096274621998,0.011550662004704308
2023-04-28,0.012842016929128338,0.009716103604388179,0.016265219003331943,0.015559956981188113,0.009126452245846217,,0.0038861813076251687,-0.0015298486501221329,0.00701215487806917,0.0,0.008499007166065206,0.026527454560827557,0.014991298533120465
2023-05-01,-0.0315034065086158,-0.007980491919906525,-0.0035049223211914594,-0.005867841452003297,0.0,,0.007726872732308055,-0.016596385235180044,0.0023263747479144305,3.2653117344504645e-05,-0.0010103875479986208,-0.014826749338286642,
2023-05-02,-0.040669388840145725,-0.04400615866929975,-0.03867854181155721,-0.018645824079346843,-0.024547170740681648,,-0.021394371947972505,-0.05705538318727756,-0.017187940987247578,-0.00021875805002988588,-0.01130288658505807,-0.053487232339881605,
2023-05-03,-0.019906231571486393,-0.02026160643254306,-0.026191660546449454,-0.01798217090475454,-0.03934643211348877,,-0.024545297980362046,-0.019765538859693867,-0.0023667537164415416,0.00010943274981710342,-0.006887449246320301,-0.04404617046417967,-0.050806274152865996
2023-05-04,-0.017666371591240418,-0.0038971167529433734,0.013130398656767125,-0.004589169243894999,0.011981044383462647,,-0.01012514304936954,-0.020807382784709103,-0.003957305599422018,0.0003283218691236027,-0.007108274166691621,-0.0014583639743846178,0.001233637330052194
2023-05-05,0.02459134119579907,0.025220102028013877,0.03044780804626135,0.033339141468082444,0.019969896159151308,,0.024130062031775198,0.008119471139294522,0.00470362079318635,0.00021837601821799338,0.018343280572803582,0.04005111953902046,0.03829826464615
2023-05-08,0.0039487110620730235,-0.003939906619051599,0.005266719189349927,-0.028919579037856295,0.009403150043723335,,-0.04469268119179292,-0.015008793431625625,-0.0024300950622306245,0.00010945639831518463,0.0002666537377177357,0.02506188628792019,
2023-05-09,0.0002749626899306016,-0.0028867287476646215,0.006224243993489902,0.0,0.002577088775986328,,0.0075889570566213625,-0.00021620800930422632,0.013693199298016566,0.00010944441892330946,-0.00439509088922007,0.007492712664191804,
2023-05-10,-0.012910540740241089,-0.012839728018604559,-0.010495112450402501,-0.03644299131740881,-0.00879650436638941,,0.02511139128795955,0.031269233998337254,-0.004007956071898359,0.0001094324421533506,0.004661443097452185,-0.015731122571730455,-0.013725451778973176
2023-05-11,-0.01826490343237798,-0.005553738642693139,-0.00578972055439941,0.01881904508991589,-0.008602217515336323,,0.010666949550709905,0.027065209399614532,-0.008874555210313174,0.000655294550013677,-0.0017455246351672528,-0.024000035711638435,-0.01815600458425895
2023-05-12,-9.465457656550497e-05,0.00255725254742097,-0.004615805136510663,0.0027581781783324252,0.006171321818659248,,-0.01806692892277569,-0.01581957811097931,-0.0016221302930170755,0.00021849499173802575,-0.0013112229386934,-0.011219318137163065,-0.010409809737839157
2023-05-15,0.0019052642643150178,0.003696212886419319,0.013754694120488346,0.007375063027802544,0.012697120617260447,,0.0013497793854283357,-0.00894433933452345,0.01530430874332685,0.00010894367017790317,0.0034443564890797597,0.014884391312284187,0.012266820485051974
2023-05-16,-0.02456895057517336,-0.023752919301128456,-0.022384413585787116,-0.006514694478674782,-0.04736609649460942,,-0.0013497793854283637,-0.015582649146823306,-0.004004745898476569,-0.00010894367017784927,-0.006705257423304692,-0.003100340702114334,-0.0041165983371807295
2023-05-17,0.02218668263272078,0.014229607806276108,0.026563469411552423,0.013326616266975826,-0.0034354194745584133,,-0.010862227816982845,0.0172526213541513,0.0056023541760623005,0.00021816136755619596,0.01206596543437584,0.026876226047324484,0.02405953165661654
2023-05-18,0.009022409187640764,-0.0012328669098040253,0.0002979551153825872,-0.011436324312886064,-0.0031656214205915563,,-0.010981427693256728,0.006031060546145006,0.015049637260647127,0.0005455286461130622,0.009587159551169577,-0.013278203386077098,-0.01610720346612164
2023-05-19,0.004622026674668741,0.007890337956455098,0.018294962575574152,0.014994246721489355,-0.005298259205266102,,0.019816189208509374,0.03624174010751439,0.0031396690166174655,0.0,-0.001456105534102705,-0.0034869970474306227,-0.004365952559267472
2023-05-22,-0.012214266493133808,-0.01813684446311853,0.010953492634902504,-0.001523157473633515,0.019291227867547125,,-0.016371552884062935,-0.022036705155492643,-0.0023536403270290334,0.00010943192223907184,0.0004058938815549001,0.0033477503717202523,0.004629944113070817
2023-05-23,0.013531066150069304,0.02851857063276533,0.006342306822070984,0.010781761377456931,0.011536404504018409,,-0.012457014431563974,-0.009035040956296689,0.002353640327028949,0.0,-0.011286156280222828,0.014653289559964677,0.011677624009126947
2023-05-24,0.011122013008371338,0.0026744083796991646,-0.003935196225040389,-0.004871178334432229,-0.014597834958153129,,-0.004886580081402886,-0.02210718738068144,0.0031299352334068966,0.0,-0.0072712091884721925,0.02037560303301811,0.017200553389997607
2023-05-25,-0.01810113561708515,-0.017381731418887506,-0.022269585235484883,-0.00981385180954874,-0.01509727290238014,,0.0041901291343586795,-0.0052860411777951,-0.005483575560435988,0.0006544367022766644,0.008622628590946568,-0.0368408660485338,-0.030330994137523416
2023-05-26,-0.006551943541355657,-0.003110561080601041,0.001572148333051653,0.0022079189693745608,-0.017413994453152844,,0.05359030506667895,0.02553517642095809,-0.006304375418404351,0.00021792355670496194,0.01286758643674885,0.009303684410817711,0.008816426605495784
2023-05-30,-0.008899026406541766,-0.0062498521015958795,-0.006402435130493998,-0.005955844589779293,-0.008313795949851707,,-0.007292137505098359,-0.02702020513058058,-0.012728873124997625,0.00010913425669979781,0.00038076698434300293,-0.04090838387713998,-0.0394146268832431
2023-05-31,-0.018039623483071126,-0.01646165085083306,-0.018953003923145844,-0.016000275006619238,0.014557691995819034,,-0.06174793712543668,-0.028644081994136133,-0.007232021042971588,0.00021794742416245594,-0.0055607109688798,-0.019483023947125852,-0.019263116276251213
2023-06-01,0.011482014754674435,0.010172379556837646,0.002313472659700253,0.007946071058243213,0.017447433946726716,,0.02997780781646411,0.02758197039898112,0.016000557480430996,0.0005578279204669581,0.009456138270650854,0.02865608525900645,0.03010626941056017
2023-06-02,0.0229543040667505,0.026588503842650137,0.027939110609291967,0.02665445134573727,0.02458434895486337,,0.014320076627009607,0.03097116792298115,0.02197892107917641,0.00010941796356336706,0.014357704282761194,0.023547087238307347,0.024238768224886287
2023-06-05,-0.004453916115281342,-0.004811332465720923,-0.002739478305836123,-0.004870091042208786,-0.016462042059830023,,-0.07593258223762754,-0.044667060500325956,0.0007759913530783371,0.0,-0.0019181637566258853,0.005281457724852161,0.00799427624239856
2023-06-06,0.008134859230716784,0.0017989794397872939,-0.0012743099843619526,0.0006732323293039721,-0.011150277087692773,,0.011619702010804586,-0.01039652898365296,0.001550362756153589,0.00021841986715325182,0.0021752168133399715,-0.0059784675809094814,-0.005103721083015372
2023-06-07,0.0221732915703513,0.02560208195762047,0.027764686121395547,0.01004360171898298,0.023969890818251367,,0.01005748402280284,0.0086711889085282,-0.00077488092502242,0.00010966718112268974,-0.0034637223454601312,0.011232177992166728,0.008231574538890583
2023-06-08,-0.003137482306390086,-0.003698324517629508,-0.0025794484708157733,-0.002509054268684929,0.014287526840490153,,0.017009651636795586,-0.032020279777160335,-0.0007754818311311527,0.0005463510494035304,0.006030255740617423,-0.017246602724096383,-0.012702324917791379
2023-06-09,-0.007422017176493043,-0.002389288671595858,-0.006237094135168389,-0.006552954500329188,-0.0012906089212372754,,0.030452229378394133,-0.0006686602574034097,-0.01170525564925534,0.00010921540612859507,0.0017927727380282399,-0.01583743509862631,-0.01513772100947567
2023-06-12,-0.00907342144281293,-0.009677681821081755,-0.010352674316904283,-0.002194075931445024,-0.01775890614180317,,-0.0006818967845321855,-0.010823270704468011,-0.010256428003774038,0.00010891861629818972,0.009030749300495074,-0.04489241110891943,-0.04013094800315934
2023-06-13,0.0001878025330369045,0.007471885226082848,0.005722010912087658,-0.007120926284548161,0.00558784553344789,,0.02625533610260347,0.004298190658983174,0.004747049092969612,0.00021846618501422972,0.006571558936716637,0.03385682795644938,0.033418612423766696
2023-06-14,-0.012098205858507856,-0.00899851919057829,-0.007182009855532106,-0.00511777755370638,0.011219316172042939,,0.04482716345581488,0.008541260310631536,-0.0015799411846565943,0.00021822864211757734,0.0011899259961337982,-0.017004987920957886,-0.01151540192097364
2023-06-15,0.0069176558130855355,0.007546778631728343,0.014312164983473367,-0.0008554808675399542,0.0012233377150627882,,0.02170427380165955,0.017966620038016176,0.014908212880936075,0.0004365042079991723,0.012321634366076098,0.03443400053775583,0.031650757832507065
2023-06-16,-0.007203041350803958,-0.006465267668304483,0.0073659178363159935,-0.004632327042298246,0.01014035344108139,,-0.008493988048631156,0.013320284206944977,-0.0015588211983275924,0.00010909628725790462,-0.0034121282109280896,0.016851964593970637,0.013245226750020723
2023-06-20,-0.023190987648564518,-0.023027920866805208,-0.027931058576335894,-0.01594778487772991,0.0016802471068643242,,-0.013875411078756516,-0.03285472360023634,-0.0054752762742234055,0.000218156875007289,-0.005201695366752668,-0.012189292776750403,-0.012717313315561361
2023-06-21,0.011133311632464594,0.007778172534980707,0.01623519100359629,0.004184800961555349,0.008091726182984784,,0.010589125317779413,0.0038034755901033205,0.002350045995457266,0.0,-0.005136923527504142,0.022441529984721178,0.014799562896641265
2023-06-22,-0.005502706558720028,-0.014568542624793245,-0.02213314214191958,-0.016668391584058993,-0.004271903343074092,,-0.021291581354039534,0.008228802671290439,-0.00864422021918591,0.0004366450200886816,0.0036033056926435656,-0.046986141122998655,-0.03964722115157021
2023-06-23,-0.008750711512026086,-0.008487147769729182,-0.009609265747340109,-0.007993775845328817,-0.006307478483155342,,-0.035595738623802914,-0.024437953092949632,-0.013508507162171677,0.00010891819642804395,-0.007588764361560114,-0.0044885328380816145,-0.005017299832888426
2023-06-26,0.01828881915868754,0.017422567352667357,0.014415686920485697,0.020826804514501626,-0.007635587343803169,,-0.044895360496580154,-0.0308852597228755,0.00796822928997688,0.00010900111296185097,-0.004094041448893243,0.0026086971315870218,0.004070009688296679
2023-06-27,0.0024898738444166196,-0.003121686568608986,-0.005145807474792314,-0.0020981818653354324,0.013340866438173435,,-0.026589441347889122,0.008391691520533266,0.0031695230975914957,0.00021815610416133099,0.010903523866040769,-0.020619287202735592,-0.027173347509058893
2023-06-28,0.008097228325486198,0.009012876843394314,0.0169211487225792,0.005759544692329707,0.0039411754695545375,,0.027317964670432782,0.002550165978797049,0.007880133685407933,0.0001088707128198958,0.0005042637477895515,0.027111411281747554,0.024190294449518864
2023-06-29,0.012258406147138795,0.008484561208462542,0.005350963659794265,0.01827967841421204,0.008034237239365388,,0.013743568198267435,0.020623908223172574,0.002352168192758095,0.00032691990540402726,0.003933612609811292,0.004447959123255319,0.0029830530595400854
2023-06-30,0.005141558535579686,0.007079275474332317,0.005322643316403234,0.00477323802207027,0.00757643397890436,,0.042888676448463885,0.06879637380806826,-0.0054965867670728535,0.0003266236926860035,0.011731650313275253,0.0115295562280284,0.00876193514121899
2023-07-03,0.001956106995089983,-0.0008902219352222787,0.0059662130888664495,0.006948448155432425,0.008886815396803537,,0.004806208246522708,-0.030745307893754972,0.011741811683570663,0.00025135846125637525,0.0011498183986176124,-0.013535862432691902,0.00013420116775142492
2023-07-05,-0.005131328389865236,-0.005741135035222112,-0.0020170051565055916,-0.005419036112620427,-0.012305435000015148,,0.03301063316674991,0.007829740498795538,-0.0007785003237810484,0.00010951761571498433,-0.0014883694780981893,0.029262106221153907,0.02935553908541853
2023-07-06,-0.03803553561910253,-0.022187983574966794,-0.0360187508010043,-0.021975153265598332,-0.008731361040942017,,-0.02211133091214344,-0.04588080641310883,-0.003120261902095722,0.00032810241972945896,-0.007861379590053843,-0.0002786679689205254,-0.00026065424362344436
2023-07-07,0.0023294016464619825,0.008726902717597811,0.028395234427166217,0.017209295644446745,0.011033580883077305,,0.03854303664681063,0.034113354784436424,-0.003913835570455211,0.00010871282184773478,-0.0025279087400917628,0.029520919046254677,0.026369783140050153
2023-07-10,0.014722404889371522,0.006656610348584189,0.010791010726465251,0.0015342979010613354,0.004196657505169989,,-0.016431705734667228,-0.025756401323086445,0.007034097472550865,0.00021918739271181367,0.0025279087400918708,-0.011703998600086923,-0.012005252743936106
2023-07-11,0.012152272222140026,0.018317335749267007,0.029181971391736054,0.03102973167340506,0.03567101695508317,,0.039628533016300274,0.008510744264667759,0.008530442473111861,0.00010896091964722545,0.006348440816080264,0.024609138045885406,0.021733078808247843
2023-07-12,0.00489506581045938,0.009567125949910757,0.01725511369704417,0.01263659178045861,-0.008878879445647175,,0.0012730947702047654,-0.0055909815701690145,0.003083992210315089,0.00021826446173823106,0.008013664612766523,0.011949159700688071,0.010132052403976839
2023-07-13,-0.0184812550503411,-0.01343230054226914,0.01128023025796371,0.001954953079691103,0.002354181828234724,,0.012014096052403398,-0.0022451930244792384,0.003074601690712977,0.0004368586426223962,0.007905609561008093,0.014283149193415995,0.011876918036224624
2023-07-14,-0.03504335836744239,-0.025267581704611783,-0.031798355981887245,-0.03410349641927865,-0.022169668231472525,,-0.04171279351630389,-0.054504421133234573,-0.010027191679228255,0.00010887770067851774,-0.0006231663844245188,-0.018647946811495807,-0.017493157447517116
2023-07-17,0.004349305712713571,-0.0009117493689825626,-0.006088284083437372,-0.0015169168598209535,0.007057714333107327,,-0.007234608135338169,0.014141294633092414,0.00541169108260531,0.00010914933695532727,0.0034662111398934656,-0.016977882576735343,-0.026634421587883178
2023-07-18,-0.004547591203716686,0.0020181876007615684,0.021470327170494647,0.013236455563756655,0.022393819498402866,,-0.0019821926473020035,-0.0098778885836317,0.010736307558963274,0.0,0.007403214389359211,0.02121069312935604,0.022118608595198833
2023-07-19,0.006912335545513609,0.006095233487563862,0.006690320081129844,0.0013305942788988648,-0.007091255598134942,,-0.007968139759535506,-0.0007093388644185461,0.005325235289983485,0.00021845189128080064,0.0022213065959689974,-0.00476317386391244,-0.002013592424625338
2023-07-20,0.01746129478851508,0.010993631858170774,0.019985095731571843,0.0049742346485541124,-0.003883529488911632,,-0.0026703496029380856,0.0018904533125207888,0.0015164560714807868,0.0005453544934558922,-0.006656697011177237,0.003310165220454624,0.003018870217251951
2023-07-21,0.004630986985309941,0.014535873143094949,0.010686889493470547,0.004620563496681216,0.008953866392682242,,-0.010077267615067035,-0.03238861298653492,-0.003795189475367388,0.0,0.0,0.01846689896364655,0.017924303627991352
2023-07-24,0.01556774440953534,0.019532070205244993,0.016080394793707365,0.025679952058121718,0.00862403291348496,,0.012747617218005047,0.04155306881810324,0.00983740517014913,0.00010943175706351175,0.004457372626313485,0.022455553167546712,0.017972242404430436
2023-07-25,0.0015152606418507104,0.004562413012749159,0.012646392529243785,0.017339140865442675,0.009481465975920662,,0.04497323752589206,-0.005629652191004288,-0.005284939163437154,0.00010894776484714012,0.0027264266179127025,0.011982233288024655,0.011205611558813534
2023-07-26,-0.005598464013705224,-0.007533212164749463,0.005579219429902687,-0.00887063113075395,-0.007102903318855906,,-0.008319878933275258,0.012854926271434633,-0.0037923111009818718,0.00010931346998269443,0.00015372051185632405,-0.008182836620277944,-0.005767860258684614
2023-07-27,0.003135008132096942,-0.010467156072192167,-0.009028077357538399,-0.016038893678655727,-0.0071538144300445,,-0.0012862698895970606,0.0037090431278652978,-0.0015209785767549958,0.0005445013427155086,-0.0066522212467085,0.013310091021555358,0.015544974031266411
2023-07-28,-0.012023987577218067,-0.004960541849098958,0.0012947160238146187,0.0037118910463535023,0.004524128264253717,,0.03415901376126819,0.06059737173834822,0.008336584381840801,0.00010867603637108448,0.00974277028046241,0.004728729568122975,0.0024885952287650322
2023-07-31,0.029141144776953794,0.02970488417363076,0.015322390834069388,0.016772122462233856,0.014625253014876877,,0.05151082241380305,0.024097600376492744,0.0030143608746524813,0.00010923015578127506,0.0019022098824401747,0.015399133985718023,0.008602963907012599
2023-08-01,-0.005798275341222625,-0.008344493169283112,-0.0028925443445416057,-0.007791958846862226,-0.009996739544192572,,-0.013678414074746915,0.007834914367591326,-0.0007527164153193737,0.0002622734387732743,-0.0028655748670867462,-0.005270588900135362,0.0014071296880880046
2023-08-02,-0.012552769930043582,-0.015961845446003018,-0.015367046704802233,-0.018854818079070888,-0.006950582430937361,,-0.012654570671153973,0.033803006265921615,-0.01059822884117401,0.00010918958613757794,-0.014008573561272816,-0.023249633048279778,-0.015707438383098057
2023-08-03,0.017231411584383082,-0.0003754660536588144,-0.005204327648160271,0.011966503230903258,0.03513025458230378,,0.04273638428291321,0.017384909310014927,-0.023095521551552305,0.000437958592105657,-0.002869990854906357,0.02558192404596829,0.025618322282552113
2023-08-04,0.002796542296609974,-0.0022571616184415043,-0.01119375515646122,0.020839088397263276,-0.009570597111010666,,0.0017418192707927235,-0.005224300978967638,-0.0070340974725510074,0.00021843626671668828,-0.00453299727420301,0.014605907171087998,0.013712261863982014
2023-08-07,-0.002050215003914396,0.003634147534434269,0.006748771386106512,0.005964462501039222,-0.007254044025676278,,0.0011594386925369395,0.006025376806010395,0.014791869725511608,0.0,0.008690606381925176,-0.009957580758617305,-0.010468890550950925
2023-08-08,0.00493204196675982,-0.001502387527712867,0.009649311418514845,-0.002350173216355986,0.009203705961567856,,0.0011580278432311135,-0.022272579140105594,-0.004647400742258423,0.00021848276666298954,-0.0043579702653620545,0.012130182699510189,0.01753928150586767
2023-08-09,0.016844170452337028,0.001314591742092429,0.0073267808482035245,0.0009408200443890991,0.02571160359222486,,0.014934256496006777,0.025072077950844707,0.007733864713095286,0.00010927058223552425,-0.006707829798571282,0.01685735417374211,0.014776649217588242
2023-08-10,0.005098358959638695,0.0060495405592838405,-0.005252609989508596,-0.001254623527016505,-0.003170508084988655,,0.00455070515584408,-0.0025992686436914457,0.006909886658936128,0.0005460797397977317,0.00035902322258098607,-0.018425981946368526,-0.02116061982751164
2023-08-11,0.015409235097505965,0.02043265225627594,0.016949537850376156,0.032572197021104025,0.0006588076550916329,,-0.003980867323511703,0.012731564895684297,-9.097485334771379e-08,0.00010929313101675456,-0.000583389587920625,0.004337878834987336,0.005588199522627794
2023-08-14,0.0008043539477033384,-0.0007312601587720566,-0.0010191178281488812,-0.01114929896077004,-0.014596126089955386,,0.006248077689633849,-0.006377022344876841,-0.0031396441922894474,0.0001089988223935567,0.005504993295871868,-0.008088412539960853,-0.006045760729420958
2023-08-15,-0.026008523040074456,-0.02963676620762658,-0.014353904779840427,-0.024251254441882822,-0.013641326625081331,,0.0028275677798295694,0.010342108671764463,-0.012658366064092331,0.00010917516573228542,-0.011717314502017458,-0.017608672140472743,-0.012897461140534172
2023-08-16,-0.016970240581320656,-0.00383815265966556,-0.00756048690721432,-0.01586081753852945,-0.013455553347336086,,0.00394470791231661,0.012388240514749488,0.01658145168301115,0.0002185027619838055,-0.0073653353512909275,-0.020691252947072386,-0.0209646373562023
2023-08-17,0.019186617849474945,0.016600140389041715,0.018066847203480063,0.009705045674670312,0.01977940891107989,,0.01673225719025814,0.009143163346893291,0.010128555352317154,0.00043629804721092706,-0.007649093174242473,0.01288887266288751,0.008837623065662886
2023-08-18,0.01501584613134527,0.007173043016575593,0.004785748570903136,0.014305066222698271,0.003116455842648958,,-0.0005533893021297533,0.013655439204858963,0.007722173460877159,0.00010918583444549856,0.0004812520494237699,0.010143580293869152,0.007945823530138351
2023-08-21,-0.012160216208675143,-0.0033617171714230326,-0.0006820763677075684,-0.005320937977290427,0.001402363801332713,,-0.002216037225959121,-0.008825786019965573,0.0,0.00010898585569032445,0.00648523112127287,-0.006668337873566026,-0.005602255548669898
2023-08-22,-0.005627042854952511,-0.00826551853372779,-0.009084731256089981,-0.012950261681413439,0.01661609739299847,,-0.0061196609580896795,-0.0032817539848981323,-0.0023103255355649255,0.00010878594101466506,-0.002712393795123593,-0.005715721326155652,-0.00869877355387595
2023-08-23,-0.008826951542593262,0.0013195618766041158,-0.0029316015661656545,-0.01747803225905099,-0.0028204423808442843,,-0.006157209759154742,-0.010104957094928983,-0.0007713558843955204,0.000218194375201839,0.01107632369802096,-0.016838799477181633,-0.009013343752563996
2023-08-24,-0.007494259824144089,-0.008260104299809754,-0.00875944509664872,-0.007631781384379104,-0.03323670086737431,,0.01005584634161293,-0.007449586107056449,-0.001544588745887511,0.00032724930617649854,-0.013956052206167534,0.007700599815374987,0.0015475272417605416
2023-08-25,0.01770772440849531,0.007443458341950312,0.01487129830096932,0.007955084299486095,0.001427968950848084,,0.02144714876460061,-0.010881430061711451,0.016858720807657657,0.00021798146060042495,0.00702517324222718,0.011875881809722807,0.01593048026611503
2023-08-28,0.00837158798291942,0.006826777291034282,0.008545658478785073,0.006447614503541116,0.008339941854689292,,-0.013143750886006772,0.011864804704484594,0.0188189067696313,0.00021802788184824477,0.006321146097852557,0.002234360413176469,
2023-08-29,0.005936729442433341,-0.001561693072607452,0.0011907794682656143,0.00256737356448328,0.007049719681320661,,0.019651277367349833,0.017151200462274915,0.008169369479580878,-0.00010914890448156535,0.014351392749128174,0.006057253207083306,
2023-08-30,0.009697025693583786,0.0013743592168221719,0.008799927456564856,0.0036791697396693886,0.007788823732124909,,-0.01744846900205253,0.0063566025562699115,0.002216444520983159,0.00021781631389410755,0.004110308936438406,0.006143280163342922,0.002890342494286351
2023-08-31,0.002791997951743188,0.005727067104340136,0.0027764337578193095,0.0025513429423174193,-0.010847847839233232,,-0.03128749858869701,-0.030609779735716883,-0.00592149947157837,0.0006534459883868038,-0.0014643851015756755,0.02312591709975865,0.0077051729607777114
2023-09-01,0.0207384820312432,0.01966885042199718,0.025792248882189023,0.027954064307100217,0.025051320193853685,,-0.007977510653706998,-0.004762827987312386,0.011074235129231213,0.00016404552055976387,0.001863550117271419,0.023305011675386983,0.030351514665767878
2023-09-05,8.804883459013305e-05,0.013061029515765415,0.005633427150792529,0.02462847695000475,-0.006956362524051165,,-0.05346342075047107,-0.03749553089504347,0.011678852790390113,0.0002185291421152749,-0.004331449742551924,0.014164871690430281,0.014015569049574527
2023-09-06,0.008595094621386579,0.0010205395419338003,0.0019520375881575747,-0.009260116510374058,-0.026957682184009,,-0.007268398224493771,0.0012383822376251458,-0.02052833927465784,0.0,-0.0067450975323249986,0.009294920324640727,0.005900366768398839
2023-09-07,-0.004902422549504326,6.006529987109009e-05,-0.011112157180867025,-0.01261937768566603,-0.01175255727044845,,0.0018220761828938912,0.005964072993307757,0.014705962232881445,0.0005465359749811965,-0.003074995381908557,-0.007797310460031618,-0.0068871548535161566
2023-09-08,0.014462771551841478,0.003414926456417556,0.008264183085936688,0.010935722286005787,0.01742390424526332,,0.042761907168929844,0.054077907480239606,0.004369936737316747,0.00010904634109926609,0.0015049584665443752,0.00734032427591053,0.007540607283651133
2023-09-11,-0.012621463610818949,-0.020848700007523608,-0.018753592002306328,-0.02230576165382968,-0.006970332763403413,,-0.028902222981823156,-0.015661845807555218,-0.011695927609610062,0.0,0.006555235444026505,-0.0024026097021833392,0.0013056252534716507
2023-09-12,0.028752136344125316,0.018453517064689035,0.021682840733235908,0.03976888974233411,0.015600343625632104,,0.005371629451235274,0.012938655992406267,0.004402167751731923,0.0003275363307285051,-0.005500737244207287,0.01782416490482747,0.01735424852346402
2023-09-13,-0.00897712022618799,-0.003663581790444274,-0.006275799478427188,-0.0016574555026657928,-0.008384187939921312,,-0.005371629451235302,-0.006448521770301346,-0.008823714569203157,0.00010937361404799255,0.0011652671870899937,-0.0031556433264428095,-0.005787177227661168
2023-09-14,0.017705566209856177,0.006178271803341477,0.017747060264594057,0.01466895039512652,0.01730293047732843,,0.005015762635556156,0.036003662781317836,0.0022132599385366295,0.0003276743401797162,0.008585368174661793,0.017234088144377435,0.02295043358691071
2023-09-15,-0.015475097170529776,-0.004374859726483522,-0.007498010164706404,-0.017235361428525824,-0.0127655461614791,,0.02165263828308635,-0.008164884673885087,0.001472846847866544,0.00021817137161990563,-0.012121395610511185,0.007736554945803839,0.0036697288889624017
2023-09-18,0.008022634299384105,0.0043152095983476,0.007337308501887835,0.002566411033399163,-0.0006731203641504152,,0.03132787485619318,0.026341974841397067,0.01315806224584667,0.00010902101109801934,0.0005862443868422041,0.007021422154150889,0.004177551767426827
2023-09-19,-0.002638715417257894,-0.00011981910074090882,-0.010660867995608184,-0.007719562861412644,-0.01070898419003746,,0.0035523570602749954,-0.03707614593091338,0.0036243968359105923,0.00010919641749204207,-0.0020759759240886132,-0.0033948452907895848,0.0016661463814840588
2023-09-20,-0.007957968019426182,-0.0030546919039357054,-0.016289757162235515,-0.023989973944608143,-0.0008668005495644655,,0.02509616492578154,-0.01592906579540413,0.005772133350023348,0.00010909085982511653,-0.009235913718130824,-0.02173516479151977,-0.016258815177404864
2023-09-21,-0.014189544134411603,-0.009039705042458959,-0.017482901704953698,-0.026655779455302522,-0.01635912306789407,,0.02953070900376466,0.02532774983653275,-0.013763370197197781,0.0005450886901006549,-0.01666649997843727,0.004027752144590463,-0.009136364413411532
2023-09-22,0.0015672460923606428,0.006576849602781235,0.0007555816035291201,0.005261085340689225,0.006713365730711298,,0.007248525814925403,0.0015260477877156958,0.007991236847174388,0.00010930024366672566,-0.0022510212820298775,0.004900878599711029,0.0030902043878334577
2023-09-25,0.01116079996988573,0.014508191769748397,0.01590159147588321,0.004284088863978778,0.02604607152847314,,0.01707557253656412,0.014195512929700591,0.013654649508813585,0.00010882048014037945,0.004196339796751982,-0.0035618915663605745,0.00021276595824945585
2023-09-26,0.0015473684756487631,-0.0054085806010247,-0.007710982051988213,-0.00015845786261737678,-0.013061472662008206,,0.0027271145716246965,0.02083022618031467,-0.010764376271846702,0.00010955706724902525,-0.014800145652947369,0.019325873412430746,0.004775304877511431
2023-09-27,0.032038572453837844,0.01912467605078797,0.029264644694705324,0.03806275119037409,0.02107125005882108,,-0.002180937329073328,0.003857642152693381,0.006472503698569751,0.0003263546564926995,0.00039891094958567993,0.024204315044703915,0.027564910829308103
2023-09-28,-0.006091631829207851,-0.0026343091824969677,-0.003010394002879328,0.004259387622029286,0.020814181048274878,,0.01624276878747447,-0.003857642152693396,0.005005355829647645,0.0003266221533932296,0.005780761585175118,-0.02180099293532512,-0.004748641110774369
2023-09-29,-0.01594621241009343,-0.011615565335912733,-0.024081741494016047,-0.015295523717471633,-0.01779678254991803,,0.008556214620999954,-0.003872957371043846,0.0007129745609378678,0.00010919311626775482,-0.0024299021001893063,-0.00964813974717821,-0.008103940455019587
2023-10-02,-0.01672373606224258,-0.012412032848617792,-0.022795440328175695,-0.04057795202344235,-0.020884383284669898,,-0.04520240372127047,-0.05098212571309325,-0.017979758462741698,0.00015301857681917488,-0.0003976499075769865,-0.02182957826812304,-0.04972425353941821
2023-10-03,0.0017282151052630168,0.0023390023586872836,0.004260945637124176,0.0025649051672068605,0.0004920390605475947,,0.003892213114120534,-0.00409147323077651,-0.016831588448043132,0.00021859740645847463,-0.013476509048014116,0.005054202930711136,0.03501192427590409
2023-10-04,-0.03809902372274714,-0.023578949686583802,-0.0369852591420229,-0.03951526658723978,-0.022764867145298073,,-0.037313517228938255,-0.04737571943421268,-0.015619539526709601,0.0001096078167074356,0.007255633540166907,-0.05693437440807177,-0.050257469226855714
2023-10-05,-0.02276841319028877,0.005260858991835128,0.0007937856356240556,-0.01038026944130929,0.01032717178363358,,0.07381985590654212,0.047961173419149815,0.0014981349160635823,0.0006558073392633991,-0.0003768534884674882,-0.02424797711002804,-0.01740541385257957
2023-10-06,-0.016839758399421756,-0.010241221891846633,0.016699977128313025,0.03277898092407772,0.0169783342389289,,-0.022728269684292767,0.0023388699500339993,0.00745727850171507,0.0,0.011802822956607522,0.006419206927148632,-0.0047689428409021595
2023-10-09,0.03439292934168683,0.02730070212952658,0.0547469104346561,0.04428183867224239,0.03258243682268268,,0.05277009100808599,0.043427072697496225,0.016943182788967864,0.00010905712933031621,0.006381685766499211,,0.0391725584628957
2023-10-10,-0.00424636005363283,-0.001080391901618485,-0.011808198287800123,-0.0031210445210400313,0.013186013887107923,,0.022080439476494483,-0.017865895874362624,0.00872753860319277,0.0,0.005191368105771957,,-0.007359839889438345
2023-10-11,-0.03651185690873971,-0.03321028158604199,-0.0029113505246983313,-0.00989568023887217,0.008095795383003278,,0.025076451616686608,0.011695962502577565,-0.00362744713964638,0.00021863865689480738,0.004088014772316293,-0.025828430282703686,-0.035004695747838654
2023-10-12,-0.00018774874715700023,0.0008067185294185323,0.008874207545601618,-0.0020542069294736125,0.010559404715450374,,0.009857140230561124,0.01692273042399857,0.0007266946051684228,0.0004364808255014689,-0.006115109655683511,-0.009965862634478549,0.009319308270345508
2023-10-13,0.03143450268780159,0.017400354344814576,0.030493877556750263,0.018027182946158612,0.014191049839311763,,0.010731895217016053,0.03211744154652661,0.004347853600159302,0.00021877533758714183,-0.004993372913586674,0.05630665073954313,0.06492730301816406
2023-10-16,0.000727936457870365,0.008134445360890185,0.0035975722936771224,0.015415654579081561,-0.015626949512329177,,0.0196979398697119,0.001605842285312761,0.005048676585774961,0.00010894998991708685,0.010466636154676296,-0.011702749438879102,-0.03604966229316245
2023-10-17,0.013011856667938743,0.013153711072385265,0.0011963203845837779,0.0024444734299118977,-0.004147385168864313,,0.009940998001827657,0.009051310883830205,-0.004325994459809211,0.00010884485724630999,-4.592383374130027e-05,0.00011540015014821466,0.016675226994638952
2023-10-18,0.013907544397859293,0.007904839386925175,0.008966385353164798,0.014693829042949151,0.01370095464435702,,-0.012799575212397473,-0.007448043194120752,0.006481910699855431,0.00010939253348588505,-0.013414652911835656,0.019313782453942097,-0.005744961874172521
2023-10-19,0.0006196552999912912,0.0010647757632255889,-0.0016601272673714353,-0.000601649857822118,-0.0005696655949864361,,-0.012482111659897665,-0.0026736153054878215,0.007153057736052667,0.00043623873774788875,-0.008825315189117245,0.01125504283973175,0.01220910849406182
2023-10-20,-0.01731417769535418,-0.013514720668009891,-0.018527923173739306,-0.019447431104320716,-0.02136113307472406,,0.017716734366418,-0.02037385410597271,-0.0021405334125945245,0.00021800142919670585,-0.012364199277791426,-0.0025774654264629953,0.006422629656467192
2023-10-23,-0.014782724923676563,-0.037560625278577335,-0.022168857098692978,-0.03687921992896995,-0.01495150828622334,,-0.005711722896180753,0.002910206182584892,-0.015839225050147152,0.0001089363041934389,-0.0017346899075486066,-0.04158436614083168,-0.01982823581869744
2023-10-24,-0.009732119518608749,-0.025400682210008425,-0.01152151736659637,-0.004627038522417805,-0.007590128610530636,,0.023586020700043533,0.026170888092315187,-0.0021793256800279994,0.00010957664477951783,0.007511059323296216,-0.010701577993799772,-0.043146563342691
2023-10-25,0.0018435462109287174,-0.004991605670511691,0.0038276306129346187,0.011764856144922098,-0.000297698851551137,,0.004651112996004153,-0.014793864658837839,-0.004373206087978069,0.00010872617974546248,-0.014456014098965164,0.01746308661704048,0.024027202784295827
2023-10-26,-0.009158773568277089,-0.007211654276229224,-0.017594429880409327,0.0,-0.0005955705213718723,,-0.006050675790580633,-0.015198385460917252,-0.008804123024998292,0.0004359971249106853,-0.012046957041854378,-0.026727911173345744,-0.018926596656707935
2023-10-27,-0.019235795041459718,-0.06956984901287458,-0.004319947737771351,-0.016574204004999753,-0.0059154874869745576,,0.038915440210151094,0.05100136345592976,-0.011150472968035577,0.00032661713946562586,-0.004542994678379534,0.02637929691149214,0.025450642575743188
2023-10-30,0.003121689005006914,0.01198195800795615,0.0028821768479488264,-0.009039536083041954,-5.999566720593415e-05,,-0.019039523066502716,-0.02508681781265035,0.0030465137371277415,0.00010891073175220565,0.011884682402116015,-0.03561031612559016,0.0
2023-10-31,-0.0002834946113805477,-0.002467278384492733,0.005570970843606399,0.0022675723210901994,-0.002580499070661027,,0.018141061716667073,-0.002489984880096639,0.0,0.0,0.006260679605116435,-0.016882650332295173,-0.04405105331009015
2023-11-01,-0.0019859292711563352,-0.0120813678889154,-0.01809189089606693,-0.007306971139226967,0.013192201121837673,,0.02134356056636031,0.03051777856836257,0.0,0.0003060966443311739,0.010608301333944867,-0.007253089759958929,0.0011511455167814723
2023-11-02,0.03231955639483162,0.03265982744179024,0.044835415537045314,0.03065313890617856,0.04799083149114602,,0.0017582202140550597,0.009969289516136933,0.03658493450923608,0.000328328505245459,0.01898301144418693,0.02425617123589342,0.023872908199479403
2023-11-03,-0.012264578592579012,-0.007760353569269294,-0.018778639471129385,-0.004117979601636909,-0.019001651504158182,,-0.004401459276188621,0.00136727891225315,0.0014652270474427914,0.00010910884455212756,0.009082104868248753,-0.022530332543223525,-0.016651004855847366
2023-11-06,-0.01788004319388008,-0.0041412163727934555,-0.010746456445051785,-0.02019944923266939,-0.01468165149497231,,-0.017353032599409388,-0.020359720864045035,-0.011041893898735299,0.00010937594616209082,0.0022978033906764328,0.004301610516752412,-0.0027450549091445615
2023-11-07,-0.015803908401532358,-0.017775979126541337,-0.027556115239039235,-0.025421588978318064,-0.012470875163567338,,-0.021779479039745153,-0.032237939848358266,-0.014914441109397037,0.00021871600957263341,0.0028419889080233724,-0.04489782275174739,-0.04545704690873306
2023-11-08,-0.012358983494944563,-0.014016502653685307,-0.006965759971247282,0.015657587652415386,0.010126288910882174,,-0.018518815258072887,-0.01743276144831637,-0.018195990100939023,0.00010896818390841696,0.0007321351155159147,-0.027438168844818842,-0.02389585469371685
2023-11-09,0.000291455148177522,-0.0032355429289414057,-0.0026244685587187943,-0.00936503702247267,0.002640164300309127,,-0.006093320732530485,0.049670701296674495,-0.0038329571649286585,0.0005463354486751003,-0.007829303679686433,0.006439341522542471,0.003431375915864679
2023-11-10,0.007643638526604923,0.007090470357770311,0.0127089887098022,0.006581147506045454,0.005550904286557218,,0.008426910059792053,0.020871899366699614,0.00917436195795941,0.0001090826245282459,0.015484175502117368,,0.02321748787792116
2023-11-13,0.010451232063269597,0.007318320131920628,0.0028648168559194634,0.010278177361083305,-0.004087101977255719,,0.007431639730686274,-0.007367484655174053,0.0037979334539408856,0.00010934942722526069,-0.0009536158750511945,,0.005126687830754218
2023-11-14,0.0038429354755026486,0.007265385501918593,0.0015590077557220757,0.0019458578644643068,0.007576969400741769,,-0.005103379128608766,0.004803616416188206,0.009056651853967354,0.000109058801287948,0.019214977140837083,0.0005070994023476216,0.0013072674034744047
2023-11-15,-0.006059197988963487,0.0035096224842819388,-0.004423895702048675,-0.0069902419766473475,-0.0024999389441346786,,0.012480093812571473,-0.027765133738902933,0.0037496007523477788,0.00021873201556242238,0.0021147407824033985,-0.02242964904265866,-0.02160948433285499
2023-11-16,-0.011643985451389196,-0.015954322890192673,-0.026783352922425438,-0.01628182345989894,0.011805124766379986,,-0.0208873240414563,-0.025665189137461242,-0.013564703438543345,0.000436020944454912,0.0012224924572694308,-0.04846617259037896,-0.058344153673297795
2023-11-17,0.024106896297444766,0.01879660185915418,0.022950927976336844,0.010719888091734162,-0.001900287393605429,,0.02318119476581182,0.01433971239624938,0.025469643113442107,0.00021821762695607615,0.0012430704381268395,0.03961310083734281,0.04392023901602327
2023-11-20,-0.00439219025317654,-0.0005539257693648324,0.006957434476268769,0.002948364840804743,0.0012671696032153065,,0.016814953302856303,0.0017779380997900978,0.0029540956030045273,0.0,0.007668066175206607,0.021091549789506513,0.024686606602401434
2023-11-21,-0.00038292166701605116,-0.0023575844623377777,-0.0019086817447535496,-0.006399124834845759,0.013266435133322383,,-0.002707548653073923,-0.01919164336766327,0.010271562531029425,0.0003271907916166676,-0.002181747038093474,0.003195911956389569,-0.010020002949881852
2023-11-22,-0.0043171518173081656,0.0020112395423260016,-0.0027823243235450597,-0.00892864017707196,0.009835633376727153,,-0.00907878276822214,0.02627267096038076,0.0029155045669885314,0.0004360570145223207,0.00385334249938516,-0.019981328648403338,-0.00803999945527698
2023-11-24,0.0053697353545352445,0.003941563977594901,0.005556999599876678,-0.0008307899261886009,0.0080114456319106,,0.0278796576486285,0.0028183020470773446,-0.0014567724207170444,0.00010896136783161642,0.0006152200681354037,-0.025985766061359303,-0.02401402683480658
2023-11-27,-0.005850606598275114,-0.003733835825541701,-0.005992422335352547,-0.004832186869779122,-0.0031856492440989555,,-0.015192436633892447,-0.018463036614458705,-0.003650703513908155,0.00010913493237817483,-0.00180259780908647,-0.00495680564769635,-0.00414287203556651
2023-11-28,-0.0005772240974100373,0.007934561849834354,0.00156674914443389,0.003168533510178219,0.004301168108404851,,-0.026461681392180345,-0.01808036156450182,0.0,0.0002177706514678409,0.0009894639865517024,0.02165478174386077,0.026933058306408523
2023-11-29,-0.015128315031595957,-0.011056660099779953,-0.008822930598721754,0.004485434890008357,0.005724593547585847,,-0.02102374364046141,-0.007186968244285851,0.000731191112327823,0.0001090992633358833,-0.0007034643919559058,0.01913498018601975,0.016035329013292177
2023-11-30,0.003900865279754252,-0.0021563487521675,0.01394121285078295,-0.019752824164259115,0.009432075261398536,,-0.0633431115867415,0.015051559675970218,0.015234178682055581,0.00043535159359268813,0.003929689331303411,-0.024802211169567944,-0.015300844955300598
2023-12-01,0.0024303760553842685,0.008390944215398793,-0.002946250791074206,-0.005424616883821442,-0.0029689411196991305,,0.011503082326470583,0.01482858335525542,0.0,0.0002079714779940791,0.005898340000630485,-0.02624682000959218,-0.03740151720542328
2023-12-04,-0.005452339563923266,0.0004141525516428393,-0.006093445126149904,-0.016625689348056343,-0.041829630203848917,,-0.02161437864120351,-0.008291337554154288,0.0,0.0,-0.005263263050946185,-0.013248845028841518,-0.007139245009470764
2023-12-05,-0.019618942839051554,-0.013971697415317176,-0.01221088019541021,-0.010074746194182251,-0.023821679412564897,,-0.022091783919330144,-0.00580872207705028,-0.009403405373085632,0.00021876339862557677,-0.0001969141572334945,-0.010782520833072547,-0.011452225789034808
2023-12-06,-0.01333020284838397,-0.0023126111670790906,-0.023429552550407264,-0.014065025056441543,0.01563533822505976,,-0.0031217114013589206,-0.014486347578470818,-0.020558751721807194,0.00010945635299950886,-0.004037970176121171,-0.042154825824681996,-0.038791143208290406
2023-12-07,-0.006986416494166113,-0.0007720604002274682,0.002981474194279105,0.001774728161178526,-0.0053398807575030394,,0.004679036525931401,-0.012639542444622457,-0.01118991203062911,0.00043696518749340496,0.007601378981604649,0.00028989708856440533,-0.0016157267551599587
2023-12-08,0.011416121220615508,0.01318320974370706,0.010945790779745385,0.0012401493069449925,0.025170789212413374,,0.0031071615349078773,0.009865177587781706,-0.0022530528427384426,0.0002185035495622298,0.004290047106470722,0.02674070822490522,0.02304464282161417
2023-12-11,0.0007028656096760673,0.00027719388386461465,0.000802836981629974,0.01039396702439353,-0.018789711490828993,,-0.0193168141392309,-0.0014828995929997324,-0.002258140554891977,0.0002186408495972014,0.0038819800473854416,0.0011281907838870445,-0.0025051104141777607
2023-12-12,-0.01588545731368364,-0.012898974788270972,-0.009855830033119814,-0.02681990918256646,-0.012276287523644387,,-0.02185008182733056,-0.012693810727346037,-0.0015084075590483356,0.0,0.004556867901530177,-0.038504972175862795,-0.021887968426211005
2023-12-13,0.008833971438842316,0.014698690127135068,0.007088077350270001,0.02962009098451342,-0.00422394988359449,,0.01815326632696665,0.04912100072119741,0.020911914042002537,0.0001089787278856684,0.013695889852565308,0.011939571070514647,0.00040472175931876474
2023-12-14,0.026535167687975043,0.036127988826809336,0.027338447833726714,0.02655770373531875,0.008429951137674897,,0.013881738233567465,0.0010726645878357856,0.016856350667112545,0.000436998248001738,0.0032042101677880294,0.030223255493329715,0.03849936404353841
2023-12-15,-0.006716722380631247,-0.0038759592523580884,-0.003573116437187743,-0.0034093439430124646,-0.007842302353544803,,0.06317878467847686,0.04779428757706602,-0.003640319634116786,0.00032755408228735247,-0.0016478570576882864,-0.00224940345092372,-0.002729223865768745
2023-12-18,0.007405546645826728,0.002207123175986831,0.0031380725577099438,0.006976955696821512,0.020470602354830298,,0.02458331869929105,0.025726482701721908,0.010159750884512795,0.00012062159232638562,0.00560930337684178,0.015502021211258502,0.02632913920664238
2023-12-19,0.013096408836904156,0.013009556284811225,0.013743440852783327,0.022303252951592835,-0.001958989510631572,,0.0033940312595094895,0.0342665569828011,0.0014430267243270792,0.0,0.006062453400020813,0.014719297318610233,0.011719622513589519
2023-12-20,-0.016841677617247808,-0.009208719616892855,0.0017153245155616657,-0.0021582826105154217,-0.013354520077937294,,-0.018071427972868356,-0.011778987535181763,-0.010873718882112695,0.00021911510945491972,-0.013954358295091323,0.008701618467668051,0.015908861500779397
2023-12-21,0.00453196220514585,0.003056948820317267,0.001198894874439814,0.004477308243133302,0.003733838003720431,,0.02770536165386064,0.037589911691681695,0.005089158039329106,0.0006577038135052811,0.00943741950346133,-0.003797644602138784,-0.004572707714442971
2023-12-22,0.001767881454285247,0.002253473478097815,0.007079386719265229,0.006103006496834248,0.004995855644802077,,0.02882321456792758,0.009335746183951296,-0.002177897131939583,0.00010914436828196634,0.0020076569389475612,-0.004084973000748776,-0.006212743641359462
2023-12-26,0.0022543582099233124,0.00896345320961314,0.01149240836554417,0.010306934861621361,-0.007269396714144801,,-0.03797334758349721,-0.036751999829802456,0.0014523760220983672,0.00021880688662404303,0.004213718100482234,0.034201684009007506,
2023-12-27,-0.00471052206252236,-0.003286237718645851,-0.004463132331493849,-0.006531697872265253,0.00017518346050717992,,-0.02547894762000191,-0.011148144969361819,0.0007255211098411834,0.0,0.0018063053804256788,-0.020380325777388537,
2023-12-28,-0.014565522676564642,-0.014187345637918637,-0.016937172349116517,-0.017685001916818332,-0.001986177974265034,,-0.008973091635606995,-0.012095457934280778,-0.0014513219100507732,0.0006570560766108956,0.0003777232544097465,-0.03130167394864881,-0.024124662258410562
2023-12-29,-0.002098228168698861,-0.004081335678899493,-0.0036978071526703104,-0.004344797513009244,-0.0018142801660848164,,0.003997984291346611,-0.00016453999481754242,0.002176234842088811,0.0,-0.00289917915885732,-0.0018066852249489244,-0.01722750447728311
2024-01-02,0.023525831966731536,0.002143107383244328,0.01301059488109641,0.00567782856460427,-0.007644431038743959,,0.005471150037957913,0.027896742464933764,0.005780381151080133,0.00010922140462569907,-0.00561197098006507,-0.01782378249553976,-0.018840289616382733
2024-01-03,0.008366740770278807,0.01888667697092211,0.01970423995865294,0.009282448079172454,-0.0002951974346536145,,0.04652008525440382,0.03674458191709282,0.01003593771704069,0.0003282381439146505,-0.008200256130969932,0.032735007277288355,0.012254096763526266
2024-01-04,-0.00875758916244565,-0.011023587621351506,-0.029188665238553336,-0.02489064843997059,-0.0029565922739214854,,-0.009036873084352496,-0.008360463324017249,-0.010756670957375153,0.0003281304389874856,-0.003226291527682005,-0.008118379641932448,-0.01817399828553498
2024-01-05,0.003025126991961651,-0.0017273824168880466,0.00042907374251476455,-0.003049317905455753,-0.0076687325248774845,,0.060709006840170034,0.005426665335345394,0.005751210756863855,0.00010941433889040868,0.0013686345075346368,0.022135075068573446,0.032708950938908465
2024-01-08,-0.01680212384268882,-0.006001837762484955,-0.017573911030729073,-0.011432586604062447,-0.003707050837792915,,-0.020900538379528166,-0.023467848881033097,0.002148184750697061,0.00010931020662214146,0.01417508302444404,-0.04054050261128865,-0.03694008246606933
2024-01-09,-0.012463585429700464,-0.025746878586686027,-0.015313069557854931,-0.013998240279494072,0.0023334920117263147,,0.005951104921913365,-0.004919422243132461,0.00142969872970885,0.00010920610719049857,-0.0015182797494997166,0.019095987614353622,0.03258891102473156
2024-01-10,-0.00988079642947521,-0.008269995014657786,-0.014111126754412584,-0.011552797588820453,-0.0011960278306016616,,-0.004574447344736268,-0.003825367106719169,-0.005730692865176801,0.000218560706751172,0.005639558276374242,-0.011944586456728759,0.006264803459897833
2024-01-11,-0.00020283925801002823,0.005383414686388645,-0.001620415718412863,0.0057931866087650215,-0.014948893454896361,,-0.01851047671452297,0.01725680819317928,0.0,0.0005461007881847763,-0.00044088802365872885,0.008071293469373983,0.02205925459742664
2024-01-12,0.01288901011243745,0.013604675958782834,0.006286473500277546,0.016147509510549864,0.0024262108408648585,,0.03352764126238158,0.015419653649951568,0.006444735972119239,0.00021857778684859647,0.0006926052251214868,0.01088990016065416,-0.003997506884882527
2024-01-16,-0.022870699197870183,-0.02460941371414354,-0.027777031671457758,-0.025114761471702933,-0.0074797566576182,,0.005854621623566758,-0.027897099366489743,-0.00788249412296505,0.00010908687712711774,-0.003677969687080206,-0.004259125762457344,0.0032491905616114807
2024-01-17,-0.00729436461372657,-0.003974821817945763,-0.009897837670476644,-0.0070897103537409,-0.007966835691908536,,0.009830133350698385,0.021851113117205445,-0.009396525974081514,0.00021850618618673163,-0.005574312386576108,0.002200523512089904,-0.01597216876118207
2024-01-18,-0.001857750398188228,-0.009124646530815848,-0.005967517651513534,0.0044369029241137555,-0.00080001268000675,,-0.017492964196151147,0.020165461117965026,-0.0036378361292783577,0.00043640923401407614,0.008853557985439164,0.02080151137541635,0.02701514964604801
2024-01-19,0.0015483224383429197,0.0029571368447459147,0.008752676979413229,-0.0008857647612894918,-0.008347599551321989,,0.006314925476378307,-0.007802516305939596,0.005089158039329106,0.00010918753309997558,0.012389168003404982,-0.008512989726675108,-0.004080376604147147
2024-01-22,-0.0013417352138925748,0.001756049287043829,0.0017596479913081064,0.005655945242169025,0.0077317176101318694,,-0.031052855077919682,0.0026075883259592506,0.006505294083117855,0.00010917561248410498,0.0021120516821113732,0.02108168038638339,0.01219151852967632
2024-01-23,0.011194985009353408,-0.0028113266436668193,-0.0006479949477234009,-0.0001763877189046056,0.0010469369646227153,,-0.01872724502297883,0.01459893414630274,0.004313443454748479,0.00010907173344186391,0.0029123283177436114,-0.00720099124470415,0.004152931338222691
2024-01-24,0.01711343717927159,0.019721303317251474,0.015437224863393795,0.010171902177710865,0.017450048315773313,,0.031172602485619615,0.04299349660324273,0.009282464695333635,0.00010915178909660265,0.0010924435010461315,0.010119926579762252,0.0013399112790972686
2024-01-25,0.02508451469879592,0.02487428481260975,0.021469456756186545,0.012140239605771189,-0.006614686294285713,,-0.002752179246017566,-0.005801321223692652,0.01481510237957501,0.0005449369991710257,0.005424212148195409,0.03168659384241718,0.002188716827057533
2024-01-26,0.008482313755893037,0.0038291792518413527,0.0016050245296701056,0.0067004869832179206,0.020967148096682636,,0.043592573691963905,0.0413163024180551,0.01252624004750678,0.00010898853048938321,-0.0012711544240388854,0.006907164836274951,0.012193064683972831
2024-01-29,0.0012614417177495305,-0.00040240546073080593,-0.00562918571769993,-0.003086765224844931,-0.006640345061632764,,-0.020884991461593158,-0.012640618469101918,0.004829188253377457,0.00010897665328412297,0.007888159017031186,-0.015414563401186843,0.007769118143228331
2024-01-30,0.016540426895499234,0.006952059499688326,0.021715789721453858,0.011612130377261482,-0.0003601082011856893,,0.027896375750583863,0.012082260976697465,0.002062678937507375,0.00010905664952493603,-0.0007737186370099464,0.013500687218902524,0.0017843340248391841
2024-01-31,-0.019648165652942313,-0.018081576435373208,-0.01929937950572909,-0.022839617322191173,-0.01549007858928244,,-0.009212561850869124,-0.012789167415398914,-0.01801858197550214,0.00010895289662877495,-0.016451827559202072,-0.026136822264538995,-0.013882463257652954
2024-02-01,-0.0040935940865964105,0.003115330115868163,-0.004389755882016388,-0.004352079987114928,-0.0060552074030294925,,-0.02906535411170481,-0.03834963888785275,0.004883326347097581,0.000503362580042072,0.013003145921713425,-0.025492617878975065,-0.009444312842587592
2024-02-02,-0.0041104205032559075,0.02898941474664021,-0.006756496995670798,-0.0048966708680055,-0.007327400487322646,,-0.028067226818896358,-0.017943755633767933,-0.0027876645522822217,0.00021886209425285775,0.010472332133591505,-0.022301712984019895,-0.03289526228258959
2024-02-05,-0.0041273858185343305,0.0005910234838836616,-0.005983775041431518,-0.0010525930525768258,-0.00949496879033883,,0.013441817213734367,-0.006003380163325836,-0.001396593355470253,0.0,-0.003647809081879301,0.006715573789327909,-0.0030219111387423427
2024-02-06,0.006869488896254498,0.00013136471732586881,0.013996507934971696,0.010301343907697288,0.002561739214202666,,-0.011111369516118297,-0.015626416034717757,-0.0017878069128882375,0.00021872242967294186,0.0028990359876992547,0.00843312941252297,0.014522037880839913
2024-02-07,-0.00029331654074224434,-0.001445188081487625,0.007147915550233354,0.0008680786482473547,-0.0011238413725275457,,0.03880879050956481,0.018332407125599224,-0.0050234731812010954,0.00010920563100789604,0.008305930286688848,0.005807295677859955,0.00890874488910965
2024-02-08,0.01697499659184527,0.012606657976222835,0.013968973743960158,0.0074350808349977395,-0.006643669241213158,,-0.011258784053574989,-0.008139978773646802,0.0007192200637176229,0.00043716192609483963,0.0004414621797337929,0.031938048821868896,0.022292171056192484
2024-02-09,-0.02138712288116922,-0.019797287297211936,-0.024350299086933296,-0.010041719267090684,-0.006498308427936046,,0.00856831287728058,-0.003943118720836507,0.0021544026001138754,0.0001094211270357429,0.005762824833734324,0.007665859667332292,0.006843174552824963
2024-02-12,0.013662872265784701,0.0068619312393767996,-0.0005400422223650042,0.009697081526807509,0.005680283407059108,,0.03702493590317378,0.03376497885270428,0.010702936389051104,0.0002181644819362232,-0.0004391126465817472,0.0010349289410157962,0.0035829490139499287
2024-02-13,-0.008646327665170796,-0.009779410951146159,-0.012043369958991397,-0.0072639985499870895,-0.008913477944692987,,-0.012189897026567061,-0.009298248993513204,-0.009269215776652679,0.0,-0.013868753726107262,0.012080856348724479,0.009964495259431947
2024-02-14,-0.0049459977492234035,0.0027186055437881155,0.003183619694530543,-0.005395630874100654,-0.012074254866341404,,0.016507574563188725,-0.017652012590026096,0.010687448203285132,0.00021885029054295708,0.009046689646543064,-0.015318572056704683,-0.003665823297522485
2024-02-15,0.02825645598568528,0.033441836936144304,0.015067802650281317,0.047875827178872954,0.021428102736714808,,0.030131827459011613,0.06032269981720197,0.021732530231571682,0.0005455877252815793,0.006876042541322205,0.017742815668210902,-0.0009482044090783334
2024-02-16,0.0,0.001100090701574224,-0.0038814529780972222,0.006797591585450246,0.00883124478052098,,0.009569399205664337,-0.012294604665679016,0.008974849866779747,0.00021822505429321115,-0.004992360598069224,0.014925650216675792,0.00650082071917747
2024-02-20,-0.00949276243659881,-0.004082660017104816,-0.009358918600662904,-0.015989778285770032,0.00454162089168436,,-0.025583232331395797,-0.04999202701889441,0.006166524287811883,0.00010927785986009085,-0.005520695489020613,-0.011744783612059648,-0.0011788283812365886
2024-02-21,0.020231981663490144,0.009307466678169549,0.029946902911834227,0.015163247693951259,0.0211284604180718,,-0.022772072615827196,0.007081978840030504,0.014242378142103189,0.00010917433531040384,0.0009053543246796712,0.0021572243630002884,-0.00011795930417693321
2024-02-22,-0.000858796597280315,-6.442881078841855e-05,-0.005775545396240645,0.000991741610796173,-0.04258617860507378,,0.0026041536796259346,0.004942937769960382,-0.004048669575645087,0.0005453268255103786,0.02048435775562523,0.009462002088997229,0.012543391702128866
2024-02-23,-0.008820763474047186,-0.004966426705025749,-0.00634690911580461,-0.008461221724864486,0.0003170960266141644,,-0.00783299097162267,-0.007649214423096199,0.006738555720602776,0.00010910290785638555,0.0006893164199979526,-0.02594905200682251,-0.0195277349800184
2024-02-26,0.003940686240178725,-0.0013588794679186794,0.008127555443435165,0.007469480114068407,-0.01752397759244567,,0.012158138108990956,0.02395040276174649,-0.013522827810874051,0.0,-0.003669214722263372,0.011913290197610376,-0.002021523965668787
2024-02-27,-0.0021125645237259293,-0.014937660854252424,-0.007231094439004364,0.0021475864979461686,-0.011747094247803137,,-0.03737509311772311,-0.011680345824502718,0.0,0.00021789559885408203,0.0018560848401234628,0.016042787068979804,-0.00250283188871851
2024-02-28,0.0027838306255139576,0.001182231484638255,0.003845136459228511,-0.00562641511903931,-0.0018949557141111988,,0.018642248605073405,-0.0065650952339181045,-0.010951504341684902,0.00010915873351386533,-0.0013225828915811042,-0.004521484718845896,0.0033357190806582435
2024-02-29,0.0019152567315389593,-0.0021685296559905537,0.004452739245997945,0.005791342370633056,0.014995984518778233,,-0.009277781146193063,0.0049278727383969744,0.00754206786549811,0.00043569272652907237,0.003588512905759912,-0.002773227543146533,0.005810867225435136
2024-03-01,0.012550215080081186,0.005248978876068996,0.014992802838026812,0.012298302646671984,0.006294401585459245,,0.002216792354962313,-0.000447150744628226,0.022958479265903674,0.0002734116014693336,0.009344541376475108,0.02098503187067561,0.0029517702523138355
2024-03-04,-0.014082126896232002,-0.026054641612860367,-0.023021976880567247,-0.011143982479362229,-0.018807989553326236,,-0.0008859318019177112,-0.036422724122039465,-0.005354798032714405,0.00010961797142313138,-0.0010730925261107367,-0.015320720672171433,0.020537477967389913
2024-03-05,0.012190624999681158,0.00475759025430755,-0.0037692125166594033,-0.001649314965518897,0.0015646549684821198,,0.03441836895001059,0.03269016457022995,0.008021519516521481,0.0,-0.010044434449889958,-0.007053814358969693,-0.00881676245045591
2024-03-06,0.010639827862799793,-0.008458672070072414,0.006899346217249124,0.008383398218560241,0.0012368036617945266,,-0.0017144272102889706,0.02101909232663537,0.008617654054246315,0.00021846870527269215,0.005054421313091772,0.012186845973660087,0.00893225589633123
2024-03-07,0.005603879288931344,0.0069868843560990405,0.006674628112129559,0.0029527474202830526,0.003312780782048589,,0.008117923732637521,0.020128990726639522,0.0026369107781402112,0.00043725107483910946,0.00987753065693371,-0.0033773251190475574,-0.019945841153982236
2024-03-08,0.0093627346440251,0.00340868378958808,0.002303661413054428,-0.0041034910318763235,0.004787280261981403,,-0.012848167154721321,-0.013520584297883513,-0.010588957242341476,0.00010926006464158556,-0.006020220745794653,-0.010707414762691443,-0.00697526029633679
2024-03-11,0.005887743289445506,0.014045293743868216,0.019715859423597357,0.011772559553944491,0.00950595226974766,,-0.021787331988731576,-0.000732009745625101,-0.0013315107271891003,0.0001092481281840956,-0.0008602291344054963,-0.0011404677153264184,-0.010135423316873882
2024-03-12,-0.006441441819944718,-0.0007239006868671898,-0.001997690982586078,-0.006196087653299904,-0.00012782071615201785,,-0.0008815380760513398,0.010925793219618694,0.0,0.00032758148220126586,0.0106997976014019,-0.004574922199735305,0.0026331553215353997
2024-03-13,0.011108645639199808,0.013081514681512684,0.02175778502087965,0.014935454595170617,0.00268160370351268,,0.02868528024382585,0.03292085097700472,0.005978032799339907,0.0,-0.0015685540440192407,0.02714075373871873,0.0034604175094976072
2024-03-14,0.017557074319358122,0.011692985330197489,0.018792892297437525,0.008344077709024428,0.007369479227476617,,0.042613952308386494,0.00795910149400181,-0.003981504707582488,0.00043682141322158027,-0.0019788037034459585,0.01830180667141973,0.0259846493245832
2024-03-15,-0.001795955576968322,-0.0009638629144916072,0.002168208679384468,0.0011180305585610925,0.020672183169979895,,-0.01343985375180173,-0.0075387844822027835,0.01975050674169411,0.00021829354764596497,-0.00689028338893392,-0.002681293501577796,-0.008977034928618245
2024-03-18,0.009214261896294802,-0.0009003515830920683,0.0018311862942060437,0.00874044851550068,-0.0038514611774910874,,0.0016898816922987507,0.005310985340793427,0.01423971983730843,0.00010903766696473089,0.005925499389508845,0.0210127281978879,0.012568535052824136
2024-03-19,0.007010057801260281,0.007755641843823311,0.014528814036561902,0.013515851257495364,0.005647815923040132,,-0.019608406071966695,0.011227630015133947,0.0076823659788851344,0.0002184045528788245,0.005541749658063163,0.008448910853262217,0.010239979024256027
2024-03-20,-0.0008846391634748971,-0.013304858969647997,-0.0009017346569436105,-0.004223691134947737,0.007214797257948094,,-0.025726535092187888,-0.0045589554209975415,-0.0012762791913914818,0.00010891076114748766,0.009206763523735782,-0.019141630019160586,-0.018368216994264833
2024-03-21,0.004415390660518474,0.0020039229215105857,0.013038996492585024,0.0021923439871890152,-0.019043324768482417,,0.034725930934608636,0.011427092203905385,-0.004479919633356979,0.0003272993939981321,0.0032993798770276856,-0.009709992542628252,-0.009959658167274659
2024-03-22,0.0,-0.0012923694664206634,-0.0038940170222773107,-0.001878830928462088,0.0002502935164881411,,-0.017212189650942827,-0.007557674072164541,-0.001926167154136668,0.00010895443641094624,-0.0018977698158841117,-0.010914327486719085,-0.0005889628534698293
2024-03-25,0.01016932752145308,0.01163500083063567,0.0256775554189406,0.011530192931763251,0.002189076863415797,,-0.00043411647262338586,-0.007198196536504328,0.0,0.00021814671734006504,-0.0027665149965610406,0.016023827653925026,0.01531745820610638
2024-03-26,-0.007529420850877443,-0.007698607244877418,-0.0019032243497033112,-0.019238917980807218,-0.0020637100838409423,,-0.010037144719274693,-0.021911023804617905,-0.004508847111452539,0.00010891880505773181,-0.0018487450962024043,0.0,-0.0031378955377269163
2024-03-27,0.010316582647844241,0.0069315570935403895,0.0067238547830768,0.013801893373974784,0.008726129014364875,,0.020834103587548895,0.001702701536308173,0.003222718985263716,0.0006538103040559653,0.0083689049305991,-0.003159944292014945,-0.011355111764839998
2024-03-28,0.010985849801675544,0.008851140474099272,0.0034630736946505494,0.012230369868892076,0.0008683526559084909,,0.004286278545887918,0.014216515436533858,0.012152224852144837,0.0,-0.00019128337668645163,0.021793650469155,0.014376964366550428
2024-04-01,0.006431416242010269,0.008458875845443912,0.010939244811482386,0.021162325908809534,-0.012164473533291746,,0.02325192566354539,0.016632392167945452,-0.002546130776975998,0.0002735696327814676,-0.001741398388491865,0.006884300186211768,
2024-04-02,0.01938525646349499,0.004390752056358277,0.015346372667835485,0.013169880191906024,-0.004592092098154862,,-0.01303910827835149,-0.0020641217462077327,0.005719757542426388,0.00021878362673469892,-0.006378260670031145,0.016540936690214374,
2024-04-03,0.00016761694663663157,0.004122224021877131,0.0073199364636558125,0.006668208509897293,-0.0019568337325447465,,0.03412734210889203,0.008777044016303972,0.013845404977067335,0.0,0.0010978810891879391,0.0031364374901303115,0.03333080798117431
2024-04-04,0.0035144353648849237,0.0015570829763738704,0.0009112283669292279,-0.0011820994682250232,-0.020809766634362393,,-0.006980115040601563,-0.01610390286605737,-0.011946066239309003,0.0004371507181506596,-0.012281248281557513,0.013249804991014764,-0.0030952932075270392
2024-04-05,0.013688060322556038,0.005646925708986958,0.013345038671491663,0.023671273715650143,0.01109708298371244,,-0.014526086318940364,-0.004171361333023857,0.0018956680689483385,0.0002187311581699747,0.010392690886696644,0.0036558934812610314,0.027195472765895057
2024-04-08,-0.006779125944670646,-0.002044038409523817,-0.008272494914621323,-0.007537128699294823,-0.0017877020923645884,,-0.018140267473184982,-0.013325174674713636,-0.0012633793444123463,0.0001094386068930734,0.0005592280134932367,-0.005144926457835942,-0.01170491308573722
2024-04-09,0.005212390852217275,0.004516212304296275,-0.0012846815265659802,-0.0026224851979928954,0.003572313086857776,,-0.018475143620253005,-0.0264697012617387,-0.006341161780770422,0.00010906280541169225,0.0011561042031907065,-0.013850636933898824,0.004351143599276324
2024-04-10,0.00838199643350585,0.0041273120845583215,0.004300790993514222,0.005673039007507709,0.006474197562947063,,0.0017331746475829565,0.016821442126662773,0.0038095343184760015,0.00021863555313987847,-0.010063728339205541,0.010865902769962951,-0.006096916001199958
2024-04-11,-0.0033607965507725965,-0.004806512343149938,0.0007525622991982782,0.004630898306436094,0.0049857064249634025,,0.057206423376550936,0.021160493459231444,-0.006357357512521054,0.0003275910075153228,0.007518773887825553,-0.013775757584618437,-0.0008740304281968453
2024-04-12,-0.011727965336411458,-0.01826452355191779,-0.013024571129536124,-0.0036159582453919883,-0.013053168431084453,,-0.015657489844517373,-0.009396401007818302,-0.01672055394373039,0.00010935495269527026,-0.013899374332643773,0.007779429654611709,0.01765930729168397
2024-04-15,-0.0057488498777117395,-0.008655913298492768,-0.007267211627469154,-0.009756262847567474,-0.015166446698906861,,0.0033168003825295666,-0.005652087034640563,-0.012398268620432975,0.0002183105282333009,-0.012607177565992653,-0.002895699017652052,-0.02478926674577
2024-04-16,-0.008306484394862073,-0.008347255651790059,-0.0055430877842177935,-0.022492744615621348,-0.0010365820196088986,,0.007833376916327324,0.0053701664245411375,-0.00857226528614191,0.0001090465272624776,-0.0018256000798494757,-0.0006962172478948414,0.004941535339631605
2024-04-17,-0.000505589406730154,0.0007673935184539371,-0.009307542816100205,-0.012650686382127685,0.016330638897575273,,-0.012812576634266612,-0.0023986872531111306,0.008572265286141845,0.00010930720911005932,-0.00593582306877227,-0.030285705954169403,-0.019355799764169915
2024-04-18,-0.0009276242262041592,0.007453180794689819,-0.004060252588494469,0.0009088699076071716,0.022822819321636396,,-0.04989320499059295,-0.033327110973301266,0.01950664356658588,0.0005454488200189488,-0.0020597843409477672,-0.0009576251629595449,-0.01349244664443913
2024-04-19,0.011409487750362565,0.015303875464702464,0.012208953622316752,0.008894150771602547,0.009553509317091287,,0.010006670793969217,0.015508835801770086,0.015335644530048024,0.00010905407135932472,-0.008766562247691087,0.0034670367683853564,-0.00431084048182007
2024-04-22,0.005656397644227983,0.011928496893758148,-0.00038653735701306636,0.005537957136330524,-0.009366345677726947,,-0.009132650803028861,0.004448516517570858,0.0037974786936313698,0.0002182540267633916,0.00916693564706046,0.0003579738717301667,-0.007531702841003893
2024-04-23,0.003890770766972022,0.005727353030042298,0.003935650624195822,0.005804018249484571,-0.009769859731037538,,0.022463330994118035,0.011389678025708422,0.004412218764867322,0.00010901838486489971,0.011796629194467657,0.0041669207265594005,0.011276388067934757
2024-04-24,0.00016526093809583078,0.004411575203174819,-0.004322211837391204,-0.0008907724506561712,-0.00935769274633179,,-0.029917776738081298,0.002827066104852723,-0.0018885077022439262,0.0,-0.00047465820214221907,-0.0009509093786781545,0.008234212674217048
2024-04-25,0.0023104538460630365,0.010399767023518993,0.006399607443624939,0.008135437383031999,0.012248580305767906,,0.031198443567707086,0.013600062016983484,0.004401122075525693,0.000545185876238948,-0.003806081272849985,0.009821982990248635,-0.01038853064557445
2024-04-26,-0.028168573610605322,0.0036839273913344952,0.0009988035834312765,-0.0014741390141075877,-0.0013816280286346634,,0.015241605074307668,0.013280079304569276,0.0012538741913822576,0.0,0.009429351197479733,0.0054022444947604935,0.020781427454408353
2024-04-29,0.014141635178375227,0.002648882158932994,-0.00015368830290498825,0.006616986411060362,0.01595838264262706,,-0.004210570248122839,-0.007171392899004014,0.001252373365069525,0.00021779161655489034,0.00353511214533174,-0.013204624778945387,-0.016929604407296617
2024-04-30,-0.011517207389732364,-0.0308937710221121,-0.035963918496179775,-0.031110628586983803,-0.024287493367349776,,-0.008900412874229819,-0.02650743392809309,-0.015768294173632343,0.00010910474578838427,-0.01596796726093557,-0.009180392344961475,-0.002377314755232157
2024-05-01,-0.019121280069845724,-0.010221329044130097,-0.010241655928011458,-0.0258839770798057,-0.005018228293247854,,-0.0042660715469797685,-0.01503591999479599,-0.016020778809956067,0.0001966849657731591,-0.0032524968628768604,-0.03398828893000589,-0.05450178619261071
2024-05-02,0.0018083180581436086,0.006867180442532862,-0.0169515770853253,0.0032532362341474172,0.02266664505417724,,0.049217525412487285,0.03110856616442325,0.019194405575406304,0.0005469598316689549,0.009309996295354443,-0.0013640029394832078,0.014968205332205949
2024-05-03,-0.0020668761695348137,-0.0029908242182904187,-0.00016360101886259487,-0.004184477141229779,-0.019424199722441925,,0.006895269095423537,0.01250889801765182,0.00694669910132531,0.00010910236313493227,0.012319103938198383,-0.01173253598036238,-0.014369940282952787
2024-05-06,0.006444680143075054,0.012711441145801774,0.0107413197576296,0.009736416639300501,-0.004580690091114091,,-0.004456274270778826,-0.005540363078425303,0.0106416979383328,0.0,0.010273898096004055,0.005633817718255844,
2024-05-07,-0.004980143173859044,0.0022770560629403855,-8.103504829421047e-05,0.0007687501828728712,-0.00325755539328947,,0.009697185900340195,0.009675390305929725,0.004349167391809129,0.0001093622663306972,0.0011029447793210131,-0.001624289730514977,
2024-05-08,-0.00017227394521388093,-0.000799414528241816,-0.003892938316432698,-0.021592940767124015,0.005232614553099134,,0.017142178727981704,0.036863556664036505,0.0074120281480079125,0.00021868865888424044,9.647096989890342e-05,0.007474807445305861,-0.0030279197118170255
2024-05-09,0.019524160827818517,0.01774476108113538,0.0026780716282220414,0.008755345745824674,0.006900145201566843,,0.016853101286008407,0.017348388896325836,-0.0012315519344627346,0.0005460598432523278,0.005745331748304115,0.0035928924235202574,0.010017584225469708
2024-05-10,-0.004061013459226385,0.0022339526055736186,-0.005725352129351183,-0.01048437954306999,-0.0045099422000079254,,0.017720141484868637,0.013845113627180054,0.0017581845589080772,0.0,0.0012872749317033082,-0.013070454324707251,0.0014400578511661022
2024-05-13,-0.00042389149344683306,-0.00781007890354395,-0.0026285041734145824,-0.010436512162387187,-0.014945348087217349,,0.014405000406974452,0.017956451374687304,-0.007556771477276608,0.00021861201193956894,0.00013449348235509701,0.011213673448363328,-0.0025214637841282474
2024-05-14,0.006052027341466716,-0.005607292239126579,-0.004533513749781818,0.0023816171157816047,0.017170976082888863,,0.007125547809180244,0.004282197985408471,0.003155671726419462,0.00010915233268727926,0.004577640354496198,-0.013597165764109687,-0.026557779642326876
2024-05-15,0.007703722398362601,-0.003428623501340485,-0.0028130521602523642,0.005061612617311097,-0.008292431373096657,,0.013731797740758916,0.0016324088579512507,0.001259513018377036,0.00010923091267396602,0.01230686503075085,0.007632192193393503,-0.012672551253766358
2024-05-16,-0.00600544358934048,-0.002046391390926361,-0.00723401005272623,-0.008238322176560972,0.011590225556150222,,0.0069788995683725714,0.016796679071739498,-0.0037832394974824457,0.00043644256221217665,-0.0020595460899207212,0.0076980762575510776,0.02066521599780184
2024-05-17,0.014904926844615664,0.009760350698602012,0.015567074857393365,0.008711627381314811,0.013958401079575784,,0.005839517074740201,0.007865369477767203,0.00817874352180942,0.00010926177132330409,0.0014362468620395857,0.009968699868313871,0.007199982290380821
2024-05-20,-0.008140711580312574,-0.009450012794766226,-0.006760152523672514,0.0025199772245405976,-0.0022505244458556535,,0.022311060131228452,0.008411221060292195,0.010595187507293618,0.00021812603955215026,0.0011516187840642667,-0.0033118705524795384,-0.004020718179344291
2024-05-21,-0.006933872218144125,-0.007287329771690797,-0.0039783720959575605,-0.0034666865387993845,0.0003128974499046856,,0.028418075236062355,0.007256727291711038,-0.012476619424493147,0.00010904518025675932,0.0024496490866303985,-0.009009625893727983,-0.008459561269358939
2024-05-22,-0.020315241658148936,-0.015116313494104555,-0.01860917961446061,-0.010951624680333862,-0.006023768855512506,,-0.03198309615710248,-0.02008452985285112,-0.012634461658741596,0.00021805469444149028,-0.0028834452468752105,-0.01889800311820085,-0.016385669485922696
2024-05-23,-0.01720662855298558,-0.004006391069616688,-0.004579262365774645,-0.011234258696792808,-0.011265889617491438,,-0.001429574621596186,-0.005424834760312612,-0.02055297492574809,0.000654420952102045,-0.0073311974501657695,-0.021454021683210138,-0.008168440014839075
2024-05-24,-0.000793135444325765,0.005148027832991872,-0.0034058541578585633,-0.00016132865190874476,-0.000827855470467193,,0.02088190768636531,0.006162089941479562,0.0019447873642204647,0.00010875755792181643,0.006594717081072719,0.01295305061329662,-0.004172731602975421
2024-05-28,0.01261634926748794,0.00814406948721626,0.014478955568723296,0.004188022032327395,-0.005109231488789502,,0.02285426668412889,-0.0025833196334240417,0.003233141521328776,-0.00010875755792192992,0.0006987192851188404,0.03037000880733839,0.030203219324664004
2024-05-29,-0.010766606278396717,-0.013547025749829137,-0.03168358772576681,-0.017676667004562396,-0.014901169717811039,,-0.016917382155166753,-0.007542616879051621,-0.0038809133516190834,0.00021768391983497133,-0.007027323127912287,-0.008191680410766032,0.00196511976773852
2024-05-30,0.003163282567040292,0.008630689929027114,-0.0145962163811591,0.0014715545658430746,0.010344919496458231,,-0.026818792215327417,0.019298846567224463,0.007103635347603754,0.00021781713542984014,-0.0066558050403558834,-0.01608074852845391,-0.000982077171984267
2024-05-31,0.028283037223129758,0.02520718771534952,0.025212127349019654,0.020855929771014126,0.01481216950416652,,0.012793342907264669,-0.0008526366193591264,0.008330667444585564,0.00021795025367249987,0.009066729809583752,-0.01261725780371746,-0.024996638167713282
2024-06-03,-0.024255788446689543,-0.030275198418057245,-0.02266213146374955,-0.031366797067274924,0.01771402184948335,,-0.01315113377610928,-0.019191270981953872,-0.018680107359905593,0.00016419874367536259,0.000815302803931102,-0.03537535215621736,-0.03798737253204821
2024-06-04,-0.01567481758044909,-0.008482312536662064,-0.014150799183640355,-0.011290259662026611,0.001617457616368744,,-0.03903466456018078,-0.009484560715026381,-0.0006503704639133579,0.0002184986802879331,0.0011169990342422232,-0.013241683484086221,-0.01475847053746808
2024-06-05,0.003986205965036056,-0.00739293099344724,-0.0003563699439455887,-0.0008351360798088611,-0.005422741920001324,,0.020983705340208447,0.01555251293703073,0.0006503704639134057,0.00010936678716645024,0.011815211217708092,0.010847110037102934,0.0010614303769522124
2024-06-06,0.007485930575663825,0.0061110180372611475,-0.00026732487126753576,0.0040027037092387925,0.0036807486251833675,,-0.022845452029994016,-0.007683924507886474,0.004540999271451397,0.00010917438371972416,-1.8943324963387787e-05,0.018997932853743973,0.028885233726204624
2024-06-07,-0.010762213302202887,0.0009618261565482936,-0.0017840904613783187,-0.010036961115597112,-0.006246446918707141,,-0.021854558347266035,-0.0001242983076915037,0.0019398979618375446,0.0004373900252349724,-0.0012162809014702868,0.00013067624977765164,0.006420980067717915
2024-06-10,0.002922473595538818,0.004219671226591802,0.011540308692247887,0.02037824875724336,-0.01020300645905586,,0.018494427432237975,0.009041945876072205,0.01411189868730208,0.00021866837360210895,0.0030850293585066657,0.028595456883912653,0.018642350809279774
2024-06-11,-0.008080006525150734,-0.0015963793421734918,0.0029083936177052216,0.0021471194731667504,-0.0038054045717782464,,-0.03114563198134653,-0.038461518039048695,-0.008314752174728204,0.000108910570735002,0.002405324556655933,0.0016494325886375631,0.007011422237804083
2024-06-12,-0.011116249186611473,-0.01461193907865847,-0.01275371204986413,-0.005127771211022394,0.006902672075106038,,0.020997042537669035,0.02617926853913814,-0.00579714651257395,0.0002185967620056538,0.00817976780751847,0.008583743691391655,0.004605721716028599
2024-06-13,-0.008055306642170882,-0.008988698494229333,-0.0116552285759597,-0.008326406284041401,0.004784605112025062,,-0.02718918599026946,-0.020811815110261114,-0.011696027367283311,0.00010932552605552207,0.0020110469531248805,0.0006282591147153709,0.01136095203062199
2024-06-14,-0.008487476283751755,-0.0017679677257786454,-0.013619222256157368,0.0006686486359966056,-0.021200474406606218,,-0.04474105199513528,-0.03506832589566423,-0.009192438339393044,0.0005459079765741751,0.0006083662294127585,-0.002515408193367242,0.0006137605299157904
2024-06-17,-0.0068974482563867266,0.004055438061325475,0.0013703509024570878,0.0059980659932544105,-0.0050808463490557764,,-0.0037506889730264856,0.039542095512094,0.010498772861740979,0.000108983726855869,0.007927604214624776,0.02389064727156425,0.0117117356734796
2024-06-18,0.009368991339277285,0.000913503554659585,-0.0011874502540217353,0.017454641572481108,0.03808179933467198,,0.030024834898237256,0.02940651880740825,0.01038969284493567,0.00021856214026111013,0.0025373688106628722,0.016341827085900464,0.027985562310303847
2024-06-20,0.02134663641569738,0.021357628843284012,0.01739647118588275,0.019079011391896276,0.01735194665068654,,0.026390916240663514,-0.0029766307506115574,0.01411189868730208,0.0002180642565311662,-0.0027203419021860215,0.008071846729723196,0.013239019444642917
2024-06-21,-0.008808928141039545,-0.008720235100515186,8.964351779203979e-05,-0.02464457883991263,0.00602108318892893,,0.01371774328722571,0.01955650500030475,0.0012730040658844172,0.0003270072506745815,-0.0013414913654254286,-0.01975223259769144,0.0058024997432324565
2024-06-24,0.029271213362503903,0.025621932540288755,0.03382068203075321,0.03753355654851154,0.006286329146031354,,0.01353194770016252,0.00558733439114015,0.012014077130345184,0.00021830534489369186,-0.003255921869277183,0.01119641731647698,0.003811288323181407
2024-06-25,0.00280183220527953,-0.005349596830632147,-0.0015639480391593577,-0.002374304049374319,0.022756712718162295,,-0.013531947700162531,0.005556289463617738,0.005640907911537817,0.0,0.0038434532800629036,-0.008019484048153688,0.0006914035767480475
2024-06-26,0.0003496776977163464,-0.0159669713436786,-0.012073764950515126,-0.003651692781986024,0.0075693740537145626,,0.015833520614605308,0.0049264404477991994,-0.005012536359378387,0.00010877493922498778,0.00124725931513232,0.002680313495469437,-0.012169125081224723
2024-06-27,0.004273816317277808,0.002369918557660789,0.003163783460598075,-0.0028671170042966518,0.006583768133725222,,0.006492166621018621,0.0011979355835875717,0.006885880456116047,0.00021814401450536696,0.0015752821899136106,0.010288779257170061,0.014355421332091787
2024-06-28,0.0019128247443453773,0.0006395100509492333,0.003591032752708695,0.005408852338700565,0.015157404443200026,,-0.01960474052607771,-0.027182822481793916,0.01178296760221621,0.0003269020297442325,-0.003942868108871373,-0.002532104807405847,0.002984049040879782
2024-07-01,-0.00139087828555322,0.0006391013392051492,-0.00017481152251385134,-0.002382601054715351,-0.010060151340679882,,-0.03154834402930869,-0.023902599963804574,0.008594339773528034,0.0003499859587341777,0.002055774057011789,0.022325287047835936,-0.007938832467781225
2024-07-02,-0.006808063677392143,0.0014684268835359498,-0.0021009030547287327,-0.008304120499036234,0.007884376770622703,,0.013924972643124194,0.016494171275818127,0.002442000899681953,0.00010965444479989604,0.00670731107175983,-0.007227947813202063,0.01956024616085344
2024-07-03,0.005066829090286043,-0.0002552374523379935,0.005679499965697487,-0.0006415561159622968,-0.002180697165291225,,-0.004355542642253455,0.010969449009442793,-0.004277389722547712,0.0003279927457640706,0.0044528171721015565,0.01299640220994237,-0.00033988557512955076
2024-07-05,-0.012186196739569066,-0.015433318838549877,-0.019532443574498643,-0.00854096871165516,0.0006315209344491788,,-0.03390138935077216,-0.020933277391975837,-0.009228085355864044,0.00032779538495486456,0.005749907876923222,-0.00884283307462929,0.004635133503501193
2024-07-08,-0.01055203818562428,0.00012945165503011895,-0.0028472665157778907,-0.01368757637217504,0.006979894776695215,,-0.02325695526237369,-0.022788905026142253,-0.005577910821268283,0.00021868010434538613,0.0011532749566982353,-0.00963891558668548,-0.017178057350877473
2024-07-09,-0.011115251730547282,-0.008785989593140128,-0.009309824965605383,0.0011477495913326434,0.003301255248457282,,-0.012685130742433848,0.003451691179953072,0.0018628077263103237,0.0,0.0009718951024171976,-0.01021582107284803,-0.007717598635077083
2024-07-10,0.008794843389672546,0.013956413605230625,0.011979293973349077,0.006370941255833763,-0.00604149046320048,,-0.006831808890557243,-0.0003828539499822709,0.009876679017550636,0.0002186322938123182,0.009846668354302415,0.007341911778307535,0.0008091082912653426
2024-07-11,0.011813343181572884,0.0008374876582827508,0.01289090340807925,0.0011391572723062147,0.008482066186249608,,0.0008564989315220848,-0.0011497489570884895,0.0018409538438786302,0.00010889426947253695,-0.008660003236682213,0.006335565989147796,-0.0006934813037977247
2024-07-12,0.00017654751065455774,0.002123151934458025,-0.007484675088228055,-0.004564629630404282,0.00649775686062761,,0.007676016756995963,-0.02366740192395215,-0.0036855037955042906,0.0004372531097404633,0.00628784672251405,-0.005137099882132727,0.00989423626164496
2024-07-15,0.016982292990101597,0.015623958273784459,0.01255997785674696,0.012987241350241086,0.0005631308124488306,,0.0016976396318202558,0.006782253713819058,0.008578540892455801,0.00021819604355027516,0.0027461235926625168,-0.0032391606511138213,-0.010703906076278401
2024-07-16,0.0071783955659321655,-0.001709955080168045,0.005396938627577024,0.0019334800582795663,0.005724746776171722,,0.00928678431265263,0.008671598812182636,-0.0018320926846929493,0.0,0.005912678823870346,-0.01574454226359751,0.0020806850646022104
2024-07-17,0.013694166810096898,0.021693661495548945,0.007696632473819071,0.01644492237918264,0.016044886939108712,,-0.016522261610400376,-0.023601138735133368,-0.015399150199735912,0.00032738418269811565,-0.014120401300877288,0.026976587698202076,-0.009747118245897477
2024-07-18,0.00981233947174396,0.004579346618622429,0.0045555391429209936,0.00914254338598466,0.002530137991204143,,0.007235477297747721,-0.016496130625982482,0.014787683806597517,0.00010904446747338541,-0.007714494423302083,0.00011881423408496278,0.005813293897205156
2024-07-19,-0.02324795824516679,-0.017564072608233946,-0.019571160029339733,-0.009459225818489167,-0.0005494374926714807,,0.01598699129577937,0.01067384539570142,0.00548951934824199,0.0003275102788648774,-0.0066627518313295666,-0.03309480774444467,-0.012481935164948093
2024-07-22,-0.006916260737223956,-0.013665049322949074,-0.017911935627840866,-0.030885614165614486,-0.005677684550217336,,0.06425148509584311,0.029294606862574277,-0.003656307084398806,0.00021834035781096537,0.010257253083666889,-0.0022129342691931874,-0.020756245362232126
2024-07-23,-0.01626765847739708,-0.01864529690160804,-0.013354600807494977,-0.013155837419574285,-0.02247281881395196,,-0.011811050765303052,-0.013363898934601598,0.001220255028976895,0.0,-0.0015699778365581333,-0.03774979548328508,-0.014972508630382663
2024-07-24,0.014009522697848468,0.006339941291021837,0.002433318200862427,-0.005644230388204078,-0.011199912207093852,,-0.029337090740673956,-0.020853273380741957,-0.013505475078411829,0.0003270628104440896,-0.02292310919447822,0.00687813181619805,0.009805780404810035
2024-07-25,0.020823381148098865,0.01580264735265728,-0.0006303377004733596,0.007628680035288362,0.008199099726841725,,-0.027704859430289535,-0.020480450334092078,-0.003095117279341344,0.0,-0.005224013565418577,0.008216973102281025,-0.005193562009000116
2024-07-26,-0.0008518915425905729,0.0019023666356364996,-0.00153220601821055,0.0001652203794576785,0.0020958155844814745,,-0.010961448126230408,-0.010537141779347113,0.008642087515527601,0.0005448372374233611,0.011137459437553917,-0.010758916514727086,-0.01500668679289737
2024-07-29,-0.010538751281990253,-0.00788690439045504,-0.015819994849803308,-0.005964279508196777,0.005417562045558794,,0.01681426473328953,0.02432667631683229,-0.01548499736274184,0.0,0.0005876069125860719,-0.016811432184821222,-0.00505269421732724
2024-07-30,0.01767240471031766,0.018787905858034606,0.007213631695823019,0.0014943753420927144,0.023362935600378994,,0.007888779728715732,0.03158521030175178,0.01179048279384631,0.00010896764804284042,-0.005079341629614852,-0.014338097560795683,-0.020974551685430446
2024-07-31,0.003547970121467363,0.0056244244911226055,0.011668503682720023,0.009084246890308949,0.004169963077833366,,0.017627008109686447,-0.002474709409023778,0.003694514568895336,0.00021798919423924654,0.016123894118010303,0.041026778591920506,0.02651882757666111
2024-08-01,-0.013925681435975595,-0.05015592392172933,-0.025594511513117143,-0.023961271693314027,-0.015894373437066574,,-0.017213587996620625,-0.002481058044268707,-0.004929014096646179,0.0002406729079306749,-0.014262251516935196,-0.020624537552540338,-0.0002457606303840749
2024-08-02,-0.0005987719712895406,-0.027029574093436946,-0.024468871103570693,-0.029220289713202913,-0.01801850079451073,,-0.03748593992130262,-0.03120478696389158,-0.014935125293953055,0.0005466465918375345,-0.018793893036102658,-0.03601515411077909,-0.03782068590653615
2024-08-05,-0.018217666356404608,-0.02653551095673035,-0.011410251689061924,-0.026176421201682235,-0.024715221466861247,,-0.0497132863389246,-0.03207064147829664,-0.03314498859998082,0.0,-0.029556156969170244,-0.0070927028687271946,-0.010779008508609645
2024-08-06,-0.005329192058007758,-0.0099344960362672,0.011693825542158174,-0.0008902551642800612,0.024261979606313485,,0.028020448967540478,0.0326099923602627,0.035649819748286,0.00021857499386978259,0.00917728527299611,0.001878438765144406,-0.011548821020917182
2024-08-07,0.01322687495050419,-0.0057413576472844915,0.010623845807281464,-0.00035636635556330617,0.0067208214144806435,,-0.0017558607347789453,-0.007170387932675107,-0.023411390662606536,0.00021879544121885372,-0.00670631433052484,0.02750041096772877,0.021178477509763427
2024-08-08,0.018924209237833674,0.0145000366902733,0.0124537294553291,0.04222538943713477,0.014750401885957835,,0.015260749703924742,0.00406486970223424,0.039540754639681305,0.00010915628593934394,0.022854214706919233,0.01244184012336572,0.031445176662370435
2024-08-09,0.008110133067582336,0.0034544797299923633,0.003135351815812217,-0.002052396558723035,0.0182080454096821,,-0.002165873988432977,0.0043180490413292465,-0.017094521041047812,0.00021854495715390574,0.004399824364826987,0.008209384227066022,0.003831185554978798
2024-08-12,0.0012614067860148358,0.00020682165113644342,0.020197129856181537,0.009711383325867207,0.0004367116116455787,,0.026108880121182395,0.00496950737761342,-0.00704900221003562,0.00032759389016708386,0.0005253201136751975,0.03969719252017871,0.024250259202991818
2024-08-13,-0.009626027237438902,-0.006017205399829208,-0.015478593767028162,-0.02610942788965862,-0.007339281195458045,,-0.00593217746554668,-0.01866185310544525,0.001927419284910418,0.00010926345498062186,0.016311892133958793,-0.02034052516013659,-0.006643740086355645
2024-08-14,0.00920568972471806,0.003600823592054021,0.009096450050364847,-0.00909092082872571,0.012075583901345843,,0.018109559047920602,0.003542675794636227,0.024723942648240838,0.00010925151778251249,0.0031497556912539145,-0.01693242374853566,-0.004372653632974782
2024-08-15,0.006167461063008863,0.014615901502448476,0.017229328339297554,0.015163591500809549,0.002820236942601411,,0.03486097517264914,0.01896566270119122,0.0012515981387491615,0.00010915026706659594,0.01699500857259861,0.015051191614116199,0.011377513193612871
2024-08-16,-0.00472782492660927,0.003196481554598863,-0.00044969670001707,-0.00346555123928591,0.0018398515653555718,,0.014008659376777128,-0.01459867847710986,0.019201599534596915,0.0005456619675205048,0.002239469667383563,-0.02041793079205712,-0.018585411970635554
2024-08-19,0.003041924361222693,0.008137702361441214,0.005024257176341867,-0.003826160276840357,0.0059826354658235196,,-0.0011931618917166013,-0.009439739837416274,0.0,0.0,0.009516061662984574,-0.028987536873252298,-0.005779296749788497
2024-08-20,-0.033892782380773055,-0.014682060190642048,-0.017059077330757122,-0.021487259520229694,-0.01636170589803483,,-0.02743195994190471,-0.024912921030682284,-0.01483353350674128,0.00021814574596540093,-0.0016274374188868961,-0.007280461041748144,-0.02801233554741865
2024-08-21,-0.006391627311831628,0.004344722667332304,-0.0020958932501071934,-0.002673975817229034,-0.0066864669371478795,,0.0020428680348259635,-0.0022570858466157426,-0.0024937674584443194,0.00021818739724598082,0.003430549994761013,-0.033915295396518996,-0.0010150996938144044
2024-08-22,0.00769978425202572,0.002817300027169648,0.0031878672918992253,0.0014270618342548595,0.0003298649600563858,,-0.026050705091186926,-0.004955801450534886,-0.004379130139212242,0.0,-0.007879428239905761,0.013107779151701016,0.0003807831486005595
2024-08-23,0.013763545546319172,0.012885812506644405,0.01291969869473329,0.020117253725437132,0.011206352016683617,,0.005431318816423394,0.0008512669631085691,0.012461355548386715,0.0004362320291852312,0.010569257539537724,0.02808797728656614,0.019354632067302868
2024-08-26,0.021180572683503665,0.005943606205035009,0.019203887957587668,0.0022684476694670845,0.0019549832329601113,,0.006644557331942351,0.008473385287876986,-0.0024798527665760906,0.0001089836897444919,-0.0023866259113007634,0.03346181726817358,
2024-08-27,-0.009556483574473081,-0.01049265792456266,-0.010000472890712302,-0.009281262173358125,-0.0007055790558244088,,-0.012075876148365802,0.004349958381830139,-0.012492423293918196,0.00021811007440240113,0.0013721568299351415,-0.024533186523872052,
2024-08-28,-0.009906185088832167,-0.006485605743365412,-0.0024934847355241397,-0.001056183798466889,-0.00910812156691263,,-0.022453822275561464,-0.01381663426874787,-0.0018873365345017244,0.00010894804963006213,-0.005822277871478469,-0.013290543680956696,-0.018199202390833412
2024-08-29,0.013722755972115173,0.009679228344158174,0.01960154797522176,0.007544598146375686,0.007478153895377902,,-0.0008573239887560327,0.0028354079280295307,0.00502507008637636,0.0,8.962983386921801e-05,0.01850567936006501,0.018689819351490177
2024-08-30,-0.0016096586236562487,0.0035885333930841925,-0.005084200394963256,-0.004028476819130213,0.007422395294587447,,0.03455889610649549,0.012660053678501773,0.008733781023770792,0.0005442949676487164,0.009500822168204385,-0.03143833077821075,-0.016692814194553988
2024-09-03,-0.02116530220420551,-0.022488302624159764,-0.0352389506481351,-0.028120568697764775,-0.012929903037039624,,-0.048375980205814885,-0.05089616302730951,-0.004357255929455129,0.0003939321318894148,-0.0207936920363189,-0.04445176257083381,-0.04775578660420221
2024-09-04,-0.012286189753966113,-0.018066083715075072,-0.011812714500906684,-0.013996373807286881,-0.00989135606018606,,-0.0340514727891951,0.007473239237192203,-0.00688587024612974,0.00010919025727382502,-0.0020489743853403975,-0.016550345943677613,-0.023689323220656307
2024-09-05,-0.007833426823073288,-0.00805676579683145,-0.010277394326551486,-0.01642568060195766,0.0011038835202734504,,0.0017977808923206116,-0.002484879429814562,0.006261662251259249,0.00010953452646092612,-0.0024353413596442637,-0.00028530670664283223,-0.0026820453250562056
2024-09-06,-0.004694174358043506,-0.01695978353265457,-0.013397915625262739,-0.032337123334388825,-0.003536879373297945,,-0.0022478507408064583,-0.009115007997471043,-0.008147812059105189,0.0005463357517227217,-0.016973052327323376,-0.021779183477459205,-0.02240571697526689
2024-09-09,0.02082216315230162,0.01247930191295957,-0.003969288856448782,0.0028787388931168713,-0.011973382939475509,,0.00045006984848582147,0.012037727987016559,-0.005047329751554218,0.0,0.011133757136647862,0.01548175319104057,-0.006198793869250905
2024-09-10,-0.037111843287114865,-0.014863803016246714,-0.0152674756318091,-0.011030482882621512,-0.004041977535232709,,-0.019532842632462227,-0.03142393524839176,0.00126412177143369,0.00032755147293480957,0.004346326994243965,-0.04282807331029954,-0.028451221832199978
2024-09-11,-0.009975660472222656,-0.002535126837252234,-0.01384529973253825,-0.01430700954363626,-0.006546738284304359,,0.02222816086254452,0.009441681011240861,0.0025237282801380437,0.0,0.010206794111059545,0.022522807149553823,-0.00042659083476643606
2024-09-12,0.01366851768888274,0.009599925134914748,0.0032120117688775375,0.00649296120633545,0.0033916729416834795,,0.023499208155549872,0.00861450411112102,0.008158105378680598,0.00010942686666459185,0.008388006506208747,0.023745143423968544,0.04858018757089107
2024-09-13,-0.0007195843370081182,0.010006369578632764,0.005814106828935214,0.001175868140253363,0.010329431546758175,,0.007628600117409707,0.005897794508852339,0.010569002891875857,0.000545798942628949,0.0052090359063868075,-0.0043016986322788895,-0.0017628318349094995
2024-09-16,0.01393759381124044,0.010470534909659253,0.019613130829068983,0.004690461688607861,0.019359210271099138,,0.037293122054704336,0.009656403348481788,0.000618221662726554,0.00021825397176628787,0.001475812389744031,0.02146645795243647,0.003793014571872473
2024-09-17,0.012957972977008384,0.009247081273706262,0.025627956390354204,0.014901131809588665,-0.009688065917709671,,0.0004306134551298793,0.012731616137491752,-0.009938038174195044,0.00010933133146399297,0.00040848561337042405,0.014798538945173006,0.007945634691823423
2024-09-18,0.0034972297510304272,0.0038277423110261665,0.0030427553650959394,-0.0059725825593097874,-0.0038238766538304884,,-0.0038818566066446993,-0.0015828162311685473,0.005602372642598358,0.00021809363146399683,-0.002970247907622801,-0.004026944274016865,-0.0004024954773597643
2024-09-19,0.012316722839637707,0.007129353198996717,0.017612301529962144,0.005396000833633171,0.010879076035007675,,0.03398812649556696,0.01458015850401165,0.003717443868870095,0.00021813492064479123,0.016920418931100533,0.013680860100066479,0.01874431749175475
2024-09-20,-0.006312790532143406,0.004747478264791702,-0.006169961875432544,-0.0075239155627368,-0.0077745601292879074,,-0.07320875415381528,-0.031863006309690606,0.001853585373938373,0.0004361271446352675,-0.0017301318311112323,-0.0019233417111943392,0.00039502271894259515
2024-09-23,0.01796883015415237,0.012687111769485868,-0.0016396454098364,0.011551969109248161,0.009201464618692532,,0.004484205116314723,0.0211631677619067,0.004926184459157541,0.00010895767520143912,0.002495817124092393,-0.01929945357927665,-0.013385661395478348
2024-09-24,-0.0026448700065911388,-0.0006103059067501047,-0.007136337087877779,0.003058114523835575,-0.009146031716629354,,0.015098019506947315,0.01819277762536301,-0.004309107308520103,0.00010921216133550649,0.002857246549837139,0.014060230234005265,0.00452609931342429
2024-09-25,-0.01967107057483537,-0.02388417539401106,-0.02963324206380411,-0.02473084800894983,-0.005216505687211795,,-0.05619965392582818,-0.021497029878394053,-0.0006170771506375414,0.00021794471650013345,-0.0022079972930059673,-0.026899912797045508,0.001459951151879414
2024-09-26,-0.017313790590908814,-0.013848433419916175,-0.03288122144151096,-0.023954349936188526,-0.008156336150106734,,0.06366403392213757,0.022763775536410305,-0.01743506413666601,0.0,0.003956909205468846,-0.030860415800666646,-0.03152625364677401
2024-09-27,0.026420885829502125,0.024350823669434425,0.02328267659696508,0.022192215664985263,0.0075998297621524755,,-0.0013132385752383984,0.007846269505756598,0.00937795083411549,0.0003267836697244017,-0.0014514158032163835,0.006423379749760132,-0.019767040740776693
2024-09-30,0.012015355693954568,0.012160275955907688,0.005333217809081294,0.0099445421508398,0.0011683059241409306,,0.0008757441023129824,-0.004896643398426787,-0.001245297193344031,0.00010878586028802911,0.003999329590234304,0.0004364588706807721,0.010001472451133031
2024-10-01,0.02285569242648683,0.016365470117412014,0.03811335887582155,0.03263965437901726,0.008085676110752732,,0.01864348731504752,-0.0005611046751450825,0.0031104725348133793,0.00022968917672786137,-0.008998908950549243,0.02385856198436109,0.03996468172835498
2024-10-02,0.013170555898228626,0.00831554649869698,0.009011022478207549,0.00356159144827104,0.017550511694520377,,0.03337156133598416,0.027679485905911946,-0.0031104725348133377,0.0001091925346210344,0.000421992719650843,0.004675885246292696,-0.005860432329564958
2024-10-03,0.00868500041245166,0.0019853504114356038,0.018494054029197002,0.024948437257401868,0.014366978183131856,,0.028666981751696623,0.014230780389108926,0.016069536761036708,0.00021870401903934607,-0.001829959097201489,0.04950345495986759,0.03556105202649714
2024-10-04,0.01818894517323184,-0.0033773042331223225,0.018682384409173677,0.017548881100892796,0.006709044734493488,,-0.010552011100704079,-0.018608300047720846,-0.0006132271853634459,0.0002188335153856953,0.009046338124377482,0.008039705639017358,0.022309549148814944
2024-10-07,0.004316466536273507,0.0025175306934687807,0.0015702020722269741,0.002686517869505318,0.008454745357251605,,0.046631330589995544,0.002738140180871971,-0.004920125327897363,0.00021834244133232158,-0.009081570901981272,0.03707281577596431,0.030053174484536097
2024-10-08,-0.02692040644717331,-0.015807098873571537,-0.03476747357596875,-0.028850728214788526,-0.011111781015998365,,-0.025637409350525116,-0.004110081578180272,-0.003087359125819754,0.0,0.00941320719075716,-0.04605471140324961,-0.04440171599970857
2024-10-09,0.00040958155714155274,0.006032024228038667,0.0015330057722281558,-0.007762089818414739,0.0160460607533137,,-0.034135835415212756,-0.027559129977906483,0.006165150278566256,0.00010928629017024947,0.006902691270316548,-0.0055364397715453395,-0.014557422938411071
2024-10-10,0.008563469114037768,0.00646093114631984,0.007988233354518419,0.012353841290891726,0.004232262035897246,,0.010281818291255612,0.00183269043346577,0.005516525318671593,0.00010909710809989355,-0.0017517018867963306,0.03473171929087784,0.030543553784713427
2024-10-11,0.00380956832411076,0.005297262716407273,-0.012323066211150896,0.0034756611899435315,-0.005018019778115199,,-0.007392121442290216,-0.0014095413897484556,0.009732438180337373,0.0005461927951782123,0.005970301784518169,-0.004588065988966459,0.010268059160760352
2024-10-14,0.003795110573664139,0.0023747995254642623,-0.00927451644650334,-0.01564401323599688,-0.010853617744759665,,-0.04467673607877636,-0.01908343327891243,0.0018142212497634592,-0.00010930327675357678,0.00814518816431529,,-0.022679566004103646
2024-10-15,-0.030522488714543973,-0.027045948677805343,-0.039692189363434445,-0.04456975074544997,-0.02673559869174769,,-0.05675271868823153,-0.04184094974881304,-0.010935550304723,0.0003275197863006645,-0.007800182123287511,,-0.06298499419233036
2024-10-16,0.0025725741087371896,0.00674635757146274,-0.00047528165101638005,-0.005835520857937526,-0.006605248099241878,,-0.0013696871208655652,0.002246368566040368,0.0018308948480092548,0.0,0.0043370790357083544,-0.0035164253127401048,-0.00040724903841218423
2024-10-17,-0.0025725741087370443,0.016471025251582394,0.009370162317781058,0.008933905013049541,-0.0007671976984833989,,0.005921340965451753,-0.009166758789391738,0.005472786290200957,0.00021825743440248292,8.577972710240778e-05,0.00407790764079858,0.009728491806569484
2024-10-18,-0.002828947844452348,-0.002980761899946525,-0.004532264616288773,-0.0011608550430248783,-0.0013712431093038126,,0.004078896463614893,0.011706462776942962,-0.004863297136289567,0.0003273411114781335,0.003839100863365285,-0.02098772441906198,-0.02202372866360705
2024-10-21,0.0005830496294653163,0.0008619908179124715,-0.006455898045175199,0.003092471956804649,-0.00616622938113062,,-0.01045721701856319,-0.006887293611264517,-0.000609489153911511,0.00021813839892657885,-0.0016435549492392861,0.01958342703900621,0.007395267886156915
2024-10-22,0.005149804948088277,0.00026507852836743056,9.521309315404185e-05,0.005388655888663504,0.007263476091743337,,-0.02968668468830965,-0.027415461557381077,-0.0012202891022981095,0.00010900712043186281,-0.0005311268340282111,0.02333439206177284,0.030899825366326555
2024-10-23,-0.003568810112576721,-0.002919735662551872,-0.0046775152039168905,-0.015084192848869672,0.0025735720267594077,,-0.05466885846372281,-0.05035110752135371,0.0,0.0,-0.00917942688650807,-0.020387641876431137,-0.012111680630563408
2024-10-24,-0.005669969093067744,-0.00019927541102096098,-0.0013405271893778257,0.0005841730363813968,0.01901305090367023,,0.0009939300824816837,-0.004067925587856207,0.0012202891022981231,0.00010908370451110708,0.0021604988598256437,-0.011130794735852031,-0.005505216992316918
2024-10-25,-0.0008366003517517471,0.002389767978821007,0.0018187641783645246,0.004469291177603508,-0.00775661589047386,,0.004955395081331755,0.01118774050760576,0.003044191376172851,0.00043621586442478116,-0.000345542264216756,0.02019703997360524,0.018013696781581837
2024-10-28,-0.00494982100635807,-0.001791952649153027,-0.012510886768229916,-0.018589864969943116,-0.00732683155803979,,-0.023507036549635926,-0.01740309250801253,-0.0030441913761728046,0.0,0.0030866576271853827,-0.06259650360393194,-0.05086186698243549
2024-10-29,-0.013718697261253424,-0.013508882315381908,-0.009144968852939894,-0.010922417343994685,-0.00573585242727843,,-0.0005061471638061375,-0.027107262356726405,-0.0012202891022981095,0.00021794818887548536,0.0016170844558278737,-0.0025160969390295405,-0.010912251538959522
2024-10-30,-0.005043330360147576,-0.0031698219326984846,0.006429671861234751,0.0017953741959346138,-0.0033476205332722054,,-0.019427949447422283,-0.021297370649912484,0.0054793210312089015,0.00010891208507036768,-0.0030298165972406864,0.02097004769134895,0.029385343717159396
2024-10-31,0.000771018809669418,0.005187622396132101,0.06175498164150447,-0.0011966626097441523,0.05069400043647718,,0.006175909730978627,0.0034381606659098095,0.0006071583533041451,0.00021787696967084125,-0.019797856315194446,0.009675864354679374,0.0005462242386253906
2024-11-01,-0.0157945027379794,0.028157838381767414,-0.015641144560245242,-0.01083465798437695,-0.020215654793360353,,-0.005143921352058086,0.002057168456087687,-0.00303864148481636,0.00042642416684522314,0.004211678376356711,0.0033000962585141595,0.0051743034834487904
2024-11-04,0.031343480822079425,0.005862178178829748,0.009413969159319685,0.019774916233453378,0.0064839927236819426,,-0.01349964030106649,-0.008081780945512984,0.004857391311659968,0.00021870818982405808,-0.002156229673194798,0.028524950104400027,0.016967818880650225
2024-11-05,0.0029465114981001564,-0.0036434163247877883,0.0032099407294458636,-0.003169583161764378,0.01998230299808269,,-0.008399079518448302,-0.00745162171481951,0.023347445447301617,0.0,0.012019295090288613,0.005968509632784008,0.02752527759432436
2024-11-06,0.0170031833476459,0.027707261619148188,0.03967498392052304,0.01945240527998503,0.02735118410706284,,-0.0015827453438597436,-0.017193584141839573,0.030305166862197117,0.00021839546011461492,0.024561360335779398,-0.0038824230686095446,-0.0059935032835480885
2024-11-07,0.0012390571332641868,-0.006041597867239236,-0.010883644962359744,-0.003508813747907843,0.020355419017146447,,0.021933029722232957,-0.018935780321560847,-0.0005742024606083631,0.0001092239927789086,0.007702321716288382,0.009815520845659346,-0.010377761446320745
2024-11-08,-0.00033030050090577135,0.001019780410396295,-0.00026878144342491923,-0.013367623217511695,0.02053319971003246,,-0.018770148621666878,-0.014166684409098547,0.012388630843071175,0.0005462058207146868,0.004322491488504489,-0.027899703313681343,-0.022568895420434557
2024-11-11,-0.005298500094509314,-0.0027435483870995683,0.004113823706849658,0.005526000709944417,0.043806730274481134,,-0.005806333252135597,-0.0018307734014167726,-0.003474266013522897,-0.00010916434703271627,0.0009522685612223012,,-0.025303955554227268
2024-11-12,-0.0009966268253105111,-0.007761845582955488,-0.012663537761024581,-0.010286865491730737,-0.0037298953103461095,,-0.018702005044025173,-0.026930767463172932,-0.011082116174374261,0.00010916434703265557,-0.003111074729682036,,0.005112273655811607
2024-11-13,0.009263250354080472,0.021847497340879814,0.010608670210433392,0.016369453384075264,-0.019242364177424053,,0.04069245669352469,0.01938904021796333,0.0029284481636029235,0.00021829295000460827,0.00048575555089007405,0.004810855550242166,0.004125985773536572
2024-11-14,0.0006636864224307802,0.019219223187700554,0.009789224272002902,-0.008841732337156908,0.0037074384642518912,,0.024048308688993422,0.014845085550568205,0.0029194703771686053,0.0,-0.006450987500950271,0.00333938604336873,0.007247894976553787
2024-11-15,-0.010422319535866805,-0.002351260447112237,-0.005327616520190914,-0.013911241438931883,0.007185397414869137,,-0.02819983198739858,-0.022816243767255145,0.008130297233908455,0.0003274383001688753,-0.012891343001767624,-0.024355664000827712,0.0008172160629148973
2024-11-18,0.008346487789505419,0.006052114176530314,0.01273902667391292,0.018636641119427796,0.01147421027404548,,0.04822055675466015,0.019536215399684052,0.016633415581654296,0.00010909288308509958,0.004088904662761587,0.031145144758738353,0.01217877028627767
2024-11-19,-0.01406227270701468,-0.007241993298774387,-0.005907043663729185,-0.008086067539722595,0.0243348031213572,,0.015732818614520423,0.016472453547611145,0.021385160279038813,0.0003273835755429761,0.0036489233122981206,0.004166373385547123,-0.000403578400581038
2024-11-20,0.014145457585388528,0.010781310057975859,0.0030019605999400158,0.0080860675397226,0.0027230745483545027,,-0.01177634802632842,-0.018665010083981994,0.017660693581563264,0.00010895713138286374,0.00033874168050923445,-0.007194275634027085,0.00013454423161901268
2024-11-21,0.013292289684315584,0.0018577421736137945,-0.013580363619566669,0.012298740536297571,0.019523551601215935,,-0.03669678674388691,-0.03272281077565407,0.037051196500832904,0.0001092978154129824,0.0053538781919065265,0.01632806255259241,0.010172755374590498
2024-11-22,-0.0011489084152191242,0.004506436253810789,-0.001341334591233297,0.007538458851011106,-0.01067952706884032,,0.0010235381424299084,0.004370689074139485,0.005257534100680863,0.0003271169106399577,0.003094694863942919,0.018160561046634986,0.013360870755847529
2024-11-25,-0.015056455169907154,-0.01239474497315558,-0.05188213587831218,-0.029112261052667163,-0.019872652979402227,,-0.026958622682597737,-0.018756659904851147,-0.0052575341006808685,0.0001088096284995132,0.0033863079232474736,-0.03218081931518283,-0.02434116318643506
2024-11-26,-0.016811402973453623,0.01344111572411862,0.0063885564895044475,-0.011765934688179625,0.016723069021385407,,-0.0517636293214692,-0.010682696335505944,0.012051415637522935,0.0,0.005207896253582305,-0.005200069496191162,0.0038970686961307885
2024-11-27,-0.002631222283125937,-0.0025873009503176243,0.005696441870078374,0.009384166088317875,-0.0005859916429836111,,-0.07406533791124986,-0.010206179380511814,0.011393137702168843,0.00032732665148695793,-0.003034763474673077,-0.0002896871399169196,-0.008756033580540404
2024-11-29,0.0025463802675809812,-0.0011111091246927829,0.008807322362428996,0.005153632993049001,0.010049805319464018,,-0.03641173012798179,-0.0005921042369941059,0.02240421192065369,0.0002177766997842163,0.00619295331613714,-0.01121724923682313,0.00337678446080431
2024-12-02,-0.0009328592594632458,0.001727825804592107,-0.020515422226328336,-0.0031684060743127377,-0.006448944206155998,,-0.029478489562650968,-0.00932073874330833,-0.022404211920653706,0.0002731005005681234,0.0017908603149040228,0.001317619691397364,-0.018371612850979945
2024-12-03,-0.0015285980161344338,-0.0017896566826237912,-0.0008482214644621723,-0.0003966209137093949,0.002423195783800002,,0.08419607621497013,0.030995058012533386,-0.008273092183615787,0.00021890196065395235,0.00046367499375192284,0.02599424337851152,0.026964576573811856
2024-12-04,-0.02923252955785699,-0.022483899098997777,-0.024242515000823587,-0.030213709143190104,0.002730310228716296,,-0.055335886328849684,-0.031393792990580496,-0.014644594414154945,0.00010921301560700533,0.006190198461458886,-0.01928672333408147,-0.0016055663069095673
2024-12-05,0.004365722324127399,0.006359216362655481,0.008944492807055327,-0.008626310471099848,0.009785851822834729,,-0.02568256833624819,-0.01243488954322098,0.0047306673587599,0.00010928907904988158,-0.0016468536024237565,-0.0033481361796142404,-0.012124626504992344
2024-12-06,-0.01059796902629494,-0.02600526814749461,-0.011750069596270252,-0.019579656644853654,-0.017819036512331195,,-0.030276096772682854,-0.015251859142883524,0.009913927055395273,0.000436948963141443,0.0018938421023573637,0.0,0.0
2024-12-09,-0.00591674598068496,0.011782978851889458,-0.000581400340102195,0.02451815419815458,-0.03503184602466195,,-0.004588652320325826,0.0014333620052348842,-0.022047886732546172,0.00010914145918011943,-0.005163034061252135,0.0010201851792058312,-0.0006779201669703153
2024-12-10,-0.0020393657899422427,-0.0005095205140388746,-0.007785256203737943,-0.009321703036875245,-0.006836396692705011,,-0.025958248005916725,0.0018399033006053066,-0.005322223464852676,0.00021859887878814717,-0.0031139625452146617,0.00290909296068373,-0.0012214156366821198
2024-12-11,-0.006678862810165702,-0.005044510910369481,-0.0016621166463227902,0.008702914558719075,0.011074061493052869,,-0.01880930469306212,-0.021888161440441128,0.023207918850290544,0.00010919360969757096,0.00770103838263702,0.02467489983807496,0.009998732132046783
2024-12-12,-0.0008938616629923947,-0.009648891593751761,-0.012604778068722759,-0.005793736048424108,-0.002652145550579185,,-0.03506620397642785,-0.014086159737288668,0.0015629206704713694,0.00021826356259989523,-0.005165913499901922,-0.004544816798883591,-0.01162961044949239
2024-12-13,-0.008802732910269298,-0.00544434189275047,0.0010893903395390613,-0.011478555852205466,-0.007341962765511088,,0.03436270437167013,0.022609334194121308,-0.008888840441910247,0.0003273499791979747,-0.0001986415474580235,0.01819642561701662,0.01846289221384412
2024-12-16,-0.021614059426114437,-0.02974866597552476,-0.014457515528513095,-0.02207223137564385,-0.011898136769184001,,-0.02855295980994701,-0.017330134556280345,-0.01801873328058894,0.00010947355706149908,0.004260995434072845,-0.007154410821153119,-0.007909418537562286
2024-12-17,-0.004249781790216395,-0.00840401564026912,-0.013243923995015998,-0.0008587938209262992,0.0006648038523707825,,0.0014472138891804655,-0.006974443340118446,-0.0032137424557705826,0.00010884665471777847,-0.00412866616472758,-0.010188286798648586,-0.015462128201048524
2024-12-18,-0.014830398035317502,-0.027586543705178147,-0.024832660266236053,-0.011665634683309452,-0.01931399242564053,,-0.003621896309151937,0.02140241191045632,-0.02388811846607458,0.0,-0.030256517608486612,0.006944964488604021,0.019089458033038447
2024-12-19,-0.008587784512183637,-0.02054570737645388,-0.007014430670637473,-0.014445338829345894,-0.003441526672602023,,-0.03245120702466464,-0.019495454219607085,0.0038387710214260588,0.00014229978970679415,-0.0003072584289584698,-0.009936206659129719,-0.01105728633577413
2024-12-20,0.003406260976417547,0.011972104909904599,-0.0006306947917242878,0.038279036715330485,0.014222773640423497,,0.0029940125204520377,0.005278085019846352,0.03178299061370257,0.0004381912833871254,0.011939437265177957,-0.005579014542237089,-0.007622195606793537
2024-12-23,0.004053381377719036,0.0008396785888474691,0.013159459801479811,0.014952272561430988,0.002343151403239677,,0.05028380663963121,0.034561134334309254,0.009498832567305483,0.0,0.0059705691359047235,-0.003017026927560802,-0.014727401278019105
2024-12-24,0.0009401818811621817,0.006066703119239622,0.007545636843931194,0.005835754646681933,0.005287295022691675,,0.019705130417100224,0.012332171822429688,0.02898749291611573,0.00021902365837145714,0.01105353996160407,0.01952046025141831,0.018954007883674455
2024-12-26,0.0008455431689612192,0.0009727619052780537,-0.0022680880069063103,0.001661075905152879,-0.0010457815663220617,,-0.018994633331468305,-0.010909218540503442,-0.017499381797568436,0.00021897569751291583,6.672738724073259e-05,-0.0069380809287256425,
2024-12-27,-9.39139428948954e-05,0.0001388407893626951,0.0003096363078725458,0.0074412880339548,0.0009983197762635104,,-0.00569801784590407,0.0056714118721861275,0.0010380365278532353,0.0004377198786419566,-0.010582411670752774,0.012706651269114883,
2024-12-30,-0.006784787010335432,-0.0064791681866233665,0.00175241473330729,-0.0020614851967163815,0.012230198219114323,,-0.00788815017260831,-0.01649550794571484,0.014929440541783214,0.0,-0.011477115381013247,0.006293286975789142,0.0063509435817341465
2024-12-31,0.016969399146905758,0.012295591446660578,0.02119724017164772,0.01941410477403612,0.008412325376596074,,0.021368286288924215,0.020124577402691714,0.0010216017272609,0.00021856886422686435,-0.003644895318659014,0.009849562876869517,0.004569286272729764
2025-01-02,-0.002419985605819835,0.012828249769036144,0.009134388261276149,0.008062908331471854,0.026317962520109407,,0.03462944603130332,0.006819094259657487,0.006106728265300035,0.0002186087817793295,-0.002459961564865795,0.018464588055062788,0.02070137620367658
2025-01-03,0.0051123178817972514,0.00774046221279147,0.010041246830950694,0.013955544451913491,0.008486045848345468,,-0.030409997478519465,-0.023663615306034023,-0.003557706838031495,0.00010968098669174806,0.012426054323864724,0.01145333546881293,0.007588679620831535
2025-01-06,-0.0011132200971149281,-0.003998599766493404,-0.010941170668133542,0.005134318661404443,0.006406998959613601,,0.0014025592329242058,-0.014222678699261259,-0.001018892988901657,0.00010896767602584892,0.005743928289618867,-0.004431024369710488,0.007143351370309762
2025-01-07,0.009330782664258373,0.015698476389757184,0.016662201564186165,0.015246582476536623,-0.001788035193206949,,0.10815959862213877,0.09291047384488837,-0.006648069094237355,0.00021860086593048045,-0.01136849654505707,0.00910923914392006,0.007349655932257202
2025-01-08,-0.016877161389549256,0.004735152253060498,-0.0004918646971192083,-0.007008010438810228,0.007488412646656291,,-0.004412217053592196,-0.008931303156642943,0.012238911857366409,0.00021881595592996574,0.0014599780364298663,-0.01342482237583846,-0.006056329316386467
2025-01-10,-0.003653994184663603,0.018719211762415946,0.0029478779469022157,0.0021465391174699203,0.0001331472382108733,,0.08474507299885521,0.04588648157327653,-0.01583695781477764,0.00032774001478091204,-0.015385123221368308,0.04337583300803292,0.030423017092219853
2025-01-13,0.025484450128294176,0.014328099801682799,0.02241175381671557,0.026545126698648967,0.01856382477801918,,0.06024907910571312,0.031760158572330936,0.002571307104344427,0.0001092228062683909,0.0015492396610574451,0.02933135544395099,0.03607655008049229
2025-01-14,0.003926642851807499,0.009928025983480856,0.0062167515288739095,-0.011454879831433605,0.05779015739087666,,0.008163456450613142,-0.004780047751865803,0.023351480757511874,0.00021832226563533194,0.001374983513596442,-0.01736748983817798,-0.003634605406576671
2025-01-15,0.01618272063688568,0.009072712687321774,0.005704623589315741,0.011834557639195253,0.011411880847752088,,0.0134589963830836,0.0023043542380037146,0.0055041192555917925,0.00010927459367820917,0.018026520303546564,0.03184060585565884,0.013143011881501342
2025-01-16,-0.0017054089538720038,0.0066099187926805195,0.0012316688897232974,-0.0076192091185641195,0.031151168807344986,,-0.0668941562740034,-0.03715487391327342,0.010424502795939202,0.0,-0.0019250258231096,-0.017241806434506218,-0.013143011881501342
2025-01-17,0.008943028709472148,0.013028088026572883,0.002269959119552571,-0.006329704997367326,-0.003554285351630565,,-0.00746058987839393,-0.029841870124970193,0.001973342817968846,0.0005457563900879393,0.009989888126204568,-0.010005782926207518,0.007617472297394096
2025-01-21,-0.00759648303058128,-0.020206568761984206,-0.014943375869369868,-0.02770365948768718,-0.012460611094595826,,-0.05688734045454332,-0.09902773295586514,0.03009934756936888,0.0,0.009111944215059706,-0.0227882407037582,-0.029955170835788157
2025-01-22,-0.017557040420725555,-0.011632083027461378,-0.01176828107193941,-0.006947906033571819,-0.06739760887126739,,0.014527970702804517,-0.0016736925542928979,0.0004781965478898685,0.00021856913775311618,0.005605725976620758,-0.008763380914503505,-0.007099737115222933
2025-01-23,0.005644684526307765,-0.0025607275634770277,0.008983373040609062,0.0027849112050349315,0.0039773876777669795,,0.012541409557076387,-0.0008378151526372737,0.006669659306133267,0.0,0.005443180457231125,-0.014423008870311421,-0.017400514680167335
2025-01-24,-0.01361940301234698,-0.002310181532213615,-0.02098998683233011,-0.0210787309111199,-0.010425892821844468,,-0.05176204042627088,-0.026543639082936672,-0.00047491759770649405,0.00043629541109800883,-0.002923649506611698,-0.0008000000426666934,0.0011440921606443687
2025-01-27,0.013800892573780353,0.010099830636305875,0.008410097863610721,0.005462875780074793,-0.03243618904282569,-0.1858277659246728,-0.0031299070137606514,0.004723042876823008,-0.06071357593370761,0.00010895667610025626,-0.014246265141828212,-0.019666582128974354,-0.018076256560982502
2025-01-28,-0.019523054719645282,-0.00650841405221785,-0.012839099968499327,-0.011363865241236878,0.008914951328038668,0.0035062411846914308,0.028432029713649647,-0.006877354471382575,0.026894176314846086,0.0,0.008555742924976927,0.008668617197944798,0.009143068006845565
2025-01-29,0.005814192021641317,-0.0033345695907790085,0.001774002457812011,-0.0034753268163872177,0.0069085166296708805,-0.002503147811652613,0.031786961438616625,0.029954368997266296,0.008806291446807087,0.000108944805836308,-0.004493100456406383,-0.016452883203406998,-0.012771895213459079
2025-01-30,0.008247906936566298,0.004038621975604993,-0.0009851160980214675,0.0018413927330390822,0.009427446901022369,0.02132495744678835,0.031379631091888155,0.0031346512046415225,0.026437482634322582,0.00010919520218145456,0.0053527269690866785,0.0021911813751985575,0.005180016762739313
2025-01-31,-0.025324877203462465,-0.046684640212482156,-0.026263414645836137,-0.04751337212817281,-0.028866137917749054,0.003428765678279311,-0.00919557749562668,-0.006488890871939946,-0.028876070450315355,0.00032698972686151826,-0.0053360588431012705,-0.003563111896325546,-0.00401217130463276
2025-02-03,0.00243084560891599,0.001004830409662863,-0.003547649029515722,-0.006020369939157257,0.026082039176681202,0.047275474417922445,0.013191968214241687,0.0069060919530914465,0.013579341197786293,0.00028416084009230414,-0.006752394526380682,0.009292223188024393,-0.008072960511094664
2025-02-04,0.026447014277008803,0.02564941637569945,0.021099843790725967,0.025970153482617102,-0.006774916482649935,-0.04727547441792257,0.0725195384276615,0.04406170390937075,0.0004815501351821209,0.0,0.006686029042375814,-0.00655024176071843,0.0011759327153739291
2025-02-05,-0.000727760659358032,-0.0015022442765920197,-0.0036854383077410974,-0.004844816128386499,0.011251809552522926,-0.038379954116081846,-0.02034338386829518,-0.009826598985350385,0.0009625057992222283,0.00010964072666871073,0.004046199889265624,-0.022849432772343917,-0.02472199406143863
2025-02-06,-0.013283966642576365,-0.007150349611645851,-0.0026978988687229788,-0.008055873492490704,-0.05330620404082465,-0.1185455243038846,-0.03019710317897663,-0.019947797651960333,-0.020408842579731568,0.0002184593436502522,0.003469690167650366,-0.005900550977477651,-0.0022780579365973483
2025-02-07,0.004233281999608399,0.004728808061313723,-0.015935986827843862,-0.004266245987062542,-0.002984487123551628,0.0034265749397357583,-0.005589754392481377,-0.032385506721509555,-0.005753716210974218,0.0002185862699411095,-0.009195733845060524,0.004919540458048141,0.0018764246224094406
2025-02-10,0.01892177768974849,0.020429570942849428,0.011322528604940728,0.03363071795972488,0.01840678638556177,-0.018993422720805855,-0.003931411942775867,0.021013579313892913,0.007996198359309892,0.00010940618602923599,0.0067682358555795335,0.01957716117150991,0.02054276732666046
2025-02-11,0.0062881804534991115,0.010663659205704888,0.022169027419920335,0.004742752700120828,-0.010483136697166094,-0.04213023209376168,-0.021041436857775854,0.0018697179131156785,-0.014035432917022651,0.00010921961548000142,0.0007602428865703221,0.012841706528272753,0.01845646359451375
2025-02-12,-0.030548693565493647,-0.016264529705005915,-0.033084843467110756,-0.0161762144602867,-0.046120301289712416,-0.08009321338719964,0.017094394131951164,-0.006663874866436218,-0.008109469713009292,0.00010929497940134318,-0.0032266930567723807,-0.026826011957790104,-0.029669561755706838
2025-02-13,0.007239676690764663,0.006306703949020695,-0.015361314194142441,0.0010448912465092282,0.0031957374294043148,0.0039319312463207585,-0.02285824065670867,-0.06920184844857243,0.008614160610944513,0.00021846685668430068,0.010502226223428519,-0.000836936860124371,0.003046561731189101
2025-02-14,0.0010168508512001938,0.007560362652887588,0.0014555045681178603,0.003752349618550372,0.016670607781246346,0.04288660214749688,0.021161788714111944,-0.011938437940096185,0.008540487144335935,0.0003275671995786448,-4.9153363785846196e-05,-0.008548857333698066,-0.005570306180243064
2025-02-18,0.017401277240259642,0.00526472836485567,0.012286549023501233,0.016099338729096684,0.009926128628982595,0.05900158494102131,-0.0016991064905629248,-0.007962708822330368,0.015388716478711258,0.0002183476119218347,0.002931364748671542,0.016194685919980606,0.016749484878331083
2025-02-19,0.0014516503371560738,0.006828607418274875,0.021521551869151095,0.0430799532257742,0.014547057711926865,-0.04964703396678689,-0.011976313444506309,-0.021004825331535956,-0.008906330601304378,0.00010919953784210441,0.0023522760284255726,0.005110861321834155,-0.0015706809511829341
2025-02-20,0.015294895592170213,0.009872826783954807,0.024111829309270597,0.02134340682646732,0.03639379149770643,0.026341524670022733,-0.03919778932614737,-0.010552288405980494,-0.00898657320492562,0.0002181889160140803,-0.004168940988582983,0.004124851166778567,0.007958812967804523
2025-02-21,-0.011765252249700606,-0.011846278417666493,-0.040617704531316356,-0.03258505912436381,-0.025711084614301213,-0.07336414112335038,-0.013213246894438828,-0.0284538351392996,-0.027970401306925363,0.00032745564123082195,-0.017252251886966014,-0.030085834622314848,-0.02726902811555175
2025-02-24,0.005226002904522508,0.006162431140949553,0.008944928384610085,-0.011168870434191765,-0.006259424417595007,-0.012438759576225448,-0.011553892583422825,0.017312348146253417,-0.02189870529127455,0.00010912805647845478,-0.004560658050286892,0.0047961722634930135,0.00013353809193916634
2025-02-25,-0.013936676434480077,-0.009353867288026334,-0.017764686400777673,-0.019646216417453163,-0.017163499701997206,-0.07309516938827737,-0.03611844463185914,-0.01901163668343692,-0.002639121709128052,0.0,-0.004985563759225436,-0.027246532482113776,-0.02405521395605119
2025-02-26,-0.0024636980810663327,-0.008216801351812473,-0.009833884557007318,-0.0069786556131239234,0.013562624074384326,0.006358325446900323,0.01260261689783315,-0.009765717018926234,0.012605127129532033,0.00021830753186243454,0.0005046234510921561,-0.00405738855416041,0.005184186235555235
2025-02-27,0.006283854407428102,0.009813741694202141,0.012816735328550837,0.002057667711766041,0.004283074250658499,-0.01991534083641886,-0.042205823339845294,-0.03317430796795331,-0.011548555535046702,0.00010891807245650297,-0.016090692718088075,0.025092720943633507,0.020472095440765174
2025-02-28,0.010655668696103857,0.012369638335721878,0.018115652872300957,0.0038977738251251464,0.0384894855450182,0.08070563105808974,0.047202582013947475,0.010595488339272683,0.01831069987966031,0.00021814900482413713,0.015484988958083439,-0.009246811742435095,-0.003338455394182807
2025-03-03,-0.032592198367149175,-0.035485413464799075,-0.0680207414650239,-0.0501731740541472,-0.0343149354219637,-0.08142427128824688,0.011152495195406212,-0.012626424327927528,-0.013570002189125626,0.0002076503663074503,-0.017675163929164895,-0.01933682183726209,-0.025880449946148385
2025-03-04,-0.0020437360913620087,-0.007145463452762985,-0.021717433379304114,0.0017207445929362435,-0.003947137247487092,-0.010115569491072583,0.022541378931624848,0.0002542055705783439,-0.02986913043618519,0.0,-0.011907614601921914,-0.0023340637875716675,-0.007440100454353251
2025-03-05,-0.01972073303541986,-0.007859715318009566,-0.019608562753606493,-0.022165100584531746,-0.011061952207272654,0.03285990477704043,-0.05002585503432545,-0.0025439623131455723,-0.014726076340138883,0.0001092081833024165,0.010690568398757773,-0.027991460986092676,-0.01940995098085334
2025-03-06,0.02046447981847108,0.014090257901266086,-0.0031553106867553645,0.004384867674827253,-0.009931520659785281,-0.4470778368399706,0.02501698782286059,0.019173237187267527,-0.027856943637317392,0.00010954455252349509,-0.0179105433535515,0.0006006006186547006,0.002253522080443475
2025-03-07,0.012924754270615284,0.021922089597978384,0.022653480915599676,0.032924029381592425,0.021993069814785982,0.014184566528124503,0.02380335257552306,0.0010089897007217027,-0.013652352601591528,0.00043718789468262834,0.005589214198181434,0.010006804434693078,0.019642618026335813
2025-03-10,0.025180266695931267,0.00783679017757937,0.024738371715455683,0.0076303656840616355,-0.026692801422260597,-0.0289621377261055,-0.09085691332886732,-0.03098437767814808,-0.011520672358822849,0.00010922360262409519,-0.026996709750957863,-0.01467092181945047,-0.01964261802633572
2025-03-11,-0.023896888314749114,-0.022397955176142986,0.026659800212840184,-0.023068017623443182,-0.014233263883713498,0.07737501484887813,0.029289434889766975,-0.00993208730552857,0.032490682726815164,0.00010921167413159433,-0.008347703765828366,0.0031619389439505835,0.006031296773854049
2025-03-12,-0.0002748245444073147,-0.009193176970831593,0.024229716381304507,-0.0038970670406977587,0.017771838120519762,0.05824926935642394,-0.0012836641675089944,-0.0007883891742174918,0.031468285081651684,0.00010928675524136165,0.0052925229326929195,0.01684470029207016,0.011816360466789723
2025-03-13,-0.004224115297469915,0.0061380963302573,-0.016087738694886368,-0.01420008910846499,-0.01692064143264983,-0.05721570891090997,0.0038460596724584364,0.01875046787792597,-0.012578671722425678,0.0002184506982384388,-0.013419953983158109,-0.012344917688186737,-0.02151221384333678
2025-03-14,0.029289896441801366,0.021956374039661934,0.02828925438117573,0.023484458833572065,0.03246195945602428,0.10111593299044588,6.441266779007046e-08,0.020682454378580427,0.030354436695395913,0.00021848995694162245,0.02044527768177283,0.009087585817880288,0.015690991583720344
2025-03-17,0.016485309598575217,0.010768417944724643,0.004135041162202121,0.015567052921488063,0.018093686366425193,0.0527394678235572,0.030634171116348346,0.018280284074115406,0.009035484188730264,0.00021826832951469036,0.00768163565547106,0.00606196873715697,-0.00013901438821291274
2025-03-18,-0.0010554669383518297,0.013081924269028988,0.011706450514009079,0.008218367185063599,0.006762915754239384,-0.03607238719269829,-0.0063051272760224165,0.011840276826807017,-0.011708468036652831,0.0,-0.010867171874899478,-0.005172552728332601,0.0
2025-03-19,0.015455520561205624,0.019947755633189332,0.007926328630846262,0.006484623640622605,0.014358769700987043,0.028068859141635982,0.04996409758230595,0.018465078461039026,0.013822728750006364,0.00010911630195776187,0.010831906618755681,-0.0013344208370536276,0.00013901438821290707
2025-03-20,0.00423675525567827,0.00437921458337239,0.009624856138545508,0.0,0.012940122004257709,0.05048929137784615,0.015522638097619083,0.015289362449424183,-0.004763278998776384,0.00021845765592110752,-0.002895991331383918,0.016918388090061943,0.009270215124677446
2025-03-21,-0.003457273440356941,-0.00012136205402850497,-0.0038191370706492666,-0.00041704118140319953,-0.014877965162481402,-0.014536435922053944,-0.04731014974015168,-0.06185519725427769,-0.01335127386205378,0.0003272060090831367,0.0003298658763302372,-0.00043773255240427605,0.00041308090088259565
2025-03-24,0.002594075003784153,0.001637532806747327,0.0026456004273254052,-0.00041729650692841336,0.029366627020146696,-0.0034512331389566675,0.01173217896953875,0.008288287605388888,0.014941592193704781,0.0,0.017750086193809182,0.013625373860008696,0.018008672225886136
2025-03-25,0.006798856181493152,0.005559727225738245,0.0035167172637823713,0.02249142774915188,-0.006830064344739486,-0.008680430474187916,-0.012353520725816362,-0.021745428054924097,0.0,0.00010930553288028352,0.0024009971253177113,0.0002878940569764286,-0.0024367143503944
2025-03-26,0.014306684855933383,0.012159024307391948,0.006318345453014057,0.014986159013042887,0.0019377122968229088,-0.02025623364276008,-0.021357592399003457,0.004081664783325543,0.0026445968769704758,0.0001088592159067103,-0.0120100659661846,0.008170331410111706,0.011052815041185604
2025-03-27,-0.003218169348789254,-0.007889666791142723,-0.003689053321139384,-0.004835884009044569,-0.02465066593547949,-0.05391889986991134,-0.054808227607112736,-0.03181435143401137,-0.0026445968769706037,0.00021820401849504233,-0.0026592845740137966,0.0035625260336033114,0.0016072867108720599
2025-03-28,-0.0013579926520188145,-0.003365926935293795,-0.004386104852023363,-0.013829784416192434,-0.0024723374415600878,-0.06798733283277988,0.004016068986962903,0.006026367649654775,-0.009045098536645995,0.0003271299525759438,-0.020343823330424816,-0.00799775756911411,-0.0004015795516118532
2025-03-31,0.010141106165904126,0.007198974016039655,0.02555705024210027,0.010795576260205546,0.022595664787533956,0.03457133985050476,-0.008048331841576925,-0.018455486273961163,-0.006434186061688035,0.0,0.006690341369994916,0.030084890232846356,0.03344176821219722
2025-04-01,0.000924553580794,0.007266092691440817,0.0035169802508217126,-0.003450046606963022,-0.0019465134278962805,-0.029558757510761792,0.01204833651232884,0.013742170937206293,0.007502500363375564,0.00022963044575204092,0.002820377385503122,-0.003624202461502871,0.007096346146428626
2025-04-02,-0.003113060512939208,-0.012179785860101506,0.006714352321409648,0.002842051236104782,0.015765902960352778,-0.004008092326069783,-0.005336903043546813,-0.017741616626068196,0.010621381111929161,0.0001093706328787943,0.006308494357111239,0.0070966693162682224,-0.0065785467821088146
2025-04-03,-0.05401574803072897,-0.06419022797356717,-0.10787704020185128,-0.11661801601558455,-0.06402144147065288,-0.10357730733064521,-0.04165842294089291,-0.08470681059358107,-0.06548976470941961,0.00010935867225171552,-0.050536534960503074,-0.06724137558862589,-0.06316764809073609
2025-04-04,-0.07467600283955132,-0.0858242222835376,-0.09879131092720246,-0.07962526871032219,-0.10947366444643236,-0.1827669485734154,-0.11126667080543233,-0.0764144254811165,-0.09271898514196195,0.0003280910385300993,-0.06032656014450251,-0.07720428590385729,-0.05935027560736627
2025-04-07,-0.013508405327559037,-0.022087359863960244,-0.007211069144513071,-0.04515832947857292,0.02478521933997863,-0.06632262313283155,0.10777379352763133,0.10422985227915085,-0.01810856198869097,0.00010905059667869398,-0.0017827814203064058,-0.022192536285919776,-0.03316535656081924
2025-04-08,-0.021305663857929844,-0.02324351050898259,-0.03576680280302994,-0.07056097894482083,0.01453291247023172,0.11077441917895187,-0.07782918103518807,-0.06002377470095555,-0.013959592598931281,0.00021893283342644596,-0.015786671024523878,-0.016682193791452474,-0.019391400807399
2025-04-09,0.04870976399348397,0.06434221126038121,0.10171249495439885,0.10804314750662855,0.05992477671600764,0.11008062365816608,0.08201913057202549,0.03249926023685337,0.0631396920935055,0.0,0.09986289644408139,0.04223338977206039,0.03692913577151023
2025-04-10,-0.0570805808643854,-0.07868545839923272,-0.09411987441069232,-0.09812300836834648,-0.023174364022035383,-0.11136029844491226,-0.022552044141983446,-0.032799666304026844,-0.046662678496917395,0.00010910155917648751,-0.044808159689229236,-0.033444675544465695,-0.029096799026043816
2025-04-11,0.03161742816685117,0.004804094992840748,0.03654345200251826,0.03237398874195272,0.0344950749844824,0.05843802725533519,0.09964214507574275,0.06961348604677502,0.026056021798470115,0.00043698071304154145,0.017685508564705313,0.02188199653828487,0.022088643898340397
2025-04-14,0.0024209176130043555,-0.0022883324033759907,0.0006942039999439784,0.0060870920496085765,0.0060637925673795974,0.016767040764080567,-0.033456738417592634,-0.03885084658012953,0.02956477170008506,0.0,0.009654564485726522,0.0012913641826873684,0.005223502661167973
2025-04-15,-0.0028088364524534093,-0.005780941503747102,-0.008480060775559751,-0.0026419384601122585,0.023630286350631424,-0.015560076511128238,-0.03185619467808307,-0.02179134561513952,0.017094472780242,0.00021841877032130255,-0.0028047392406681144,-0.004041062639814804,-0.008971352037267876
2025-04-16,0.010516712476557435,0.006076664212728619,0.007438528287260009,0.01704964521308278,0.002200730077664914,0.0687516337531756,0.017070981575846134,0.015948463354243006,-0.011166872697481988,0.00010901818734001104,-0.022478680983856872,0.018296129046937823,0.020220730585558885
2025-04-17,0.025864714722236587,0.01837313539131276,0.029887035524398725,0.03224420032849368,0.01743336305374402,-0.029716450258852976,0.04436340856784458,0.034555807634259784,0.02047455630078973,0.0004366468777909116,0.0014256749196053591,0.03423546538594135,0.020252750221961262
2025-04-21,-0.014792725560840079,-0.03048837463170859,-0.01620159716479816,-0.017528615350247127,-0.03566862535056867,-0.008153778284557704,-0.03828850028209764,-0.03396998074520875,-0.041980683482112896,0.00010930515107502068,-0.024090563717786426,-0.02473871784868429,
2025-04-22,0.027617067706951832,0.026345573104124213,0.024929381847645312,0.02405478302785612,0.02851418220083164,0.005830967304576287,0.0073751913549748496,0.008746354277146692,0.02504593109664643,0.0,0.02568505548438023,0.01748951513034786,
2025-04-23,-0.008624355504919015,-0.004525939822165277,0.0018922088076085942,-0.0035086615727488225,-0.0074690990554794195,0.042123397657861675,0.047612537857655735,0.021821165524961047,0.007042357933594979,0.00021822810985893307,0.015376528663946976,-0.030810359106008454,-0.009767553418999524
2025-04-24,0.011666671549415628,0.017334988700764112,0.020580758395888448,0.013466447263625229,0.018160237556160738,-0.029413862846731947,0.03689073388731378,0.021911021075906166,0.028252118959652545,0.0,0.020830549392469144,0.014422945952915425,-0.011196345600076867
2025-04-25,-0.0005524075137676387,-0.0024478422507098812,-0.0008719687386739494,-0.00024775203295940057,0.0039100626018162875,-0.009227338507067787,0.016438632835455127,0.03602017944419353,-0.007990798748982402,0.0004363134011370081,0.007199287618880849,0.004709584843085388,-0.0075842433583080335
2025-04-28,0.0005524075137677363,0.009826872101458765,0.01310608202059701,0.0037096584635179885,0.018777991346266,0.0,-0.0164386328354551,-0.01975960775510981,-0.009789968919129217,0.00010887552794395424,0.00038134148818529286,-0.008651253328417843,-0.01292085283360522
2025-04-29,-0.0024884589270006635,-0.005726685963555332,-0.011363247732987442,-0.003957471892758657,0.0009676067666719627,-0.003482196304062082,0.02665202736110441,0.0328072528926596,-0.013986330920491013,0.0,0.006279582464638656,-0.023334924870963846,-0.03211461355805685
2025-04-30,-0.025516572650530023,-0.023533849708295442,-0.03049949961045246,-0.02357173662553116,-0.028662402001761865,-0.024721609349064998,0.004770431714980323,-0.00291415905273534,-0.029781698627471313,0.00010920980486450504,0.000396845329843556,-0.037734108477857464,-0.010517324793088464
2025-05-01,0.0014190654781826638,0.0014688894820739549,0.017022180331786745,0.025799753401779084,-0.0026863620736707534,0.03628241378987364,-0.0029787629738846576,0.01735973016465072,-0.0006048671912603737,0.00024044452676056367,0.0070619207658889575,0.01731356715558869,-0.0159061727973943
2025-05-02,0.004056743610514393,0.01630552061080558,0.008348967357160062,0.004194969426187296,0.02273408311916168,0.013698758047640112,0.02183612512816199,0.03610683771719906,0.008433668514365757,0.0003281710006214858,0.014735033338764254,-0.01530048142290722,-0.012909651614912473
2025-05-05,-0.028071418022907198,-0.02189865174584355,-0.042459763354272845,-0.04533625376051563,-0.00118815640203669,-0.031090529793024943,0.03780523982816591,0.023120984430577328,-0.029216803156112525,0.0,-0.0057507986563376245,-0.019802627296179754,
2025-05-06,0.013847707243679262,0.0007378085187612952,0.00022820214810771147,0.012037353549768958,-0.004468382775307876,0.01739177174538481,-0.012443653597648064,-0.00024574436856587286,-0.023751090043584513,0.00021869202970269567,-0.008393557909377652,0.03229342172071509,
2025-05-07,-0.0009554142174882055,0.001400009441422919,0.0009125580775686254,-0.0068974140080988065,0.018173799902321285,0.033901606839358764,-0.023611717882045736,-0.014111031657838355,0.06607890495253291,0.0,0.004196729249441555,-0.01668930592406439,-0.03358646307513573
2025-05-08,0.01386007707896514,0.009163256537752396,0.012575873001898158,0.06042855854517435,-0.006091545638151636,0.017621489577125116,-0.002918034522746139,0.014111031657838467,0.02802302902748703,0.00021855776859286757,0.006943627636358309,0.030332979390374715,0.031178564006595542
2025-05-09,0.011622559954264474,0.010525503458131275,-0.002592849344831227,0.01722525399378717,-0.012792053422919988,0.02053026783245646,0.013929415676431614,0.010758023786460538,0.009809567820704556,0.00032774711492167437,-0.0012749277843107142,0.018120541113194836,0.03226086221822148
2025-05-12,0.017092897751349985,0.022349056930385976,0.040700085825440754,0.039530865270739235,-0.01430195487255682,0.05816783764009697,0.00917963807283275,0.023790633762776275,0.01327581747811813,0.0,0.03251317913540862,0.015116844474780256,0.015748356968139112
2025-05-13,0.0027445319201305977,0.00514150689711302,0.020382654507387105,0.012011559109350237,0.009672008658434875,0.07856694147233113,0.018671005034853236,0.0030823708011477775,0.03160540479563297,0.00021861121137446005,0.0065820187418403195,0.026801230226743866,0.02496158645669937
2025-05-14,-0.008993310589210428,-0.004788364031732727,-0.017136547067865323,-0.012923925631921584,0.002274781329956853,-0.05365283546149551,0.019978462522969077,-0.008559309095919673,0.008849490195110967,0.0,0.0012772436406420047,-0.008647367041182295,-0.015357122047922485
2025-05-15,0.010089349011492358,0.004155834266478437,0.0042040778742022,-0.010322456707783458,0.010533801400218496,-0.03200262585988768,-0.007168515408159339,-0.004547076999946764,-0.010517572776532298,0.00010911490929564505,0.004872452698348495,-0.022744294673354166,-0.023797852940446063
2025-05-16,-0.003598272601108784,-0.0011251994300032681,-0.005717645266668055,-0.00763798127843012,-0.002761271617300623,-0.005094295672207556,0.013740170637590789,0.009073664587469117,-0.0011135278688387737,0.0004368587215880316,0.006314102279205575,0.012769149616534723,0.012967146808424822
2025-05-19,-0.01602572445361255,-0.01362608424760938,-0.013622081752200203,-0.01710641114299694,-0.007944033464603475,0.03216356698621716,0.004357304897203578,-0.012437457141993088,0.0027816104502602222,0.0,0.0010932163119030398,0.00219058137981846,0.015975995933724174
2025-05-20,-0.014379251593349934,-0.008848477753071836,-0.007995596441412924,-0.009737672077078409,-0.0011154914596627479,0.028280851532113335,-0.02197879388614451,0.0014431050943724438,0.007747618984070061,0.00021827148241093753,-0.003367792702729912,-0.00015631105932565495,0.010211832246219297
2025-05-21,-0.012367594898662236,-0.012535470834618024,-0.028728520305743126,-0.018548053121080533,-0.015749094396980242,0.0,-0.016807170724756234,-0.016721642675047825,-0.021170618083962135,0.00010920420061132357,-0.016994383379737646,-0.01639122592320406,-0.01611602016433268
2025-05-22,-0.006678647129139686,-0.0019937286589852363,-0.011772990665933335,-0.0012163644740792927,-0.0034948098343684625,0.05426951208806488,-0.02981860222206882,-0.0363313836308288,0.0067340214939706,0.00021820002330719015,0.0003945692246958432,-0.006056760625922106,-0.015146009723254163
2025-05-23,0.0005824400713357308,0.009197099959087164,-0.01097370835209024,0.005098931263408968,0.002665931281528172,0.03666043240279602,0.06533842359211361,0.014841023728118026,-0.0016792871540206788,0.00043642979725540287,-0.006849183214543818,0.005420931642491872,0.008289884748157297
2025-05-27,0.004744643683012925,0.009403411894426814,0.00421698778419625,0.007960417748497482,0.011024908388545347,0.08334654479821556,0.022109308536748425,0.022955571143526417,0.005586654309681703,0.0,0.020577491444211893,-0.020562973528932684,-0.016804527102410545
2025-05-28,-0.013714162191804158,-0.013219046944906424,-0.011403121895068334,-0.012086158053847322,0.008425043025239998,-0.03284378148326314,-0.0661399030825577,-0.03728997667785219,-0.01064138864963178,0.00010894830948319976,-0.005802319856157399,0.014982157003215955,0.021532668298356563
2025-05-29,0.005664124176503759,0.013799393838145435,0.011987451341101999,0.00823443479067062,-0.007777788251379035,-0.010910635857599082,-0.0017107224363337623,0.015831421659879087,-0.004514558890152333,0.00010902268847123308,0.0039397169478358725,-0.014170929571690931,-0.017188882380511267
2025-05-30,-0.0038051284778266186,-0.008812675730755186,-0.0029248842942104654,-0.016537238869635745,0.02209989873330061,-0.023912503847107285,0.04246447108365884,0.000755315270878571,-0.011376898504813689,0.00032699676787049107,-0.0011191873844055738,-0.003248865755665668,-0.004343785917845308
2025-06-02,0.007304720607061482,0.008304790617958859,0.01592405063868043,0.016054799180400064,0.025989552358154158,0.0188363425709891,-0.008791263490810159,-0.0027718596140068213,0.0,0.000175182124767423,0.005617096261868067,0.029024726456454285,0.03408291997040977
2025-06-03,0.007251673044900386,0.012329508504642364,0.01362905729971642,0.029718137428181107,0.004512313678824683,0.19160812298062638,-0.015012872590462306,0.011291143672699646,0.02374336379569372,0.00021858976761113025,0.005686392165638516,0.013033080767831277,0.013877712836647113
2025-06-04,-0.014556393651961961,-0.01574502945328894,-0.022547905182221252,-0.018440258699169838,-0.014179429903028446,0.04317218133228656,0.01721783520654588,0.0019939258705167604,-0.020886952947633205,0.0,-0.00026847990197680674,-0.008302702978306821,-0.01177624103355272
2025-06-05,-0.004604915145129938,-0.003427341798366164,-0.007005202756175611,-0.002149784613767881,0.012376972224180527,-0.05514841611005994,-0.0016533208152400532,-0.01606463372386685,0.007954517682626835,0.00010927696835894437,-0.004844484645630591,0.0076784832326948224,0.006724974907673916
2025-06-06,0.023678874857953874,0.023890682587411154,0.02167309506961215,0.01707006398332269,-0.003285669024594942,0.07572671721287164,-0.027966080844922962,0.0040404174364355675,0.014607035652634826,0.00032793156984158354,0.010216612089215106,0.019171892101373194,0.013021788027160492
2025-06-09,0.006691010459059075,0.003914935111930376,0.009357681381616986,0.016321379662477837,-0.060670834625003535,0.03359486411172438,-0.0085445970274653,-0.00025212156920382476,-0.012345873610811915,0.00021853260824762147,0.0009009799228951651,0.01051117911294492,0.01038400555446455
2025-06-10,0.02120815924790832,0.018232871475311784,0.0350442543058385,0.020941939547597637,0.005970431364090279,0.08043898512451446,0.003996550915030011,0.0007560765830373447,0.01568668493448707,0.00010929145773249898,0.005653652033262058,-0.005013303321883657,-0.004666772360607313
2025-06-11,0.019305014679568425,0.009926154546893681,0.02352035984236091,0.02095853902303473,0.02085424068330763,-0.016568525454593024,0.02309313869242425,0.037814912222377386,0.014349064614770668,0.0,-0.0028560914136342855,0.04831139329567001,0.04123705235663054
2025-06-12,0.0038350803131642066,0.001311502693471615,0.014252600713989622,-0.0017858425954687673,0.00017019744645485968,-0.0029878729572788156,0.03264475999715792,0.014686678311338384,0.01089927275959762,0.0001091934044479625,0.003966451974369382,-0.002615520235602583,-0.006332252214904317
2025-06-13,0.021546885565750826,0.006463171129327018,0.023690104401269875,0.03706165431151842,0.013942509817850583,0.05416177218173742,0.07192810514848591,0.036606691188509455,-0.0070710824809926305,0.0004367404972149195,-0.011243133322926546,0.07171480506108292,0.07030952737169817
2025-06-16,0.003205725600200569,0.0008220526404994556,-0.020421696295260427,-0.024407373378032803,-0.020045166861744002,-0.013698739397966082,-0.044014365790766244,-0.04621293174831027,-0.009322756250806533,0.0,0.009469221553216311,-0.01790032081927578,-0.012578782206860185
2025-06-17,0.013422921151463204,0.019127014823599714,0.0052492825821148234,0.014237422789562719,0.010136388688563982,0.017659191745859473,0.04553296473232556,0.06515675203063638,-0.01219530996624426,0.0002185999285775994,-0.008581853965084374,0.0417205290874658,0.04748859734388673
2025-06-18,-0.00713055868502134,-0.004443827827523967,-0.017961255830336777,-0.013796343721810982,-0.003948578383792089,0.03167811138804712,-0.011190352940462724,0.0015813226409952205,-0.002792485294385426,0.00021829404880047338,-0.0001506471164413424,0.0035641249530346786,-0.004074362651872199
2025-06-20,0.013252161396298416,0.009135594477002925,0.009443565142212593,0.006155190490304608,-0.00046810554371254045,0.03915762424629556,-0.029589513296226545,-0.03187977407659357,-0.0016792871540206788,0.00021824640690852476,-0.002351298196901591,-0.002242597074699419,0.004455484424890475
2025-06-23,-0.026145346472036167,-0.0181510490908945,-0.03197704123229469,-0.037512774518691096,-0.010353491286683968,-0.13918356460783268,-0.021300035577969067,-0.014081370603243744,-0.011834410492548958,0.0002183707802601299,0.009829017063755472,-0.08773199386883562,-0.05737511232726981
2025-06-24,-0.03090027844329075,-0.022796347249818643,-0.025622630256849195,-0.03401925068500228,0.03141129517148384,0.010824008343264888,-0.05817197965359593,-0.04495686067496085,0.0028304245129600067,0.0,0.01098663429244116,-0.05802384011637738,-0.07266037491193252
2025-06-25,0.00027697200926773285,-0.0022318038878586153,-0.0043723774963275956,-0.0014135062570834645,-0.015243706763311445,-0.03406664427190766,0.007388401021874296,0.011796669726720976,-0.0011312772246396276,0.00010903852880327788,0.0005602076849731048,0.00806517344452636,-0.010615965328668701
2025-06-26,0.014838086217716496,0.008412583017127289,0.021013483745107135,0.01729427563222532,0.024122716480254484,0.0370526181268558,-0.015406824134323486,-0.0002444208401743986,0.028453787702816605,0.0001090266406987421,0.0077934334109692775,0.006947618944658693,0.002482296667768099
2025-06-27,-0.005561398693169538,-0.00451024367338033,-0.007953116172502984,-0.01305982775515795,-0.008670687726753144,-0.06656802975159926,-0.023859157346172836,-0.01278908586755956,0.0010996701764805553,0.0004362455565155543,0.004956029834652175,0.0033057881344994103,0.011599376100936991
2025-06-30,-0.014550360184218285,-0.004181417836521303,-0.00478015858294792,-0.013946731188284617,0.014560207219868272,-0.007035564466492347,-0.03414523912784948,-0.031940336745943376,-0.003853702166343664,0.00010913907413981388,0.004769811928816336,-0.005415175687776768,-0.017743339254668294
2025-07-01,0.013269593243035883,0.016484673042526748,0.024763271652419656,0.020031382074367596,-0.031197831830484985,-0.04328542941549909,0.005469460433240486,0.019486900169817772,-0.017808013362790306,0.00017494141311695126,-0.0003237317036786633,0.005115100666770409,-0.0076594865556932346
2025-07-02,0.016433244929912643,0.0164198323741547,0.026284837007436907,0.024658437374654774,0.0177620187924508,0.03555349136455148,0.029264570466217145,0.04771530681892431,0.005040692914843082,0.00010927989030649401,0.004523032166475909,0.02986179017095861,0.045807329112825555
2025-07-03,0.010302448082581584,0.0026321012823047945,-0.008080039374856867,-0.0029635989304931764,-0.002708974592140731,0.006447487787477833,0.02614152291041114,0.01423523610379159,0.0039030101177426955,0.0005465638328336151,0.00785049006139128,-0.007749143243969265,-0.005381686972767558
2025-07-07,-0.009762304501640132,-0.00655914130247655,-0.012135590559588546,-0.010327153653025771,-0.004433462530791077,-0.02604312504134425,0.060624595266883956,0.017281972972921878,-0.012318222620137959,0.00010937994887562423,-0.007479822911334436,0.01500501602951291,0.02149411960647048
2025-07-08,0.02734307668580936,0.03885540050379514,0.03440911324334806,0.05388512073921129,-0.007489374216521452,0.03881471464951379,-0.014130701412239785,-0.007203326965823253,0.0028130222572140045,0.0,-0.0005479654391165573,0.0056232575543622605,0.007615128527252122
2025-07-09,-0.0034211915253881168,-0.0014367825954231844,-0.013241024050544694,-0.0039422355232011435,-0.003469123701361121,0.04102494260188452,-0.01990120790142599,-0.02742493934235231,-0.009029392308145683,0.00010911046183138206,0.005978718557821743,0.0008623168111231634,-0.007198259209744408
2025-07-10,0.009880710125972816,0.007487331190407206,0.008846883176263224,0.006125650818534004,-0.007358822405964562,0.026443990133148413,0.029705287335294688,0.08783000868830786,-0.011402729543141924,0.00021852850579301674,0.0028163406054207227,-0.02664106900166976,-0.02247917075744568
2025-07-11,0.004341066827319257,0.007367178038440984,0.0025134066637299136,0.0099828265258727,0.004260199520088085,0.05873864083958979,0.03357620044638025,-0.0030782419330275747,0.0011460723564741097,0.00021848076151853598,-0.003521617492822476,0.02692834277554993,0.023589973426508117
2025-07-14,-0.013167934653195117,-0.02384807699643663,-0.015175831327445986,-0.027141202760976108,0.02642999401662372,-0.06349496951001907,-0.026016826172168606,0.003956014148769504,0.0017168805135200204,0.00010930827776564451,0.0019062990833984936,-0.020897582421893785,-0.015382767318623267
2025-07-15,-0.008905268035358927,-0.006350224144565412,-0.017352547705350566,-0.054252203534218696,-0.026004970577582824,-0.013197739098564754,-0.01791087555185828,-0.02892948928861113,0.005701318112118923,0.0001089531898711173,-0.004282323121872532,-0.006325876188762516,-0.00977137279721768
2025-07-16,-0.006040779947338754,-0.005123055613183542,-0.011300766666567583,-0.001406366364323464,-0.016365634979840487,-0.01582497990617768,0.0016415825221850805,-0.033753633732566464,-0.008564270982113034,0.00021855690599446238,0.003337615079474222,-0.009341012393138962,-0.008575156162078754
2025-07-17,-0.0050917594261332974,0.009691481375623251,0.01410598975153014,0.02135151682000797,0.0006908727282105505,-0.0012276790212328473,0.006539514140771382,0.021257772969377718,0.005717732634501598,0.0,0.006100942713355944,0.023991142563988398,0.02340698395291193
2025-07-18,-0.035459265979315834,-0.008891407848448368,-0.012686496890797743,0.0016059390816979323,0.05300119107043388,-0.023618309576522473,-0.004354992524247454,-0.004353342473824993,-0.003999000647100678,0.00043654191759274905,-0.0007325832395875651,-0.0033505749169162108,-0.0036522024020585585
2025-07-21,0.0025948400756454345,-0.0024022487473688977,-0.0070083283257447665,-0.014315574494983236,-0.07583511483855747,-0.04699923465399743,-0.013179725412495553,-0.01690443049555279,-0.013252867763938107,0.0002184137921390741,0.0018943796948635745,-0.0020449904877275966,0.012029799570483786
2025-07-22,0.00452463305551574,0.0024022487473690005,0.021524961362826642,0.012939302216350227,-0.016744369277155995,-0.007277546730946673,0.010995203795971523,0.00860360842530344,0.00520680143951617,0.00010901760748000905,0.00014311092236799798,-0.012210523170405307,-0.03149755471293741
2025-07-23,0.012725004708715038,0.020320094211484892,0.02191342424695936,0.02000051254476804,0.00273563294618578,-0.020121441502599275,0.032278127979479536,0.03548261533602863,0.00632733433702107,0.00010900572393685574,0.008471555947003452,-0.02260406097126507,-0.007489592837934093
2025-07-24,0.0077927721044258325,0.01754380238853894,0.006084173636134812,0.004266347499853625,0.011178324843728594,-0.020534576026389306,-0.002119692127561979,-0.0024611529636302345,0.015927616903276258,0.0,0.0003309977370316064,0.016665801241005782,0.017910071114413013
2025-07-25,-0.0035264394436477914,-0.006373459134650525,-0.0070316841488692345,0.001790953053430604,-0.0019061804379105428,0.006891839062675358,-0.017661740086704708,-0.012397364452021753,0.0,0.00032720288734248027,0.004215355509912938,-0.01168202591751149,-0.017043019036972338
2025-07-28,0.009376226492282059,0.009256965205820995,0.021566765793700454,0.018613349363325902,0.013705150376494219,0.04104172519725966,0.035016846552760904,0.016644634219680685,0.0033803363310715815,0.00010904384194269358,-0.0002511317003774528,0.021313870403922255,0.023412918132230544
2025-07-29,0.012838934609660006,0.004787677236865947,0.00994825006393585,-0.0019778299128157335,0.02813689683561637,0.03242826272514588,-0.006276153573129246,0.006004549376073715,0.021146941756396004,0.00010911759761628767,-0.0026410366877477926,0.0356352885083554,0.032484810836386435
2025-07-30,-0.008719660827953129,-0.022345559777210512,-0.013562241834234158,-0.02336815295982808,-0.0073032621825549204,-0.019981392146585886,-0.0169316432327938,0.013216162580924284,-0.006075483727164689,0.00010876314985025922,-0.0012601246347007209,0.011601714737285539,0.010462762745756709
2025-07-31,-0.002326266839767956,-0.01258207285446415,-0.013853746388366422,-0.01063960832579544,0.011040996038900101,-0.0019549886601681705,-0.017223268558158474,-0.010780081469058664,-0.0005542532134168491,0.0001091794531519935,-0.0037582800219577626,-0.010321760072034395,-0.0074622149407887785
2025-08-01,-0.018077116024100802,-0.0015839878239766979,-0.02743383212678424,-0.012135141963646371,0.010249127751267316,-0.02710911248669889,0.020419852646921727,0.039892560302591515,-0.013954962537967996,0.00042641351996003824,-0.01652617763451541,-0.028398304759352705,-0.04001089316469628
2025-08-04,-0.020921436599871678,-0.002380643952086196,0.0009697010924266016,-0.012750887614399667,0.015406688556374733,0.0006700437635706832,0.022614661460066944,0.016233107887733897,0.0,0.00010929215708701868,0.015085355384855111,-0.015620712552815174,-0.014131988812740665
2025-08-05,-0.0012114949713785547,0.013154594928552048,0.0037623980886901482,0.005120025673888896,-0.009882931638612416,-0.010774496789550668,0.06444109590624222,0.024376423342847238,-0.0033785470207334345,0.0,-0.005082764440420212,-0.016925439614226954,-0.00605625499260379
2025-08-06,-0.006830497361785226,-0.0017003279782129078,-0.0009660577861199809,-0.012614198209740192,-0.015645742654193245,-0.03024295305138847,-0.03624127348996674,-0.02877746927897518,0.00730564272615148,0.0003279759255882245,0.0076303958197283745,-0.012464061646898122,-0.017067003134931615
2025-08-07,-0.0052715423856391115,0.002484199809935248,-0.005492448638513456,0.02438295929982469,-0.0027165721830709213,-0.047151434868133876,0.007554786814897279,-0.012469824397460649,-0.013528932601303705,0.0,-0.0008379750805715818,-0.007368777586020127,-0.014523076838370728
2025-08-08,0.007990687179028334,0.012006440345362562,0.014047832542348655,0.016608286399989545,-0.016924861496957395,-0.10154761327568418,-0.04044576981500301,-0.028474716387677818,-0.000578566175523367,0.00032761181970883787,0.007767426102698934,0.000616142964655554,0.002683364758597028
2025-08-11,-0.009123922650307002,-0.010114838755002584,-0.004054826534928058,-0.01385908012686336,-0.003384811654649662,-0.022933166513948847,-0.035091327155100736,-0.03631902365929453,-0.006968683755654016,0.00010946514315799915,-0.001979497560583303,0.001384935206360527,0.002824650655298019
2025-08-12,0.0028306843930305664,0.006430904808353178,0.011269491179012454,0.010015985238007176,-0.0012178759897145837,0.00907227673926592,0.0053966875751971346,0.019103779446070297,0.013314233309970976,0.00010902563374476667,0.010589843604162286,-0.012534013219692587,-0.008348289391471274
2025-08-13,0.013755877532661968,0.00921655216456548,0.013545760364171133,0.013498481674368741,0.006593521519748962,0.11321141633513915,0.013365607089749622,0.010946137309211746,0.0057339158900391474,0.00010935573366907924,0.003417206050253846,-0.008444147125240319,-0.008267615676268363
2025-08-14,-0.002046722197305727,-0.004565370575378958,-0.00240169302528063,0.00044679460686362113,0.005776869534405356,0.005118906941047527,-0.011215039389687095,-0.0020015496545032338,-0.006309268183757347,0.00010900182847477462,9.305657202052432e-05,0.020362870370129908,0.02783539092815597
2025-08-15,0.0009395316615168426,0.008918613852363977,-0.0033511283202892804,-0.0035802195226490295,-0.010761305435693709,-0.09319725902544286,0.009088585897739034,0.0008900912167010322,-0.008087815172265717,0.00043682848518867846,-0.002344034961438168,-0.018793750324345812,-0.01211061914380553
2025-08-18,0.0021575497253696328,-0.007887892911563476,-0.005834070810229053,-0.009006988380551428,-0.0008694959495476757,-0.008846027737116523,0.010060881980167607,0.039896365167322624,0.005783775874310581,0.0,-0.00021765512234882508,0.011380588962238878,0.01299103005907509
2025-08-19,0.006537757260328841,-0.010536536378426666,-0.002556423264596253,-0.00567089984015904,0.0019985318410894177,-0.010556366302936635,-0.026155709989049845,-0.025761862316718,0.0005765648222848906,0.00021829999076354727,-0.005439899526511449,-0.017671896281375665,-0.02314643394422353
2025-08-20,0.010280216487971533,0.007994397340932014,0.011979957862653871,0.007027126369545129,0.024057215934239564,0.024991302880487634,0.029312040811466336,0.01393758295535148,-0.0011534622633496358,0.00021825234627830074,-0.002660619942930772,0.012699081060911948,0.014751068337052833
2025-08-21,0.006429216440101942,0.01509238953601704,-0.0011599046488300997,0.006529477974613779,0.019303268792851748,0.016581494836642296,0.06407877613998353,0.044207257252418856,0.007473377503645792,0.0,-0.004019891234610142,0.005747588638006655,0.011763111670320094
2025-08-22,0.018593788359071613,0.016766338350344887,0.020881917618674573,0.028102286220236663,-0.012757140480141461,0.007022957626032223,0.013212876807611497,0.013155371508700938,0.002859743717381732,0.00032716115489269396,0.01524006767331853,-0.0074627212015896,-0.0017556697999086396
2025-08-25,0.0041250866820760484,0.0001264612231589225,0.01436218049517132,0.012360405538921638,0.007506624591404384,0.037394710101196126,-0.0053619920031304485,-0.0057342165182214895,0.0005709686754435664,0.00010902993719299033,-0.004410775275590772,0.017020370649311906,
2025-08-26,-0.002239857747750318,-0.0053239021060860455,-0.011576098301331756,-0.007788888586203027,0.00927381919654245,-0.03584064560140268,-0.017751895502017973,0.006958649452985567,0.003987453172676222,0.00010901805096176053,0.004178295104639576,-0.02453920306333916,
2025-08-27,0.011238166501011546,0.01187647757701815,0.008720116592074405,0.01786724674187561,8.279902883497375e-05,0.009273639763004183,0.020680243024707477,0.014980064815947615,-0.0011377153019839863,0.00010917688026945135,0.002275921406955702,0.013896702676209412,0.012774980629493659
2025-08-28,0.005307391387226051,0.0005021875685099511,0.00560231134461494,0.013562389688493806,0.0022325427952242325,-0.013942947851570029,0.009699337660796885,0.002408153912285288,0.005109331818879387,0.00010899426766672358,0.0035351068723046006,0.0072615228311365305,0.012613836942989143
2025-08-29,0.008258655959718713,0.00800205537748512,0.00526793974574513,0.0021026974997790824,-0.0013223325374197381,0.013942947851569954,0.008649717313503549,0.010170655275088734,0.0033917010993994817,0.0004358583119933076,-0.00598153537129435,-0.009279373729239914,-0.011433721744811267
2025-09-02,0.0034938214668393712,0.0076295363225439995,0.00020203880507393488,0.009199282121435151,-0.003977839917970583,0.0,-0.00047861346538856446,0.003960318172175131,-0.0011292520026628886,0.00024054518915147597,-0.007437888193564877,0.024404557039141093,0.003825784536887259
2025-09-03,-0.024537860180295204,-0.023571722184868357,-0.044832917139903956,-0.03710015019598331,-0.006121854685907062,-0.021773781458780082,0.04309803846402535,0.02073227213812045,-0.007371780915615959,0.00010942038294311082,0.005405022362943885,-0.024404557039141204,-0.004858309151076295
2025-09-04,0.004368971900932629,-0.0023435107168214477,0.011763535054148655,0.006673157715348823,-0.010160467773420006,0.011723411335407356,-0.0018356395659140765,-0.004267707478454028,0.004542890768477238,0.0002184638080586844,0.008322535450544438,-0.008582404243926898,-0.020124402791176745
2025-09-05,-0.028608164328830645,-0.02588884831492381,-0.02988769064759657,-0.015132209429288954,-0.005034400725447246,-0.002333742841474535,0.017304542523314093,0.030818770129362964,-0.014840429502902396,0.00032786195174451765,-0.002900350441516548,-0.025233426410764627,-0.0226919049062318
2025-09-08,0.0056600048052077,0.002210268185373138,-0.01681628069346059,-0.01161138682596411,-0.010188268430597851,0.05455907478413724,0.03417244493177363,0.1010344613162732,-0.01389718386621747,0.00010926343416288423,0.0024535295419670193,0.006088786636561913,0.007977949648101178
2025-09-09,0.0072562578506209785,0.0055043410499767634,0.005020241197504867,-0.005302830791255644,0.004360868627915598,-0.02011243356951437,-0.01893918836915576,-0.026939920296026345,0.001165561479121702,0.00010925149696921502,0.0023092523208794106,0.00589314439459832,0.0379327390640553
2025-09-10,0.016581150199521125,0.01880805271642592,0.02642758824046594,0.030920173614977002,0.011157073986699047,0.049900269712821986,0.0035508731629478488,0.0010496363180136985,0.014455240579765029,0.00010915435676683715,0.0028866837953472123,0.01638089865326087,-0.005162634078806831
2025-09-11,-0.0032051266379155854,0.002911049181323246,-0.00201651717640334,-0.006281796180350637,0.00012663925292136373,-0.01587329644568647,0.019741842840257446,0.01887995275263539,0.004010297697369859,0.00010931283602161476,0.008275924601042638,-0.020518396598982636,-0.005486778797791491
2025-09-12,0.00017836688789689593,-0.007229857146582845,-0.018225113342091592,-0.007634510694895038,-0.00414236254585286,-0.010969052136274542,0.009081117729159654,0.007010331225377274,-0.0022895316565620947,0.00032752615699873917,-0.0003347625365709058,0.00493121177419921,0.009177092233718497
2025-09-15,0.001692555769270292,0.0012721982919898225,-0.0010825344221259377,-0.004388805393752776,-0.01394742770003743,0.0036695953763817325,0.03219246795678758,0.03614245276668689,0.00514437689517005,0.00010917993784353892,0.00530983028777682,0.010104285524818103,0.0001473296503583558
2025-09-16,0.020526631602390034,0.014076202926160372,0.023653924347102614,0.04913563100332932,0.008894149057074896,0.03243540876572862,-0.013851179783543414,-0.0032921150152818842,0.0022777970562748496,0.00010916801888606991,-0.001377834697222049,0.019137106779130303,0.026315395084401866
2025-09-17,0.00530499468123666,0.003441546157956698,-0.007644955491782432,-0.012006466476234568,0.0017865079105335506,-0.010695309590109182,0.007159467637203071,-0.0066171146235469635,-0.0028482275432657263,0.00010898582147831193,-0.0012431144932423498,-0.0074246280742778096,-0.00720049193970774
2025-09-18,-0.011866385091454788,-0.007838717557387274,-0.003630558183069313,0.003596010055926498,-0.0041732976700257956,-0.007916531806733278,0.0016771719691491159,-0.00950555781166158,-0.005147319809272257,0.00010931446982862107,0.004661656098012296,-0.007793056896608928,-0.01985176855273147
2025-09-19,-0.009790634353000423,-0.016696086661381768,-0.01682895112414391,-0.026965064657491548,-0.012193155063062988,-0.042336325339933735,-0.0280393083655042,-0.014685075866752929,-0.008059991744277403,0.0004362874813845342,0.004940556697161345,-0.014023707333061713,-0.011565965230300644
2025-09-22,-0.007116261128084039,-0.0010248386027905637,0.0009787365865919695,-0.0074025708775411056,-0.003028391949234884,0.07065184104079837,-0.004317727247775658,-0.01715010628772704,-0.009875124552463853,0.0001090846775569608,0.004719943972387415,-0.0004761526952908682,-0.002688173661800191
2025-09-23,0.017082324236551313,0.008740878890983217,0.015743204317890704,0.014319987096976601,0.01765097975238822,0.02431518094882499,0.038621394067161516,0.018849082862014616,-0.001168053187050555,0.0,-0.005458436585496771,0.012150050848121792,0.016168860737843963
2025-09-24,0.005339025267215506,0.011118311452886536,0.022845999837919684,0.010074103011402756,0.007210750040851449,-0.0027491014158708654,-0.014678406555235122,-0.014189501848247339,0.016806952258899922,0.0002181336632022929,-0.003186705609680798,0.025396223981193483,0.02441981809625721
2025-09-25,0.008950715285246665,0.009628104017465807,0.012263819495648535,0.002130394885124409,0.004259494670087717,0.015027608554857911,-0.02437582143787308,-0.006737539938692702,0.0005745772673204475,0.0,-0.004624172513464782,0.0016805442806319155,0.01198986672793573
2025-09-26,0.01400309490457245,-0.0034903859585795993,0.017103173274452092,0.010163189961394434,0.0034030088759554444,0.005409056946872255,-0.00043302135228169737,0.0020779589249253403,0.0028677175960951794,0.0003269412270621592,0.005712795234045289,0.014999144918023299,0.009461342907937263
2025-09-29,-0.025926130053755325,-0.02567657092863316,-0.027069111037229823,0.013184174666676492,-0.0125346597129118,-0.04200274503468435,-0.012200581652451602,-0.01235770224861668,-0.015003027185713799,0.00010909837516732554,0.0028064247447203627,-0.03410898827861367,-0.030683819938602096
2025-09-30,-0.012953400431110219,-0.00520256507858393,-0.01323263793748353,-0.017829485430722884,-0.0020406661734056852,-0.002111985882493095,-0.000877161808347029,-0.018559985125438414,-0.002328294595164987,0.0,0.0037597898827210047,-0.01726345447258569,-0.006980831141340317
2025-10-01,-0.006763456758155283,-0.004582491208061171,0.009155563223572728,0.009897930808840863,-0.012289005306794273,0.03666971881971878,0.0035042122737210138,0.0085273333503186,-0.009956208349265517,0.00022963741747172335,0.003401684988263315,-0.009223983973998937,-0.027370596825950378
2025-10-02,-0.006270131643197955,-0.007858563552054589,-0.02203016517929811,-0.07594741775125967,-0.0013796452986756169,-0.06598889974164034,-0.0074611198606627125,-0.0040769044399963485,-0.0041285610260449294,0.00010931642900797709,0.001151140720406421,-0.02115199550427428,-0.018621384335477137
2025-10-03,0.0175466474924073,0.0011730286415159606,0.008318351622282784,0.013920394220204885,0.0021117815737285704,0.012261248958781258,0.02006170029411991,0.01760605705893374,-0.007117482831652527,0.00021859701430152563,-1.4767471260179647e-05,0.006019704178017482,0.01048880939207925
2025-10-06,0.008265191636470949,0.003056256883196213,0.007933600275356759,0.012188515974513358,0.004210165425024806,0.0,-0.00780235832124515,-0.018672295022355567,-0.008368208026336905,0.00021871916648293356,0.003579813724412676,0.01353331433063704,0.01441249988822578
2025-10-07,0.0005252893001480508,0.0057618385500658575,0.0033659818325979932,-0.0015430508468939179,0.008877577213206122,-0.07825222084657688,-0.04631283310773024,-0.03455169585401439,0.0005999720890834217,0.0,-0.0037143820348426687,0.0004799616122854747,0.0001490424028392572
2025-10-08,-0.0021026789097866147,-0.007581378246246657,-0.015663437077360728,-0.006418040430523631,0.0016982554699682415,0.010027132639607585,0.014030544090471636,-0.004242483873867138,0.0,0.0002184165050003854,0.005945343779221919,0.01350405778214973,0.0047576658282786
2025-10-09,-0.009782800231314748,-0.013753574796573116,-0.01938667099510955,-0.011612538402246674,-0.01866815983801294,-0.03514611672945853,0.03271729707853092,0.026089298658211083,-0.003003764776947731,0.0,-0.002901212830195306,-0.016066519145849847,-0.0028221333249692916
2025-10-10,-0.019496243785974688,-0.018234463624949838,-0.04800747179895641,-0.05470377903388581,-0.01748271243797522,-0.28609357163209187,-0.011373640394656954,-0.025904434179762837,-0.020055377466353143,0.0004370295749021307,-0.027399797306962,-0.042754853377955676,-0.04285067592214613
2025-10-13,0.01354459470806871,0.020210747433201746,0.012923871074684385,0.006385127173901263,-0.0016286372523574284,-0.044355497152206075,0.0026361979474517293,0.0007390455025830284,0.014020343858364195,0.00010901531166496646,0.01522754489520044,,-0.0040448094971537694
2025-10-14,0.00044539145496367747,0.002957428486120193,-0.006894617667100593,-0.0033057204268085697,-0.0034420193539897647,-0.004434530212424182,-0.034824937166111486,-0.013947291167929044,0.0006051149943582665,0.0,-0.0012224016319925188,,-0.018089364670112875
2025-10-15,-0.0060741508248820675,-0.001839122193493712,-0.004888909292333445,-0.00950565795529525,-0.004385876710783141,0.015435733856775045,0.03262853074154592,0.02167352132867101,0.02213660876799001,0.00010925809561773696,0.004429697562726796,-0.007419932861657423,-0.010691875570773494
2025-10-16,-0.008728970101989449,-0.0026331693647110737,-0.009504682919271729,-0.020261232510862676,-0.023176388573053423,-0.001094648169261557,0.01180346875281111,0.021034338360489534,-0.013103075357588416,0.00010924615959049893,-0.006833556809050219,-0.013461905605720649,-0.02025837047032759
2025-10-17,0.014357729471907842,0.00898991241937419,-0.004959963193326057,-0.0034171616074670772,-0.0050566382235726105,-0.027764225364382705,0.015096267788050724,0.030744463163851692,-0.013884978092036896,0.00021828679916643365,0.005660343785832389,0.00017154129898822577,0.0024527851394313465
2025-10-20,0.0040899455266375975,0.009103978906793108,0.0066842538272934805,0.0031733715473606576,0.01072057326540601,0.045137030066318404,0.0068259736663459246,0.008144895348698365,0.01926607918672189,0.00021832400310515854,0.010346762560389149,0.0006858710831287667,-0.008528836347520323
2025-10-21,8.881301751706461e-05,-0.004476688715865601,-0.007493973087481791,-0.0029289009498581387,0.004058265779051953,0.033865568468701986,-0.029775662708609495,-0.018464126682333857,-0.0005963933279510815,0.0,-1.4904592548673624e-05,0.005470099109729443,0.004765435030968503
2025-10-22,0.017589032369603866,0.011507855600582628,0.011506266547149195,0.019845714924597583,0.01002963189551365,-0.007310653122673343,0.03274736904393867,0.027056738922360598,0.008909939161617413,0.00021827634813884219,-0.005212468267243702,0.010851242454374702,0.02076648279248625
2025-10-23,0.011010593648436722,0.006343488759025409,0.030088354518628322,0.027185320551338585,-0.013094462921341504,0.010427616497967977,0.03170897707508991,0.0318289736366988,-0.0035544549090989626,0.0001089930876136188,0.00591237858353294,0.05159678964355159,0.06285116386124182
2025-10-24,-0.0051001105957841145,-0.006407886472918808,-0.02302045143650708,-0.007255787333685842,-0.008840970122502517,-0.01568258686127989,-0.0338307348909836,0.0006627482858634796,-0.007147156777334356,0.0003272471526625442,0.008139356488562998,-0.002726326762870632,-0.00787167249576794
2025-10-27,0.004755164531525114,-0.0018015106742377952,0.007469534520725919,-0.0063627382963881525,0.0009559642407988659,-0.013793294101843951,0.012663704948874371,-0.0029861192284006558,0.010701611686433292,0.0,0.011728661579555206,-0.002250804808758153,-0.00426439878645754
2025-10-28,-0.007879891680187353,-0.007433444249733263,-0.021655830568509664,-0.03536985570092644,-0.017439728179993043,0.0032000824877148125,0.01622672911696305,0.020554874515504917,0.004719782846776516,0.00010903033131183145,0.0026524780243792965,-0.018847024155877842,-0.023003716014103084
2025-10-29,0.012269049467030897,0.00627359257227356,0.014754192717135631,-0.006141813396209795,-0.022804224410428713,-0.06489357150422795,0.021233921535972557,0.009557061229294119,-0.003537688542029381,0.0003269349362063583,0.00048027169098161166,0.004745161484904379,0.015189380685666722
2025-10-30,-0.015229139279661177,-0.010239202857728584,0.0006808920909100995,0.002952778497932116,0.0018454514994381808,-0.025317813564905426,-0.01547255106887211,-0.014451793589659107,-0.009495640138413428,0.0,-0.011059070654489161,0.0016310556543715023,0.001537043032393178
2025-10-31,-0.0028814819115321076,0.026990461479584324,0.008135620378316916,0.012210060681247355,0.0022666707182852916,-0.0011662471803445718,0.027121707037515066,0.009117647848337967,0.0035713809567009206,0.00021812320912331754,0.003274731939679319,0.006335818449085924,0.005055545045720945
2025-11-03,-0.005260394252986416,-0.023609087508343472,-0.0032688443439232787,-0.006819363291765791,-0.011337586230379986,-0.024809245097248318,-0.03247050641479973,-0.0012974602663858167,0.0,0.00014200026373548065,0.001875018306885159,0.0006475635648015503,0.005334158803414924
2025-11-04,0.003334828457231913,-0.00422853239645873,-0.007479604563914989,-0.0207414400224283,-0.013738391110912357,-0.04777395096668192,-0.040409424515628005,-0.014384032566852377,-0.01677694274602324,0.00010953654573274925,-0.011924353295924664,-0.006657489881297983,-0.011465385858351381
2025-11-05,-0.004038309764792175,-0.004770520272834116,-0.0023917991898584753,-0.008267576984668682,-0.005431783264628746,-0.02799165641359767,0.002145428894427213,0.009177354246091937,0.02151910762298879,0.00010918574424506401,0.003459398571762206,-0.016094944250820913,-0.023332836398185137
2025-11-06,0.00718729561251838,0.0018325023784962712,-0.02353584653615858,0.013741531831832809,0.011603768911921787,0.0,0.016578441405752625,0.030524495644458895,-0.002368271425151668,0.00010934320781425872,-0.010787307565268271,-0.002652521449131117,-0.002048051129429905
2025-11-07,0.0234777235306416,0.013508524419448822,0.01356620459248153,0.024753305527679237,0.0020463902583131716,0.030497885869481836,-0.0025327084963277747,0.012109921379235476,-0.0052748158566477705,0.0003277039137275,0.0009840232716329205,0.004967720101934447,0.004876907329907669
2025-11-10,0.008494772887046862,0.004055646322427719,0.015994959194433635,0.011791634620929177,0.0174041943726956,0.06069826235596476,0.018425985259449527,0.008560910215895176,0.014484288206214072,0.00021857892127829273,0.015483847432383142,0.006585469963990387,-0.011205041087883711
2025-11-11,0.013109413943218164,0.0037834175304508008,0.027499979735588855,0.0011953736624623781,0.0021248643653386007,-0.11999389357540913,0.0,-0.030209898474450433,0.0005990604578997874,-0.00010928348854606122,0.0022866236688574054,,0.0133997433326718
2025-11-12,-0.013955684121077429,-0.01886603786103313,-0.018024523243569686,0.00190986972095642,0.007284792618343469,0.07666589089894159,0.03185241857888054,0.006686913345324598,-0.007211700106561607,0.00010928348854597598,0.0005563336963194146,,-0.031496161581770495
2025-11-13,0.00565621294158764,0.014632782114071692,0.003921753356469997,0.0021441492002694878,-0.0011713853458797565,-0.033774318017765224,0.006809514508564546,-0.020196273985342558,0.0030110714737149177,0.00010918691057841521,-0.016733243059015003,0.004039049583950575,0.004192878260035958
2025-11-14,0.01290882640032696,0.01302701260960614,0.02157290011767979,0.017457331093606067,0.008821695531347862,0.015151758759435687,0.017020059747694407,0.0014561874170350643,0.022593196526373274,0.000436797662419399,-0.00016378217190490574,0.02209208691820262,0.02086229019549529
2025-11-17,-0.013588448715161084,-0.017923824294715257,-0.020195999556311305,-0.025341697339247817,9.298906532082863e-05,0.01615936381400173,-0.007089492787101526,-0.00453737673039517,-0.004123686972993009,0.0,-0.009360102835536118,-0.0034559402453979765,-0.004581004772955444
2025-11-18,0.011406512550304483,0.0033253461237180136,0.010762395598466536,0.019713215628726542,-0.012860565708270674,-0.02623498511812115,0.018406706077707214,0.011465590983565154,0.001769393401922962,0.00021824272399394718,-0.008433010863377237,0.013915260959841778,0.026559911491730637
2025-11-19,-0.01421464261545658,-0.012577120278541732,-0.01913819665600528,-0.02548666609600585,-0.013457395682580127,-0.01659262091300598,-0.02236704432843934,-0.019128440721150566,-0.002950768988370235,0.0,0.003855757148191913,-0.020365295725324133,-0.016791439297260277
2025-11-20,-0.0028161035028936936,-0.009205104490227612,-0.0058136796621633124,-0.005806976854179367,-0.0069413360365815175,-0.08315784585453213,-0.008368226046834017,-0.015504203215255457,-0.016686912711614103,0.00021836422952572086,-0.015359602533844793,-0.003323918632882714,-0.002197458112325452
2025-11-21,0.0005126507828331335,-0.002197838605237026,-0.0011439043491856889,0.005565598512923102,-0.01290903043661365,0.013889169891174447,0.03576714958236599,0.027542763330844194,-0.007843153554347882,0.00021814746889167703,0.009911937023691694,-0.02034880605674333,-0.013605652055778598
2025-11-24,-0.009525951468846959,-0.0015346885269957118,0.002172265549804416,-0.0002412505180607344,-0.00448692332638718,-0.02939336061260158,-0.0369684263609948,-0.027044240606096278,-0.0012121629711079175,0.0,0.014611241086193577,0.004238372030951326,0.032131907773096796
2025-11-25,-0.012669378663211325,-0.008180345290376962,-0.010793513369352373,-0.0004829549977310838,0.001611771042298177,-0.02153707211417229,-0.03963746444774896,-0.022344452995103976,-0.013431142371329873,0.0002182689421852008,0.009362030553383407,-0.014656022390468157,-0.013041638035535342
2025-11-26,0.002267965165596717,0.006576313046435633,0.005411319105344789,0.00024146011813320866,0.00428532443636918,0.03424018253965052,-0.019785870746856008,-0.016271648938631263,0.009786048944408807,0.00010903209180258329,0.006879763512976049,0.009567816026054773,0.012733091288255805
2025-11-28,0.0099701882528492,0.010777235834009437,0.01820509643318262,0.01390585999809587,0.012891029449798195,0.04524418978173167,0.0,-0.010066009494731635,0.01689828655774799,0.00032719394307097297,0.0054435632273936016,-0.003918567072277213,-0.011483676788694566
2025-12-01,0.006106236644341464,0.009286303889466035,0.01754725267211854,0.008062612390596875,0.010640679929267805,-0.08093674883643961,-0.02890003710660857,-0.03136049532028477,0.007155679690654459,0.00012013577891965408,-0.004575959173217758,0.015078642318914827,0.0023384530104377022
2025-12-02,-0.010775556681884336,-0.015126228240943257,-0.010804889307779621,-0.008539011436177468,-0.006714850891333132,-0.03701382255455233,0.01950218889792314,0.014118659207397175,-0.014362815267884842,0.00032822994905583964,0.0018505862825212542,-0.01116007524663766,-0.013324125325942298
2025-12-03,0.020757307280953843,0.008878986457094656,0.027831653438663288,0.011133676654011843,-0.003925829037934578,0.03846619906960986,0.012793399772292791,0.004073362198196416,0.007207135577230317,0.00010910457414020999,0.003456786217426821,0.004749796885718645,0.005978620703109941
2025-12-04,-0.005618487987819146,0.004410002318116311,0.014167808877508006,0.0051692204959438125,-0.0026900243451990166,0.01869216261164479,-0.015371821237340344,-0.011375939532508471,0.005371554392220205,0.00010934596893897108,0.0007307890626128348,0.01227834784421873,0.006254907023109973
2025-12-05,-0.0051352070363859985,-0.01495423955133926,0.006102548263651225,-0.005640477335187111,-0.010687031375795457,-0.028903727380274927,0.006006063609131553,-0.000894195753815862,0.0,0.00021857166082134548,0.0018977350040129193,0.006830513853827756,0.004200052841407376
2025-12-08,-0.004816778015178573,-0.008637148200357561,-0.0086832473424702,-0.025541423588101405,-0.024060774314628056,-0.03278982984376525,0.005544918895210638,-0.005741948115228464,0.0,0.00010922571555605421,-0.003008799415334641,-0.01995538676341256,-0.017538814752922297
2025-12-09,0.0193832380155677,-0.0014804593101699901,0.0059042444346100315,0.0045833230678774305,-0.01041254723498416,0.0045351955427855506,-0.03286073834746345,-0.015231538335404181,-0.007768166125403858,0.00021850003317164292,-0.0008634278241621205,-0.010899290458035742,-0.010800613251870827
2025-12-10,0.010849993829182895,0.019473746213336217,0.0354345222638076,0.01059482228704343,-0.02967308329815924,-0.08824622982272372,0.0017567217342121227,-0.006415501690079851,-0.013285206158773212,0.0,0.006610281415951135,0.004612633103587147,0.007952960639359213
2025-12-11,0.0,-0.004567601688644588,-0.0009302332165972137,-0.01326120686251092,-0.006813825736828103,0.027621513217891077,0.0074316787396895775,-0.021562191498312497,-0.0024345373417131158,0.00010927430439103145,0.002324244979309141,-0.015632028353197765,-0.0200022669947214
2025-12-12,-0.006041301668911115,-0.0048552047594551725,-0.0121717989127915,-0.0031603584001373185,-0.011759926846248034,-0.014528076232785948,-0.004364843573590496,-0.023382878312117394,0.009099143677160986,0.00043672482723949575,-0.010810189042095767,-0.002600330840278974,0.003871597028314107
2025-12-15,-0.008961062566207463,-0.0012675323649050108,-0.012427783204611093,-0.02165975905214026,-0.002802864730878785,-0.03365982336297971,-0.004823556900311239,0.0017295987032588547,-0.003629657538520453,0.0,-0.001512030324677354,-0.011171350251987528,-0.009057153940749161
2025-12-16,-0.02650302979824149,-0.020570675351049963,-0.03878842994734536,-0.03210989162453806,0.002380223742101538,-0.0016877073949366455,-0.011494405425442274,-0.013337443685889279,-0.008521105447511283,0.00010921466025809294,-0.002736037133594218,-0.027223458610656427,-0.02667263816036854
2025-12-17,0.02352648692271791,0.0186997995822885,0.045126932711221646,0.042998460316815104,0.005637189783071622,0.0033726516181172787,0.019375420763469976,0.008525605163189735,0.0018320651320236133,0.00010911841188379169,-0.01106460773219221,0.011299555253933466,0.011282681493099678
2025-12-18,-0.007437546718929789,-0.012314676124896269,-0.02917025895624662,-0.022400169496830772,-0.0026302265051237365,0.020000631686993977,-0.04140370147901053,-0.01653575927361511,-0.011043078510620889,0.00016432975986100304,0.007522963990016468,0.0026716553428046057,0.0013190438845701326
2025-12-19,0.0012862431859791252,0.00040606257290563125,-0.003149236784104694,-0.0027725698523006752,-0.0004742763223994748,0.046745058983169635,-0.012808952362336644,0.0054772672552013376,0.011043078510620755,0.00032866280937559505,0.009022618958016409,0.0102637602487199,0.010816231309156694
2025-12-22,0.012434155007280614,0.01377948932075208,0.014791009212863504,0.01627279264066411,-0.0020572889927294087,0.040128819116949745,0.005509640378938414,-0.0009758750288660904,-0.005506295634892567,0.0,0.006210566721978087,0.02400532733994993,0.014081320312570506
2025-12-23,0.01069167100353558,0.004728375051213296,-0.006235179110591422,-0.004230451397784362,0.01222884867112098,0.06160308278601105,-0.01522516474466133,-0.008235258086088446,0.0036742305028690213,0.0,0.004560042005282501,0.006339436976670784,0.023508071108626804
2025-12-24,-0.0016761120296728796,-6.633946027094347e-05,-0.010079774688753474,-0.0024968302573661416,-0.007172191065882731,0.028052324899290396,-0.003726184424944047,0.004322131464147398,0.0018320651320236133,0.0003285548256225115,0.0035114479496600164,0.0028992942625337454,0.0
2025-12-26,-0.0009231249894017772,-0.0031945133224469784,-0.0028362150974061352,-0.003757069676835029,-0.00537356446765544,-0.039497396359457926,0.017576782348526377,0.008588844681374608,-0.008578480733378054,0.0003285311377241997,-0.0001014201750952399,-0.036771399097122896,
2025-12-29,0.011851256518047783,0.006444982772633816,0.011836924089042994,0.013954881161146857,0.017229690993430517,0.010021563550209214,0.014565503763396416,0.003492422746063035,0.001230054641738465,0.0,-0.0035699930558561223,0.0225356728817759,
2025-12-30,0.0038092190202606772,0.008704260755520594,0.015745066586360504,0.02565178330709925,0.004351877548484669,-0.0014254690577299761,-0.01870057732125585,-0.01817704171852659,0.01645874049266126,0.000109402182872211,-0.0012218468855631148,-0.001728907761226699,-0.012759343753760099
2025-12-31,-0.005386847447175225,0.0006564301490318131,-0.005220803913333003,-0.008234507173655295,0.004899057038447126,-0.027478271938420864,0.004593502529289011,0.002560903115105158,-0.0030275981213313103,0.00010939021534378604,-0.0074365500962735335,-0.009213450659717671,-0.015366254636486956
2026-01-02,0.0190137285013822,0.022640429928986638,0.03247610882963464,0.030181971722228505,0.01738999495615384,0.03174866549566952,-0.05850730284838962,-0.02268311441807005,0.006046057553596557,0.00043760957775242223,0.0018313617663269853,-0.0008735913895315788,0.010216581202681749
2026-01-05,0.02185481359161488,0.049736709857231984,0.02552463988505096,-0.027510406406502857,0.00464036523309464,-0.03028344306151548,0.010152438108029946,-0.0036290220493649023,-0.010300059026832049,0.0,0.006638033243240065,0.01543695557742807,0.01632297403193052
2026-01-06,-0.03498586113164206,-0.04563988901946783,-0.021293649367906977,0.012293786199574977,-0.021002080603277604,0.018854790116239434,0.03868408231476335,0.04386321957054166,-0.010407195539832973,0.00010933039855077411,0.005929568682081867,-0.019640850365561437,-0.014388737452099556
2026-01-07,-0.021375204234605708,-0.00859691203465831,-0.03318801412652035,-0.018131774883901837,0.007576988867147955,-0.020320012550393556,0.09105222638479256,0.08127615584714454,0.016478949724060426,0.00021870908627362202,-0.0032285629973805552,-0.016994567270563317,-0.016561508589001427
2026-01-08,0.036623856492701834,0.025760636923529714,0.04963118850770493,0.053206502583028614,0.0021906778487544997,0.09770664916157851,0.03160348120931639,0.0012468277417931504,0.022149849699996605,0.0,-0.00010153783677743937,0.030419928013048204,0.03633256076006215
2026-01-09,0.013736477255695833,0.0177999007560666,-0.012332589723266146,-0.008595625848105262,-0.011876889363897598,-0.03932707535617903,0.02226358302197753,-0.024688141199814943,0.00413586942575093,0.00021874538671182912,0.006591570183952557,0.02090907364629205,0.027561106138276798
2026-01-12,-0.0046654251736998106,0.0014176648937301568,-0.020828663624346783,-0.003271819466571429,-0.0038181139764226556,0.02053463089940155,0.00757730930098705,0.0021869562981886343,0.011140527482066162,0.00010935475239319584,0.0015692219387488094,0.00726661414668768,0.004444111214382369
2026-01-13,0.020035029424735264,0.00938055776770624,0.01000212974498292,0.013716353510571582,0.0012915709080992704,0.06555425129907289,0.0335969428682904,0.08978374907686096,0.01447213581783351,0.0001092586899910695,-0.002001476724789629,0.024285957405767427,0.032789822822990755
2026-01-14,0.028513197865626123,0.020356591753691804,0.03943598503209359,0.023052463830248508,0.03065741445708247,0.005063312973926835,0.003068629857104611,-0.013402756547586927,0.00573064854526602,0.00010933084989390474,-0.004927356850498766,0.01613858484563044,0.01890858827046314
2026-01-15,-0.008251936901502596,-0.0064788003994032594,-0.014151858816063657,-0.026290233412520125,0.015007984661899072,0.0050377449500196205,-0.006146781028004704,-0.015638609434468348,-0.0022884091210124058,0.0,0.0027195131661778946,-0.04481199444642803,-0.04014461884117107
2026-01-16,0.005868221287479241,0.0006016382168523937,-0.0075081289149292905,-0.010946848974508748,0.019344063832576832,0.10032277070780671,0.013017092645719583,0.012090445029957793,-0.006319982055029319,0.0004370357878103088,-0.0008382252035026964,0.004555816535860661,0.012168707206522932
2026-01-20,0.004378824442188594,-0.0057908169182598525,-0.02756882126188676,-0.010831244328526361,-0.01786550314176183,-0.03704135358313932,-0.014173827526087653,-0.017415539354722315,0.005173922105977849,0.0,-0.020566840670864645,0.015037877364540502,0.010545957376009028
2026-01-21,0.023858379762521975,0.008613678057781933,0.016920640328722345,0.029623100547197415,0.020764059966120626,0.06505441019600945,0.017212155569808422,0.012664854030114348,0.011969387876519291,0.0001091870846128502,0.0114749889632404,0.0013258205455530235,-0.014285957247476654
2026-01-22,0.0002245017389922681,-0.00041982898547638406,-0.0027831429370617105,-0.008308301197804608,-0.0024632891230446648,0.05167986782893935,-0.041027488462229644,-0.029512835520365852,0.025728501221348888,0.00010925920504963135,0.005209636268787033,-0.019060934879094743,-0.019065488977456975
2026-01-23,0.009902941717883676,0.0003599434223336845,0.01505944632455837,0.021777280126472863,0.002704518198523838,0.03606786144023544,0.029201992843426235,0.02491044187821897,-0.006648236577016376,0.0003276219945420423,0.00036271445090017455,0.024346708665854495,0.04041861344802584
2026-01-26,-0.0009637243497039966,0.004667512651676022,0.001016261361784482,-0.004089990594462514,-0.0040594140332626686,-0.05193278831188287,0.023512707937920815,-0.01949511496819443,-0.0016690964681865246,0.0,0.005065296757285074,-0.003961708714140672,-0.006771702602830927
2026-01-27,0.014650375830098844,0.009211203300534838,0.014320612306244073,0.014242332209989658,-0.003784183473922628,-0.051405571355356096,0.013403065260397393,0.044300244637331,-0.0005568047280378255,0.00010912748053739814,0.003976348566725876,0.02579734895702611,0.03740108340066705
2026-01-28,0.005466336814218539,0.005192060328406516,0.015105050944199732,0.006265450577944115,0.01116565914853077,0.06516972771720482,0.03702771944545677,0.040822014982277256,0.016026828523670652,0.00010919956811502441,-0.00010067497120472829,0.011379239703555272,0.00878317021918549
2026-01-29,0.02107308691616225,0.00738751711796392,0.01381093095182951,0.013074971790059547,0.02351491721471961,0.016684370081004575,0.008870023260426413,0.013823972650072089,0.015774120616330344,0.00021827939235685254,-0.0019863539443873905,0.0316839551829323,0.001409443503233604
2026-01-30,0.006314001244615102,0.03281051808592427,0.013814671849597428,-0.0006607069906189758,-0.006925662022052689,0.013354118032167529,0.009492116183769913,0.00393730092656859,-0.004326712950011773,0.00021831571528266043,-0.0029870370168700792,-0.004177309393098857,0.017452449951226207
2026-02-02,-0.021444688615393778,-0.016356885657639278,-0.023688198010464866,-0.03565806016162728,-0.017936004710510812,-0.0829380029862284,-0.0007000790044444515,0.0015706862829182623,-0.01694502960897279,0.00015312842921323737,0.004959045712933714,-0.04600335326225272,-0.064750769727607
2026-02-03,0.03778849485064373,0.0227805053136385,0.03019098996963609,0.0327898566966951,0.01528502023633521,0.04973985956579153,0.009756239165086476,0.019427089639440495,0.014774579883292678,0.0,-0.008491346084250548,0.016422845358785427,0.03325653172417164
2026-02-04,0.026501622106979376,0.017758652111980768,0.025224836345135348,0.031106331305258535,0.013653024079586221,0.01361994979841186,-0.022441293726179937,-0.007260438591224903,-0.0021749592712298764,0.00021890606482394205,-0.004855691490926631,0.03051030806343372,0.01615223554675511
2026-02-05,-0.010283624528324356,-0.011097026819101456,-0.024557834198953084,-0.03486948873117422,-0.015645939087686054,-0.03064157381275294,-0.00711749418633962,0.013857098509746289,-0.009846924840276052,0.0,-0.012567856956365418,-0.026048860255298536,-0.01815395197150204
2026-02-06,0.02012738674811202,0.009053370272806033,0.024836646249926986,0.026697481161640058,0.014772364691713868,0.06037208869851406,0.047769214480026335,0.04528907848610574,0.004749224166838954,0.0003281014744072107,0.019003005567205973,0.013736696620785523,0.008266865780329908
2026-02-09,0.014387730447437018,0.009574806819352293,0.009985244268330072,0.0075292780055277436,0.011848227597718024,0.026907500724739197,-0.009235544922970879,-0.010577516661592526,0.006112756111027637,0.0,0.004810244305276485,0.011847371620568044,0.010449120771092685
2026-02-10,0.002509930472198664,-0.0018637815199540506,-0.01110088766941892,-0.008393378264447538,0.012534154647030511,-0.002954206618899131,-0.0017197311511909406,0.006330558230972425,0.003318663087006861,0.00010931527665029088,-0.00264064386524897,-0.005127021251832878,-0.002531646921779508
2026-02-11,0.025851979259776576,0.019344227038670142,0.03392945257125853,0.020747182465860124,0.004751292906567108,-0.03614854589488295,0.03617092905712703,0.025358189183264015,0.0055065378656571785,0.0002186785824871816,-0.000231085512616827,0.00930239266231341,0.007156418671256347
2026-02-12,-0.030219774690257842,-0.018576401638541244,-0.003422827616046747,-0.03774845710170177,-0.00787009871666741,-0.05247797975868434,-0.014379095561539813,-0.03080304895018039,0.0027420442379852616,0.0,-0.015569451553392327,-0.026901841263391405,-0.024343121096931944
2026-02-13,-0.00992028900359924,0.007319679858454992,0.005399101173487772,0.01266937129924204,0.01413994948596236,0.008583763041620465,0.04059288609100126,0.039635004728438776,0.02648086471499537,0.00043721375627216045,0.0007042374603937072,-0.0004756996839091339,0.002289640382074439
2026-02-17,-0.015341018428537426,-0.007779154973262177,-0.024069123622951303,-0.00282580861579871,-0.008094627321186964,-0.06510840371581236,0.01921911323268583,-0.006973722466683711,-0.007494648965293651,0.00010923166433097247,0.0016121662321053362,-0.008281620831721986,-0.0027195321992560884
2026-02-18,0.030251171992317527,0.018221194983933146,0.023621000554358278,0.025149169743521778,0.021277909617095674,0.08520429987661723,0.05433429873666338,0.010230337683591535,0.013344206116409622,0.00010930355124199501,0.005025111493454597,0.04380490727345246,0.028401767768315978
2026-02-19,0.001922815449308322,0.004936962026384614,0.00963493769884519,0.08967886364429875,0.010980089423722804,0.03498299478197106,0.016095682828846995,0.02374748706207094,0.0021185923144771313,0.0,-0.0026409180968155325,0.02015372402693473,0.019179615176477507
2026-02-20,-0.024745621028871012,-0.004610711014328141,-0.009544441101293334,0.0059979179264492855,0.0012371263762766327,-0.020429716044896913,0.026263588285400857,-0.010825842529294536,0.004223867181556006,0.0003276714090175691,0.0072058400517004155,0.00044994376462123456,-0.005756594844336745
2026-02-23,0.023353603325944966,0.005314029401695513,-0.005898130047898569,0.011316888377966515,-0.013872416084512397,-0.027198314103221783,0.010600289013358247,0.0019517444617711567,-0.008465651121839462,0.0,-0.010263807839928392,-0.004960551321971096,-0.011752641324600847
2026-02-24,-0.009999417061864612,0.0023227163759577205,0.006440799742100948,-0.009197265302414446,-0.010758355079291784,-0.00851977208263273,0.039943954643700576,0.021630582662469235,-0.0010632886877127252,0.00021849966721330274,0.007242165031108853,-0.011213937789288126,-0.00964300673296773
2026-02-25,-0.0013408218257210086,-0.00606125421325011,-0.0052583458031218765,-0.01963330301664481,-0.001268064831059378,-0.004287210213098351,-0.0016443896928147567,0.005843622206228117,-0.011233019312601322,0.00010914817067654926,0.008402945104341215,-0.004888491250570358,-0.007329137811170706
2026-02-26,-0.0034946560327688424,-0.0003257373273738514,0.006252521976913797,0.009573223840427589,0.05221955601475586,0.017039852520236175,0.022241230006344224,0.04257655332186683,0.0053648401005667885,0.00010913625865350797,-0.005569959857260949,-0.0030674870678618345,0.013628591693944965
2026-02-27,0.026310359005369016,0.01401937583072875,0.02462653168248754,0.03157857869804193,0.013753852929805457,0.022965443878716598,0.01781258593527069,0.026524708325324307,0.007993627205379533,0.00021840426129203375,-0.004813509630285336,0.028170876966696224,-0.004755918881868143
2026-03-02,0.011215566272684338,0.015092281322681388,0.04126609530373249,0.02106519109432504,0.05448463886153912,0.16076304704946567,0.04306449999768435,-0.01016793525417542,0.013706077777459177,0.00014225534187992366,0.0005684172026597193,0.06041376256420405,0.07974066456537406
2026-03-03,-0.015618676366153939,-0.00438725659866048,0.002365255248601192,-0.009824917257216322,-0.011555624955825862,0.007005214340983095,-0.0646395446694841,0.014332289879800786,-0.012645045457285162,0.00010941985678250638,-0.008853414553509194,0.04602144422338795,0.07529096674639985
2026-03-04,-0.01332686354747194,-0.014621420945763939,-0.024513292510204995,-0.0013048487195033702,0.011756476728598213,-0.026526707291081527,-0.023427901527259924,0.009774443166699898,-0.005316353788933049,0.00010940788538736513,0.007030536114047319,0.0013417417818631485,-0.02086947860045901
2026-03-05,0.006254509555927028,0.020589641209522513,0.010065884128418448,-0.006925629173718215,0.0022466412841173327,0.0956359314811765,-0.03820697367945852,-0.018501525305234297,-0.004808994138525691,0.00010931222117337715,-0.005591148225550186,0.08109419996154114,0.08268003871768653
2026-03-06,0.00298051156307204,0.0002106599908148691,0.0021377578849963988,0.017686328111858517,0.022232387510795093,0.016155437480477656,-0.010362644978586005,-0.01830899227361691,0.003742302956653751,0.00021883963280611051,-0.013193791611277716,0.11536225982631985,0.0776171995404218
2026-03-09,-0.00510529369495002,-0.0026358810852404406,-0.0003417421288113489,0.01520041334109361,-0.01719576266183721,-0.0809111301686329,0.02655400356600501,-0.007444685400023207,-0.008036454655315295,0.00010927635800970492,0.008721878607696682,0.041857043116796167,-0.014624912149803746
2026-03-10,-0.015474050273591158,-0.016767801321383936,-0.024916915412870694,-0.030406484708331117,-0.02030039331929355,-0.009602878177686916,-0.007069164142859835,-0.013063428707249747,-0.015722791784721718,0.0001093480768314762,-0.001608419719141641,-0.12282743298336703,-0.0489809613843714
2026-03-11,0.023023250906691155,0.029096425178650364,0.02491691541287077,0.04526997219825861,0.01838470101248384,0.0889101360413094,-0.05063633276600741,-0.027332549511800492,0.02429273425972597,0.0,-0.0012559513052689201,0.03624817699433961,0.01260939171167021
2026-03-12,0.012782429256224434,0.026650450634611418,0.027225781618866227,0.04966364818101303,0.013964004228049519,0.0245752391511611,-0.05377641949865519,-0.0830731038632531,-0.010185053833021797,0.00021874392973495239,-0.015301420789775961,0.09667079543105034,0.11805167888757907
2026-03-13,0.01672893131649389,-0.0007617963913939147,0.013462910285493,-0.00911518522261553,-0.006204173399118419,0.02551351432202693,-0.0193607407593401,-0.015395249109348084,0.010185053833021878,0.00032781717127281586,-0.005676188622551868,0.029576064778843444,0.008268127448061702
2026-03-16,0.007084763272473108,0.00010155470966362619,-0.00468731335542959,-0.010944277782894446,-0.00389233548481045,-0.06326532165230343,0.0532297754455243,0.03011871924983633,-0.0005334878196888739,0.0,0.010125430484197413,-0.05306920875457158,-0.021443030435262963
2026-03-17,0.009998829440563258,0.0057243128362621815,0.012695227928121593,0.008349318709103395,0.0008353655756238503,0.05466711794256195,-0.01679116572603716,-0.03147520956613264,0.0026645975528219097,0.00010927638185824198,0.002627101016221855,0.027668079587905958,0.07021935578542292
2026-03-18,-0.0077118033536579,0.0032275956542746178,0.0063280980746910345,0.011196422578426197,0.056880049664396255,0.13536087202036437,0.02710536639507254,0.03351929545840232,-0.006942674907626843,0.00021851694625667353,-0.014051912692600945,0.001145058158735642,0.08571121178553162
2026-03-19,0.003610501621050562,0.014148476531989631,0.018985591568075503,0.0203465942959642,0.05712291521330031,-0.03843990166461658,0.022141163107117893,0.008713475086604206,0.01594926129764143,0.0,-0.0024673819700690397,-0.0001040420330752696,-0.061466495272753816
2026-03-20,0.00950197186704481,0.00143856605134782,0.007116354412346202,0.018788436044161333,-0.0034827686484990893,0.10108268849031228,-0.021830318340383518,-0.01720912011718862,0.0026337200008458993,0.00032768591485737365,-0.01443952585884218,0.02669288959460354,0.06425707676319364
2026-03-23,0.009102349005170533,0.017103729302575407,0.0021250983701939117,-0.006610463828573226,0.022215693908667407,-0.0006327256578531148,0.05031375258493957,0.03894905812004302,0.002626701665830304,0.00010920478083821701,0.010445276906504148,-0.09984888071604883,-0.13186800012643243
2026-03-24,0.026034362929790365,0.0076698753288619035,0.016839905159740237,0.015465899191405301,0.025371687801096162,0.049392766237853505,0.04649305006934188,0.06092421969339414,0.00783905891532696,0.00010910931636452704,-0.0033624966130463346,0.042195728674903,0.0436429468549945
2026-03-25,-0.012901897442340701,-0.00796236396187388,-0.0032523912030582333,0.00974822474302302,-0.03520398040360954,0.006604569475510818,-0.04886066966859418,-0.03701871158898516,-0.003650574985559329,-0.00010910931636456711,0.005557288574735996,-0.01808485046136394,0.00661888792589377
2026-03-26,0.013204111968613486,0.012786532864242079,0.03295749843092478,0.03978025743972199,0.024350285740469366,0.006561348583064273,-0.005347615417324569,0.020780026471404735,0.015552472368380917,0.0002182902601630735,-0.018020135919566853,0.04977317992222971,0.03820174222566249
2026-03-27,0.03305700704104683,0.016040830472928088,0.004119107456528341,0.014805931822671597,0.018732202095166718,0.041345101701704134,0.002380299535105758,0.02406205367764015,0.011761809775271205,0.0003274713267403311,-0.01719894102480063,0.05147003069224659,0.06883411472843094
2026-03-30,0.002803223923661427,-0.002085940082102953,-0.0068244567519739185,0.013986214396894538,-0.011074497782500308,-0.03719204342003223,-0.007756665760228733,-0.027450279289350978,-0.0040753965341436054,0.00010913328269930473,-0.003349064243429706,0.033312135789500416,0.00336963540532892
2026-03-31,-0.010611875345229468,-0.018247257140121223,-0.006719791164137414,-0.018897207931510503,-0.034225732247828794,-0.06924659573015614,0.043083621924434115,0.01348456180361454,-0.014914183365222378,0.0,0.028653466042465783,,
2026-04-01,-0.05375949265714517,-0.04695275242330724,-0.027807268668680447,-0.04355007867050726,-0.028307870681332833,-0.07098905497778181,-0.0008609206514229416,-0.00752901082704078,-0.014613975195562855,0.0002626392437194833,0.00750622148232205,,
2026-04-02,-0.0005599050605033121,0.00787126289791215,0.01653185054157637,0.011821250660992582,0.01910294113358625,-0.0027285119907372265,0.04956906176753671,0.030959781537789107,-0.004743099842225799,0.00021875771993790373,0.0009000692442135715,,
