Date,dVIX,dOVX,dSpread_2s10s,dT10YIE,dBrent_WTI_Spread,dTTF_HH_Spread,dMOVE,dDXY_log
2019-01-02,,,,,,,,
2019-01-03,2.2300000000000004,-1.1499999999999986,0.009999999999999787,-0.020000000000000018,-1.4400000000000048,0.30999877929687614,2.990001678466797,-0.002652758905331507
2019-01-04,-4.07,-2.049999999999997,0.0,0.08000000000000007,1.5700000000000074,0.5950011444091778,0.029998779296875,-0.004166739594888852
2019-01-07,0.019999999999999574,-1.1000000000000014,4.440892098500626e-16,0.020000000000000018,0.9499999999999957,-1.3399996185302747,-4.939998626708984,-0.0036533198198474273
2019-01-08,-0.9299999999999997,-4.340000000000003,-0.020000000000000462,0.040000000000000036,-1.5,0.40999946594238423,-1.8300018310546875,0.0014418367989026603
2019-01-09,-0.48999999999999844,-1.7199999999999989,0.03000000000000025,0.010000000000000009,-0.05999999999999517,-0.4000008392333996,-2.029998779296875,-0.005133959256294406
2019-01-10,-0.4800000000000004,-1.3699999999999974,0.0,-0.020000000000000018,0.779999999999994,-0.0750000762939429,-0.3699989318847656,-0.0007975803064639293
2019-01-11,-1.3099999999999987,-2.0,-0.020000000000000018,0.020000000000000018,-0.2499999999999929,0.5799999237060547,-0.7100028991699219,-8.066991104376865e-05
2019-01-14,0.879999999999999,-0.17999999999999972,0.020000000000000018,-0.020000000000000018,0.6899999999999906,-0.9899999237060548,-0.5999984741210938,
2019-01-15,-0.46999999999999886,-1.0600000000000023,0.010000000000000231,0.0,-1.6399999999999935,0.1450007629394534,-2.3300018310546875,
2019-01-16,0.4399999999999977,-0.9799999999999969,-0.010000000000000231,0.010000000000000009,0.8800000000000026,-0.035000839233397585,-1.05999755859375,-0.001778733751772644
2019-01-17,-0.9800000000000004,-1.740000000000002,0.009999999999999787,-0.030000000000000027,0.28999999999999915,0.9900016784667969,1.4899978637695312,0.0024021171173080726
2019-01-18,-0.259999999999998,-1.3999999999999986,-0.020000000000000018,0.040000000000000036,0.4199999999999946,-0.24000129699707173,0.3400001525878906,0.0012796465904069464
2019-01-22,3.0,2.6299999999999955,-0.009999999999999787,-0.040000000000000036,-0.13000000000000256,-0.7899990081787109,0.8600006103515625,0.0017103331904707762
2019-01-23,-1.2800000000000011,-0.5700000000000003,0.019999999999999574,0.010000000000000009,0.30000000000000426,0.6750000000000007,-0.4500007629394531,-0.0015540926687809566
2019-01-24,-0.629999999999999,-0.9399999999999977,-0.019999999999999574,-0.030000000000000027,-0.45999999999999375,-0.9099998474121094,-0.009998321533203125,0.000358649857308398
2019-01-25,-1.4699999999999989,-1.5399999999999991,-4.440892098500626e-16,0.020000000000000018,-0.19000000000000483,-0.3300012969970716,-1.6800003051757812,-0.0052248948557541445
2019-01-28,1.4499999999999993,2.3999999999999986,-0.009999999999999787,-0.010000000000000009,-0.03999999999999915,-0.32000015258789105,-1.5499992370605469,0.0002849978469068532
2019-01-29,0.259999999999998,-0.4799999999999969,0.010000000000000231,0.0,-0.010000000000005116,0.1449998474121088,-1.1500015258789062,-0.00022974576364816058
2019-01-30,-1.4699999999999989,-1.5399999999999991,0.020000000000000018,0.06000000000000005,-0.19999999999999574,-0.4649987792968737,-1.4799995422363281,0.00041297839990966597
2019-01-31,-1.0899999999999999,-0.6200000000000045,-4.440892098500626e-16,0.010000000000000009,0.9099999999999966,-0.14999992370605497,1.4900016784667969,-0.004592679743197401
2019-02-01,-0.4299999999999997,-1.5700000000000003,4.440892098500626e-16,0.029999999999999805,-2.049999999999997,-0.4300011444091787,-1.0200004577636719,0.0017984635203577887
2019-02-04,-0.41000000000000014,0.30000000000000426,0.020000000000000018,-0.009999999999999787,1.1199999999999974,0.18500030517578026,0.07999801635742188,0.0010701512324222456
2019-02-05,-0.16000000000000014,0.8699999999999974,-0.020000000000000018,0.0,0.29000000000000625,-0.1850001525878895,-0.25,0.0014610411440358565
2019-02-06,-0.1899999999999995,-1.5499999999999972,0.0,-0.010000000000000009,0.29999999999999716,-0.2649984741210929,-1.1800003051757812,0.0016418897507154532
2019-02-07,0.9900000000000002,1.3200000000000003,-0.010000000000000231,-0.020000000000000018,0.04999999999999716,-0.045001068115237075,1.5300025939941406,0.0017790268502282834
2019-02-08,-0.6500000000000004,-1.7800000000000011,0.009999999999999787,-0.020000000000000018,0.28999999999999915,-0.685000457763671,0.6599998474121094,0.0005800793578410838
2019-02-11,0.25,0.7800000000000011,-0.009999999999999787,0.0,0.25,-0.3099990844726559,-1.3100013732910156,0.004624214176268073
2019-02-12,-0.5400000000000009,-0.6500000000000057,0.010000000000000231,0.010000000000000009,0.5700000000000003,-0.22000045776367294,0.7000007629394531,-0.002622730281662949
2019-02-13,0.22000000000000064,-0.4299999999999997,0.0,0.030000000000000027,-0.00999999999999801,0.3350006103515639,-0.8500022888183594,0.0018374162222304197
2019-02-14,0.5699999999999985,-0.1599999999999966,-0.020000000000000018,-0.010000000000000009,0.1700000000000017,-0.2650012969970703,-0.9799995422363281,0.0013910541824246254
2019-02-15,-1.3099999999999987,-2.6400000000000006,-0.020000000000000018,0.010000000000000009,0.47000000000000597,0.3650012207031246,-1.4599990844726562,-0.0009422277776354027
2019-02-19,-0.02999999999999936,1.5399999999999991,0.009999999999999787,0.010000000000000009,-0.3300000000000054,-0.4950004577636715,-0.6699981689453125,-0.003679179694288452
2019-02-20,-0.8600000000000012,-0.23999999999999844,0.0,0.019999999999999796,0.1799999999999926,0.4400005340576172,-0.5200004577636719,
2019-02-21,0.4400000000000013,-0.6000000000000014,0.010000000000000231,0.020000000000000018,0.03999999999999915,-0.6650000000000009,2.009998321533203,
2019-02-22,-0.9500000000000011,-0.3099999999999987,0.009999999999999787,0.0,-0.05999999999999517,-0.30000091552734354,0.6700019836425781,-0.0020762248329174266
2019-02-25,1.3399999999999999,2.8399999999999963,-0.009999999999999787,0.010000000000000009,-1.2000000000000028,-0.384999847412109,-1.0600013732910156,-0.001102368452386416
2019-02-26,0.3200000000000003,-1.1199999999999974,0.0,0.0,0.4100000000000108,0.2000003814697262,0.11999893188476562,-0.0006748040695232205
2019-02-27,-0.47000000000000064,-0.5599999999999987,0.029999999999999805,0.010000000000000009,-0.4800000000000111,0.4199996948242184,,-0.00028407970204869984
2019-02-28,0.08000000000000007,-0.740000000000002,0.020000000000000018,0.020000000000000018,-0.8099999999999952,0.20000076293945312,,0.001426597518269545
2019-03-01,-1.209999999999999,0.03999999999999915,0.0,0.010000000000000009,0.13000000000000256,-0.7950008392333974,0.6800003051757812,0.002954498619114511
2019-03-04,1.0600000000000005,-0.10999999999999943,-0.03999999999999959,-0.020000000000000018,-0.11000000000000654,-0.9800000762939458,-1.1599998474121094,0.0013567191295381137
2019-03-05,0.10999999999999943,0.010000000000001563,0.0,-0.010000000000000009,-0.14999999999999858,0.8500006866455081,-0.8800010681152344,0.000971692455205921
2019-03-06,1.0,-0.5199999999999996,-4.440892098500626e-16,-0.020000000000000018,0.6000000000000085,-0.3299999237060547,-0.22999954223632812,0.0014570752971536623
2019-03-07,0.8499999999999996,0.7399999999999984,0.0,-0.010000000000000009,-0.0700000000000145,0.30000045776367124,0.20000076293945312,0.004516995851319791
2019-03-08,-0.5399999999999991,-0.6600000000000001,0.0,0.0,1.6700000000000017,-0.1400012969970703,0.0,-0.0011435909478358813
2019-03-11,-1.7200000000000006,-0.5899999999999999,0.0,0.010000000000000009,-1.6199999999999903,-0.0649995422363272,-0.9900016784667969,-0.0005480008079682396
2019-03-12,-0.5600000000000005,-0.620000000000001,-0.010000000000000231,-0.010000000000000009,0.1699999999999946,-0.3850009155273444,0.020000457763671875,-0.0031072530263556437
2019-03-13,-0.35999999999999943,-0.4299999999999997,0.0,0.020000000000000018,-0.8200000000000003,-0.5249987030029306,-0.29000091552734375,-0.0017572569724598722
2019-03-14,0.08999999999999986,-0.9100000000000001,0.010000000000000231,0.020000000000000018,-0.02999999999999403,-0.20000083923339673,0.6700019836425781,0.0004600761995210534
2019-03-15,-0.6199999999999992,-0.9499999999999993,-0.010000000000000231,0.0,0.00999999999999801,-0.3549995422363281,0.80999755859375,-0.0018180118927353932
2019-03-18,0.21999999999999886,0.21000000000000085,-0.009999999999999787,0.020000000000000018,-0.03999999999999915,-0.22000045776367294,-1.0999984741210938,-0.0012575377499405296
2019-03-19,0.46000000000000085,1.9600000000000009,0.0,-0.010000000000000009,0.44999999999999574,0.00500057220459027,-1.2700004577636719,-0.001793852667092647
2019-03-20,0.34999999999999964,-1.2300000000000004,-0.009999999999999787,0.010000000000000009,0.21999999999999886,0.27000003814697315,-1.1500015258789062,-0.0007137124602331535
2019-03-21,-0.27999999999999936,-0.07000000000000028,-0.010000000000000231,0.0,0.09000000000000341,-0.6500005722045898,1.9799995422363281,0.00015329409326564366
2019-03-22,2.8499999999999996,0.6400000000000006,0.0,-0.06000000000000005,-0.8999999999999915,3.433227533378158e-07,7.75,0.0045199199534965775
2019-03-25,-0.15000000000000213,1.5399999999999991,0.04000000000000048,-0.020000000000000018,1.2399999999999949,-0.2399995040893561,4.850002288818359,-0.002343928054345873
2019-03-26,-1.6499999999999986,-1.3999999999999986,-4.440892098500626e-16,-0.019999999999999796,-1.019999999999996,0.17999980926513715,-0.6000022888183594,0.001958452287887521
2019-03-27,0.47000000000000064,0.18999999999999773,0.0,-0.020000000000000018,0.3199999999999861,0.6599996566772468,4.460002899169922,0.0042034186218296195
2019-03-28,-0.7200000000000006,0.41000000000000014,-0.009999999999999787,-0.010000000000000009,-1.1699999999999946,-0.5649995803833008,-1.0400009155273438,0.0011615471932186886
2019-03-29,-0.7199999999999989,-1.7699999999999996,-0.020000000000000018,0.04999999999999982,0.95000000000001,-0.25500015258789155,-1.3800010681152344,-0.0010503692014824208
2019-04-01,-0.3100000000000005,-0.5199999999999996,0.020000000000000018,0.020000000000000018,-0.2500000000000142,-0.36999988555908203,-5.8600006103515625,-0.0017464003955317956
2019-04-02,-0.040000000000000924,0.05000000000000071,0.020000000000000018,0.0,-0.3399999999999892,-0.42000034332275327,1.5200004577636719,0.001574416710974206
2019-04-03,0.3800000000000008,-0.7100000000000009,0.009999999999999787,0.010000000000000009,-0.4000000000000128,0.7549996566772457,-0.3699989318847656,-0.003447643147916522
2019-04-04,-0.16000000000000014,-0.3500000000000014,-0.010000000000000231,-0.010000000000000009,0.9300000000000068,0.6950007247924805,-2.1399993896484375,0.002164650017086299
2019-04-05,-0.7599999999999998,-1.2199999999999989,-0.029999999999999805,0.0,-0.8499999999999943,1.8699999237060538,-2.479999542236328,2.5223719169093654e-05
2019-04-08,0.35999999999999943,0.3299999999999983,0.010000000000000231,0.010000000000000009,-0.0800000000000054,-0.770000076293945,-1.3300018310546875,-0.0024671061564392363
2019-04-09,1.0999999999999996,0.33000000000000185,-4.440892098500626e-16,0.0,0.21999999999999886,0.7999990081787107,0.94000244140625,-0.001371599899877153
2019-04-10,-0.9799999999999986,0.019999999999999574,0.010000000000000231,0.030000000000000027,0.03999999999999204,-1.0349996185302732,-0.23000335693359375,-0.0009189418839446677
2019-04-11,-0.28000000000000114,1.0199999999999996,-0.010000000000000231,0.0,0.6800000000000068,0.2650003433227539,-1.6999969482421875,0.0017759760746386005
2019-04-12,-1.0099999999999998,0.0,4.440892098500626e-16,0.010000000000000009,0.01999999999999602,-0.17000034332275327,1.9399986267089844,-0.0024211373873392742
2019-04-15,0.3100000000000005,-0.18999999999999773,-0.010000000000000231,-0.010000000000000009,-0.23999999999998778,-0.8449993133544922,-1.2000007629394531,0.0012401240664507655
2019-04-16,-0.14000000000000057,0.05999999999999872,0.040000000000000036,0.020000000000000018,-0.7400000000000162,-0.08500019073486342,0.6700019836425781,0.0015761187288985622
2019-04-17,0.41999999999999993,-0.379999999999999,0.0,-0.020000000000000018,0.6700000000000088,0.4699996566772455,0.3400001525878906,-0.001409313129957039
2019-04-18,-0.5099999999999998,-0.740000000000002,0.0,0.010000000000000009,-0.7100000000000009,-0.7249996566772445,0.5799980163574219,0.0016857068820788522
2019-04-22,0.33000000000000007,1.620000000000001,0.020000000000000018,0.0,-1.6400000000000006,-0.07000000000000028,-0.4500007629394531,0.0005412314323494915
2019-04-23,-0.14000000000000057,0.48999999999999844,0.0,0.0,3.1000000000000085,0.04000003814697273,1.0100021362304688,0.0033784638740751963
2019-04-24,0.8600000000000012,-1.2799999999999976,0.0,0.010000000000000009,-0.519999999999996,-0.1549997329711914,0.7299995422363281,0.002263024300786324
2019-04-25,0.10999999999999943,0.28999999999999915,0.0,0.020000000000000018,2.079999999999984,0.2599995040893557,-0.7299995422363281,0.0030468522153683794
2019-04-26,-0.5199999999999996,5.669999999999998,0.020000000000000018,-0.010000000000000009,-1.9699999999999918,-0.14999965667724702,-0.3600006103515625,-0.0025444602125833144
2019-04-29,0.379999999999999,-2.1999999999999993,0.010000000000000231,-0.010000000000000009,0.0899999999999963,0.09999942779541016,-1.3800010681152344,0.00039826943799893533
2019-04-30,0.009999999999999787,0.2699999999999996,-4.440892098500626e-16,-0.010000000000000009,0.5300000000000011,-0.14499927520751932,1.4200019836425781,-0.001685937809996951
2019-05-01,1.6800000000000015,0.10000000000000142,-0.029999999999999805,-0.020000000000000018,0.10000000000000853,-0.33500003814697266,-2.720001220703125,-0.0028298510225137656
2019-05-02,-0.3800000000000008,1.0799999999999983,-0.010000000000000231,-0.040000000000000036,0.3499999999999943,0.26999946594238367,-0.029998779296875,0.004853327847435937
2019-05-03,-1.5500000000000007,-0.6099999999999994,0.010000000000000231,0.020000000000000018,1.1600000000000037,0.23999980926513587,-0.94000244140625,-0.002574231481120021
2019-05-06,2.5700000000000003,1.0300000000000011,-0.010000000000000231,0.0,-0.3200000000000003,-0.17999954223632741,2.0400009155273438,0.001010207516615737
2019-05-07,3.880000000000001,3.16,-0.02999999999999936,-0.039999999999999813,-0.0799999999999983,-0.18000030517578125,4.540000915527344,0.001995734726733463
2019-05-08,0.0799999999999983,-1.8400000000000034,0.020000000000000018,0.0,-0.6100000000000065,0.06499996185302592,-1.0499992370605469,-0.0008177262734210192
2019-05-09,-0.29999999999999716,0.25,0.0,-0.020000000000000018,0.07000000000000028,0.1550002288818355,3.4099998474121094,0.002809485974834387
2019-05-10,-3.0600000000000023,0.3200000000000003,0.020000000000000018,0.029999999999999805,0.9499999999999957,-0.48000003814697223,-1.2299995422363281,-0.0026683912788519645
2019-05-13,4.510000000000002,1.8000000000000043,0.009999999999999343,-0.029999999999999805,1.3999999999999986,-0.3049996566772464,4.399997711181641,0.003297498239582219
2019-05-14,-2.490000000000002,-2.469999999999999,0.0,0.010000000000000009,-0.6699999999999946,0.034999618530275,-2.5400009155273438,0.00023721466960467466
2019-05-15,-1.6199999999999974,-2.870000000000001,-0.009999999999999787,-0.030000000000000027,0.3500000000000014,0.07999969482421854,2.0500030517578125,-0.000742022217058261
2019-05-16,-1.1500000000000021,0.16000000000000014,-0.010000000000000231,0.010000000000000009,0.7100000000000009,-0.3999993133544937,-0.4200019836425781,0.0015360661536289331
2019-05-17,0.6700000000000017,0.019999999999999574,-0.009999999999999787,-0.030000000000000027,-0.6000000000000085,-0.5200006866455062,-0.009998321533203125,0.003556398936716818
2019-05-20,0.34999999999999787,-1.8100000000000023,0.010000000000000231,0.0,-1.0799999999999983,-0.03999980926513658,-0.4200019836425781,-0.0011694455575113995
2019-05-21,-1.3599999999999994,-0.6999999999999993,-0.029999999999999805,0.020000000000000018,-0.1700000000000017,-0.22999980926513786,-1.2000007629394531,-0.00023646120018357692
2019-05-22,-0.1999999999999993,1.2600000000000016,-0.010000000000000231,-0.040000000000000036,0.6000000000000014,-0.05500030517578125,-0.3899993896484375,-0.0003715719946280234
2019-05-23,2.1700000000000017,5.599999999999998,0.029999999999999805,-0.06000000000000005,0.20000000000000995,0.11500064849853509,6.1100006103515625,-3.785304416354958e-05
2019-05-24,-1.070000000000002,-0.6000000000000014,-0.03000000000000025,0.030000000000000027,-1.1400000000000006,-0.38500026702880774,-0.529998779296875,-0.0013447122216191927
2019-05-28,1.6500000000000004,1.1700000000000017,-0.020000000000000018,-0.030000000000000027,1.6999999999999957,0.22000045776367116,1.2299995422363281,0.0020378839917035026
2019-05-29,0.3999999999999986,2.0700000000000003,0.020000000000000462,0.020000000000000018,0.519999999999996,-0.33500007629394446,1.3899993896484375,0.0020277336575567073
2019-05-30,-0.5999999999999979,3.1899999999999977,0.0,-0.010000000000000009,1.2800000000000011,-0.75,-1.4199981689453125,-0.0013273099800408953
2019-05-31,1.4100000000000001,7.289999999999999,0.030000000000000027,0.0,0.21000000000000085,-0.17000045776367223,10.939998626708984,0.002817360015505549
2019-06-03,0.14999999999999858,-0.12999999999999545,0.05999999999999961,-0.010000000000000009,-3.3800000000000026,-0.014999542236328267,0.8799972534179688,-0.002151767719017857
2019-06-04,-1.8900000000000006,-3.3200000000000003,-0.009999999999999565,0.010000000000000009,0.15000000000000568,0.8599994659423835,1.7000045776367188,-0.0033143110581322095
2019-06-05,-0.879999999999999,1.7299999999999969,0.04999999999999982,0.010000000000000009,0.509999999999998,-0.3099994659423828,2.3799972534179688,-0.000525587959764316
2019-06-06,-0.16000000000000014,-4.530000000000001,-0.04999999999999982,-0.020000000000000018,-0.39000000000000057,-0.4450008392333995,-4.220001220703125,-0.00045602053486076827
2019-06-07,0.370000000000001,-1.9099999999999966,-4.440892098500626e-16,0.010000000000000009,-0.030000000000008242,0.3850009155273444,-4.7299957275390625,-0.002074110238066804
2019-06-10,-0.3600000000000012,0.36999999999999744,0.010000000000000231,-0.010000000000000009,0.8300000000000125,0.29499984741210916,-3.0699996948242188,-0.0020472518241872405
2019-06-11,0.05000000000000071,-0.4299999999999997,-0.030000000000000027,-0.010000000000000009,-0.7199999999999989,-0.5950004959106447,-0.69000244140625,-0.0010455671551253482
2019-06-12,-0.08000000000000007,4.3700000000000045,0.030000000000000027,-0.010000000000000009,0.2699999999999889,-0.07999946594238239,3.5,0.0005077606909965391
2019-06-13,-0.08999999999999986,-1.5,0.020000000000000018,-0.030000000000000027,0.37000000000000455,0.25500011444091797,7.30999755859375,0.0016402279222564509
2019-06-14,-0.5400000000000009,1.3299999999999983,-0.02000000000000024,-0.050000000000000044,-0.23999999999999488,-0.015000762939454404,5.0800018310546875,0.002403112243795106
2019-06-17,0.07000000000000028,3.259999999999998,-0.020000000000000018,-0.019999999999999796,-0.03999999999999915,0.16000000000000014,-3.94000244140625,0.0005408107376217392
2019-06-18,-0.1999999999999993,-2.719999999999999,-0.029999999999999805,0.029999999999999805,-1.1300000000000026,-0.514999847412108,-0.1399993896484375,-0.0007651561891389968
2019-06-19,-0.8200000000000003,-2.6400000000000006,0.08999999999999986,0.030000000000000027,-0.38000000000000256,-0.5400001907348635,-5.3699951171875,-0.0007838783905066189
2019-06-20,0.41999999999999993,0.8699999999999974,0.0,0.07000000000000006,-0.5500000000000043,-0.28500003814697283,1.0,-0.008537152853129743
2019-06-21,0.6500000000000004,0.47000000000000597,0.010000000000000009,-0.010000000000000009,0.0799999999999983,0.314999923706055,2.2599945068359375,0.00028827441833860604
2019-06-24,-0.14000000000000057,-1.1300000000000026,2.220446049250313e-16,-0.020000000000000018,-1.2099999999999937,-0.19499973297119233,-0.8699951171875,-0.001584358239440101
2019-06-25,1.0200000000000014,-0.740000000000002,-0.010000000000000009,-0.040000000000000036,1.1799999999999926,-0.3549995422363281,0.45999908447265625,-0.00017096089660034418
2019-06-26,-0.07000000000000028,-1.8099999999999952,-0.010000000000000231,0.030000000000000027,-0.9299999999999997,-0.2550003814697259,-0.48999786376953125,-0.0006588216232306643
2019-06-27,-0.39000000000000057,-0.6099999999999994,-0.010000000000000009,-0.020000000000000018,-0.07999999999999119,-0.22499988555908246,-3.8100051879882812,0.0009091472877591029
2019-06-28,-0.7400000000000002,1.6199999999999974,-0.019999999999999796,0.010000000000000009,1.7199999999999918,0.6399997711181644,0.5100021362304688,-0.000723237097555944
2019-07-01,-1.0199999999999996,-3.539999999999999,-2.220446049250313e-16,0.0,-3.1299999999999955,0.33999999999999986,-3.9000015258789062,0.0012367754709857479
2019-07-02,-1.1300000000000008,1.8500000000000014,-0.039999999999999813,-0.040000000000000036,0.5300000000000011,-0.10999938964843725,2.0699996948242188,0.0008878252221059187
2019-07-03,-0.35999999999999943,-1.0500000000000043,-0.020000000000000018,0.0,-0.25,0.07999969482421943,-0.26999664306640625,-0.00010712452103592063
2019-07-05,0.7099999999999991,-2.019999999999996,-0.020000000000000018,0.040000000000000036,,,-3.0500030517578125,0.0026069192462708293
2019-07-08,0.6800000000000015,-0.7000000000000028,0.0,0.010000000000000009,,,-2.05999755859375,-0.0007630184963300036
2019-07-09,0.129999999999999,-3.6999999999999993,-0.020000000000000018,0.010000000000000009,-0.8100000000000023,-0.1399998855590816,-0.31999969482421875,0.0006631118438103072
2019-07-10,-1.0600000000000005,0.46000000000000085,0.09999999999999987,0.030000000000000027,-0.6000000000000014,0.29499999999999993,-0.5100021362304688,-0.00011990115988317619
2019-07-11,-0.09999999999999964,-0.9000000000000021,0.030000000000000027,0.030000000000000027,1.5800000000000054,0.9449998855590831,0.5699996948242188,-0.00219028984068479
2019-07-12,-0.5399999999999991,0.5300000000000011,2.220446049250313e-16,0.0,-1.0499999999999972,0.14999961853027344,-0.18000030517578125,-0.0005888383939454831
2019-07-15,0.28999999999999915,0.4399999999999977,-0.02000000000000024,0.0,0.8999999999999986,-0.37499927520751974,-0.8799972534179688,-0.0007548472708002973
2019-07-16,0.17999999999999972,1.230000000000004,0.0,0.030000000000000027,0.8700000000000045,-1.4800004959106445,-0.6100006103515625,0.002866436725584513
2019-07-17,1.1100000000000012,2.8799999999999955,-0.029999999999999805,-0.050000000000000044,-1.2600000000000051,-0.3350001907348634,1.0,-0.0011240012840962798
2019-07-18,-0.4400000000000013,-1.8699999999999974,0.040000000000000036,0.040000000000000036,-1.5499999999999972,-0.19500011444091747,0.8299980163574219,-6.528656670280984e-05
2019-07-19,0.9199999999999999,1.7700000000000031,-0.02000000000000024,0.010000000000000009,-7.105427357601002e-15,0.15999992370605298,0.7400016784667969,-4.265619240146523e-05
2019-07-22,-0.9199999999999999,-1.2100000000000009,0.0,-0.010000000000000009,0.47000000000000597,-0.6849997329711908,-2.8899993896484375,0.0011510790134126303
2019-07-23,-0.9199999999999999,-1.3800000000000026,2.220446049250313e-16,0.020000000000000018,-0.39000000000000057,0.5800001525878908,0.2599983215332031,0.0025853103374982363
2019-07-24,-0.5399999999999991,0.6099999999999994,-0.03000000000000025,-0.020000000000000018,2.229999999999997,-0.6650001907348635,-0.5200004577636719,-0.00048494187069996825
2019-07-25,0.6699999999999999,-0.9100000000000001,2.220446049250313e-16,0.010000000000000009,-0.3400000000000034,0.019999809265137003,0.2800025939941406,0.00047366682329037053
2019-07-26,-0.5800000000000001,0.33999999999999986,0.0,-0.020000000000000018,-1.1699999999999946,-0.029999465942383452,-2.0900001525878906,0.002137383304234143
2019-07-29,0.6699999999999999,-0.6600000000000001,-0.010000000000000009,-0.010000000000000009,-0.980000000000004,-0.1549997329711914,-0.3500022888183594,0.000377271311867031
2019-07-30,1.1099999999999994,-1.5599999999999987,0.0,0.010000000000000009,-0.9299999999999997,-0.010000457763672088,-0.7099990844726562,0.0002819952131402824
2019-07-31,2.1800000000000015,0.6999999999999993,-0.07999999999999985,-0.020000000000000018,1.029999999999994,1.150000038146974,-2.5900001525878906,-0.0010946899118714657
2019-08-01,1.75,5.66,0.039999999999999813,-0.06000000000000005,3.720000000000006,1.279999656677246,9.430000305175781,0.0047964954004026455
2019-08-02,-0.26000000000000156,-0.8699999999999974,-0.029999999999999805,-0.040000000000000036,-3.8100000000000023,-0.10499931335449375,1.4300003051757812,0.0011755269586942983
2019-08-05,6.98,1.4799999999999969,0.019999999999999796,-0.05999999999999983,-0.759999999999998,-0.45000019073486186,11.129997253417969,0.0034256804626409203
2019-08-06,-4.419999999999998,-0.6099999999999994,-0.030000000000000027,0.020000000000000018,0.3400000000000034,-0.6450003433227547,-3.3199996948242188,0.0009027952541263747
2019-08-07,-0.6800000000000033,1.6700000000000017,-0.010000000000000009,0.0,-1.1400000000000006,0.4300000381469733,5.160003662109375,0.000927666497207878
2019-08-08,-2.5799999999999983,-2.1200000000000045,-0.020000000000000018,0.029999999999999805,-0.20000000000000284,0.714999961853028,-0.529998779296875,-0.002783868062571552
2019-08-09,1.0599999999999987,-0.8399999999999963,0.010000000000000231,0.010000000000000009,-0.7299999999999969,-0.010000190734864134,0.4199981689453125,-0.00027563597163815956
2019-08-12,3.120000000000001,-0.7100000000000009,-0.04000000000000026,-0.04999999999999982,-0.8099999999999952,-0.7249995422363291,2.6100006103515625,0.002683573033244226
2019-08-13,-3.5700000000000003,-1.240000000000002,-0.04999999999999982,0.019999999999999796,0.6999999999999957,0.4099995803833014,-3.8800048828125,-0.0002407042967916695
2019-08-14,4.580000000000002,2.6400000000000006,-0.010000000000000009,-0.05999999999999983,-0.14999999999999858,-0.6599993515014653,9.520004272460938,0.003118667472229654
2019-08-15,-0.9200000000000017,0.37000000000000455,0.030000000000000027,-0.030000000000000027,0.1599999999999966,0.07500007629394645,3.4000015258789062,0.0011318088980566238
2019-08-16,-2.710000000000001,-1.1799999999999997,0.030000000000000027,0.0,1.3100000000000023,-0.28000045776367166,-1.100006103515625,-0.0012402771513415204
2019-08-19,-1.5899999999999999,-2.030000000000001,0.0,0.020000000000000018,-0.6200000000000045,-0.2300000762939458,-3.029998779296875,0.0026442946444895973
2019-08-20,0.620000000000001,-0.6499999999999986,-0.020000000000000018,-0.030000000000000027,-0.6999999999999957,0.3400003051757814,0.37000274658203125,-0.00013630872584367143
2019-08-21,-1.6999999999999993,0.04999999999999716,-0.020000000000000018,0.010000000000000009,2.1000000000000014,0.23999980926513587,-2.3499984741210938,-0.0016729983565259914
2019-08-22,0.879999999999999,0.0,-0.020000000000000018,0.010000000000000009,-0.46999999999999886,-0.39500019073486214,-1.3600006103515625,0.001529854194773935
2019-08-23,3.1900000000000013,2.8100000000000023,0.0,-0.010000000000000009,0.0799999999999983,-0.2749997329711924,8.669998168945312,-0.0004679176090151381
2019-08-26,-0.5500000000000007,0.21999999999999886,-0.010000000000000009,0.0,0.5399999999999991,-0.35000045776367195,-3.839996337890625,0.0031059745347023684
2019-08-27,0.9899999999999984,-1.6900000000000048,-0.040000000000000036,0.010000000000000009,-1.6500000000000057,-0.2549998855590818,0.6899948120117188,0.0007153300975585063
2019-08-28,-0.9599999999999973,-1.009999999999998,0.010000000000000009,0.0,1.210000000000008,0.16499996185302734,1.2000045776367188,0.0010754300103615645
2019-08-29,-1.4700000000000024,-0.8999999999999986,0.0,0.040000000000000036,-0.740000000000002,0.3600004959106453,-2.9300003051757812,0.001574982354839639
2019-08-30,1.1000000000000014,0.3399999999999963,0.030000000000000027,-0.040000000000000036,2.049999999999997,2.109999923706054,-0.0500030517578125,0.0008043349853673392
2019-09-03,0.6799999999999997,3.5700000000000003,0.0,-0.050000000000000044,-1.9499999999999957,-0.7549996948242192,-1.6200027465820312,0.0013008060402643126
2019-09-04,-2.330000000000002,-1.1699999999999946,0.040000000000000036,0.010000000000000009,0.4399999999999977,-0.23000034332275376,-3.6699981689453125,-0.005410544921023068
2019-09-05,-1.0599999999999987,-1.0600000000000023,-0.020000000000000018,0.050000000000000044,1.9100000000000037,0.26499961853027365,-1.6800003051757812,-0.0016610642537856373
2019-09-06,-1.2699999999999996,-0.28999999999999915,0.0,-0.020000000000000018,-1.5400000000000063,0.11500072479248047,-1.0999984741210938,-0.0029700780720213938
2019-09-09,0.2699999999999996,0.07000000000000028,0.029999999999999805,0.030000000000000027,1.2800000000000011,-0.2750007247924806,-2.3799972534179688,-0.000590120915048577
2019-09-10,-0.07000000000000028,0.269999999999996,2.220446049250313e-16,0.030000000000000027,1.1900000000000048,2.1500000762939457,0.339996337890625,0.0002442891028460101
2019-09-11,-0.5899999999999999,1.3900000000000006,0.020000000000000018,0.0,0.060000000000002274,-0.010000190734862358,-0.0800018310546875,0.001909547118400488
2019-09-12,-0.3899999999999988,0.6400000000000006,0.0,0.029999999999999805,-1.730000000000011,0.12000061035156051,0.8700027465820312,-0.0040572338380257264
2019-09-13,-0.4800000000000004,-0.10000000000000142,0.039999999999999813,0.040000000000000036,0.8600000000000065,0.2549998855590836,7.959999084472656,-0.0005975894550054099
2019-09-16,0.9299999999999997,13.100000000000001,-0.009999999999999787,0.0,-1.1700000000000017,0.48499999999999943,0.4199981689453125,0.002201950650337847
2019-09-17,-0.23000000000000043,-3.6899999999999977,-0.010000000000000009,-0.010000000000000009,1.0100000000000051,-1.8450004577636712,-1.1899948120117188,-0.0003632359146068878
2019-09-18,-0.4900000000000002,-4.450000000000003,-0.06000000000000005,-0.06999999999999984,-0.22999999999999687,-1.024999160766603,-5.099998474121094,-5.129099433850065e-05
2019-09-19,0.10000000000000142,0.7100000000000009,0.020000000000000018,0.020000000000000018,-0.04000000000000625,-0.11000030517578097,-1.5200042724609375,0.0009356467988135875
2019-09-20,1.2699999999999996,-2.1599999999999966,0.0,0.0,1.25,0.7649999237060552,1.9300003051757812,0.0008178667623413976
2019-09-23,-0.41000000000000014,0.07000000000000028,-0.010000000000000009,0.0,-1.3400000000000034,-0.6750001525878915,0.94000244140625,0.000995392023094337
2019-09-24,2.1400000000000006,-0.3200000000000003,-2.220446049250313e-16,-0.030000000000000027,0.9399999999999977,0.0950002670288086,2.05999755859375,-0.000647275984313128
2019-09-25,-1.0899999999999999,-0.37000000000000455,0.010000000000000231,0.020000000000000018,-0.8800000000000026,-0.38000034332275234,-2.8499984741210938,0.003661519941276523
2019-09-26,0.10999999999999943,-0.8499999999999943,-0.010000000000000009,-0.030000000000000027,-0.18999999999999773,0.06500026702880746,-0.34999847412109375,0.0006287721222674236
2019-09-27,1.1499999999999986,1.3799999999999955,0.020000000000000018,-0.040000000000000036,0.6899999999999977,0.05499950408935561,0.09999847412109375,-4.162269031820946e-05
2019-09-30,-0.9800000000000004,-0.14999999999999858,-0.010000000000000009,0.0,0.37000000000000455,4.489999809265136,-2.7700042724609375,0.0019035266807880661
2019-10-01,2.3200000000000003,0.13000000000000256,0.039999999999999813,-0.010000000000000009,-0.4399999999999977,0.3800008392334,8.410003662109375,0.00011360476406164489
2019-10-02,2.0,0.7399999999999949,0.03000000000000025,-0.020000000000000018,-1.2100000000000009,-0.7550010681152344,3.779998779296875,6.442681751544855e-05
2019-10-03,-1.4399999999999977,0.7800000000000011,0.030000000000000027,-0.020000000000000018,0.3500000000000014,0.05500106811523331,-1.4499969482421875,-0.0025998633653387727
2019-10-04,-2.080000000000002,-1.0899999999999963,-0.030000000000000027,0.020000000000000018,0.6899999999999977,-0.17999977111816357,-4.790000915527344,-0.0011224987317469163
2019-10-07,0.8200000000000003,0.10999999999999943,-0.020000000000000018,0.010000000000000009,0.4100000000000037,-0.37500034332275334,-1.2900009155273438,0.00020843781886143654
2019-10-08,2.4200000000000017,0.07000000000000028,0.020000000000000018,-0.030000000000000027,-1.2000000000000028,0.20500022888183622,-1.3899993896484375,0.0015929011332606684
2019-10-09,-1.6400000000000006,-1.490000000000002,0.0,0.010000000000000009,1.5700000000000003,-0.03500053405761783,-1.160003662109375,-0.00048593136241350024
2019-10-10,-1.0700000000000003,1.5200000000000031,0.019999999999999796,0.030000000000000027,-1.5600000000000023,0.27500057220458984,0.8300018310546875,-0.003433726724961047
2019-10-11,-1.9900000000000002,0.12999999999999545,-0.009999999999999787,0.040000000000000036,0.3200000000000074,0.41499984741211016,-0.279998779296875,-0.0038974180489696328
2019-10-14,-1.0099999999999998,0.5600000000000023,,,-0.5900000000000034,-0.09499931335449219,,
2019-10-15,-1.0300000000000011,-0.740000000000002,,,1.1399999999999935,-0.1350003814697267,,
2019-10-16,0.14000000000000057,0.0,0.010000000000000009,0.010000000000000009,-0.5,-0.13999977111816442,-2.1199951171875,-0.00144439862407209
2019-10-17,0.10999999999999943,-1.759999999999998,-0.010000000000000009,0.020000000000000018,-0.4199999999999946,0.09999885559082067,-0.3300018310546875,-0.003271737195242132
2019-10-18,0.46000000000000085,-1.2800000000000011,0.020000000000000018,0.010000000000000009,0.75,0.15000053405761626,0.7399978637695312,-0.001093823192856535
2019-10-21,-0.25,0.22999999999999687,0.0,0.010000000000000009,-0.5399999999999991,-0.40500049591064347,1.9000015258789062,-0.0007821585561860255
2019-10-22,0.46000000000000085,-1.1399999999999935,0.0,0.0,0.6199999999999974,-0.09499938964843935,-1.5199966430664062,-0.0005042479765610185
2019-10-23,-0.45000000000000107,0.13999999999999346,0.010000000000000009,0.0,-1.6699999999999946,-0.31000030517578026,-5.700004577636719,0.0006335013832145246
2019-10-24,-0.29999999999999893,0.29000000000000625,0.0,0.010000000000000009,0.9799999999999969,0.24999977111816385,-4.05999755859375,0.0005960728281148407
2019-10-25,-1.0600000000000005,-1.3100000000000023,-0.019999999999999796,0.029999999999999805,-0.060000000000002274,-0.35000007629394503,-1.9000015258789062,-0.00043409881252837217
2019-10-28,0.4599999999999991,1.0,0.040000000000000036,-0.010000000000000009,-0.75,-1.0749993133544926,0.34000396728515625,-0.0004756578730919645
2019-10-29,0.08999999999999986,0.060000000000002274,-0.010000000000000009,-0.029999999999999805,0.9199999999999946,-0.6750003051757805,0.1999969482421875,-0.0003663763139475345
2019-10-30,-0.8699999999999992,-1.3400000000000034,-0.03000000000000025,-0.040000000000000036,-0.3399999999999963,-0.15500030517578267,-4.290000915527344,0.0015843665397112948
2019-10-31,0.8900000000000006,1.480000000000004,0.0,-0.030000000000000027,-0.09000000000000341,2.335000495910645,2.55999755859375,-0.002163946205444953
2019-11-01,-0.9199999999999999,-1.470000000000006,0.0,0.050000000000000044,-1.1499999999999915,0.22999900817871222,-8.599998474121094,-0.0015653353578755885
2019-11-04,0.5299999999999994,1.2600000000000051,0.020000000000000018,0.04999999999999982,2.0600000000000023,0.07500030517578082,2.9000015258789062,0.0011330193410826147
2019-11-05,0.2699999999999996,-1.8599999999999994,0.04000000000000026,0.040000000000000036,-0.5100000000000051,0.3100013732910156,1.2999992370605469,0.0021674645797376043
2019-11-06,-0.4800000000000004,-0.5500000000000043,-0.03000000000000025,-0.020000000000000018,0.28000000000000114,-0.5600002288818366,0.25,-0.00011541068560734873
2019-11-07,0.11000000000000121,-1.7699999999999996,0.040000000000000036,0.030000000000000027,-0.269999999999996,-0.17999984741210895,5.350002288818359,0.00014469187545915617
2019-11-08,-0.6600000000000001,0.0,0.020000000000000018,0.020000000000000018,-0.710000000000008,-0.2100012588500988,-2.6399993896484375,0.0019478559101820299
2019-11-11,0.6199999999999992,2.7699999999999996,,,,,0.0,
2019-11-12,-0.009999999999999787,-0.4799999999999969,,,,,5.379997253417969,
2019-11-13,0.3200000000000003,1.4099999999999966,-0.010000000000000009,-0.040000000000000036,-0.12999999999999545,-0.035000267028808096,-3.720001220703125,0.0021934399262324307
2019-11-14,0.05000000000000071,-1.2100000000000009,-0.010000000000000009,-0.039999999999999813,0.5,0.20000026702880902,-1.9300003051757812,-0.00032100406923594977
2019-11-15,-1.0,-1.519999999999996,-0.010000000000000009,0.009999999999999787,-0.10999999999999943,0.02500007629394574,-2.4699974060058594,-0.0031049281447182793
2019-11-18,0.41000000000000014,1.259999999999998,-0.020000000000000018,0.0,0.21999999999999886,-0.4250006103515638,2.4299964904785156,-0.0006666592458504241
2019-11-19,0.3999999999999986,-0.740000000000002,-0.020000000000000018,0.0,1.4399999999999977,0.17000041961670043,-1.4899978637695312,0.0015165205721720777
2019-11-20,-0.08000000000000007,-0.7399999999999949,-0.020000000000000018,-0.029999999999999805,-0.3500000000000014,0.27000019073486214,2.94000244140625,0.002475928677050805
2019-11-21,0.3500000000000014,-0.610000000000003,0.0,0.029999999999999805,-0.46000000000000085,0.06499984741211051,-3.75,-0.0007235472109094366
2019-11-22,-0.7900000000000009,0.7900000000000027,-0.010000000000000009,-0.009999999999999787,0.5200000000000031,0.33499923706054524,0.339996337890625,0.0014568353134616476
2019-11-25,-0.47000000000000064,-0.480000000000004,-0.010000000000000009,0.0,-0.269999999999996,0.29500137329101683,-0.6199989318847656,0.0008216361794030959
2019-11-26,-0.33000000000000007,-0.6499999999999986,0.010000000000000009,0.0,-0.3100000000000094,-0.38500022888183594,-1.1599998474121094,0.00035460826625938077
2019-11-27,0.21000000000000085,-0.4299999999999997,-0.019999999999999796,0.009999999999999787,0.3400000000000105,0.1799991607666005,-2.770000457763672,0.0006490772655422025
2019-11-29,0.8699999999999992,5.909999999999997,0.029999999999999805,-0.019999999999999796,-0.5300000000000011,0.35000038146972656,-1.0499992370605469,-5.891199787230609e-05
2019-12-02,2.290000000000001,-1.759999999999998,0.050000000000000044,0.039999999999999813,0.8500000000000014,-0.34999950408935376,2.8499984741210938,-0.0013302856351074144
2019-12-03,1.0500000000000007,0.0799999999999983,-0.030000000000000027,-0.020000000000000018,-0.4299999999999997,-0.16999996185302813,5.200004577636719,-0.0006405692647447888
2019-12-04,-1.1600000000000001,-2.8399999999999963,0.0,0.030000000000000027,-0.010000000000005116,0.0999996566772463,-1.6100044250488281,-0.0016936255074689057
2019-12-05,-0.28000000000000114,-1.8000000000000007,0.030000000000000027,0.010000000000000009,0.46000000000000085,-0.45500015258789084,0.720001220703125,-0.0026446347465639503
2019-12-06,-0.9000000000000004,-0.39000000000000057,0.010000000000000009,0.020000000000000018,0.04999999999999716,-0.164999618530274,0.3400001525878906,0.00132490781305892
2019-12-09,2.24,0.0,-0.029999999999999805,0.0,0.14999999999999858,-0.10999999999999943,3.220001220703125,-0.0018018920442377463
2019-12-10,-0.17999999999999972,-2.0799999999999983,0.0,0.020000000000000018,-0.10000000000000142,-0.3700006103515623,-0.20000457763671875,-0.0006371932755658547
2019-12-11,-0.6899999999999995,-0.13000000000000256,-0.02000000000000024,-0.020000000000000018,-0.7199999999999918,-0.5849996566772457,-5.789997100830078,-0.0009156548345884516
2019-12-12,-1.0500000000000007,-0.36999999999999744,0.06000000000000005,0.030000000000000027,0.8599999999999994,0.7250003814697266,0.3300018310546875,-0.0023592611469327638
2019-12-13,-1.3099999999999987,-0.6799999999999997,-0.030000000000000027,-0.020000000000000018,-0.1600000000000037,-0.9650001525878906,-5.19000244140625,-0.001532145112452885
2019-12-16,-0.4900000000000002,-0.25,0.030000000000000027,0.030000000000000027,0.5000000000000071,0.02500003814697216,-0.30999755859375,-0.0012255046577775554
2019-12-17,0.14999999999999858,-0.18000000000000327,0.020000000000000018,0.020000000000000018,0.2799999999999869,0.6099996948242179,-0.75,2.5961629576612473e-06
2019-12-18,0.2900000000000009,0.4400000000000013,0.030000000000000027,0.010000000000000009,0.0800000000000125,0.529999771118165,-1.970001220703125,0.0009212122073290562
2019-12-19,-0.08000000000000007,-1.9699999999999989,0.009999999999999787,0.010000000000000009,0.21000000000000085,0.10500030517578018,0.29000091552734375,-0.0005448399040602908
2019-12-20,0.009999999999999787,0.7399999999999984,-0.009999999999999787,0.0,-0.1700000000000088,-0.8300004577636706,0.48999786376953125,0.0013917790476666656
2019-12-23,0.09999999999999964,-0.4299999999999997,0.0,-0.020000000000000018,-1.25,-1.110000038146973,1.1200027465820312,0.00039815914540895645
2019-12-24,0.0600000000000005,0.3500000000000014,-0.010000000000000231,0.0,1.1100000000000065,-0.3600000762939448,3.009998321533203,
2019-12-26,-0.019999999999999574,-1.3800000000000026,-0.019999999999999796,-0.010000000000000009,-0.5499999999999972,0.019999999999999574,-1.9000015258789062,
2019-12-27,0.7799999999999994,1.0800000000000018,0.029999999999999805,-0.010000000000000009,-0.3900000000000077,0.5000008010864256,-1.1199989318847656,-0.0035866863369826995
2019-12-30,1.3900000000000006,0.6999999999999993,0.030000000000000027,0.020000000000000018,-0.509999999999998,-0.7800002670288091,4.3300018310546875,-0.002232136995857969
2019-12-31,-1.040000000000001,2.4400000000000013,0.020000000000000018,0.020000000000000018,-0.010000000000005116,-0.2749998855590814,-1.3500022888183594,-0.0025614899729159667
2020-01-02,-1.3099999999999987,0.4499999999999993,-0.040000000000000036,0.030000000000000027,-0.75,0.06499961853027258,-1.0799980163574219,0.0026606473095964174
2020-01-03,1.549999999999999,3.1700000000000017,-0.029999999999999805,-0.030000000000000027,0.20000000000000284,0.8999998474121096,2.9199981689453125,0.00010610485604901302
2020-01-06,-0.16999999999999993,0.3999999999999986,0.0,-0.020000000000000018,0.8999999999999986,-0.7449999237060538,2.670001983642578,-0.0002696327444422127
2020-01-07,-0.0600000000000005,-0.5199999999999996,0.020000000000000018,-0.010000000000000009,-0.9400000000000048,-0.41999942779541044,-0.15999984741210938,0.0016688153635202449
2020-01-08,-0.33999999999999986,0.8000000000000007,0.0,0.010000000000000009,1.6200000000000117,0.11499984741210945,-2.1399993896484375,-0.0001294073968120855
2020-01-09,-0.9100000000000001,0.6199999999999974,-0.020000000000000018,-0.010000000000000009,-0.6400000000000077,0.2550001525878898,-2.8300018310546875,0.0008707886569834054
2020-01-10,0.02000000000000135,-2.84,0.0,0.020000000000000018,0.7299999999999969,-0.24000072479248047,-4.340000152587891,-0.00143638257824287
2020-01-13,-0.2400000000000002,3.870000000000001,0.0,0.010000000000000009,-1.779999999999994,0.13500072479248182,-0.049999237060546875,-0.0002911753465459275
2020-01-14,0.07000000000000028,-0.6300000000000026,-0.030000000000000027,0.0,0.14000000000000057,-0.870000000000001,-0.9200019836425781,-8.954259821221612e-05
2020-01-15,0.02999999999999936,-0.23999999999999488,-0.010000000000000009,-0.020000000000000018,-0.6799999999999997,0.015000000000000568,-1.80999755859375,-0.0006183235281250375
2020-01-16,-0.09999999999999964,-3.5900000000000034,0.0,-0.010000000000000009,0.6799999999999926,-0.1150005340576179,-0.17000198364257812,0.00041573641171196627
2020-01-17,-0.22000000000000064,-1.1899999999999977,0.030000000000000027,0.010000000000000009,-0.6099999999999923,-0.1949994659423826,-0.7000007629394531,0.0005650547688401125
2020-01-21,0.75,-0.9400000000000013,-0.010000000000000009,-0.010000000000000009,-0.09000000000000341,-0.06500068664550795,3.75,0.0010597030696369732
2020-01-22,0.0600000000000005,3.039999999999999,-0.010000000000000009,-0.020000000000000018,-0.05999999999999517,-0.2299996948242189,-2.109996795654297,0.0003445957739090957
2020-01-23,0.07000000000000028,1.25,-0.010000000000000009,-0.020000000000000018,0.3999999999999986,-0.08499961853027216,4.029998779296875,0.00283558078876343
2020-01-24,1.58,2.599999999999998,-0.020000000000000018,-0.020000000000000018,-0.5,0.06499961853027258,4.599998474121094,9.51927241610931e-06
2020-01-27,3.67,3.1700000000000017,-0.039999999999999813,-0.050000000000000044,0.19999999999999574,-0.05000030517578047,6.790004730224609,0.0021162199498527983
2020-01-28,-1.9499999999999993,-1.2999999999999972,0.029999999999999805,0.020000000000000018,0.5900000000000034,0.3350003433227524,-1.1300048828125,-0.0006608377849236349
2020-01-29,0.10999999999999943,-0.6900000000000048,-0.019999999999999796,-0.010000000000000009,0.13000000000000256,-0.6100003433227528,0.5699996948242188,-0.00020395447046426618
2020-01-30,-0.9000000000000004,1.7600000000000051,-0.020000000000000018,0.0,-0.6400000000000006,-0.3799998855590818,4.900001525878906,0.0009278297743902559
2020-01-31,3.3499999999999996,2.8599999999999994,0.019999999999999796,0.010000000000000009,0.6600000000000037,0.005000381469725923,1.910003662109375,-0.0006322821709274292
2020-02-03,-0.870000000000001,1.4600000000000009,0.0,-0.020000000000000018,-2.250000000000007,-0.5350000762939455,-0.17000579833984375,0.0033012511667034243
2020-02-04,-1.9199999999999982,-2.3700000000000045,0.02000000000000024,0.010000000000000009,0.36999999999999744,0.16499973297119208,-4.6399993896484375,-0.0016212285324082231
2020-02-05,-0.9000000000000004,-1.5599999999999952,0.019999999999999796,0.020000000000000018,0.18000000000000682,-0.05000019073486328,-4.099998474121094,0.0006889769568744985
2020-02-06,-0.1899999999999995,-1.4400000000000048,-0.010000000000000009,0.010000000000000009,-0.25,-0.13499996185302798,-2.829998016357422,0.0012301819946246868
2020-02-07,0.5099999999999998,1.0700000000000003,-0.029999999999999805,-0.010000000000000009,-0.05000000000000426,-0.14999992370605408,4.349994659423828,0.003067133725469511
2020-02-10,-0.4300000000000015,1.5,0.009999999999999787,0.0,-0.39000000000000057,-0.3449992370605468,2.5400009155273438,0.0005362972536688997
2020-02-11,0.14000000000000057,-1.4899999999999949,-0.009999999999999787,-0.010000000000000009,0.20000000000000284,-0.09000015258789062,-3.2399978637695312,-0.0018254447613041196
2020-02-12,-1.4399999999999995,-1.9400000000000048,0.0,0.010000000000000009,0.4099999999999966,0.10499996185302685,-1.3699989318847656,-0.0006800267974241284
2020-02-13,0.41000000000000014,0.2600000000000051,-0.010000000000000009,0.010000000000000009,0.5200000000000102,0.13000007629394528,-0.01000213623046875,0.0010357604717970727
2020-02-14,-0.47000000000000064,0.0899999999999963,0.0,-0.010000000000000009,0.4099999999999895,0.009999771118164524,-1.1299972534179688,0.0001924215136624933
2020-02-18,1.1500000000000004,-2.460000000000001,-0.030000000000000027,-0.010000000000000009,-0.0899999999999963,0.3899999999999997,5.280002593994141,0.0015586233373200203
2020-02-19,-0.4499999999999993,-1.1999999999999957,0.0,0.0,1.1599999999999966,0.21999958038330103,0.37999725341796875,0.0015339345249882068
2020-02-20,1.1799999999999997,0.8899999999999935,-0.010000000000000009,-0.020000000000000018,-0.6099999999999994,0.024999885559081392,1.55999755859375,0.0039525185809860764
2020-02-21,1.5199999999999978,2.710000000000001,-0.010000000000000231,-0.019999999999999796,-0.5599999999999952,-0.13499973297119094,4.94000244140625,-0.0016910475418816788
2020-02-24,7.950000000000003,3.6600000000000037,0.0,-0.020000000000000018,0.10999999999999943,-0.3449997711181636,12.379997253417969,0.0030241128685596927
2020-02-25,2.8200000000000003,2.969999999999999,0.010000000000000231,-0.06000000000000005,0.1599999999999966,-0.029999961853027557,0.45999908447265625,-0.0013578000784510923
2020-02-26,-0.2900000000000027,0.8999999999999986,0.040000000000000036,0.010000000000000009,0.7800000000000011,0.03499958038330053,-0.37999725341796875,0.0013850565292882243
2020-02-27,11.599999999999998,6.020000000000003,0.019999999999999796,-0.010000000000000009,-1.2700000000000031,-0.019999809265137003,5.589996337890625,-0.0003169021310077486
2020-02-28,0.9500000000000028,1.8299999999999983,0.07999999999999996,-0.1200000000000001,1.460000000000008,-0.004999885559081818,17.080001831054688,0.0024593182642320835
2020-03-02,-6.689999999999998,-2.9200000000000017,-0.009999999999999787,0.0,-0.740000000000002,0.05000022888183597,-4.779998779296875,-0.007185561592076276
2020-03-03,3.3999999999999986,2.469999999999999,0.04999999999999993,0.040000000000000036,-0.7700000000000031,0.2549998474121091,-1.9199981689453125,-0.002731129612320958
2020-03-04,-4.830000000000002,-0.20999999999999375,0.039999999999999925,0.010000000000000009,0.10999999999999943,-0.31000022888183576,-13.3800048828125,0.0024383146222110453
2020-03-05,7.629999999999999,1.9899999999999949,-0.019999999999999907,-0.06000000000000005,0.3100000000000023,-0.11999946594238242,7.370002746582031,8.47710518498466e-05
2020-03-06,2.3200000000000003,12.439999999999998,-0.08000000000000007,-0.08999999999999986,-0.9299999999999997,-0.0749999237060548,28.25,-0.0006809401691033428
2020-03-09,12.520000000000003,50.900000000000006,-0.08999999999999997,-0.32000000000000006,-0.18000000000000327,-4.5776367230132564e-07,38.48999786376953,0.004074436466875497
2020-03-10,-7.160000000000004,-22.989999999999995,0.09999999999999998,0.010000000000000009,-3.179999999999996,0.1999998855590821,-39.97999572753906,0.006087905218894301
2020-03-11,6.600000000000001,12.319999999999993,0.05999999999999994,-0.040000000000000036,0.21999999999999886,0.3250000000000002,4.1199951171875,0.0029455476484471646
2020-03-12,21.57,18.200000000000003,0.06000000000000005,-0.039999999999999925,-1.8599999999999994,0.09499992370605437,24.779998779296875,0.018747397088045206
2020-03-13,-17.64,-4.969999999999999,0.06999999999999995,-0.020000000000000018,1.0700000000000003,-0.15999996185302656,-14.220001220703125,-0.00041091268434723593
2020-03-16,24.86,10.019999999999996,-0.07999999999999996,-0.17000000000000004,-1.5100000000000016,-0.4950000762939455,-13.8699951171875,0.004113124858788621
2020-03-17,-6.780000000000001,4.819999999999993,0.18000000000000005,-0.09999999999999998,1.9899999999999984,-0.26999950408935547,-14.680000305175781,0.01270594966598672
2020-03-18,0.5400000000000063,33.47,0.08999999999999986,0.0,1.3000000000000007,-0.044999923706055434,14.290000915527344,0.013628766126482436
2020-03-19,-4.450000000000003,-2.7299999999999898,0.04000000000000026,-0.13,-3.419999999999998,0.3299997329711921,16.990005493164062,0.007193646326859701
2020-03-20,-5.959999999999994,26.02000000000001,-0.13000000000000012,0.25,7.18,-0.33000000000000007,-7.760009765625,-0.0009800200708453444
2020-03-23,-4.450000000000003,-4.400000000000006,-0.07000000000000006,0.050000000000000044,-5.649999999999999,-0.38500017166137734,2.010009765625,0.009479785995292749
2020-03-24,0.0799999999999983,-14.819999999999993,-0.020000000000000018,0.16999999999999993,3.049999999999997,0.029999942779540767,-24.290008544921875,-0.004976437614905497
2020-03-25,2.280000000000001,-26.830000000000013,0.08000000000000007,0.10000000000000009,1.4000000000000021,-0.23499996185302674,-23.949996948242188,-0.005661409406514864
2020-03-26,-2.950000000000003,6.030000000000001,-0.010000000000000009,0.0,2.0799999999999983,-0.10000007629394592,1.3400039672851562,-0.019099173567123005
2020-03-27,4.540000000000006,25.819999999999993,-0.06000000000000005,-0.13000000000000012,-0.03999999999999915,-0.3250000190734861,-0.15000152587890625,-0.00024588339451138056
2020-03-30,-8.460000000000008,-1.6599999999999966,0.0,0.010000000000000009,-1.8199999999999985,-0.2749998092651369,2.3699951171875,0.0072254261408395675
2020-03-31,-3.539999999999999,-3.6699999999999875,0.0,-0.07999999999999996,-10.750000000000004,-0.05499988555908164,-6.829994201660156,-0.006168801069275374
2020-04-01,3.520000000000003,-11.570000000000022,-0.07999999999999996,0.040000000000000036,0.3500000000000014,-0.05500028610229446,-0.7400054931640625,0.010256525150637592
2020-04-02,-6.150000000000006,3.670000000000016,0.010000000000000009,0.12,0.3699999999999992,0.250000133514404,-11.139999389648438,-0.0016306576892454292
2020-04-03,-4.109999999999999,-20.97,-0.010000000000000009,0.050000000000000044,0.9100000000000001,0.03500013351440412,-6.9799957275390625,0.006641777787016795
2020-04-06,-1.5599999999999952,2.509999999999991,0.010000000000000009,0.05999999999999983,0.3999999999999986,0.22499977111816438,1.2699966430664062,-0.0020533029011855605
2020-04-07,1.4600000000000009,-5.060000000000002,0.06999999999999995,0.030000000000000027,2.190000000000005,-0.1900000000000004,5.930000305175781,-0.00860976718143925
2020-04-08,-3.3500000000000014,2.3300000000000125,0.030000000000000027,0.020000000000000018,1.6899999999999977,-0.054999618530273686,3.5,0.0010230711536998907
2020-04-09,-1.6799999999999997,-11.580000000000013,0.0,0.040000000000000036,-2.919999999999998,0.13999998092651378,-1.3199996948242188,-0.006069267984245064
2020-04-13,-0.5,-15.439999999999998,0.010000000000000009,0.030000000000000027,,-0.1200000000000001,1.4599990844726562,0.000361638118476214
2020-04-14,-3.4100000000000037,1.0400000000000063,0.020000000000000018,0.030000000000000027,,-0.3050002098083491,-6.3300018310546875,-0.0033372552356336896
2020-04-15,3.0800000000000054,4.8999999999999915,-0.10000000000000003,-0.10000000000000009,-1.75,-0.1449999046325683,0.9800033569335938,0.007856075362568084
2020-04-16,-0.730000000000004,-5.280000000000001,-0.020000000000000018,-0.15999999999999992,-0.9699999999999989,0.3450001144409178,-0.5699996948242188,0.0031338159077162766
2020-04-17,-1.9600000000000009,-19.189999999999998,0.040000000000000036,-0.020000000000000018,2.5700000000000003,-0.030000324249267685,-0.09000396728515625,-0.0047943420465292735
2020-04-20,5.68,130.22,-0.020000000000000018,-0.07000000000000006,52.89999999999999,-0.4450000000000003,0.7600021362304688,0.0018888157751707658
2020-04-21,1.5799999999999983,99.01999999999998,-0.050000000000000044,0.020000000000000018,-54.129999999999995,-0.4449998283386227,3.2300033569335938,0.006544567838195354
2020-04-22,-3.4299999999999997,-88.34999999999997,0.030000000000000082,0.10000000000000009,-0.08000000000000007,-0.07000015258789105,-1.5400009155273438,0.00011297739011649354
2020-04-23,-0.5999999999999943,-25.80000000000001,-0.020000000000000018,-0.010000000000000009,-0.129999999999999,-0.13000007629394528,-5.040000915527344,-0.0013840452661935732
2020-04-24,-5.450000000000003,-37.47,-0.010000000000000009,0.06000000000000005,-0.120000000000001,-0.2349998474121091,-1.160003662109375,0.0032857972806878857
2020-04-27,-2.6400000000000006,11.939999999999998,0.050000000000000044,0.05999999999999983,3.120000000000001,0.30000007629394565,-3.389995574951172,-0.002235072034254382
2020-04-28,0.28000000000000114,13.300000000000011,-0.010000000000000064,-0.030000000000000027,0.1999999999999993,0.08499992370605458,-3.8100013732910156,-0.004165769434782372
2020-04-29,-2.34,-3.180000000000007,0.010000000000000009,0.0,-0.379999999999999,-0.06000011444091857,-1.7399978637695312,-0.0048028205547140605
2020-04-30,2.919999999999998,-90.61,0.010000000000000009,-0.06999999999999984,-3.9400000000000013,0.3049999237060552,-3.5600013732910156,-0.0036816885946241275
2020-05-01,3.039999999999999,5.200000000000003,0.0,-0.010000000000000009,-0.10999999999999943,-0.4349999999999996,-5.479999542236328,0.006698841473407949
2020-05-04,-1.2199999999999989,-12.760000000000005,0.010000000000000009,0.010000000000000009,1.1600000000000001,-0.19500001907348707,1.1399993896484375,0.0005073857202244832
2020-05-05,-2.3599999999999994,-0.15000000000000568,0.020000000000000018,0.030000000000000027,0.9700000000000024,-0.21499958038330025,0.40000152587890625,-0.0033225687406942114
2020-05-06,0.509999999999998,18.120000000000005,0.0799999999999999,0.0,-0.5800000000000018,0.11999967575073223,1.6599998474121094,0.0065419125245867
2020-05-07,-2.679999999999996,-4.769999999999996,-0.04999999999999993,-0.020000000000000018,0.23000000000000043,0.13999992370605474,3.6199989318847656,-0.003924070597466594
2020-05-08,-3.460000000000001,-11.920000000000002,0.029999999999999916,0.040000000000000036,,0.08500013351440394,2.470001220703125,-0.004778917419820483
2020-05-11,-0.41000000000000014,11.019999999999996,0.030000000000000027,0.009999999999999787,,-0.08499999999999996,4.1999969482421875,0.0056589368954923155
2020-05-12,5.469999999999999,-22.86,-0.040000000000000036,-0.039999999999999813,-0.6000000000000014,-0.29999986648559585,-0.3400001525878906,-0.001413766387513302
2020-05-13,2.240000000000002,-4.030000000000001,-0.039999999999999925,-0.020000000000000018,1.6099999999999994,-0.1450001716613767,-3.6999969482421875,0.0039059254848676376
2020-05-14,-2.6700000000000017,-2.780000000000001,-0.010000000000000009,-0.010000000000000009,-0.04999999999999716,0.10499998092651364,1.4899978637695312,0.0008261062991330694
2020-05-15,-0.7199999999999989,-3.6599999999999966,0.010000000000000009,0.030000000000000027,-0.9600000000000044,-0.10500007629394537,-2.520000457763672,-0.0003543087376593687
2020-05-18,-2.59,-0.25,0.07000000000000006,0.07999999999999985,-0.03999999999999915,-0.40999971389770495,2.170001983642578,-0.006512306702093493
2020-05-19,1.2300000000000004,-2.9200000000000017,-0.02000000000000013,-0.020000000000000018,-0.7099999999999937,-0.3899999427795411,1.3899993896484375,-0.0018853757770913963
2020-05-20,-2.5400000000000027,0.4000000000000057,-0.009999999999999898,0.010000000000000009,0.4399999999999906,-0.13000009536743162,-1.2400016784667969,-0.0037994668585383524
2020-05-21,1.5400000000000027,15.439999999999998,-0.010000000000000009,-0.020000000000000018,-0.7199999999999918,-0.5549999904632568,-3.229999542236328,-7.61695403291683e-05
2020-05-22,-1.370000000000001,-4.079999999999998,-0.020000000000000018,-0.019999999999999796,-0.1700000000000088,0.1150000572204588,-3.950000762939453,0.0018796098204980625
2020-05-26,-0.14999999999999858,-9.510000000000005,0.020000000000000018,0.009999999999999787,-1.0599999999999952,0.14499989509582534,0.5500030517578125,-0.007670708395294009
2020-05-27,-0.39000000000000057,-1.5799999999999983,-0.019999999999999962,0.010000000000000009,0.6799999999999997,-0.42000006675720214,0.7599983215332031,0.0014924632566645692
2020-05-28,0.9699999999999989,-0.9099999999999966,0.03999999999999987,0.040000000000000036,0.37999999999999545,-0.19499994277954102,-2.4099998474121094,-0.004566720567139568
2020-05-29,-1.0799999999999983,-3.75,-0.039999999999999925,-0.030000000000000027,-1.7299999999999969,0.965000238418579,0.9799995422363281,-0.0005620773202656252
2020-06-01,0.7199999999999989,-4.8500000000000085,0.030000000000000027,0.030000000000000027,2.6700000000000017,-0.22000040054321257,3.520000457763672,-0.005614936580914816
2020-06-02,-1.3900000000000006,0.3299999999999983,-0.010000000000000009,0.0,-0.4100000000000037,0.8050000762939451,0.279998779296875,-0.0048609412500462265
2020-06-03,-1.1799999999999997,1.0200000000000102,0.07000000000000006,0.030000000000000027,-0.18999999999999773,0.22000001907348654,5.890003204345703,-0.00359754469556037
2020-06-04,0.14999999999999858,-0.6000000000000085,0.04999999999999982,0.010000000000000009,0.3399999999999963,0.21999994277954116,-0.060001373291015625,0.00038397532298553214
2020-06-05,-1.2899999999999991,-0.9299999999999926,0.060000000000000164,0.050000000000000044,0.5200000000000031,0.20000017166137685,0.7900009155273438,-0.004095502358088677
2020-06-08,1.2899999999999991,3.039999999999992,-0.030000000000000027,0.010000000000000009,-0.020000000000003126,-0.34000003814697255,0.7999992370605469,-0.0012776035011100384
2020-06-09,1.7600000000000016,0.5200000000000102,-0.02000000000000013,-0.020000000000000018,-0.019999999999988916,-0.44500017166137695,0.1699981689453125,-0.0006136950280153851
2020-06-10,0.0,-4.700000000000003,-0.05999999999999994,0.010000000000000009,0.1699999999999946,-0.0449996376037598,-2.9199981689453125,-0.0005583849829874477
2020-06-11,13.219999999999999,6.8999999999999915,-0.10999999999999993,-0.06000000000000005,-0.3100000000000023,0.13999958038330051,-3.549999237060547,0.0059859413639118605
2020-06-12,-4.699999999999996,0.2600000000000051,0.04999999999999999,0.0,0.9699999999999989,0.38500032424926767,-0.6599998474121094,0.00359817415640711
2020-06-15,-1.6900000000000048,-2.1099999999999994,0.0,0.020000000000000018,0.07000000000000028,0.2699997711181643,2.279998779296875,0.0024155084977870106
2020-06-16,-0.7299999999999969,-1.480000000000004,0.020000000000000018,0.040000000000000036,0.12000000000000455,-0.0449996376037598,2.4000015258789062,-0.0032306185932241627
2020-06-17,-0.20000000000000284,-5.179999999999993,0.010000000000000009,-0.010000000000000009,0.07000000000000028,-0.1700001907348634,-2.3300018310546875,0.0028687474654234975
2020-06-18,-0.5300000000000011,-0.10000000000000142,-0.030000000000000027,0.020000000000000018,0.3999999999999986,0.2799997711181641,-3.009998321533203,0.002555307356665733
2020-06-19,2.1799999999999997,-2.6200000000000045,-0.010000000000000009,0.020000000000000018,-0.3500000000000014,0.18499996185302692,-1.7000007629394531,1.0813692963671077e-05
2020-06-22,-3.349999999999998,-1.9699999999999989,0.010000000000000009,0.040000000000000036,-0.00999999999999801,-0.2699998855590815,0.4799995422363281,-0.003878793954095758
2020-06-23,-0.3999999999999986,2.0700000000000003,0.020000000000000018,0.039999999999999813,-0.28000000000000114,0.365000038146972,0.1100006103515625,-0.0035527641531596034
2020-06-24,2.4700000000000024,6.1299999999999955,-0.04000000000000009,-0.04999999999999982,0.1700000000000017,-0.1949999618530267,0.8499984741210938,0.005398192570886018
2020-06-25,-1.6200000000000045,-2.269999999999996,0.010000000000000064,0.0,0.030000000000001137,-0.29999984741210994,-3.3199996948242188,0.0027077425220174015
2020-06-26,2.509999999999998,1.0,-0.040000000000000036,-0.010000000000000009,-0.0800000000000054,-0.04000009536743132,-0.3600006103515625,0.0019374451474244334
2020-06-29,-2.9499999999999957,-3.6499999999999986,0.010000000000000009,0.020000000000000018,-0.5300000000000011,0.4850001335144043,1.75,0.0011011664520644098
2020-06-30,-1.3500000000000014,-2.3800000000000026,0.020000000000000018,0.0,0.46000000000000085,0.23499980926513686,1.1700019836425781,-0.001666316619867138
2020-07-01,-1.8099999999999987,-4.229999999999997,0.019999999999999907,0.030000000000000027,-0.07000000000000028,-0.230000190734863,-0.8500022888183594,-0.003193574663362099
2020-07-02,-0.9400000000000013,-2.1400000000000006,1.1102230246251565e-16,0.039999999999999813,0.3200000000000003,0.19000040054321232,-2.3199996948242188,-0.001877999004045381
2020-07-06,0.26000000000000156,-0.5600000000000023,0.009999999999999898,0.040000000000000036,-0.3999999999999986,0.019999618530273544,1.0699996948242188,-0.004769586115149111
2020-07-07,1.4899999999999984,0.6600000000000037,-0.039999999999999925,-0.020000000000000018,0.46999999999999886,-0.019999790191650213,-1.0499992370605469,0.002398927034530301
2020-07-08,-1.3500000000000014,-2.539999999999999,0.020000000000000018,-0.010000000000000009,0.07000000000000739,-0.21000005722045945,-1.1800003051757812,-0.00016058600544215128
2020-07-09,1.1800000000000033,4.920000000000002,-0.050000000000000044,-0.030000000000000027,-0.05000000000000426,-0.2799998283386227,0.2700004577636719,-0.00033129010188996124
2020-07-10,-1.9700000000000024,-4.060000000000002,0.030000000000000027,0.020000000000000018,0.0,-0.19000020980834975,-0.8800010681152344,-0.0013564217335434018
2020-07-13,4.899999999999999,3.6999999999999957,-0.010000000000000009,0.010000000000000009,0.0799999999999983,-0.324999771118164,0.3600006103515625,-0.0013565861055901097
2020-07-14,-2.669999999999998,-0.36999999999999744,0.010000000000000009,-0.010000000000000009,-0.11999999999999744,-0.015000095367431854,1.2600021362304688,0.001684975450966612
2020-07-15,-1.759999999999998,-5.990000000000002,-0.010000000000000009,0.0,0.0899999999999963,0.11999986648559613,-3.729999542236328,-0.002994677252890581
2020-07-16,0.23999999999999844,-0.9299999999999997,-0.020000000000000018,0.0,0.21000000000000085,-0.1949999618530276,-0.6500015258789062,-0.0008875419454484982
2020-07-17,-2.3200000000000003,-5.899999999999999,0.040000000000000036,0.050000000000000044,0.010000000000005116,0.05499982833862305,-0.75,0.0016509036458899709
2020-07-20,-1.2199999999999989,2.3700000000000045,-0.040000000000000036,0.0,-0.5100000000000051,-0.30499975204467766,1.1399993896484375,-0.0006356742790750917
2020-07-21,0.379999999999999,-1.490000000000002,0.010000000000000009,0.020000000000000018,0.0800000000000054,0.10999994277954084,-0.3699989318847656,-0.005425098322782662
2020-07-22,-0.5199999999999996,0.19999999999999574,-0.010000000000000009,0.0,-0.45000000000000995,0.00999996185302754,-1.1300010681152344,-0.002287160898256117
2020-07-23,1.759999999999998,2.530000000000001,-0.030000000000000027,0.010000000000000009,-0.12999999999999545,0.09500020980834956,-1.3899993896484375,-0.0006130527933912695
2020-07-24,-0.23999999999999844,-1.4799999999999969,0.020000000000000018,0.020000000000000018,0.09000000000000341,0.005000095367431623,-1.4500007629394531,0.0006062807824511575
2020-07-27,-1.1000000000000014,-0.980000000000004,0.020000000000000018,0.010000000000000009,-0.13000000000000256,-0.30500038146972663,0.13000106811523438,-0.00633494504361598
2020-07-28,0.7000000000000028,-0.27999999999999403,-0.020000000000000018,-0.010000000000000009,0.28999999999999915,0.1950001907348633,-1.3400001525878906,-0.000579448841082319
2020-07-29,-1.3399999999999999,-1.5100000000000051,0.010000000000000009,0.020000000000000018,0.1599999999999966,0.2750001525878907,0.3600006103515625,-0.0009064881031254147
2020-07-30,0.6600000000000001,2.480000000000004,-0.019999999999999907,-0.010000000000000009,0.75,0.009999713897705043,-0.970001220703125,0.001604341784122659
2020-07-31,-0.3000000000000007,2.3699999999999974,0.0,0.030000000000000027,-0.09999999999999432,0.7800001907348633,1.3199996948242188,-0.001641881115107781
2020-08-03,-0.17999999999999972,-2.8699999999999974,0.010000000000000009,0.030000000000000027,-0.10000000000000142,0.6550000953674315,1.1500015258789062,0.005099247014938083
2020-08-04,-0.5199999999999996,-1.2800000000000011,-0.040000000000000036,-0.010000000000000009,-0.6099999999999994,0.43499982833862294,0.9799995422363281,-0.00020459211746537686
2020-08-05,-0.7700000000000031,-3.1600000000000037,0.030000000000000027,0.040000000000000036,0.3500000000000014,-0.19499984741210952,-2.3600006103515625,-0.007753486535713751
2020-08-06,-0.33999999999999986,0.47000000000000597,0.0,0.019999999999999796,0.4399999999999977,0.5899998855590827,0.8499984741210938,0.0014415446002074763
2020-08-07,-0.4399999999999977,-0.1600000000000037,-1.1102230246251565e-16,-0.019999999999999796,-0.19999999999999574,0.0999997711181635,-1.1399993896484375,0.004957692580673264
2020-08-10,-0.08000000000000185,-1.6899999999999977,0.010000000000000009,0.0,-0.6600000000000037,-0.3699996757507318,0.75,-0.0003554331134415613
2020-08-11,1.9000000000000021,1.759999999999998,0.030000000000000027,0.019999999999999796,-0.10000000000000142,-0.18500019073486307,3.049999237060547,-0.0017364647396474683
2020-08-12,-1.75,-2.759999999999998,0.04999999999999993,0.040000000000000036,0.3400000000000034,-0.10499988555908235,-1.029998779296875,-0.0010416223654601765
2020-08-13,-0.15000000000000213,0.12999999999999545,0.020000000000000018,0.0,0.11999999999999744,-1.3351440397713077e-07,0.8500022888183594,-0.001165652470628814
2020-08-14,-0.0799999999999983,0.23000000000000398,0.020000000000000018,-0.020000000000000018,0.20000000000000284,0.6700005149841299,-1.9900016784667969,-0.0015363663777390906
2020-08-17,-0.6999999999999993,-2.6700000000000017,-0.020000000000000018,0.010000000000000009,-0.7900000000000063,0.06999984741210952,2.720001220703125,-0.0016303758396132807
2020-08-18,0.16000000000000014,-0.7300000000000004,-0.019999999999999907,0.020000000000000018,0.4300000000000068,0.23999988555908214,0.25,-0.0016261748236497823
2020-08-19,1.0299999999999976,1.1500000000000021,0.010000000000000009,-0.010000000000000009,-0.14999999999999858,-0.1750006484985347,-1.4600028991699219,6.605861288754278e-05
2020-08-20,0.17999999999999972,-0.020000000000003126,-0.020000000000000018,-0.04999999999999982,-0.35999999999999943,-0.12499992370605462,-0.01999664306640625,0.002104726297112004
2020-08-21,-0.17999999999999972,0.8500000000000014,-0.040000000000000036,0.019999999999999796,-0.3200000000000074,-0.5699997329711923,0.55999755859375,0.0020917629312266002
2020-08-24,-0.16999999999999815,-1.4299999999999997,0.030000000000000027,0.030000000000000027,0.37000000000000455,0.5599997711181643,1.19000244140625,-0.0012411891705459408
2020-08-25,-0.33999999999999986,0.7800000000000011,0.029999999999999916,0.030000000000000027,0.8499999999999943,0.5350001144409182,1.55999755859375,-0.0007820903430574782
2020-08-26,1.2399999999999984,0.759999999999998,-0.010000000000000009,0.020000000000000018,-0.259999999999998,0.30499984741210984,0.10000228881835938,-0.0016817676999323198
2020-08-27,1.1999999999999993,-0.04999999999999716,0.050000000000000044,0.010000000000000009,-0.6199999999999974,-0.2799997329711914,1.2999992370605469,0.00021176877158509178
2020-08-28,-1.509999999999998,-1.6799999999999997,0.020000000000000018,0.040000000000000036,0.29999999999999716,2.360000190734862,-1.1000022888183594,-0.006119035509767809
2020-08-31,3.4499999999999993,0.5300000000000011,-0.020000000000000018,0.030000000000000027,,0.2299996948242189,-1.1699981689453125,-0.0015434020051544252
2020-09-01,-0.28999999999999915,-0.850000000000005,-0.029999999999999916,-0.040000000000000036,,0.13500030517578132,-2.720001220703125,-0.0016418299323767496
2020-09-02,0.4499999999999993,3.7500000000000036,-0.030000000000000027,-0.030000000000000027,-3.019999999999996,-0.11500041961669893,0.5600013732910156,0.003987067407650618
2020-09-03,7.030000000000001,5.789999999999999,-0.020000000000000018,-0.08000000000000007,1.3899999999999935,0.45500000000000007,0.8999977111816406,0.0003283083232383516
2020-09-04,-2.8500000000000014,2.740000000000002,0.07999999999999996,0.050000000000000044,0.0800000000000054,0.46500064849853473,1.2800025939941406,-0.0002912497564784255
2020-09-08,0.7100000000000009,11.879999999999995,-0.030000000000000027,-0.020000000000000018,0.25,-1.430000114440917,3.6399993896484375,0.0036740379355038847
2020-09-09,-2.650000000000002,-6.479999999999997,0.020000000000000018,0.030000000000000027,0.269999999999996,0.0749994659423816,-1.8600006103515625,-0.00286081894785453
2020-09-10,0.9000000000000021,2.739999999999995,-0.029999999999999916,-0.020000000000000018,0.09000000000000341,-0.13999931335449034,-3.6100006103515625,-0.002142152634366214
2020-09-11,-2.84,-2.029999999999994,0.0,-0.040000000000000036,-0.5500000000000043,0.17999954223632741,-2.0900001525878906,0.001776113641528804
2020-09-14,-1.0199999999999996,-0.720000000000006,0.0,0.0,-0.12999999999999545,-0.039999961853027344,1.0900001525878906,-0.00383033436930681
2020-09-15,-0.26000000000000156,-4.219999999999999,0.0,0.020000000000000018,-0.09000000000000341,0.1800005340576174,-1.1499977111816406,-0.0004497616339196725
2020-09-16,0.4499999999999993,-4.059999999999995,0.009999999999999898,0.010000000000000009,-0.19000000000000483,0.5549992370605459,-0.6300010681152344,-0.0020533079012712797
2020-09-17,0.4200000000000017,-2.4000000000000057,0.010000000000000009,-0.020000000000000018,0.30000000000000426,0.21000019073486342,-3.979999542236328,0.0007409240397897428
2020-09-18,-0.6300000000000026,0.3400000000000034,0.0,0.010000000000000009,-0.29000000000000625,0.4450004959106444,-1.2099990844726562,-0.0017314129990174682
2020-09-21,1.9500000000000028,3.8200000000000003,-0.019999999999999907,-0.04999999999999982,0.04000000000000625,0.2499995040893559,1.3899993896484375,0.009830942561855672
2020-09-22,-0.9200000000000017,-1.6099999999999994,0.010000000000000009,0.0,0.18000000000000682,0.050000038146972514,0.7199974060058594,0.0014236540160990083
2020-09-23,1.7199999999999989,3.3599999999999994,-0.010000000000000009,-0.020000000000000018,-0.12000000000000455,0.06500053405761719,-0.7199974060058594,0.00606341390700606
2020-09-24,-0.06999999999999673,-1.759999999999998,-0.010000000000000009,-0.020000000000000018,-0.03999999999999915,-0.5750002288818354,-1.4099998474121094,0.0025102238522889796
2020-09-25,-2.1300000000000026,-1.470000000000006,0.010000000000000009,0.0,-0.28000000000000824,0.05999973297119077,-0.25,0.0027237000686335232
2020-09-28,-0.18999999999999773,-0.769999999999996,-0.010000000000000009,0.030000000000000027,0.27000000000001023,0.7550004196166995,0.43000030517578125,-0.0021241212866456305
2020-09-29,0.0799999999999983,5.490000000000002,0.020000000000000018,0.029999999999999805,0.1799999999999926,0.0199993515014647,-0.7800025939941406,-0.0007807988529895603
2020-09-30,0.10000000000000142,-2.1300000000000026,0.009999999999999898,-0.010000000000000009,-1.0499999999999972,1.085000114440918,2.5900001525878906,-0.00494729590734469
2020-10-01,0.3299999999999983,5.350000000000001,-0.019999999999999907,0.0,0.990000000000002,-0.04499954223632763,-0.55999755859375,-0.0019112535651903226
2020-10-02,0.9299999999999997,6.159999999999997,0.029999999999999916,0.010000000000000009,-0.14000000000000057,0.03499931335449169,1.3199996948242188,8.052950725428929e-05
2020-10-05,0.33000000000000185,-6.07,0.07000000000000006,0.040000000000000036,-0.4399999999999977,-0.11499954223632791,-0.15999984741210938,-0.0047692577760218725
2020-10-06,1.5199999999999996,-2.8399999999999963,-0.020000000000000018,-0.020000000000000018,0.0899999999999963,-0.054999771118163565,17.939998626708984,0.000786423311776542
2020-10-07,-1.4200000000000017,-1.1000000000000014,0.030000000000000027,0.050000000000000044,0.04999999999999716,0.25499973297119105,-0.7700004577636719,0.0006586052252398893
2020-10-08,-1.6999999999999993,-4.350000000000001,0.0,0.010000000000000009,0.1600000000000037,0.7099995803833004,0.3300018310546875,-0.0015397163771025794
2020-10-09,-1.3599999999999994,1.230000000000004,-0.020000000000000018,0.010000000000000009,0.23000000000000398,-0.9049995040893553,0.20999908447265625,-0.007690969610702208
2020-10-12,0.07000000000000028,1.6599999999999966,,,0.0899999999999963,0.02500003814697216,,
2020-10-13,1.0,2.030000000000001,,,0.030000000000001137,-0.0749998855590821,,
2020-10-14,0.3299999999999983,-2.539999999999999,0.010000000000000009,-0.010000000000000009,-0.35999999999999943,0.39499961853027443,-2.0900001525878906,-0.0019300699132529815
2020-10-15,0.5700000000000003,0.29999999999999716,0.010000000000000009,0.0,-0.18000000000000682,0.15999988555908118,2.1199989318847656,0.003530883333672412
2020-10-16,0.4400000000000013,0.23000000000000398,0.020000000000000018,0.020000000000000018,-0.12999999999999545,0.3300002288818362,1.6300010681152344,-0.0028335558323976814
2020-10-19,1.7699999999999996,-0.7100000000000009,0.0,0.0,-0.03999999999999915,0.08000026702880803,3.9099998474121094,-0.003156107840644875
2020-10-20,0.1700000000000017,0.5,0.050000000000000044,0.010000000000000009,-0.3500000000000014,-0.09499980926513629,-0.7400016784667969,-0.0013405501904370162
2020-10-21,-0.7000000000000028,3.729999999999997,0.019999999999999907,0.020000000000000018,-0.03999999999999915,-0.4100006866455068,-1.3499984741210938,-0.002934491392132449
2020-10-22,-0.5399999999999991,-0.9699999999999989,0.020000000000000018,0.020000000000000018,0.6099999999999994,0.350000343322753,0.6599998474121094,0.00178240302880683
2020-10-23,-0.5599999999999987,-0.28999999999999915,-0.040000000000000036,-0.010000000000000009,0.1600000000000037,0.23499973297119148,-1.2700004577636719,-0.0008968906655409747
2020-10-26,4.91,6.729999999999997,-0.019999999999999907,-0.030000000000000027,-0.3100000000000023,-0.7750000762939457,0.4900016784667969,0.002319661749596648
2020-10-27,0.8900000000000006,-2.8299999999999983,-0.020000000000000018,-0.010000000000000009,-0.29000000000000625,-0.04999988555908175,-1.0699996948242188,-0.002315314409277762
2020-10-28,6.93,9.39,0.0,-0.010000000000000009,0.21000000000000085,-0.3300002288818362,-0.75,0.006838391853263866
2020-10-29,-2.6899999999999977,3.770000000000003,0.05999999999999994,0.010000000000000009,0.030000000000008242,-0.1899995040893554,4.1699981689453125,0.00434796031303256
2020-10-30,0.4299999999999997,5.460000000000001,0.050000000000000044,-0.010000000000000009,0.06999999999999318,-0.12499973297119027,0.6100006103515625,-0.0014756352963302883
2020-11-02,-0.8900000000000006,-2.1099999999999994,-0.030000000000000027,0.010000000000000009,0.490000000000002,-0.4050006866455078,1.6500015258789062,0.0008667156368468311
2020-11-03,-1.5800000000000054,-3.1000000000000014,0.020000000000000018,0.010000000000000009,-0.44999999999999574,0.1600002288818363,0.8100013732910156,-0.0065243807310804616
2020-11-04,-5.979999999999997,-9.100000000000001,-0.08999999999999997,-0.08000000000000007,-0.020000000000003126,0.4700002670288086,-16.630001068115234,-0.002709759691882411
2020-11-05,-1.990000000000002,-0.8400000000000034,0.010000000000000009,0.020000000000000018,0.19999999999999574,0.5099996948242183,-3.9800033569335938,-0.006202352137812828
2020-11-06,-2.719999999999999,2.0600000000000023,0.019999999999999907,-0.010000000000000009,0.20000000000000284,-0.5350003051757817,-3.8799972534179688,-0.004059581626608636
2020-11-09,0.8900000000000006,-3.549999999999997,0.12,0.08000000000000007,-0.22999999999999687,-0.005000076293944389,5.05999755859375,0.0008558348550760871
2020-11-10,-0.9499999999999993,-2.5600000000000023,1.1102230246251565e-16,0.030000000000000027,0.18999999999999773,0.07000030517578004,1.25,-0.00012096498516710824
2020-11-11,-1.3500000000000014,-0.3999999999999986,,,0.20000000000000284,0.05000041961669943,,
2020-11-12,1.9000000000000021,1.6599999999999966,,,-0.010000000000005116,-0.1550002670288091,,
2020-11-13,-2.25,-2.6599999999999966,0.010000000000000009,0.010000000000000009,0.3200000000000003,0.22999977111816428,-1.2199974060058594,-0.000390330998637102
2020-11-16,-0.6500000000000021,-1.3500000000000014,0.0,0.0,-0.00999999999999801,0.45500011444091726,-0.45999908447265625,-0.0035822232194776577
2020-11-17,0.26000000000000156,-1.8100000000000023,-0.030000000000000027,-0.020000000000000018,-0.2700000000000031,-0.45499961853027315,0.5900001525878906,-0.0013115724396482017
2020-11-18,1.129999999999999,0.980000000000004,0.030000000000000027,0.0,-0.030000000000001137,-0.10999996185302763,0.5399971008300781,-0.001954724979859018
2020-11-19,-0.7300000000000004,0.28000000000000114,-0.040000000000000036,0.0,0.2500000000000071,-0.4799998474121079,-0.09000015258789062,0.002060277017111341
2020-11-20,0.5899999999999999,-2.4000000000000057,-0.010000000000000009,-0.010000000000000009,0.27999999999999403,-0.15500000000000114,-1.2199974060058594,-0.0018047129903225455
2020-11-23,-1.0399999999999991,-1.1499999999999986,0.030000000000000027,0.020000000000000018,0.29000000000000625,0.6299993896484377,0.7299995422363281,0.002339338817745465
2020-11-24,-1.0199999999999996,0.05000000000000426,0.020000000000000018,0.030000000000000027,-0.1700000000000017,0.12499977111816385,-0.6599998474121094,-0.0028452426556891575
2020-11-25,-0.39000000000000057,0.7199999999999989,-0.010000000000000009,0.010000000000000009,-0.20000000000000284,0.030000686645507812,-2.7600021362304688,-0.0022002189677774522
2020-11-27,-0.41000000000000014,2.6499999999999986,-0.030000000000000027,0.0,,,0.020000457763671875,
2020-11-30,-0.2699999999999996,1.1599999999999966,0.0,0.020000000000000018,,,1.2000007629394531,
2020-12-01,0.1999999999999993,0.44000000000000483,0.07000000000000006,0.040000000000000036,0.8500000000000014,-0.23000049591064453,0.6899986267089844,-0.003710100043103858
2020-12-02,0.40000000000000213,-2.1300000000000026,0.039999999999999925,0.040000000000000036,0.0799999999999983,0.1349998855590826,2.3899993896484375,-0.0017283466389247859
2020-12-03,0.10999999999999943,-4.729999999999997,-0.029999999999999916,0.010000000000000009,0.14999999999999858,-0.4699992752075204,-1.3899993896484375,-0.005234278545579071
2020-12-04,-0.490000000000002,-2.6099999999999994,0.04999999999999993,0.029999999999999805,0.15000000000000568,0.4800000000000004,1.3600006103515625,-0.00219659125306949
2020-12-07,0.5100000000000016,-0.6600000000000037,-0.010000000000000009,-0.010000000000000009,0.03999999999999915,-0.2000009155273439,5.779998779296875,0.0005428942477883888
2020-12-08,-0.620000000000001,0.020000000000003126,-0.019999999999999907,0.010000000000000009,0.28999999999999915,0.12000015258789176,-0.5699996948242188,0.0002270874171145697
2020-12-09,1.5899999999999999,1.8200000000000003,0.009999999999999898,0.020000000000000018,0.13000000000000256,0.19999996185302749,-0.6199989318847656,0.0014882018554107663
2020-12-10,0.25,0.17999999999999972,-0.009999999999999898,-0.030000000000000027,0.23999999999999488,0.8050003051757812,-1.3299980163574219,-0.00046158798690901616
2020-12-11,0.7899999999999991,-0.19000000000000483,0.010000000000000009,-0.009999999999999787,-0.15000000000000568,0.33000007629394545,0.3699989318847656,0.0014536825385145873
2020-12-14,1.4100000000000001,0.45000000000000284,-0.020000000000000018,0.009999999999999787,-0.1699999999999946,0.4949995040893551,1.7000007629394531,0.0002594594609151004
2020-12-15,-1.8299999999999983,-0.6199999999999974,0.040000000000000036,0.030000000000000027,-0.05999999999999517,0.6800008392333989,-1.0800018310546875,-0.002773726295783263
2020-12-16,-0.39000000000000057,-0.6600000000000037,-0.020000000000000018,0.010000000000000009,-0.22000000000000597,-0.9450012207031264,-1.1800003051757812,-0.0012917321112435691
2020-12-17,-0.5700000000000003,-1.8200000000000003,0.019999999999999907,0.020000000000000018,-0.10999999999999943,-0.40999958038329964,-2.80999755859375,-0.004423652679780544
2020-12-18,-0.35999999999999943,0.28999999999999915,0.010000000000000009,0.010000000000000009,0.2700000000000031,-0.08499935150146598,0.48999786376953125,0.0034510694185948165
2020-12-21,3.59,4.410000000000004,0.0,0.0,-0.3100000000000023,0.9599998474121101,2.020000457763672,0.002991745413943018
2020-12-22,-0.9299999999999997,0.5,-0.019999999999999907,-0.010000000000000009,0.03999999999999915,0.7600001525878906,-3.0900001525878906,0.0022593414870740137
2020-12-23,-0.9200000000000017,-2.1700000000000017,0.029999999999999916,0.030000000000000027,0.25,-0.13000106811523438,-0.8299980163574219,-0.0019092198787614332
2020-12-24,-1.7799999999999976,-0.480000000000004,-0.020000000000000018,0.0,-0.4099999999999966,0.22500045776367195,-0.6300010681152344,
2020-12-28,0.16999999999999815,0.2600000000000051,0.0,0.0,0.6799999999999997,1.7899999999999991,3.1499977111816406,
2020-12-29,1.379999999999999,-1.0300000000000011,0.010000000000000009,-0.010000000000000009,-0.7900000000000063,-0.384999999999998,0.8400001525878906,-0.0040985791117449264
2020-12-30,-0.3099999999999987,-0.6300000000000026,-0.009999999999999898,0.0,-0.0899999999999963,0.2650003814697257,1.0900001525878906,-0.0018741119612283358
2020-12-31,-0.019999999999999574,-0.17999999999999972,-0.010000000000000009,0.030000000000000027,0.36999999999999744,0.09499999999999886,1.7900009155273438,7.636149174532984e-05
2021-01-04,4.219999999999999,4.289999999999999,0.020000000000000018,0.019999999999999796,0.030000000000001137,0.5099993133544913,0.6100006103515625,-0.0009832630382471045
2021-01-05,-1.629999999999999,-1.7299999999999969,0.009999999999999898,0.020000000000000018,0.4799999999999969,-2.0100001525878888,-0.6399993896484375,-0.0022514817205592143
2021-01-06,-0.2699999999999996,-1.0799999999999983,0.07000000000000006,0.03000000000000025,-0.030000000000001137,-0.4299986267089846,-4.310001373291016,-0.0009666035640493869
2021-01-07,-2.6999999999999993,-3.25,0.040000000000000036,0.029999999999999805,-0.27999999999999403,1.6899997711181651,0.5600013732910156,0.004087253117919795
2021-01-08,-0.8100000000000023,0.5899999999999963,0.04999999999999982,-0.029999999999999805,0.29999999999999716,0.8550005340576163,-0.3899993896484375,-0.0001752108937137428
2021-01-11,2.5199999999999996,-1.3399999999999963,0.019999999999999907,0.0,-0.6799999999999926,2.0649991607666003,2.9599990844726562,0.00484962655536443
2021-01-12,-0.75,-1.4600000000000009,0.0,0.020000000000000018,0.20999999999999375,3.850000686645508,2.3499984741210938,-0.002467591743100422
2021-01-13,-1.1199999999999974,2.9399999999999977,-0.04999999999999971,-0.020000000000000018,-0.18999999999999773,-4.5850006866455075,-4.520000457763672,-0.0016858651990329574
2021-01-14,1.0399999999999991,1.1600000000000037,0.029999999999999805,0.029999999999999805,-0.4200000000000017,-0.16500091552734375,0.6300010681152344,-0.0018470346422040172
2021-01-15,1.0899999999999999,2.4399999999999977,-0.009999999999999787,0.010000000000000231,0.259999999999998,-1.1749983215332023,-1.0900001525878906,0.0031787361502516936
2021-01-19,-1.1000000000000014,-5.020000000000003,-0.020000000000000018,0.0,-0.03999999999999204,0.33500000000000085,0.09000015258789062,-0.0005193679973476427
2021-01-20,-1.6600000000000001,0.30000000000000426,0.010000000000000009,0.020000000000000018,-0.010000000000005116,0.014999465942381107,-2.700000762939453,
2021-01-21,-0.259999999999998,-0.6200000000000045,0.020000000000000018,-0.020000000000000018,0.17999999999999972,-0.11499969482422046,0.4799995422363281,
2021-01-22,0.5899999999999999,1.2000000000000028,-0.020000000000000018,-0.010000000000000231,0.259999999999998,1.460000076293948,0.0800018310546875,0.003181163173304177
2021-01-25,1.2800000000000011,1.7700000000000031,-0.050000000000000044,-0.009999999999999787,-0.28000000000000114,-1.5050007629394528,-0.009998321533203125,0.002828765036460484
2021-01-26,-0.1700000000000017,-0.8900000000000006,0.020000000000000018,0.0,-0.00999999999999801,-0.7499996185302749,0.05999755859375,-0.0018825657120736348
2021-01-27,14.190000000000001,3.0799999999999983,-0.020000000000000018,0.0,-0.39000000000000057,0.15000053405761804,1.0200004577636719,0.0037633784987600874
2021-01-28,-7.0,0.240000000000002,0.030000000000000027,0.04999999999999982,0.3500000000000014,1.2199990844726578,1.3699989318847656,-0.0006452934635597174
2021-01-29,2.8800000000000026,-0.25,0.04999999999999993,0.0,0.480000000000004,-1.0100001525878923,1.8800010681152344,-0.0004893796674690465
2021-02-01,-2.850000000000005,-1.0400000000000063,-0.019999999999999907,-0.020000000000000018,-0.21999999999999886,-1.8800003051757805,-1.1300010681152344,0.004169903978659071
2021-02-02,-4.68,-0.5399999999999991,0.029999999999999916,0.040000000000000036,-0.020000000000010232,-0.2499993896484387,-0.3699989318847656,-0.0011811037259629737
2021-02-03,-2.6499999999999986,-1.509999999999998,0.029999999999999805,0.040000000000000036,0.09000000000000341,-0.16500045776367145,1.0200004577636719,-0.00026275602719770253
2021-02-04,-1.1400000000000006,-1.740000000000002,0.0,-0.020000000000000018,-0.14999999999999858,0.2850012969970699,0.31999969482421875,0.004357270510960164
2021-02-05,-0.8999999999999986,-0.4299999999999997,0.06000000000000005,0.040000000000000036,-0.10999999999999943,-0.24000167846679688,-0.049999237060546875,-0.004524757836213881
2021-02-08,0.36999999999999744,-0.46000000000000085,-0.020000000000000018,0.010000000000000231,-0.46000000000000085,1.8900011444091813,1.25,-0.00173978455757931
2021-02-09,0.39000000000000057,-0.9399999999999977,-0.010000000000000009,0.0,0.17999999999999972,-1.085000228881837,-1.7000007629394531,-0.0024601203684313532
2021-02-10,0.35999999999999943,0.23000000000000398,-0.030000000000000027,-0.010000000000000231,0.0800000000000054,-0.8950006103515626,-0.4799995422363281,-0.0016485274220355802
2021-02-11,-0.7399999999999984,0.5599999999999952,0.010000000000000009,-0.009999999999999787,0.39000000000000057,-3.924999465942383,-0.31999969482421875,-0.0005037860253043955
2021-02-12,-1.2800000000000011,-0.0799999999999983,0.040000000000000036,0.009999999999999787,0.09999999999999432,0.6250008392333974,1.05999755859375,-0.0003434729634005782
2021-02-16,1.490000000000002,0.8800000000000026,0.08000000000000007,0.03000000000000025,0.9200000000000017,-6.105000686645507,9.770000457763672,0.002678291508417608
2021-02-17,0.03999999999999915,1.769999999999996,0.010000000000000009,-0.03000000000000025,0.03999999999999204,-12.714999237060546,-0.80999755859375,0.002077671682743017
2021-02-18,0.9899999999999984,1.0,0.0,-0.04999999999999982,-0.23999999999998778,16.089999008178708,0.14999771118164062,0.0012481004668184563
2021-02-19,-0.4399999999999977,-0.14000000000000057,0.050000000000000044,-0.020000000000000018,0.030000000000001137,2.825000381469726,4.310001373291016,-0.0040604685073826205
2021-02-22,1.3999999999999986,0.8100000000000023,0.030000000000000027,0.020000000000000018,-0.6600000000000037,1.2049997329711921,1.9899978637695312,0.0018978307648036298
2021-02-23,-0.33999999999999986,1.1799999999999997,0.0,0.0,0.4399999999999977,0.509999961853028,-0.6899986267089844,-0.00017782456268731244
2021-02-24,-1.7699999999999996,-0.1700000000000017,-2.220446049250313e-16,0.009999999999999787,0.13999999999999346,0.26999916076660035,0.18999862670898438,-0.0015821535699421776
2021-02-25,7.550000000000001,1.0,0.11000000000000032,-0.029999999999999805,-0.37999999999999545,-0.3649987411499023,12.240005493164062,0.0018252023319027236
2021-02-26,-0.9400000000000013,1.9100000000000037,-0.07000000000000028,0.009999999999999787,1.0500000000000043,-0.18000072479247997,1.5,0.00805589438110703
2021-03-01,-4.599999999999998,0.07000000000000028,0.020000000000000018,0.010000000000000231,-0.28999999999999915,0.3450002288818368,-6.930000305175781,-0.002700606770374714
2021-03-02,0.75,-1.6000000000000014,-0.029999999999999805,0.040000000000000036,-0.5500000000000043,-0.38000003814697436,-11.03000259399414,7.020334535147577e-05
2021-03-03,2.5700000000000003,-1.1300000000000026,0.040000000000000036,0.009999999999999787,-0.09999999999999432,-0.33500026702880703,8.130001068115234,0.0020195669546087197
2021-03-04,1.8999999999999986,-2.559999999999995,0.06999999999999984,-0.009999999999999787,0.13999999999998636,0.4750006866455081,2.2999954223632812,-0.0005144913701117208
2021-03-05,-3.91,-0.6600000000000037,0.020000000000000018,0.020000000000000018,0.36000000000001364,0.5049994659423813,1.2400054931640625,0.009229378163990191
2021-03-08,0.8099999999999987,2.280000000000001,2.220446049250313e-16,-0.010000000000000231,-0.9000000000000057,-0.16500015258788991,2.279998779296875,0.004553187131724069
2021-03-09,-1.4399999999999977,-0.9200000000000017,-0.040000000000000036,0.0,0.04000000000000625,0.8249996185302724,-4.209999084472656,-0.002978146408922096
2021-03-10,-1.4700000000000024,-0.4099999999999966,-0.010000000000000009,0.04999999999999982,0.06999999999999318,0.7049999237060547,-4.250003814697266,-0.002987922638235695
2021-03-11,-0.6499999999999986,0.29999999999999716,0.029999999999999805,0.020000000000000018,0.2400000000000091,0.41500083923340014,0.7100028991699219,-0.0058867458124708906
2021-03-12,-1.2199999999999989,-0.3500000000000014,0.10000000000000009,-0.020000000000000018,-0.04000000000000625,0.37500076293945206,6.930000305175781,0.0009338420131230531
2021-03-15,-0.6600000000000001,1.8700000000000045,-0.020000000000000018,0.010000000000000231,0.14000000000000057,-0.4500004577636716,-0.04000091552734375,0.0014667160264213528
2021-03-16,-0.240000000000002,-0.28000000000000114,-0.009999999999999787,0.029999999999999805,-0.28999999999999204,-0.1900004577636718,0.01999664306640625,-0.0018472288206667826
2021-03-17,-0.5599999999999987,-1.7000000000000028,0.029999999999999805,0.0,0.04999999999999716,0.20999946594238317,-4.05999755859375,0.0015476949514406
2021-03-18,2.349999999999998,11.04,0.050000000000000044,-0.029999999999999805,-1.0200000000000102,-0.059999084472655895,3.7300033569335938,-0.0034036626845185343
2021-03-19,-0.629999999999999,-4.059999999999995,0.030000000000000027,0.040000000000000036,0.4100000000000037,-0.5750008392333985,-1.6800003051757812,0.0017825032405141253
2021-03-22,-2.0700000000000003,-4.100000000000001,-0.040000000000000036,0.020000000000000018,-0.1599999999999966,0.7600006866455065,-1.1800003051757812,0.00023630629476810696
2021-03-23,1.4200000000000017,8.339999999999996,-0.06000000000000005,-0.040000000000000036,-0.20000000000000284,0.3349993133544924,-6.850002288818359,0.002556853345213322
2021-03-24,0.8999999999999986,16.29,0.0,0.020000000000000018,0.37000000000000455,0.2000007629394549,-0.060001373291015625,0.003215715967195396
2021-03-25,-1.3900000000000006,-15.029999999999994,0.009999999999999787,0.009999999999999787,0.1599999999999966,-0.18500038146972742,-1.1699981689453125,0.00303174158381312
2021-03-26,-0.9499999999999993,-4.950000000000003,0.040000000000000036,0.020000000000000018,0.10000000000000142,0.33500099182128906,1.9500007629394531,-0.0022920663299563788
2021-03-29,1.879999999999999,-0.7700000000000031,0.06000000000000005,0.020000000000000018,-0.2700000000000031,-0.3150010681152349,4.469997406005859,0.0016760958279264165
2021-03-30,-1.129999999999999,-2.6999999999999957,-0.019999999999999796,-0.009999999999999787,0.1600000000000037,0.39000061035156186,1.4800033569335938,0.0023810536974502613
2021-03-31,-0.21000000000000085,4.189999999999998,0.010000000000000009,0.020000000000000018,1.6000000000000014,0.22000053405761832,3.8299942016601562,-0.0033294421230285116
2021-04-01,-2.0700000000000003,-5.5,-0.06000000000000005,-0.020000000000000018,-1.8900000000000006,0.17499923706054688,-6.279998779296875,-0.0007426538041119175
2021-04-05,0.5800000000000018,1.8500000000000014,0.040000000000000036,0.0,,0.08999999999999986,-3.1999969482421875,-0.00303699081104809
2021-04-06,0.21000000000000085,0.4099999999999966,-0.050000000000000044,-0.03000000000000025,,0.6000006103515609,-1.5,-0.002185924440775616
2021-04-07,-0.9600000000000009,-1.1399999999999935,0.010000000000000009,0.020000000000000018,-0.03999999999999915,-0.4850008392333969,2.25,0.0008586952248120723
2021-04-08,-0.21000000000000085,-0.5700000000000003,-0.020000000000000018,-0.009999999999999787,0.3900000000000077,-0.33500007629394446,-2.4599990844726562,-0.0013422565795606135
2021-04-09,-0.259999999999998,-1.5100000000000051,0.010000000000000009,-0.020000000000000018,0.11999999999999744,-0.05999923706054844,1.1299972534179688,0.0009819064000788174
2021-04-12,0.21999999999999886,-2.1499999999999986,0.0,0.020000000000000018,0.0799999999999983,0.6899990844726567,2.2900009155273438,-0.00018817559400411614
2021-04-13,-0.26000000000000156,-1.8399999999999963,-0.030000000000000027,0.0,-0.05000000000000426,-0.20999938964843778,-2.299999237060547,-0.0012589482903685634
2021-04-14,0.33999999999999986,0.5,0.0,0.0,0.3300000000000054,0.09000007629394702,-1.1199989318847656,-0.002251311706157958
2021-04-15,-0.41999999999999815,-1.5,-0.07999999999999985,0.0,-0.2500000000000071,0.6099999237060523,-1.0300025939941406,-0.0014800160640915136
2021-04-16,-0.3200000000000003,-1.4100000000000037,0.030000000000000027,0.029999999999999805,0.11000000000001364,0.2700006866455098,3.520000457763672,-0.0012145741488087066
2021-04-19,1.0399999999999991,2.280000000000001,0.020000000000000018,-0.020000000000000018,0.39000000000000057,0.27999961853027244,1.3899993896484375,-0.002651951191221728
2021-04-20,1.3900000000000006,0.6099999999999994,-0.020000000000000018,-0.020000000000000018,-0.480000000000004,0.11500000000000199,0.3899993896484375,0.00046252789693974433
2021-04-21,-1.1799999999999997,6.759999999999998,-0.010000000000000009,0.010000000000000231,-0.05000000000001137,0.08500007629394446,-2.079998016357422,-0.0005195789121511846
2021-04-22,1.2100000000000009,-3.049999999999997,-0.010000000000000009,0.0,0.9399999999999977,0.21000022888183523,-2.6500015258789062,0.0004687915068821696
2021-04-23,-1.3800000000000026,-0.6899999999999977,0.010000000000000009,0.009999999999999787,-0.04999999999999005,-1.3450007629394527,0.3600006103515625,-0.0012553575003662412
2021-04-26,0.3100000000000023,2.529999999999994,-0.020000000000000018,0.020000000000000018,-0.09000000000000341,0.014999923706053409,1.0,-0.0024832549458151196
2021-04-27,-0.08000000000000185,-2.789999999999999,0.05999999999999983,0.03000000000000025,-0.259999999999998,1.225000686645508,-0.8299980163574219,0.0008832446044127732
2021-04-28,-0.2799999999999976,-2.019999999999996,0.0,0.020000000000000018,0.04999999999999716,0.07999961853027315,0.15999984741210938,-0.0010621340413792606
2021-04-29,0.3299999999999983,-0.05000000000000426,0.030000000000000027,0.009999999999999787,-0.009999999999990905,1.014999694824219,-1.2900009155273438,-0.00039814384970952426
2021-04-30,1.0,2.020000000000003,0.0,-0.009999999999999787,0.9699999999999989,0.8349998474121101,-0.8899993896484375,0.0030156797875698954
2021-05-03,-0.3000000000000007,1.759999999999998,-0.020000000000000018,0.009999999999999787,,0.4300006866455064,-0.7999992370605469,-0.0007041848414660138
2021-05-04,1.1700000000000017,-3.0,-0.019999999999999796,0.0,,-0.8050012969970695,1.1799964904785156,0.002537735217323007
2021-05-05,-0.33000000000000185,1.1799999999999997,-0.020000000000000018,0.050000000000000266,0.8900000000000006,0.9199998474121074,-1.5799980163574219,-0.0012315042034762665
2021-05-06,-0.759999999999998,-0.5899999999999963,-0.010000000000000009,-0.020000000000000018,-0.18999999999999773,0.46000083923340185,0.8199996948242188,-0.0027795715500431154
2021-05-07,-1.6999999999999993,-0.10999999999999943,0.039999999999999813,0.040000000000000036,-0.11999999999999034,-0.3899993896484375,-3.6199989318847656,-0.007315672139858844
2021-05-10,2.969999999999999,0.35999999999999943,0.010000000000000009,0.04999999999999982,-0.0800000000000125,1.2199999999999989,1.3499984741210938,-0.0021134699146282227
2021-05-11,2.1799999999999997,-0.060000000000002274,0.010000000000000009,-0.010000000000000231,-0.1700000000000017,0.6349997711181636,2.529998779296875,0.0009166259067127463
2021-05-12,5.75,-0.990000000000002,0.050000000000000044,0.010000000000000231,0.14000000000001478,0.6149997711181641,0.4600028991699219,0.006037175397522842
2021-05-13,-4.460000000000001,1.0,-0.030000000000000027,-0.03000000000000025,-0.12000000000001165,-0.21000007629394446,-1.8800010681152344,0.00028589468426145666
2021-05-14,-4.32,-1.4799999999999969,-0.030000000000000027,0.0,0.38000000000000256,0.5799999237060547,-1.5999984741210938,-0.004132348600876995
2021-05-17,0.9100000000000001,-0.03999999999999915,0.010000000000000009,0.03000000000000025,-0.539999999999992,-0.5600004577636746,3.5999984741210938,-0.0005067180753413181
2021-05-18,1.620000000000001,0.5899999999999963,0.0,-0.020000000000000018,0.14000000000000057,-1.4699999999999989,-1.4099998474121094,-0.0022288254002644343
2021-05-19,0.8399999999999999,1.8100000000000023,0.040000000000000036,-0.040000000000000036,0.07999999999998408,-2.064998550415037,0.13000106811523438,0.0004420140758729916
2021-05-20,-1.509999999999998,0.6099999999999994,-0.040000000000000036,-0.06999999999999984,-0.36999999999999034,2.0399985504150386,-2.270000457763672,-0.00018219437845458234
2021-05-21,-0.5200000000000031,-0.0899999999999963,-0.020000000000000018,0.020000000000000018,-0.12000000000000455,0.13000061035156207,-0.4500007629394531,0.0017763314648663094
2021-05-24,-1.75,-3.8000000000000043,2.220446049250313e-16,0.009999999999999787,-0.6499999999999915,0.025000152587889346,0.34999847412109375,-0.0013136947792658402
2021-05-25,0.4400000000000013,0.6899999999999977,-0.050000000000000044,-0.020000000000000018,0.06999999999999318,1.3400003051757814,-1.2199974060058594,-0.0006295270007113572
2021-05-26,-1.4800000000000004,-2.3399999999999963,0.029999999999999805,-0.020000000000000018,-0.009999999999990905,0.19499870300293054,-0.9000015258789062,0.00023183469298004522
2021-05-27,-0.620000000000001,-0.259999999999998,0.03000000000000025,0.020000000000000018,0.03999999999999204,-1.164998474121095,0.6500015258789062,9.921686325944257e-06
2021-05-28,0.020000000000003126,-0.09000000000000341,-0.03000000000000025,0.0,0.4899999999999949,-0.3300004577636706,-1.4300003051757812,-0.0010034906430954602
2021-06-01,1.139999999999997,-0.10999999999999943,0.02000000000000024,0.040000000000000036,-0.8199999999999932,0.9350000762939459,2.950000762939453,-0.002286880545001244
2021-06-02,-0.41999999999999815,-0.6599999999999966,-2.220446049250313e-16,-0.020000000000000018,-0.4200000000000159,-0.3200000000000003,0.21999740600585938,0.0006811875360931701
2021-06-03,0.5599999999999987,1.1199999999999974,0.010000000000000009,-0.020000000000000018,0.09000000000000341,0.05999954223632997,-1.25,0.005395982845325517
2021-06-04,-1.6199999999999974,-2.129999999999999,-0.050000000000000044,-0.020000000000000018,-0.1699999999999875,0.09000015258789062,-4.180000305175781,-0.0038399490612833027
2021-06-07,0.0,-0.060000000000002274,-0.009999999999999787,-0.009999999999999787,-0.04999999999999716,0.7249996948242163,-0.22999954223632812,-0.0021385877568635787
2021-06-08,0.6499999999999986,0.25,-0.020000000000000018,-0.03000000000000025,-0.4000000000000057,1.1799994659423838,0.3800010681152344,0.0012072463366774998
2021-06-09,0.8200000000000003,-0.16000000000000014,-0.050000000000000044,-0.040000000000000036,0.12999999999999545,0.4800000000000004,2.9099998474121094,-0.0007078935851532222
2021-06-10,-1.7899999999999991,1.240000000000002,-0.030000000000000027,0.03000000000000025,-0.09999999999999432,0.38500022888183594,-4.5800018310546875,-0.00022702984906875485
2021-06-11,-0.45000000000000107,-0.480000000000004,0.0,-0.03000000000000025,-0.2600000000000051,-0.940000152587892,2.5900001525878906,0.004942283280149671
2021-06-14,0.7400000000000002,0.5800000000000054,0.040000000000000036,0.040000000000000036,0.28000000000000114,0.8350001525878916,3.1800003051757812,-0.001147441889173124
2021-06-15,0.629999999999999,-1.5700000000000038,0.0,0.020000000000000018,-0.010000000000005116,-0.6249992370605462,-1.1100006103515625,0.003461733260349665
2021-06-16,1.129999999999999,2.2699999999999996,0.010000000000000009,-0.06000000000000005,0.5300000000000011,-0.044999542236329404,1.3600006103515625,-0.0021054796978453357
2021-06-17,-0.3999999999999986,3.010000000000005,-0.07000000000000006,-0.04999999999999982,0.010000000000005116,0.289998779296873,0.6300010681152344,0.013060008054056004
2021-06-18,2.9499999999999993,-2.8900000000000006,-0.10000000000000009,-0.029999999999999805,-0.4000000000000057,1.1050012207031266,5.540000915527344,0.004109606968177461
2021-06-21,-2.8099999999999987,1.0599999999999952,0.040000000000000036,0.009999999999999787,-0.6099999999999994,0.2899990844726581,1.4099998474121094,-0.0017859052851489793
2021-06-22,-1.2300000000000004,-0.7299999999999969,0.0,0.06000000000000005,0.9200000000000017,1.0600008392333962,-3.220001220703125,0.0006936677627413667
2021-06-23,-0.33999999999999986,0.3999999999999986,0.010000000000000009,0.029999999999999805,0.3400000000000034,0.6599994659423842,-3.0400009155273438,-0.004753685505584916
2021-06-24,-0.34999999999999964,-2.6300000000000026,-0.010000000000000009,-0.040000000000000036,0.5300000000000011,0.5299993133544909,-0.7699966430664062,-0.0004975348098855218
2021-06-25,-0.3500000000000014,-0.7499999999999964,0.030000000000000027,0.040000000000000036,-0.3999999999999915,0.26999893188476776,0.75,-0.0032145695261230397
2021-06-28,0.14000000000000057,0.5599999999999987,-0.020000000000000018,-0.009999999999999787,-0.44000000000001194,-0.31599685668945554,0.75,0.0005294872267720158
2021-06-29,0.2599999999999998,0.129999999999999,-0.020000000000000018,-0.010000000000000231,0.4399999999999977,1.0669985961914072,0.4699974060058594,0.002108914352277711
2021-06-30,-0.1899999999999995,0.7500000000000036,-0.020000000000000018,0.0,1.1800000000000068,1.0960015869140634,0.470001220703125,0.0025976975178844046
2021-07-01,-0.34999999999999964,-0.2700000000000031,0.030000000000000027,0.03000000000000025,-2.0600000000000023,1.5509999084472668,0.25,0.0016573954284313606
2021-07-02,-0.41000000000000014,0.3999999999999986,-0.030000000000000027,-0.020000000000000018,0.7800000000000011,-0.22600189208984744,-5.1100006103515625,-0.0017533545712344215
2021-07-06,1.370000000000001,4.720000000000006,-0.04999999999999982,-0.020000000000000018,0.04999999999999716,-1.7320001220703105,4.1399993896484375,0.003628480291469426
2021-07-07,-0.240000000000002,4.419999999999995,-0.040000000000000036,-0.03000000000000025,-0.09999999999999432,-1.7469982910156254,4.100002288818359,0.0013554141661483387
2021-07-08,2.8000000000000007,-3.210000000000001,0.0,-0.05999999999999961,-1.4210854715202004e-14,1.0739990234375014,1.029998779296875,-0.00024051385192755715
2021-07-09,-2.8200000000000003,-1.779999999999994,0.030000000000000027,0.05999999999999961,0.4900000000000091,3.1699996948242166,-1.7600021362304688,-0.0021255780636113197
2021-07-12,-0.00999999999999801,1.7099999999999937,0.009999999999999787,0.050000000000000266,-0.01999999999999602,-1.9730017089843734,0.8600006103515625,-0.0006773091935916295
2021-07-13,0.9499999999999993,-3.3299999999999983,0.010000000000000009,0.029999999999999805,-0.29999999999999716,0.7340029907226544,0.020000457763671875,0.002172147939951282
2021-07-14,-0.7900000000000027,2.8000000000000043,-0.019999999999999796,-0.020000000000000018,0.4199999999999875,-0.7079997253417964,-3.4899978637695312,-0.0011173759299396946
2021-07-15,0.6800000000000033,-0.1600000000000037,-0.06000000000000005,-0.020000000000000018,0.18000000000000682,-0.8580006408691396,-0.3300018310546875,0.0010979077992689958
2021-07-16,1.4399999999999977,-0.8900000000000006,-0.020000000000000018,0.010000000000000231,-0.1600000000000108,1.024998168945313,1.2600021362304688,0.00034240682246138135
2021-07-19,4.050000000000001,9.21,-0.08000000000000007,-0.08999999999999986,0.18000000000000682,0.756999206542968,9.34000015258789,0.004452101444469235
2021-07-20,-2.7699999999999996,5.899999999999999,0.050000000000000044,0.019999999999999574,-0.1699999999999875,-0.5539973449707034,1.7299957275390625,0.0017862065643794885
2021-07-21,-1.8200000000000003,-9.350000000000001,0.050000000000000044,0.020000000000000018,-0.4300000000000068,0.6640003967285182,-4.029998779296875,-0.0031486826387910356
2021-07-22,-0.21999999999999886,-6.469999999999999,-0.010000000000000009,0.0,-0.18000000000000682,0.10000030517578296,-0.31999969482421875,0.0006779449096638323
2021-07-23,-0.490000000000002,-2.3900000000000006,0.010000000000000009,0.07000000000000028,0.5200000000000102,-0.6960028076171909,0.31999969482421875,-0.00026177860642644395
2021-07-26,0.379999999999999,1.5400000000000063,-0.010000000000000009,0.04999999999999982,0.01999999999999602,1.411002655029293,3.75,-0.00190590871568953
2021-07-27,1.7800000000000011,-0.45000000000000284,-0.020000000000000018,-0.020000000000000018,0.5499999999999972,0.6159986877441455,1.0400009155273438,-9.715319070990201e-06
2021-07-28,-1.0500000000000007,-0.5200000000000031,0.010000000000000009,0.03000000000000025,-0.46999999999999886,2.158001708984372,-7.6699981689453125,-0.0003710191673958847
2021-07-29,-0.6099999999999994,-1.259999999999998,0.020000000000000018,0.020000000000000018,-0.04000000000000625,1.525997467041016,-0.31999969482421875,-0.006180001332035133
2021-07-30,0.5399999999999991,-0.509999999999998,-0.030000000000000027,-0.03000000000000025,1.1099999999999994,-0.3079988098144497,-0.8900032043457031,0.0016699625652289005
2021-08-02,1.2200000000000024,3.3799999999999955,-0.020000000000000018,-0.029999999999999805,-1.1899999999999977,1.316999359130861,3.1000022888183594,-2.0413551936627068e-05
2021-08-03,-1.4200000000000017,1.3200000000000003,-0.010000000000000009,0.009999999999999787,0.0,-0.9499998474121156,1.1299972534179688,0.0013632420836703094
2021-08-04,-0.07000000000000028,4.720000000000006,0.0,-0.029999999999999805,0.20000000000000284,0.8699983215332026,-2.75,0.0006423942297335751
2021-08-05,-0.6899999999999977,-3.1799999999999997,0.0,-0.020000000000000018,0.2400000000000091,0.5759999084472724,0.9000015258789062,-0.0011335503270615017
2021-08-06,-1.1300000000000026,0.21999999999999886,0.08000000000000007,0.040000000000000036,-0.28000000000001535,0.2790017700195264,-0.9300003051757812,0.004789544719560559
2021-08-09,0.5700000000000003,3.969999999999999,0.0,0.0,0.3300000000000125,-0.36200073242187614,3.0800018310546875,0.0012638864907991516
2021-08-10,0.07000000000000028,-4.0,0.020000000000000018,0.029999999999999805,-0.28000000000000114,1.9889994812011764,0.8300018310546875,0.00039832668072815257
2021-08-11,-0.7300000000000004,-0.9600000000000009,0.0,0.020000000000000018,-0.12000000000000455,1.3810012817382784,-5.890003204345703,-0.0018987629354628094
2021-08-12,-0.46999999999999886,-1.8200000000000003,0.010000000000000009,-0.009999999999999787,-0.01999999999999602,-0.145001678466798,-3.270000457763672,-0.00011388159239960228
2021-08-13,-0.14000000000000057,-0.5900000000000034,-0.07000000000000006,-0.040000000000000036,-0.12999999999999545,-1.0930000305175795,-1.9399986267089844,-0.001834485113548955
2021-08-16,0.6700000000000017,2.930000000000007,-0.010000000000000009,-0.010000000000000231,0.0899999999999892,3.3800006103515656,3.950000762939453,0.0009574272726444947
2021-08-17,1.7899999999999991,0.6599999999999966,-0.020000000000000018,-0.029999999999999805,0.27000000000001023,-1.0289976501464864,0.8799972534179688,0.003947317848476721
2021-08-18,3.66,1.3599999999999994,0.010000000000000009,-0.010000000000000231,0.3499999999999943,-1.504002990722654,-2.229999542236328,0.0006906767278518153
2021-08-19,0.10000000000000142,0.11999999999999744,-0.020000000000000018,-0.040000000000000036,-0.14000000000000057,-4.95999786376953,1.3300018310546875,0.003640813217257714
2021-08-20,-3.110000000000003,-0.30999999999999517,0.010000000000000009,-0.009999999999999787,0.15000000000000568,1.4389997863769537,0.5699996948242188,0.0034145297083421657
2021-08-23,-1.4100000000000001,-2.0,-0.010000000000000009,0.0,0.15999999999998238,-0.25399993896484574,2.279998779296875,-0.004894891509635964
2021-08-24,0.07000000000000028,-1.8800000000000026,0.030000000000000027,0.029999999999999805,0.29000000000000625,3.1699986267089812,0.7999992370605469,-0.002304706247651357
2021-08-25,-0.4299999999999997,-1.1899999999999977,0.07000000000000006,0.050000000000000266,-0.12999999999999545,0.33500091552734546,1.4800033569335938,-0.0004161686414090469
2021-08-26,2.0500000000000007,0.7299999999999969,-0.030000000000000027,-0.020000000000000018,-0.5799999999999983,0.4629983520507821,-1.1000022888183594,0.001372787629213847
2021-08-27,-2.4499999999999993,-1.3999999999999986,0.0,0.06000000000000005,0.4200000000000017,1.7380015563964832,-5.430000305175781,-0.003944024516518849
2021-08-30,-0.1999999999999993,0.3400000000000034,0.0,-0.020000000000000018,,1.973001098632814,2.1599998474121094,-0.0008332362883359116
2021-08-31,0.28999999999999915,-0.990000000000002,0.010000000000000009,-0.040000000000000036,,0.5790003967285173,-0.5999984741210938,-0.0012228656159825842
2021-09-01,-0.370000000000001,1.8500000000000014,0.010000000000000009,0.009999999999999787,-1.6599999999999966,-0.22600280761719205,-1.4500007629394531,-0.002074513268948183
2021-09-02,0.3000000000000007,-4.780000000000001,-0.020000000000000018,-0.020000000000000018,0.13000000000000966,1.4840019226074261,-2.2900009155273438,-0.0007701869790163152
2021-09-03,0.0,5.559999999999995,0.030000000000000027,0.020000000000000018,0.23999999999998067,-0.5309992980957006,-2.5400009155273438,-0.0021186345178063745
2021-09-07,1.7300000000000004,-4.0,0.039999999999999813,0.020000000000000018,-0.6999999999999886,2.4629998779296827,3.7900009155273438,0.0038301430559561926
2021-09-08,-0.17999999999999972,-0.9999999999999964,-0.029999999999999805,0.020000000000000018,-0.030000000000001137,1.429997253417973,-0.029998779296875,0.0022315418651874305
2021-09-09,0.8399999999999999,1.9599999999999973,-0.06000000000000005,0.0,0.05999999999998806,0.9830030822753884,-4.409999847412109,-0.0016696508882210284
2021-09-10,2.1499999999999986,-0.3299999999999983,0.050000000000000044,0.020000000000000018,-0.4399999999999835,1.1749990844726526,-0.8800010681152344,-0.0008894376552961499
2021-09-13,-1.5799999999999983,-0.7999999999999972,0.0,-0.029999999999999805,-0.19000000000001194,3.2829989624023455,1.3699989318847656,0.0008107034535162989
2021-09-14,0.08999999999999986,0.8900000000000006,-0.050000000000000044,-0.040000000000000036,0.09000000000000341,4.305000610351563,-1.3699989318847656,-0.00024774354422975136
2021-09-15,-1.2800000000000011,-1.25,0.030000000000000027,0.020000000000000018,-0.269999999999996,4.673000793457035,2.200000762939453,-0.00025488597973061055
2021-09-16,0.5100000000000016,0.779999999999994,0.010000000000000009,0.0,0.20000000000000284,-7.316001281738281,-0.22999954223632812,0.0028840280038646094
2021-09-17,2.1199999999999974,-0.8399999999999963,0.030000000000000027,-0.020000000000000018,0.09999999999999432,2.051997375488277,2.3600006103515625,0.002602881561210171
2021-09-20,4.900000000000002,2.9099999999999966,-0.06000000000000005,-0.040000000000000036,0.6300000000000097,10.284004516601563,3.520000457763672,0.003017479132200591
2021-09-21,-1.3500000000000014,-0.779999999999994,0.030000000000000027,0.0,-0.04000000000000625,-1.2450036621093687,-0.3800010681152344,-0.0010914994535094376
2021-09-22,-3.4899999999999984,-2.020000000000003,-0.040000000000000036,-0.010000000000000231,-0.010000000000005116,-2.049996337890633,-3.2800025939941406,-0.0017200129811936386
2021-09-23,-2.240000000000002,-0.13000000000000256,0.06999999999999984,0.03000000000000025,-0.12000000000000455,-2.0280032348632773,0.8700027465820312,-0.00096242203159651
2021-09-24,-0.879999999999999,1.7100000000000009,0.040000000000000036,0.029999999999999805,0.23000000000000398,0.3959997558593784,1.6699981689453125,0.0021709611131727918
2021-09-27,1.0100000000000016,0.9699999999999989,-0.010000000000000009,0.010000000000000231,0.06999999999999318,5.837005920410149,2.0400009155273438,-0.0001450530962807091
2021-09-28,4.489999999999998,1.1200000000000045,0.06000000000000005,0.029999999999999805,-0.44999999999998863,1.647998657226566,2.2099990844726562,0.004418620102611281
2021-09-29,-0.6900000000000013,-0.8400000000000034,0.020000000000000018,-0.009999999999999787,-0.060000000000002274,8.253998718261712,-1.5,0.004038334233253031
2021-09-30,0.5800000000000018,3.4200000000000017,-0.010000000000000009,0.0,-0.20999999999999375,11.31500091552735,-0.1399993896484375,-0.0006008297560946823
2021-10-01,-1.990000000000002,-1.2999999999999972,-0.030000000000000027,0.009999999999999787,0.7999999999999972,-4.179002075195314,-3.6899986267089844,-0.0022749104759393593
2021-10-04,1.8100000000000023,-0.10999999999999943,0.010000000000000009,0.0,0.36999999999999034,2.837000427246096,3.229999542236328,-0.000926291659150877
2021-10-05,-1.6600000000000001,-0.07000000000000028,0.040000000000000036,0.07000000000000028,-0.20999999999999375,18.797996215820305,2.220001220703125,0.0008003873777143284
2021-10-06,-0.3000000000000007,3.8200000000000003,-0.030000000000000027,-0.020000000000000018,0.18000000000000682,-7.458994750976558,-2.1800003051757812,0.003082715805255241
2021-10-07,-1.4600000000000009,5.1299999999999955,0.030000000000000027,0.029999999999999805,0.15000000000000568,-11.317002258300775,0.2599983215332031,-0.0018680512484621512
2021-10-08,-0.7699999999999996,-8.149999999999999,0.030000000000000027,0.040000000000000036,-1.2600000000000051,-8.727996826171875,-1.2599983215332031,0.0008223375975739108
2021-10-11,1.2300000000000004,0.509999999999998,,,0.4899999999999949,-2.3899993896484375,,
2021-10-12,-0.14999999999999858,-1.4099999999999966,,,-0.3299999999999983,0.6019946289062403,,
2021-10-13,-1.2100000000000009,-1.0500000000000043,-0.050000000000000266,0.029999999999999805,0.0799999999999983,7.697999267578126,-2.1100006103515625,-0.002475301700517165
2021-10-14,-1.7800000000000011,0.9299999999999997,-0.029999999999999805,0.0,-0.4300000000000068,8.195999755859376,-1.4900016784667969,-0.0023194419251518334
2021-10-15,-0.5599999999999987,-2.9299999999999997,0.020000000000000018,0.040000000000000036,-0.14999999999999147,-8.043994445800777,3.3500022888183594,-0.0010057128486487179
2021-10-18,0.00999999999999801,0.970000000000006,-0.030000000000000027,-0.020000000000000018,-0.7700000000000102,0.7149960327148364,8.069995880126953,-0.0008821451253483304
2021-10-19,-0.6099999999999994,0.11999999999999744,0.08999999999999986,0.0,0.3200000000000074,-3.800999450683591,-2.5199966430664062,-0.003012694860596868
2021-10-20,-0.20999999999999908,0.01999999999999602,0.010000000000000009,0.029999999999999805,-0.46999999999999886,3.4589971923828102,-2.779998779296875,-0.0012211911167120076
2021-10-21,-0.4800000000000004,1.3900000000000006,-0.020000000000000018,0.07000000000000028,0.5799999999999983,-5.057998962402337,3.9499969482421875,0.0009730235512909296
2021-10-22,0.41999999999999993,0.3200000000000003,-0.050000000000000044,0.0,-1.039999999999992,-1.2849999999999966,2.6200027465820312,0.00045052814627070015
2021-10-25,-0.1899999999999995,-0.7999999999999972,-0.010000000000000009,0.020000000000000018,-0.6900000000000119,0.6850003051757767,-3.0800018310546875,-0.0005719942956525008
2021-10-26,0.7400000000000002,-0.5700000000000003,-0.010000000000000009,0.029999999999999805,-0.7399999999999949,-0.020001525878910797,-2.2600021362304688,0.0006071832603967589
2021-10-27,1.0,2.1300000000000026,-0.11999999999999988,-0.040000000000000036,1.990000000000009,-1.9939959716796807,3.3600006103515625,-0.0004593133785818606
2021-10-28,-0.4499999999999993,-0.4000000000000057,0.030000000000000027,-0.08000000000000007,-0.8400000000000034,-9.557002563476573,1.9000015258789062,-0.0016110233039724948
2021-10-29,-0.2699999999999996,0.6900000000000048,0.0,-0.06000000000000005,-1.0200000000000102,-11.97799926757812,3.4899978637695312,0.006116716159972714
2021-11-01,0.14999999999999858,-1.1799999999999997,0.010000000000000009,-0.009999999999999787,0.8300000000000125,1.0250048828125031,2.8899993896484375,0.00062888236192053
2021-11-02,-0.379999999999999,-1.1799999999999997,0.020000000000000018,0.009999999999999787,0.0799999999999983,1.8769995117187506,-7.299995422363281,0.0006827390705283399
2021-11-03,-0.9300000000000015,3.8799999999999955,0.030000000000000027,0.020000000000000018,-0.23000000000000398,8.675997009277339,0.18000030517578125,0.0006525428408104561
2021-11-04,0.33999999999999986,-0.8799999999999955,-0.010000000000000009,0.03000000000000025,0.9900000000000091,-3.306000366210938,-6.6100006103515625,-3.060576236789513e-05
2021-11-05,1.040000000000001,-0.7199999999999989,-0.06000000000000005,-0.020000000000000018,-0.09000000000000341,0.8710009765624989,2.2900009155273438,-0.0024742930554006288
2021-11-08,0.7399999999999984,-0.13000000000000256,0.0,0.08000000000000007,0.0799999999999983,5.026997070312504,4.069999694824219,-0.002172895139594654
2021-11-09,0.5600000000000023,-1.3800000000000026,-0.010000000000000009,0.009999999999999787,-0.8600000000000136,-6.036999511718747,2.0499954223632812,-0.0005589056842779302
2021-11-10,0.9499999999999993,0.7600000000000051,0.0,0.07000000000000028,1.2800000000000011,-1.9439968872070352,5.290000915527344,0.0033908094604043902
2021-11-11,-1.0700000000000003,-0.8900000000000006,,,0.2500000000000142,4.416999816894531,,
2021-11-12,-1.370000000000001,-0.10000000000000142,,,0.09999999999999432,0.7250021362304722,,
2021-11-15,0.1999999999999993,0.3200000000000003,0.04999999999999982,0.029999999999999805,-0.9399999999999977,4.471995544433597,2.9799957275390625,0.000639016704270483
2021-11-16,-0.11999999999999744,-1.730000000000004,-0.010000000000000009,-0.029999999999999805,0.9999999999999858,13.902004394531247,-0.0099945068359375,0.004774442345016265
2021-11-17,0.7399999999999984,-0.9399999999999977,-0.009999999999999787,-0.029999999999999805,0.2600000000000193,1.104994812011725,0.0,-0.0009532404595080753
2021-11-18,0.4800000000000004,3.9299999999999997,-0.010000000000000009,0.029999999999999805,1.1799999999999926,0.03300201416014659,-7.069999694824219,0.0003607219867871332
2021-11-19,0.3200000000000003,-0.5499999999999972,-0.050000000000000044,-0.08000000000000007,0.5999999999999943,-7.991999816894534,-1.1200027465820312,0.0013105416218301814
2021-11-22,1.2600000000000016,-0.5200000000000031,-0.02000000000000013,-0.040000000000000036,0.10000000000000853,-3.0380017089843676,5.819999694824219,0.003719898185073377
2021-11-23,0.2099999999999973,-1.509999999999998,0.06999999999999995,0.010000000000000231,0.8800000000000097,6.7900036621093705,1.3600006103515625,0.003139950408495748
2021-11-24,-0.8000000000000007,-0.3100000000000023,-0.06999999999999995,-0.010000000000000231,-1.0600000000000023,3.0769992065429648,2.5800018310546875,0.002232623302955566
2021-11-26,10.040000000000003,30.93,-0.019999999999999907,-0.06000000000000005,,,6.299995422363281,0.002055147741108652
2021-11-29,-5.66,-2.3799999999999955,0.030000000000000027,-0.009999999999999787,,,-0.0399932861328125,0.0006066292664559543
2021-11-30,4.23,11.89,-0.10000000000000009,-0.040000000000000036,1.259999999999991,-0.2530032348632716,-5.370002746582031,-0.0032123662810259394
2021-12-01,3.9299999999999997,2.950000000000003,-0.040000000000000036,-0.06000000000000005,-0.6299999999999955,3.3720025634765562,-1.0699996948242188,-0.002741107663376273
2021-12-02,-3.1700000000000017,-20.910000000000004,-0.05999999999999994,0.03000000000000025,-0.12999999999999545,-0.615001220703121,-0.4199981689453125,0.0011125150452998814
2021-12-03,2.7200000000000024,7.279999999999994,-0.05999999999999983,-0.040000000000000036,0.3599999999999852,-5.0620050048828205,-3.410003662109375,0.0018918809357912415
2021-12-06,-3.490000000000002,-8.339999999999996,0.029999999999999805,0.009999999999999787,-0.5600000000000023,0.5800045776367284,8.75,-0.00072205742159437
2021-12-07,-5.289999999999999,-8.060000000000002,1.1102230246251565e-16,0.03000000000000025,-0.15999999999998238,6.01500183105469,0.25,-0.0025714500614597057
2021-12-08,-1.990000000000002,-2.9299999999999997,0.05999999999999994,0.04999999999999982,-0.09000000000001762,5.428995666503894,-7.849998474121094,-0.003577218075255352
2021-12-09,1.6799999999999997,2.210000000000001,-0.04999999999999993,-0.04999999999999982,-0.28000000000000114,-0.9369992065429642,-0.75,0.0029115123832359016
2021-12-10,-2.889999999999997,-1.2000000000000028,0.019999999999999907,-0.03000000000000025,0.040000000000020464,5.351001281738277,-5.180000305175781,-0.0017739237922744008
2021-12-13,1.6199999999999974,-0.3499999999999943,-0.050000000000000044,-0.040000000000000036,-0.3400000000000034,9.907998657226571,2.0500030517578125,0.0023230982311272116
2021-12-14,1.5800000000000018,8.879999999999995,0.010000000000000009,-0.029999999999999805,-0.12999999999999545,12.556995239257816,2.5699996948242188,0.003427244709790929
2021-12-15,-2.6000000000000014,1.7700000000000031,0.01000000000000012,0.020000000000000018,0.01999999999998181,3.9030017089843767,-4.920005798339844,0.0015662235387839793
2021-12-16,1.2800000000000011,-6.560000000000002,0.019999999999999907,0.029999999999999805,-0.519999999999996,10.601002807617192,-4.959999084472656,-0.006093847273444076
2021-12-17,1.0,-1.6599999999999966,-0.050000000000000044,-0.040000000000000036,-0.2600000000000051,-5.892005004882833,3.3600006103515625,0.0006600272544038002
2021-12-20,1.3000000000000007,11.93,0.030000000000000027,0.010000000000000231,-0.21999999999998465,9.813000488281261,4.55999755859375,0.001882656395024081
2021-12-21,-1.8599999999999994,-7.93,1.1102230246251565e-16,0.04999999999999982,-0.07000000000000739,33.29100341796874,2.5,0.0008590455128765941
2021-12-22,-2.3800000000000026,-6.310000000000002,-1.1102230246251565e-16,0.03000000000000025,0.12000000000000455,-7.381998291015606,-2.6699981689453125,-0.0031088099000771527
2021-12-23,-0.6699999999999982,-2.289999999999999,0.01000000000000012,0.0,0.5,-39.90600524902345,0.44000244140625,-0.0018574716234851139
2021-12-27,-0.28000000000000114,-0.13000000000000256,-0.07000000000000006,0.029999999999999805,,-25.575997009277344,2.8300018310546875,-0.0005653628407650155
2021-12-28,-0.14000000000000057,-2.3500000000000014,0.030000000000000027,0.0,,-0.1730014038085841,-2.600006103515625,-0.00042618140380588595
2021-12-29,-0.5899999999999999,-0.9899999999999949,0.050000000000000044,0.029999999999999805,,-10.19399841308595,0.48000335693359375,-0.0004454323757391908
2021-12-30,0.379999999999999,-0.03999999999999915,-0.010000000000000009,0.050000000000000266,-0.269999999999996,-9.868997497558581,-0.37999725341796875,-0.000735310727912638
2021-12-31,-0.10999999999999943,2.4199999999999946,0.0,-0.020000000000000018,0.12999999999999545,-16.683998107910156,-0.5200042724609375,
2022-01-03,-0.6199999999999974,-5.049999999999997,0.05999999999999983,0.040000000000000036,0.3500000000000085,10.170995788574217,6.980003356933594,
2022-01-04,0.3099999999999987,1.9099999999999966,0.040000000000000036,-0.03000000000000025,0.12999999999999545,8.31699920654296,-0.970001220703125,-0.000865116445918258
2022-01-05,2.8200000000000003,5.010000000000005,-0.009999999999999898,-0.040000000000000036,0.37999999999999545,2.731005859375003,-4.430000305175781,-0.001504031790944445
2022-01-06,-0.120000000000001,-7.630000000000003,-0.030000000000000027,-0.06999999999999984,-0.25,4.819995727539066,-0.9499969482421875,0.0023214909602589867
2022-01-07,-0.8499999999999979,0.14000000000000057,0.040000000000000036,0.020000000000000018,0.7600000000000051,-8.21799530029297,-3.0400009155273438,-0.0031199892351722438
2022-01-10,0.639999999999997,0.6499999999999986,-0.030000000000000027,0.0,0.1700000000000017,-3.897001342773436,3.4300003051757812,0.0015330052896586682
2022-01-11,-0.9899999999999984,-3.3399999999999963,-0.010000000000000009,0.06000000000000005,0.35999999999999943,-5.871002197265625,-0.2700042724609375,-0.0033765900039811362
2022-01-12,-0.7899999999999991,0.0799999999999983,-0.030000000000000027,-0.06000000000000005,-0.4900000000000091,-4.043000183105477,-3.2999954223632812,-0.004172995764559084
2022-01-13,2.6899999999999977,2.719999999999999,-0.030000000000000027,-0.04999999999999982,0.5100000000000051,10.146999206542972,-1.9800033569335938,-0.0015577690301158673
2022-01-14,-1.1199999999999974,4.07,1.1102230246251565e-16,0.009999999999999787,-0.47999999999998977,1.9200021362304653,4.019996643066406,0.0017982193291047276
2022-01-18,3.599999999999998,1.1000000000000014,0.020000000000000018,0.020000000000000018,0.05999999999998806,-8.816001586914055,8.040000915527344,0.0030970722181076593
2022-01-19,1.0600000000000023,0.46999999999999886,-0.020000000000000018,-0.06000000000000005,-0.6099999999999994,-3.0720022583007847,-4.489997863769531,-0.0011022542387306967
2022-01-20,1.7399999999999984,-1.6000000000000014,-0.040000000000000036,-0.06999999999999984,0.6599999999999966,0.041005554199216476,0.8199996948242188,-0.0012808028463553805
2022-01-21,3.2600000000000016,1.4200000000000017,-0.010000000000000009,0.009999999999999787,1.1300000000000097,4.117000427246097,0.06999969482421875,0.0012947630266862793
2022-01-24,1.0499999999999972,5.270000000000003,0.020000000000000018,0.040000000000000036,-1.3300000000000125,13.929996643066403,2.7399978637695312,0.005142388339134369
2022-01-25,1.2600000000000016,-0.21000000000000085,0.0,0.03000000000000025,-0.37999999999999545,0.542000732421883,0.8000030517578125,-0.00032990578884511496
2022-01-26,0.8000000000000007,-1.9600000000000009,-0.039999999999999813,-0.03000000000000025,0.010000000000005116,-1.9350027465820432,1.1800003051757812,-0.0006358096537612812
2022-01-27,-1.4700000000000024,1.2299999999999969,-0.09000000000000008,0.020000000000000018,0.20000000000000284,0.4640045166015625,-0.12999725341796875,0.007666971674587171
2022-01-28,-2.8299999999999983,0.8400000000000034,0.0,0.040000000000000036,0.7099999999999937,-1.4990060424804597,-0.3300018310546875,0.0005284088852540702
2022-01-31,-2.830000000000002,-5.390000000000001,-0.020000000000000018,0.0,-0.6099999999999994,-7.259999389648442,-0.15000152587890625,-0.004087131502248104
2022-02-01,-2.8699999999999974,-1.0399999999999991,0.020000000000000018,-0.009999999999999787,-1.1700000000000017,-8.39499725341797,0.0800018310546875,-0.0017104421223394627
2022-02-02,0.129999999999999,0.5499999999999972,-0.010000000000000009,-0.020000000000000018,1.2500000000000142,-0.06600189208984375,-0.37000274658203125,-0.0018627270513927312
2022-02-03,2.2600000000000016,0.28999999999999915,0.010000000000000009,-0.03000000000000025,-0.45000000000001705,3.732001647949218,0.8899993896484375,-0.0021498719705284135
2022-02-04,-1.1300000000000026,1.730000000000004,-0.010000000000000231,0.03000000000000025,1.7700000000000102,2.9290008544921875,1.94000244140625,0.0019970212168328796
2022-02-07,-0.35999999999999943,-0.5399999999999991,0.0,-0.010000000000000231,1.4399999999999977,-2.156999206542963,-0.23999786376953125,-0.0010984332789538565
2022-02-08,-1.4199999999999982,-2.0800000000000054,-0.010000000000000009,0.020000000000000018,0.7199999999999989,-2.154998168945312,-4.720001220703125,0.0006901377507199622
2022-02-09,-1.4800000000000004,-1.8599999999999994,-0.030000000000000027,0.0,-1.3699999999999903,-2.7130032348632795,-0.9599990844726562,-0.0023139258142312502
2022-02-10,3.9499999999999993,4.410000000000004,-0.16000000000000014,0.03000000000000025,1.1599999999999966,0.035997009277338066,6.7599945068359375,-0.0023585749452883138
2022-02-11,3.4499999999999993,3.6299999999999955,2.220446049250313e-16,-0.020000000000000018,-2.1400000000000006,3.063005676269526,5.510002136230469,0.0025161961713592823
2022-02-14,0.9699999999999989,1.3900000000000006,-0.020000000000000018,0.04999999999999982,1.7399999999999949,3.335001220703134,8.25,0.003071696876805306
2022-02-15,-2.629999999999999,-0.46999999999999886,0.06999999999999984,0.0,0.22000000000001307,-10.112005004882818,-8.279998779296875,-0.002299624782456304
2022-02-16,-1.4100000000000001,1.0200000000000031,0.040000000000000036,-0.020000000000000018,-2.750000000000014,-1.2040005493164045,-1.2600021362304688,-0.002102617897120109
2022-02-17,3.8200000000000003,3.759999999999998,-0.029999999999999805,-0.029999999999999805,-0.10999999999999943,4.939003295898445,3.4300003051757812,-0.00011422886157197403
2022-02-18,-0.35999999999999943,-1.1300000000000026,-0.030000000000000027,-0.020000000000000018,1.4200000000000017,-1.1920004272461,-1.80999755859375,0.0010694036980582974
2022-02-22,1.0599999999999987,-1.8999999999999986,-0.07000000000000006,0.040000000000000036,1.7000000000000028,6.157000427246089,1.1800003051757812,-0.0008540365070657456
2022-02-23,2.210000000000001,0.3999999999999986,0.030000000000000027,0.07999999999999963,0.5300000000000011,8.991997375488282,-0.3899993896484375,-0.0002912363176575126
2022-02-24,-0.6999999999999993,-1.4699999999999989,0.010000000000000009,0.020000000000000018,1.3700000000000045,45.23499542236328,5.599998474121094,0.011058672068784635
2022-02-25,-2.7300000000000004,0.46000000000000085,0.0,-0.009999999999999787,-1.6400000000000148,-39.74399719238281,-7.410003662109375,-0.005918712639284565
2022-02-28,2.5599999999999987,3.0,-0.029999999999999805,0.08000000000000007,0.07000000000000739,4.343004150390627,7.060005187988281,-0.00030631712044571624
2022-03-01,3.1700000000000017,8.93,0.019999999999999796,0.0,0.3200000000000074,23.179002380371088,17.860000610351562,0.004967575597481775
2022-03-02,-2.580000000000002,0.10000000000000142,-0.04999999999999982,0.08999999999999986,0.9299999999999926,43.5789956665039,-7.980003356933594,-0.0002927985821482723
2022-03-03,-0.259999999999998,2.8400000000000034,-0.030000000000000027,-0.020000000000000018,-0.5300000000000011,-4.700001220703115,4.900001525878906,0.001615800669009192
2022-03-04,1.5,12.920000000000002,-0.09000000000000008,-0.020000000000000018,0.4200000000000017,31.6170050048828,16.64000701904297,0.006025818771395689
2022-03-07,4.470000000000002,1.6199999999999903,-0.010000000000000009,0.10000000000000009,1.6700000000000017,34.4610009765625,8.209991455078125,0.005791156466950623
2022-03-08,-1.3200000000000003,-3.0900000000000034,2.220446049250313e-16,0.1299999999999999,-0.21999999999999886,-12.327003173828132,-6.660003662109375,0.0024669574034983975
2022-03-09,-2.6799999999999997,-2.569999999999993,0.029999999999999805,-0.06000000000000005,-1.7700000000000102,-58.613995971679685,-22.469993591308594,-0.008722858457937136
2022-03-10,-2.2200000000000024,-5.909999999999997,0.0,0.020000000000000018,0.8400000000000034,-29.581002807617182,-5.590003967285156,0.001234270707083359
2022-03-11,0.5199999999999996,0.6700000000000017,-0.010000000000000009,0.08000000000000007,0.18999999999999773,4.690001831054687,-6.279998779296875,0.002387927518807597
2022-03-14,1.0199999999999996,-2.5900000000000034,0.020000000000000018,-0.009999999999999787,-1.6299999999999955,-16.507000732421872,6.0500030517578125,0.0011222626811076722
2022-03-15,-1.9400000000000013,-1.8000000000000043,0.029999999999999805,-0.0900000000000003,1.5499999999999972,1.046999816894541,-4.0500030517578125,0.0008140050262478184
2022-03-16,-3.1599999999999966,-4.269999999999996,-0.05999999999999983,-0.040000000000000036,1.0400000000000063,-13.036001892089857,-0.45999908447265625,-0.0037487231647783162
2022-03-17,-1.0,8.43,0.02000000000000024,0.11000000000000032,0.769999999999996,2.3449963378906347,-8.80999755859375,-0.0065328721439056135
2022-03-18,-1.8000000000000007,1.3100000000000023,-0.09000000000000008,-0.050000000000000266,-0.9000000000000057,-0.11399871826172614,0.0099945068359375,0.0007847208118961989
2022-03-21,-0.33999999999999986,1.6899999999999977,0.009999999999999565,0.040000000000000036,0.5200000000000102,-8.64199676513671,10.170005798339844,-0.0017063262291626524
2022-03-22,-0.5899999999999999,-1.2199999999999989,0.020000000000000018,0.010000000000000231,0.3499999999999943,2.2149996948242148,3.4399948120117188,0.0012291928785669011
2022-03-23,0.629999999999999,3.030000000000001,-0.009999999999999787,0.029999999999999805,2.1299999999999955,17.99399780273437,0.34000396728515625,-0.0006669901327643004
2022-03-24,-1.8999999999999986,-3.450000000000003,0.020000000000000018,-0.020000000000000018,-2.8499999999999943,-5.322997741699211,7.4199981689453125,-0.0003888519389638321
2022-03-25,-0.860000000000003,-0.23000000000000398,-0.029999999999999805,0.03000000000000025,-3.3100000000000023,-10.65900451660157,12.129997253417969,-0.001448099945829631
2022-03-28,-1.1799999999999997,-1.8699999999999903,-0.07000000000000028,0.0,0.480000000000004,1.266000976562509,4.010002136230469,0.0034399076609513152
2022-03-29,-0.7300000000000004,-4.580000000000005,-0.04999999999999982,-0.0900000000000003,1.5900000000000034,6.035998535156253,-11.360000610351562,-0.005378013385184969
2022-03-30,0.4299999999999997,-1.4200000000000017,-0.020000000000000018,0.0,-0.7600000000000051,10.589004516601562,-4.939994812011719,-0.004215056162649444
2022-03-31,1.2300000000000004,-3.3800000000000026,0.0,-0.020000000000000018,-1.019999999999996,6.795997009277343,-6.100006103515625,0.0012157866159707422
2022-04-01,-0.9299999999999997,-3.299999999999997,-0.08999999999999986,-0.040000000000000036,0.04999999999999716,-13.725996704101576,1.4599990844726562,0.002250511562635845
2022-04-04,-1.0599999999999987,-0.04999999999999716,0.03999999999999959,0.0,-1.9500000000000028,-2.9169989013671795,0.03000640869140625,-0.0006080749418826677
2022-04-05,2.460000000000001,-0.5100000000000051,0.04000000000000048,0.040000000000000036,-0.2400000000000091,-1.1889996337890665,8.0,0.0027584887692255118
2022-04-06,1.0700000000000003,-0.6499999999999986,0.07999999999999963,-0.009999999999999787,-0.19999999999998863,-2.113002624511722,7.549995422363281,0.0023259888922609914
2022-04-07,-0.5500000000000007,1.0799999999999983,0.08000000000000007,-0.010000000000000231,-0.6400000000000006,-1.9869973754882722,-1.25,0.0030273226515051574
2022-04-08,-0.39000000000000057,-1.0899999999999963,4.440892098500626e-16,0.050000000000000266,-0.8699999999999903,-1.011999206542967,2.19000244140625,0.0005705232127422062
2022-04-11,3.210000000000001,1.6700000000000017,0.09999999999999964,0.040000000000000036,0.789999999999992,-3.71500274658203,5.0099945068359375,0.0010516931725461495
2022-04-12,-0.10999999999999943,0.4399999999999977,0.040000000000000036,-0.050000000000000266,0.20000000000000284,1.842000732421866,-12.079994201660156,-0.0013180113934648664
2022-04-13,-2.4400000000000013,-4.049999999999997,0.0,-0.06000000000000005,0.3299999999999841,3.014995727539059,-1.4599990844726562,-0.0009197726832976744
2022-04-14,0.879999999999999,2.1799999999999997,0.029999999999999805,0.0900000000000003,-0.23999999999999488,-9.963994750976553,3.3300018310546875,0.004086938403634177
2022-04-18,-0.5299999999999976,-2.440000000000005,0.03000000000000025,0.029999999999999805,,-0.5400000000000063,2.6599960327148438,0.00075599351031809
2022-04-19,-0.8000000000000007,-0.5999999999999943,-0.06999999999999984,0.010000000000000231,,-1.8120050048828062,0.4199981689453125,0.002464351299420929
2022-04-20,-1.0500000000000007,1.8899999999999935,-0.07000000000000028,-0.010000000000000231,-0.45999999999999375,0.7830050659179619,2.3800048828125,-0.0034362032074687476
2022-04-21,2.3599999999999994,-2.3699999999999974,-0.03000000000000025,0.10000000000000009,0.8200000000000074,6.069994201660165,5.569999694824219,0.0035284023097878745
2022-04-22,5.530000000000001,1.2899999999999991,-0.040000000000000036,-0.040000000000000036,-1.019999999999996,-4.895997009277352,-2.57000732421875,0.0074451211344893405
2022-04-25,-1.1900000000000013,1.7100000000000009,4.440892098500626e-16,-0.06999999999999984,-2.6200000000000045,-1.8680020141601545,3.510009765625,0.0051427204560385055
2022-04-26,6.5000000000000036,0.7100000000000009,0.04999999999999982,-0.06000000000000005,0.5999999999999943,9.901002197265626,-2.3600006103515625,0.0028225171785802097
2022-04-27,-1.9200000000000017,-0.18999999999999773,0.009999999999999787,0.029999999999999805,1.0700000000000074,4.199001770019535,0.839996337890625,0.004264513251368239
2022-04-28,-1.610000000000003,-1.4400000000000048,-0.019999999999999574,0.0900000000000003,-1.0300000000000011,-7.345003662109377,-1.3699951171875,0.0049820945897750294
2022-04-29,3.41,1.1600000000000037,-0.03000000000000025,-0.0900000000000003,3.4599999999999937,-0.562001342773442,-0.3400115966796875,-0.004793781784073327
2022-05-02,-1.0599999999999952,1.0499999999999972,0.07000000000000028,-0.06999999999999984,,-2.858994445800775,6.7700042724609375,0.003251793564388943
2022-05-03,-3.0900000000000034,-0.10999999999999943,-0.06999999999999984,0.020000000000000018,,1.8349999999999937,-8.709999084472656,-0.0014875613586444914
2022-05-04,-3.8299999999999983,-0.8900000000000006,0.07999999999999963,0.029999999999999805,0.28000000000000114,3.9349966430664125,-4.470001220703125,-0.0012128888676128313
2022-05-05,5.779999999999998,1.5700000000000003,0.06999999999999984,0.010000000000000231,1.25,2.567004089355464,0.7300033569335938,0.003736761650937468
2022-05-06,-1.009999999999998,0.10000000000000142,0.06000000000000005,-0.010000000000000231,0.20000000000000284,-4.730003051757805,-1.3000030517578125,-0.0012432020511870133
2022-05-09,4.559999999999999,3.0799999999999983,0.040000000000000036,-0.10999999999999988,-0.5499999999999972,-7.630997619628914,3.8000030517578125,0.005321310354184318
2022-05-10,-1.759999999999998,-1.8399999999999963,-0.06999999999999984,-0.10000000000000009,-0.7199999999999989,6.293999938964845,1.5400009155273438,0.0022961703849233932
2022-05-11,-0.4299999999999997,-2.6300000000000026,-0.1200000000000001,0.050000000000000266,-0.6700000000000017,-5.53900146484375,-8.709999084472656,-0.0031654479554713046
2022-05-12,-0.7900000000000027,-0.7199999999999989,0.029999999999999805,-0.11000000000000032,-0.29000000000000625,12.968995361328126,0.6800003051757812,0.007341385159921317
2022-05-13,-2.8999999999999986,-1.490000000000002,0.04000000000000048,0.10000000000000009,-0.30999999999998806,-10.319999694824219,-4.120002746582031,-0.0035965111180388675
2022-05-16,-1.4000000000000021,0.6700000000000017,-0.020000000000000462,-0.009999999999999787,-0.8100000000000023,-4.340996093749993,3.339996337890625,-0.0012925809238256362
2022-05-17,-1.3699999999999974,-1.5499999999999972,-0.029999999999999805,0.029999999999999805,-0.21000000000000796,1.125002441406238,1.5100021362304688,-0.006659065106485986
2022-05-18,4.859999999999999,1.5499999999999972,-0.06000000000000005,0.010000000000000231,-0.20999999999999375,0.09299896240234773,-4.599998474121094,0.0011695834640535043
2022-05-19,-1.6099999999999994,-0.730000000000004,0.0,-0.13000000000000034,0.6400000000000006,-3.1939999389648506,0.19000244140625,-0.005008045372907999
2022-05-20,0.0799999999999983,-0.4399999999999977,-0.03000000000000025,-0.040000000000000036,-0.010000000000005116,-2.8820016479492097,-3.9500045776367188,-0.0005033595797992318
2022-05-23,-0.9499999999999993,-2.0899999999999963,0.03000000000000025,0.050000000000000266,3.8100000000000023,-4.803998413085935,-0.9099960327148438,-0.005466977880272606
2022-05-24,0.9699999999999989,-1.5900000000000034,0.04999999999999982,-0.050000000000000266,-1.5900000000000034,0.5090017700195233,0.9599990844726562,-0.0007786252602215835
2022-05-25,-1.0799999999999983,-0.28000000000000114,0.010000000000000231,0.010000000000000231,0.3100000000000023,3.0009991455078193,-5.459999084472656,0.0028225789550057113
2022-05-26,-0.870000000000001,-0.7299999999999969,0.020000000000000018,0.06000000000000005,0.09000000000000341,-1.8570022583007812,-3.2000045776367188,-0.0016077167118136665
2022-05-27,-1.7800000000000011,1.8900000000000006,-0.020000000000000018,0.009999999999999787,2.6099999999999994,1.7939993286132818,-4.0099945068359375,-0.004094464280128234
2022-05-31,0.4700000000000024,1.8999999999999986,0.050000000000000266,0.010000000000000231,4.920000000000002,6.968997802734364,8.639999389648438,-0.0018023831870896763
2022-06-01,-0.5,-0.6799999999999997,-0.04000000000000048,0.009999999999999787,-4.210000000000008,-8.46299530029296,2.2599945068359375,0.005279490971410356
2022-06-02,-0.9700000000000024,-1.3400000000000034,-0.009999999999999787,0.010000000000000231,,-2.0360028076171943,-10.110000610351562,-0.005318451537393777
2022-06-03,0.07000000000000028,-1.5700000000000003,0.029999999999999805,0.08000000000000007,,-0.284001770019529,-1.5399932861328125,0.001265442051438581
2022-06-06,0.28000000000000114,1.6700000000000017,0.010000000000000231,0.019999999999999574,-0.13000000000000966,-1.2829992675781199,4.529998779296875,0.0007847004124060015
2022-06-07,-1.0500000000000007,-2.019999999999996,-0.08000000000000007,-0.029999999999999805,0.7600000000000051,-3.1499969482421903,0.34999847412109375,0.0011260848625750822
2022-06-08,-0.05999999999999872,-1.5100000000000051,0.020000000000000018,0.020000000000000018,-0.0800000000000125,-0.3510040283203182,2.6800003051757812,-0.00039098703611842447
2022-06-09,2.129999999999999,-0.5,-0.040000000000000036,0.0,-0.30999999999998806,6.7429995727539165,0.0,0.004445524870118694
2022-06-10,1.6600000000000001,-0.9499999999999957,-0.1200000000000001,0.009999999999999787,-0.2400000000000091,-3.036000366210942,8.94000244140625,0.009003047994863515
2022-06-13,6.270000000000003,4.640000000000001,-0.05999999999999961,-0.019999999999999574,0.8100000000000023,0.7180035400390636,24.980003356933594,0.00957252248863688
2022-06-14,-1.3300000000000054,-0.9299999999999997,0.009999999999999787,-0.14000000000000012,0.5799999999999983,14.958000488281243,4.8799896240234375,0.004238550908761093
2022-06-15,-3.0699999999999967,0.4099999999999966,0.08999999999999986,0.10000000000000009,1.5400000000000063,23.25199981689454,-8.160003662109375,-0.00021865362065720876
2022-06-16,3.330000000000002,-0.769999999999996,0.009999999999999787,-0.08000000000000007,-1.4200000000000017,3.871997680664066,2.170013427734375,-0.007997180192446121
2022-06-17,-1.8200000000000038,2.9199999999999946,-0.05999999999999961,-0.040000000000000036,1.4399999999999977,-6.115999450683603,-4.350006103515625,0.004675333835945747
2022-06-21,-0.9399999999999977,-2.6299999999999955,0.020000000000000018,0.029999999999999805,-1.6399999999999864,8.591998596191416,5.160003662109375,-0.004913198097796294
2022-06-22,-1.240000000000002,2.4299999999999997,0.0,-0.06999999999999984,1.2999999999999972,1.4510000610351454,-8.970001220703125,-0.0010200596002141842
2022-06-23,0.10000000000000142,-0.4100000000000037,-0.020000000000000018,-0.040000000000000036,-0.5700000000000074,6.396002502441405,-3.9599990844726562,0.002010097580063982
2022-06-24,-1.8200000000000003,-1.5899999999999963,0.009999999999999787,0.06000000000000005,-0.45999999999999375,-4.101995239257803,1.0199966430664062,-0.0022955688377857635
2022-06-27,-0.28000000000000114,0.0,0.03000000000000025,-0.010000000000000231,-0.04000000000000625,0.6639947509765562,6.220001220703125,-0.0025903897532593323
2022-06-28,1.4100000000000001,-0.3999999999999986,-0.020000000000000018,-0.06999999999999984,0.29999999999999716,-0.8530047607421807,2.0,0.003707743988227925
2022-06-29,-0.1999999999999993,1.9799999999999969,-0.06000000000000005,-0.1200000000000001,0.5999999999999943,10.382002563476561,-4.790008544921875,0.002828031834126916
2022-06-30,0.5500000000000007,0.3299999999999983,0.020000000000000018,-0.029999999999999805,2.8700000000000045,5.076010131835943,5.07000732421875,2.976106822614655e-05
2022-07-01,-2.0100000000000016,0.5,-0.020000000000000018,0.009999999999999787,-3.1099999999999994,4.059989013671867,8.669998168945312,0.004459097341567286
2022-07-05,0.8399999999999999,3.210000000000001,-0.040000000000000036,-0.040000000000000036,0.030000000000001137,17.31900146484375,11.990005493164062,0.009130590647727014
2022-07-06,-0.8099999999999987,2.0600000000000023,-0.040000000000000036,-0.009999999999999787,-0.7099999999999937,5.995994873046868,-5.0200042724609375,0.0031511142903078017
2022-07-07,-0.6500000000000021,-1.8000000000000043,0.020000000000000018,0.040000000000000036,0.5499999999999972,12.00400573730468,-1.42999267578125,-0.0022919194676166007
2022-07-08,-1.4399999999999977,-0.769999999999996,-0.010000000000000231,0.040000000000000036,-1.6099999999999994,-8.54099304199218,-4.4600067138671875,-0.0021167101922208143
2022-07-11,1.5300000000000011,1.0,-0.04999999999999938,-0.050000000000000266,1.5899999999999892,-11.112001342773425,2.470001220703125,0.006764249622799743
2022-07-12,1.1199999999999974,1.2999999999999972,0.009999999999999787,0.0,0.5300000000000153,8.098989257812491,0.3899993896484375,0.001256333503713817
2022-07-13,-0.46999999999999886,-2.6400000000000006,-0.1499999999999999,-0.009999999999999787,-0.5600000000000023,8.026011352539058,-12.009994506835938,-0.0013698865460839663
2022-07-14,-0.4200000000000017,1.2700000000000031,0.029999999999999805,0.029999999999999805,1.2199999999999847,-5.692000122070311,1.6599884033203125,0.006297282617177474
2022-07-15,-2.169999999999998,-1.259999999999998,-0.009999999999999787,0.020000000000000018,2.720000000000013,-15.166003417968739,-7.9099884033203125,-0.004732198181526791
2022-07-18,1.0700000000000003,-2.1100000000000065,0.009999999999999787,0.010000000000000231,0.11999999999999034,-3.359005737304699,-2.160003662109375,-0.005716176266712093
2022-07-19,-0.8000000000000007,-0.8899999999999935,-0.03000000000000025,0.020000000000000018,-3.950000000000003,-2.5009948730468636,-2.9900054931640625,-0.0023714143284464884
2022-07-20,-0.620000000000001,-1.230000000000004,0.010000000000000231,-0.010000000000000231,2.5700000000000074,0.3509936523437318,-1.7999954223632812,0.0009613125511813342
2022-07-21,-0.7699999999999996,3.5600000000000023,0.020000000000000018,-0.04999999999999982,2.960000000000008,0.1520117187500034,-1.75,0.0024724771447633942
2022-07-22,-0.0799999999999983,-3.259999999999998,-0.020000000000000018,0.009999999999999787,-5.310000000000002,4.003992309570322,2.5499954223632812,-0.0036861036983831864
2022-07-25,0.3299999999999983,0.11999999999999744,0.020000000000000018,0.020000000000000018,-0.6599999999999966,16.481998901367177,4.57000732421875,6.859651532407503e-05
2022-07-26,1.3300000000000018,-0.14999999999999858,-0.020000000000000018,0.0,1.1799999999999926,22.362001953125002,0.279998779296875,0.002436205798807011
2022-07-27,-1.4500000000000028,1.1799999999999997,0.029999999999999805,0.06000000000000005,0.030000000000001137,6.117006835937502,-11.270004272460938,0.0004788761162470684
2022-07-28,-0.9100000000000001,-1.8200000000000003,0.010000000000000231,0.06000000000000005,0.960000000000008,-6.395013427734369,2.6500015258789062,-0.005722396837952968
2022-07-29,-1.0,-0.980000000000004,-0.050000000000000266,0.04999999999999982,-0.37000000000000455,-7.59499938964845,-3.5699996948242188,-0.002856279047493593
2022-08-01,1.5100000000000016,3.780000000000001,-0.07999999999999963,-0.020000000000000018,-0.7000000000000028,10.009013061523461,4.1399993896484375,-0.002935292081521655
2022-08-02,1.0899999999999999,2.8000000000000043,-0.010000000000000231,-0.029999999999999805,-0.12999999999999545,4.569989624023435,8.729995727539062,0.004418984054379411
2022-08-03,-1.9800000000000004,-2.6500000000000057,-0.06000000000000005,0.020000000000000018,-0.8000000000000114,-5.778988647460949,-7.189994812011719,0.0036032181423412903
2022-08-04,-0.509999999999998,5.020000000000003,0.020000000000000462,-0.040000000000000036,-1.8700000000000045,-0.5370062255859409,-1.470001220703125,-0.0045491456996977
2022-08-05,-0.2900000000000027,-6.380000000000003,-0.0600000000000005,0.0,1.8400000000000176,-2.827993774414068,2.0100021362304688,0.003995019941474097
2022-08-08,0.14000000000000057,-2.3599999999999994,-0.029999999999999805,0.020000000000000018,1.3999999999999915,-2.7250146484374795,1.5400009155273438,-0.0036257309908339927
2022-08-09,0.4800000000000004,-0.1700000000000017,-0.040000000000000036,-0.009999999999999787,0.6899999999999977,-0.9809869384765761,1.0,-0.000138672526692026
2022-08-10,-2.030000000000001,0.3300000000000054,0.029999999999999805,-0.040000000000000036,-0.25,13.192998657226553,-9.860000610351562,-0.00912643068314357
2022-08-11,0.46000000000000085,-1.1900000000000048,0.0900000000000003,0.040000000000000036,-0.20999999999999375,2.072996215820325,-4.150001525878906,-0.00031473811150244563
2022-08-12,-0.6699999999999982,-1.3699999999999974,-0.050000000000000266,0.0,-1.3299999999999983,-2.201998901367176,-4.8300018310546875,0.0024961303104219664
2022-08-15,0.41999999999999815,2.6300000000000026,0.0,-0.03000000000000025,-2.8299999999999983,14.111998901367173,7.540000915527344,0.0034110229216829926
2022-08-16,-0.259999999999998,3.6199999999999974,-0.020000000000000018,0.0,0.11999999999999034,5.144000854492191,3.0100021362304688,0.002050082943422715
2022-08-17,0.2099999999999973,1.2999999999999972,0.04000000000000048,0.020000000000000018,0.2400000000000091,-0.30899475097655227,0.8699951171875,0.003203261135471794
2022-08-18,-0.33999999999999986,-4.140000000000001,0.04999999999999938,0.06000000000000005,-3.220000000000013,15.258991088867191,2.5600051879882812,0.0023859232097270134
2022-08-19,1.0400000000000027,2.930000000000007,0.07000000000000028,0.029999999999999805,-0.2499999999999858,3.8260052490234386,3.5499954223632812,0.005602004440604717
2022-08-22,3.1999999999999993,0.29999999999999716,-0.020000000000000018,0.020000000000000018,-1.2600000000000051,31.4879827880859,12.080001831054688,0.00449940776531268
2022-08-23,0.3099999999999987,-3.289999999999999,0.04999999999999982,0.010000000000000231,1.3900000000000006,-7.598974609374977,-2.0399932861328125,-0.004462025316855413
2022-08-24,-1.2899999999999991,0.9799999999999969,-0.009999999999999787,0.040000000000000036,1.3200000000000074,23.580982666015643,-0.720001220703125,0.0004411698465753315
2022-08-25,-1.0399999999999991,0.45000000000000284,-0.07000000000000028,-0.020000000000000018,1.1299999999999955,29.06400756835933,-6.8000030517578125,-0.0004094771261872845
2022-08-26,3.7799999999999976,-1.7000000000000028,-0.009999999999999787,-0.03000000000000025,2.019999999999996,17.772012939453134,-3.3800048828125,5.688185072324667e-05
2022-08-29,0.6500000000000021,0.6499999999999986,0.03000000000000025,0.010000000000000231,,-66.35301757812499,7.19000244140625,0.003269326194541505
2022-08-30,0.0,2.010000000000005,-0.050000000000000266,-0.03000000000000025,,-19.526000366210923,-2.4499969482421875,0.0017495211892360276
2022-08-31,-0.33999999999999986,2.3699999999999974,0.04999999999999982,-0.06999999999999984,-0.8000000000000114,-12.859998779296888,-2.850006103515625,-0.0012118771905292795
2022-09-01,-0.3100000000000023,1.7899999999999991,0.050000000000000266,-0.029999999999999805,-1.3100000000000023,2.647000122070324,1.7400054931640625,0.006982486717248456
2022-09-02,-0.08999999999999986,0.0,0.050000000000000266,0.020000000000000018,0.6500000000000057,-28.139004516601574,-5.8600006103515625,-0.005047257636225203
2022-09-06,1.4400000000000013,-3.8999999999999986,0.029999999999999805,0.009999999999999787,-1.7199999999999847,25.837001953124997,12.819992065429688,0.007988252084110428
2022-09-07,-2.2699999999999996,3.3200000000000003,-0.010000000000000231,-0.029999999999999805,0.2499999999999858,-25.558999633789057,-0.4199981689453125,0.0005913276920869791
2022-09-08,-1.0300000000000011,-2.030000000000001,-0.009999999999999787,-0.040000000000000036,-0.38000000000000966,6.508004760742182,-8.979995727539062,-0.00210729982865443
2022-09-09,-0.8200000000000003,-2.4499999999999957,-0.040000000000000036,0.009999999999999787,0.46000000000002217,-13.48999694824218,-2.5999984741210938,-0.006366447744805467
2022-09-12,1.0800000000000018,-4.690000000000005,0.020000000000000018,0.0,0.8599999999999852,-16.3930059814453,1.529998779296875,-0.0036759421225904814
2022-09-13,3.3999999999999986,0.6600000000000037,-0.1200000000000001,0.020000000000000018,-1.0699999999999932,7.734002075195292,5.799995422363281,0.008807059259403293
2022-09-14,-1.1099999999999994,0.8099999999999952,-0.03999999999999959,0.020000000000000018,-0.25,19.060004272460958,-3.5199966430664062,0.00021456545956146378
2022-09-15,0.10999999999999943,1.0100000000000051,-0.050000000000000266,-0.029999999999999805,-0.39000000000000057,-3.4989990234375057,-1.279998779296875,0.003476448062646446
2022-09-16,0.030000000000001137,0.8099999999999952,0.020000000000000018,-0.050000000000000266,0.30000000000001137,-26.000005493164082,0.8799972534179688,-3.9237086899520387e-05
2022-09-19,-0.5399999999999991,-0.6899999999999977,-0.06000000000000005,-0.040000000000000036,,-5.381005859374994,8.839996337890625,0.001048462258166546
2022-09-20,1.3999999999999986,1.4799999999999969,0.06999999999999984,0.06000000000000005,,11.947009277343767,0.8700103759765625,0.0009147053911356923
2022-09-21,0.8299999999999983,0.4200000000000017,-0.11999999999999966,-0.020000000000000018,1.5499999999999972,-4.457996826171893,-4.1200103759765625,0.004903848430217921
2022-09-22,-0.639999999999997,-1.5499999999999972,0.09999999999999964,0.03000000000000025,-0.09999999999999432,-2.0830035400390443,1.3899993896484375,0.0033885607474247624
2022-09-23,2.5700000000000003,3.719999999999999,-0.10000000000000009,-0.040000000000000036,-1.1599999999999966,-0.9630072021484466,5.350006103515625,0.008826975230126231
2022-09-26,2.3399999999999963,5.859999999999999,0.12000000000000055,-0.050000000000000266,0.15999999999998238,-11.660995483398438,16.330001831054688,0.00913906146326197
2022-09-27,0.3400000000000034,-0.7899999999999991,0.06000000000000005,0.010000000000000231,1.6800000000000068,12.184999389648425,4.5099945068359375,-0.00011911597277525268
2022-09-28,-2.4200000000000017,-0.8699999999999974,-0.020000000000000462,0.0,-0.12000000000000455,21.327997436523447,0.8700103759765625,-0.0027303185828486086
2022-09-29,1.6600000000000001,-0.6100000000000065,-0.050000000000000266,-0.14000000000000012,0.6899999999999977,-19.502003173828115,-10.850006103515625,-0.004261599575079181
2022-09-30,-0.21999999999999886,1.2800000000000011,0.010000000000000675,-0.040000000000000036,1.3600000000000136,1.3050097656249875,-6.25,-0.00022661467956320845
2022-10-03,-1.5199999999999996,0.5500000000000043,-0.0600000000000005,0.0900000000000003,-2.3599999999999994,-18.12800048828123,11.050003051757812,-0.0034053971677632565
2022-10-04,-1.0300000000000011,3.269999999999996,-0.02999999999999936,0.0,0.23999999999998067,-7.722005615234394,-1.7299957275390625,-0.007102522442355675
2022-10-05,-0.5199999999999996,-5.309999999999995,0.08999999999999897,-0.020000000000000018,-0.7399999999999949,11.302996215820315,0.79998779296875,0.005372211771612774
2022-10-06,1.9699999999999989,-0.8100000000000023,-0.009999999999999787,0.0,0.6200000000000045,0.9490124511718818,1.279998779296875,0.003051425978416022
2022-10-07,0.8399999999999999,0.25,-0.009999999999999343,0.04999999999999982,-0.9399999999999977,-18.845004882812503,-4.829986572265625,0.00048554292980452384
2022-10-10,1.0900000000000034,-2.219999999999999,,,-0.28000000000000114,,,
2022-10-11,1.1799999999999997,0.5,,,-0.10999999999999943,,,
2022-10-12,-0.060000000000002274,-0.3999999999999986,-4.440892098500626e-16,-0.020000000000000018,0.18999999999999773,3.0089965820312443,5.149993896484375,0.0037840304530297637
2022-10-13,-1.629999999999999,-1.0,-0.12999999999999945,0.04999999999999982,-0.04000000000000625,-6.030996704101568,-5.6399993896484375,-0.0032789259502674505
2022-10-14,0.08000000000000185,-0.22000000000000597,0.01999999999999913,0.07000000000000028,0.5500000000000114,-11.662011718749994,-2.19000244140625,0.004716851717538679
2022-10-17,-0.6500000000000021,-0.02999999999999403,0.04999999999999982,0.040000000000000036,-1.0799999999999983,-13.998997192382816,-2.470001220703125,-0.005373145622916973
2022-10-18,-0.870000000000001,-1.1500000000000057,0.010000000000000675,-0.040000000000000036,1.1299999999999812,-14.83599670410156,-4.6300048828125,0.002116919667953468
2022-10-19,0.26000000000000156,-1.3399999999999963,0.009999999999999787,0.009999999999999787,-0.8299999999999841,-0.1819979858398426,1.94000244140625,0.0037571426897852053
2022-10-20,-0.7800000000000011,0.19999999999999574,0.03000000000000025,0.08999999999999986,0.1599999999999966,15.167001037597657,7.8800048828125,-0.0030545807324754135
2022-10-21,-0.28999999999999915,-0.7899999999999991,0.09999999999999964,0.010000000000000231,0.8499999999999943,-12.921006774902352,1.339996337890625,-0.002594664210131594
2022-10-24,0.16000000000000014,0.5900000000000034,0.03000000000000025,0.06999999999999984,-0.9000000000000057,-14.765998229980468,-2.92999267578125,0.0027915118366440015
2022-10-25,-1.3900000000000006,-0.480000000000004,-0.07000000000000028,-0.08000000000000007,-0.6199999999999903,0.2640005493164068,-6.2400054931640625,-0.005115757562255494
2022-10-26,-1.1799999999999997,1.2800000000000011,-0.02999999999999936,-0.06999999999999984,-1.289999999999992,4.416000976562501,-7.5800018310546875,-0.0071286663010835805
2022-10-27,0.10999999999999943,0.44000000000000483,0.009999999999999787,0.010000000000000231,1.5699999999999932,3.0440029907226602,2.5800018310546875,0.0018208746728001957
2022-10-28,-1.6400000000000006,-1.2100000000000009,-0.05000000000000071,0.05999999999999961,1.6800000000000068,5.140000610351564,1.82000732421875,0.004022590819465224
2022-10-31,0.129999999999999,-0.4000000000000057,-0.019999999999999574,0.010000000000000231,-0.030000000000015348,11.107994079589844,3.3199920654296875,0.003205208928090517
2022-11-01,-0.07000000000000028,-0.36999999999999744,-0.05999999999999961,-0.010000000000000231,1.4210854715202004e-14,-6.708996582031247,0.5,-0.0017504472736053847
2022-11-02,0.05000000000000071,0.7100000000000009,-0.040000000000000924,0.020000000000000018,-0.7500000000000142,9.659998168945307,-7.25,-0.0006846997364591352
2022-11-03,-0.5599999999999987,-1.2800000000000011,-0.05999999999999961,-0.1299999999999999,1.1400000000000148,-0.4879992675781324,-4.8899993896484375,0.006754217103540541
2022-11-04,-0.75,1.0300000000000011,0.08000000000000007,0.08000000000000007,-0.20000000000000284,-10.008996582031244,-7.839996337890625,-0.008048731945460862
2022-11-07,-0.1999999999999993,-2.3900000000000006,-0.009999999999999787,0.04999999999999982,1.1200000000000045,-5.723004455566411,-0.1100006103515625,-0.006633206804874948
2022-11-08,1.1899999999999977,-0.07000000000000028,-0.03000000000000025,-0.029999999999999805,-0.020000000000010232,9.084004516601567,-2.0,-0.005344159243320494
2022-11-09,0.5500000000000007,0.3400000000000034,0.040000000000000036,-0.08000000000000007,-0.7900000000000063,-4.463005981445306,-1.9300003051757812,0.0028066250279485017
2022-11-10,-2.5599999999999987,-1.9000000000000057,-0.029999999999999805,-0.029999999999999805,0.4700000000000131,-1.0319937133789097,-12.709999084472656,-0.010225446659001122
2022-11-11,-1.0100000000000016,-1.4199999999999946,,,-0.5,-15.599006652832031,,
2022-11-14,1.2100000000000009,2.3599999999999994,,,0.5100000000000051,14.411005554199221,,
2022-11-15,0.8099999999999987,2.299999999999997,-0.04999999999999982,-0.020000000000000018,-0.3100000000000165,10.739993896484364,8.629997253417969,-0.0031541812525593847
2022-11-16,-0.4299999999999997,-1.6000000000000014,-0.10999999999999943,-0.06000000000000005,-0.4399999999999977,-10.183994750976552,2.2100067138671875,0.0019706023776257134
2022-11-17,-0.17999999999999972,0.22000000000000597,0.020000000000000018,-0.010000000000000231,2.3200000000000074,-1.6640017700195386,1.3499908447265625,0.005624083866108319
2022-11-18,-0.8099999999999987,0.5899999999999963,-0.03000000000000025,-0.029999999999999805,-0.44999999999998863,3.0530029296875085,-2.8499908447265625,-0.0010055305020187607
2022-11-21,-0.7600000000000016,1.1799999999999997,0.03999999999999959,0.06000000000000005,-0.1600000000000108,0.4889956665038966,2.8000030517578125,0.006827535953728041
2022-11-22,-1.0700000000000003,-0.8100000000000023,-0.05999999999999961,0.009999999999999787,-0.8799999999999955,3.4710015869140705,1.399993896484375,-0.0037310628192950513
2022-11-23,-0.9399999999999977,5.260000000000005,-0.040000000000000036,0.0,0.14999999999999147,9.680995178222659,2.6699981689453125,-0.0038638095214530896
2022-11-25,0.14999999999999858,-1.4000000000000057,0.010000000000000231,0.0,-1.019999999999996,-5.249992370605469,-6.5999908447265625,-0.0033897788796410865
2022-11-28,1.7100000000000009,0.37000000000000455,-0.03000000000000025,-0.06000000000000005,-0.5499999999999972,-0.5180050659179756,2.1299896240234375,0.0021430158949598786
2022-11-29,-0.3200000000000003,-2.6200000000000045,0.03999999999999959,-0.009999999999999787,-1.1400000000000006,8.973997802734374,-0.5,0.00047155943473005363
2022-11-30,-1.3100000000000023,-1.759999999999998,0.030000000000000693,0.08999999999999986,-0.13000000000000966,13.141007690429689,-3.9599990844726562,-0.0011651476564824628
2022-12-01,-0.7399999999999984,-0.5399999999999991,-0.020000000000000462,0.020000000000000018,0.09000000000000341,-6.4690075683593875,-7.5,-0.012324917135421883
2022-12-02,-0.7800000000000011,0.14999999999999858,-0.050000000000000266,0.07000000000000028,1.460000000000008,-2.2859991455077875,-1.149993896484375,4.671849688592587e-05
2022-12-05,1.6900000000000013,-0.3500000000000014,-0.03999999999999959,-0.040000000000000036,-0.15000000000000568,-0.09299133300783069,7.879997253417969,0.00513554036823851
2022-12-06,1.4200000000000017,0.9500000000000028,-0.020000000000000018,-0.08000000000000007,-0.8199999999999932,3.359001464843743,2.589996337890625,0.0030994397058261933
2022-12-07,0.509999999999998,1.5499999999999972,-0.009999999999999787,-0.050000000000000266,-0.5300000000000153,10.846988525390628,2.010009765625,-0.002101881358853118
2022-12-08,-0.39000000000000057,-0.7399999999999949,0.010000000000000231,0.020000000000000018,-0.45999999999999375,-10.651989746093733,-1.5600128173828125,-0.002819201136321257
2022-12-09,0.5399999999999991,-0.240000000000002,0.0699999999999994,-0.020000000000000018,0.6000000000000085,0.030001220703127274,3.25,4.002690789000891e-05
2022-12-12,2.1700000000000017,-1.9399999999999977,-0.019999999999999574,0.020000000000000018,-0.28000000000000114,-4.27301025390625,9.139999389648438,0.002865517282471367
2022-12-13,-2.4499999999999993,-1.6200000000000045,0.06999999999999984,-0.03999999999999959,-0.3400000000000034,0.46901062011718864,-6.8499908447265625,-0.00753905427849529
2022-12-14,-1.4100000000000001,-1.5499999999999972,-0.03000000000000025,-0.050000000000000266,1.4899999999999949,-5.358005371093768,-14.819999694824219,-0.00021914714094531886
2022-12-15,1.6899999999999977,1.8800000000000026,-0.050000000000000266,-0.029999999999999805,0.2600000000000051,2.9959967041015716,-9.0,0.005968725584295662
2022-12-16,-0.2099999999999973,-1.4100000000000037,0.10000000000000053,-0.03000000000000025,-0.4399999999999977,-19.146001892089842,2.3899993896484375,0.0008042336071300613
2022-12-19,-0.1999999999999993,0.17999999999999972,0.009999999999999787,0.020000000000000018,0.5999999999999943,-6.357997131347659,4.6699981689453125,-0.001003352750400447
2022-12-20,-0.9400000000000013,-0.6799999999999997,0.1200000000000001,0.0900000000000003,-3.0799999999999983,-2.0549957275390653,1.5999984741210938,-0.0032027729132589624
2022-12-21,-1.4100000000000001,-0.6099999999999994,0.03000000000000025,0.029999999999999805,-1.4500000000000028,-8.78600463867187,-4.9199981689453125,0.001203673353369077
2022-12-22,1.8999999999999986,0.6199999999999974,-0.04000000000000048,-0.08000000000000007,-0.18000000000000682,-6.783995361328124,-2.9499969482421875,-0.00033452653561308093
2022-12-23,-1.0999999999999979,-0.5899999999999963,0.010000000000000675,0.010000000000000231,0.9800000000000182,-9.011006164550793,1.1199951171875,-0.0021915016866182247
2022-12-27,0.7799999999999976,2.289999999999999,0.07999999999999918,0.05999999999999961,,-0.663998107910146,11.720001220703125,-0.001808572500647505
2022-12-28,0.490000000000002,0.45000000000000284,0.05000000000000071,0.020000000000000018,,2.1279986572265557,-4.819999694824219,0.002080723949689299
2022-12-29,-0.6999999999999993,-1.3500000000000014,-0.08000000000000007,-0.009999999999999787,-0.28000000000001535,2.759003906250001,0.18000030517578125,-0.0028711546851896523
2022-12-30,0.23000000000000043,-1.3400000000000034,-0.020000000000000462,0.029999999999999805,0.13000000000000966,-7.254999389648432,1.3600006103515625,-0.0019096340269635936
2023-01-03,1.2299999999999969,2.8800000000000026,-0.08000000000000007,-0.040000000000000036,0.8299999999999983,-4.120999450683598,8.360000610351562,0.005460843470478099
2023-01-04,-0.889999999999997,1.6899999999999977,-0.06000000000000005,-0.03999999999999959,-0.9999999999999858,-7.401999816894531,-4.19000244140625,-0.004841725890815601
2023-01-05,0.4499999999999993,-1.8999999999999986,-0.06999999999999984,0.0,0.6299999999999955,7.369993896484374,-6.25,0.004933456912591385
2023-01-06,-1.3300000000000018,-0.990000000000002,0.04999999999999982,-0.010000000000000231,-0.480000000000004,-2.5380004882812557,-5.659996032714844,-0.008359873990302615
2023-01-09,0.8399999999999999,-0.18999999999999773,0.029999999999999805,0.010000000000000231,0.1700000000000017,4.548005371093751,2.7999954223632812,-0.007746809539306784
2023-01-10,-1.3900000000000006,-1.1499999999999986,0.03000000000000025,0.020000000000000018,0.480000000000004,-3.901002807617175,2.8499984741210938,0.0008111511677538257
2023-01-11,0.5100000000000016,-0.4100000000000037,-0.029999999999999805,-0.010000000000000231,0.35999999999999943,-4.814998474121097,-4.349998474121094,-0.0007229325920270073
2023-01-12,-2.2600000000000016,-1.9099999999999966,-0.029999999999999805,-0.020000000000000018,0.6200000000000045,1.4029974365234352,-2.8300018310546875,-0.0061740752224042645
2023-01-13,-0.4799999999999969,-1.0900000000000034,-0.03999999999999959,-0.029999999999999805,-0.7400000000000091,-1.9570016479492196,1.2100067138671875,-0.002133375720226239
2023-01-17,1.009999999999998,1.9100000000000037,0.07999999999999963,-0.010000000000000231,0.5999999999999943,-4.750995635986328,8.719993591308594,0.0003758714094208275
2023-01-18,0.9800000000000004,-0.8500000000000014,-0.03999999999999959,-0.04999999999999982,0.12000000000000455,1.87799880981445,-9.659996032714844,-0.0011465138342349882
2023-01-19,0.17999999999999972,-0.22999999999999687,-0.010000000000000231,0.08000000000000007,0.519999999999996,-0.7020005798339781,1.9199981689453125,0.004484556685400214
2023-01-20,-0.6699999999999982,-1.2100000000000009,0.040000000000000036,0.029999999999999805,0.9200000000000017,5.941003570556639,0.23000335693359375,-0.0021936798869693895
2023-01-23,-0.0400000000000027,-0.5100000000000051,-0.03000000000000025,0.04999999999999982,0.23000000000000398,-1.1790020751953136,-0.06999969482421875,-0.0017208128627917774
2023-01-24,-0.6099999999999994,0.9600000000000009,0.029999999999999805,-0.009999999999999787,-0.5300000000000011,-7.64999954223633,-1.9300003051757812,-0.0003995983921487433
2023-01-25,-0.120000000000001,0.28000000000000114,0.009999999999999787,0.020000000000000018,-0.09000000000000341,-1.3490011596679707,-5.0200042724609375,-0.0010686185091481535
2023-01-26,-0.34999999999999787,-0.4200000000000017,-0.02999999999999936,0.040000000000000036,0.3500000000000085,-1.4750012207031205,-3.4599990844726562,0.00044035538398962967
2023-01-27,-0.21999999999999886,0.480000000000004,0.009999999999999343,0.0,-0.020000000000010232,0.5000006103515631,-3.5800018310546875,-0.0008296094545286085
2023-01-30,1.4299999999999997,1.5799999999999983,-0.029999999999999805,-0.040000000000000036,1.3000000000000114,-0.2590010070800801,3.0699996948242188,-0.00022706477666922713
2023-01-31,-0.5400000000000027,-1.6300000000000026,0.010000000000000231,-0.04999999999999982,-2.460000000000008,2.36600296020508,-4.2299957275390625,0.0007138188136647707
2023-02-01,-1.5299999999999976,-0.5599999999999952,-0.009999999999999787,0.009999999999999787,0.7999999999999972,2.174999237060547,-2.2099990844726562,-0.0029822488782034686
2023-02-02,0.8599999999999994,0.5,0.009999999999999787,-0.029999999999999805,-0.5700000000000074,-2.506999511718753,0.43000030517578125,-0.0023952612646988653
2023-02-03,-0.40000000000000213,0.9899999999999949,-0.08000000000000007,0.0,0.75,1.1189990234375031,1.2299957275390625,0.009816283549497136
2023-02-06,1.1000000000000014,-0.5599999999999952,-0.04000000000000048,0.029999999999999805,0.9200000000000159,0.4500012207031219,6.6399993896484375,0.008594077902089874
2023-02-07,-0.7699999999999996,-1.6099999999999994,0.010000000000000675,0.06000000000000005,-0.6200000000000045,-2.886001281738281,-2.4799957275390625,-0.0016065527546463617
2023-02-08,0.9699999999999989,-0.28999999999999915,-0.020000000000000462,0.029999999999999805,-0.04999999999999716,-1.7659996032714815,-2.4000015258789062,-0.0016956972533090674
2023-02-09,1.0800000000000018,-1.2700000000000031,0.009999999999999787,-0.009999999999999787,-0.28000000000001535,-0.9529991149902344,1.6999969482421875,-0.00137846788696369
2023-02-10,-0.17999999999999972,0.14000000000000057,0.05000000000000071,0.0,0.30000000000001137,1.2429974365234386,7.180000305175781,0.0013643180527038647
2023-02-13,-0.19000000000000128,1.8800000000000026,-0.03999999999999959,-0.020000000000000018,0.12000000000000455,-2.2899978637695355,1.0400009155273438,-0.00132514500408964
2023-02-14,-1.4299999999999997,-1.1000000000000014,-0.03000000000000025,0.0,0.03999999999999204,0.6790008544921875,-0.0800018310546875,-0.0004993628850397103
2023-02-15,-0.6799999999999997,-0.9699999999999989,0.019999999999999574,0.040000000000000036,-0.3399999999999892,2.2999980163574207,-1.9499969482421875,0.004433014191208383
2023-02-16,1.9400000000000013,-0.6700000000000017,0.04999999999999982,0.020000000000000018,-0.15000000000000568,-2.734998016357416,2.3700027465820312,7.803394314456076e-05
2023-02-17,-0.15000000000000213,1.009999999999998,-0.019999999999999574,-0.010000000000000231,0.269999999999996,-2.764000701904301,-0.9000015258789062,0.0007260877839609101
2023-02-21,2.8500000000000014,1.009999999999998,0.06000000000000005,0.06000000000000005,0.20000000000000284,-0.3450010681152307,9.510002136230469,0.0006053615312603681
2023-02-22,-0.5800000000000018,1.3100000000000023,-0.010000000000000231,-0.009999999999999787,-0.2600000000000051,2.076000976562497,-1.410003662109375,0.001766719790951176
2023-02-23,-1.1499999999999986,-1.6700000000000017,-0.050000000000000266,-0.020000000000000018,1.2199999999999989,0.11199798583984233,-0.7600021362304688,0.002072513901721014
2023-02-24,0.5300000000000011,0.5600000000000023,-0.04999999999999982,-0.010000000000000231,-0.6999999999999886,0.043001708984377274,5.3899993896484375,0.003943832157051684
2023-02-27,-0.7200000000000024,0.29999999999999716,-0.03000000000000025,-0.020000000000000018,-0.45000000000000284,-3.9040007019042946,-2.80999755859375,-0.0014323218158826137
2023-02-28,-0.25,-2.1299999999999955,-0.02999999999999936,0.07000000000000028,0.6599999999999966,-0.5839988708496122,3.5699996948242188,-0.00049438014389793
2023-03-01,-0.120000000000001,1.2100000000000009,0.009999999999999787,0.009999999999999787,-0.21999999999998465,0.32899871826171534,-2.5199966430664062,-0.005780926696138161
2023-03-02,-0.9899999999999984,-1.0200000000000031,0.07000000000000028,0.040000000000000036,-0.010000000000005116,-0.3490010070800764,3.0400009155273438,0.004099029212131815
2023-03-03,-1.1000000000000014,-0.4099999999999966,-0.08000000000000052,0.040000000000000036,0.01999999999998181,-1.8249990844726511,-1.600006103515625,-0.002943313614842268
2023-03-06,0.120000000000001,-2.1700000000000017,-0.019999999999999574,-0.029999999999999805,-0.6499999999999915,-2.6310012817382855,5.670005798339844,-0.0023974226766730732
2023-03-07,0.9800000000000004,0.7299999999999969,-0.1200000000000001,-0.11000000000000032,0.10999999999999943,1.1610006713867165,5.1399993896484375,0.008078662710991976
2023-03-08,-0.4800000000000004,-0.36999999999999744,-0.040000000000000036,-0.06000000000000005,-0.04000000000000625,-1.0109982299804656,-3.57000732421875,-9.221393309661314e-05
2023-03-09,3.5,1.4699999999999989,0.09999999999999964,-0.020000000000000018,-0.13999999999998636,1.2599983215332031,-0.4799957275390625,-4.3639914719587e-05
2023-03-10,2.1900000000000013,1.8999999999999986,0.07000000000000073,-0.040000000000000036,0.3499999999999943,9.357999420166017,10.779998779296875,-0.00167869966187944
2023-03-13,1.7199999999999989,1.3700000000000045,0.41999999999999904,-0.019999999999999574,-0.7600000000000051,-3.272998809814453,33.529998779296875,-0.0029108134397784606
2023-03-14,-2.789999999999999,9.279999999999994,-0.07999999999999963,0.06999999999999984,0.5999999999999943,-5.648998260498047,-3.94000244140625,0.001028508117409941
2023-03-15,2.41,2.3700000000000045,0.13999999999999968,-0.020000000000000018,1.3300000000000125,-1.0800025939941449,0.0,0.00899801235494337
2023-03-16,-3.150000000000002,-1.1300000000000026,-0.15999999999999925,-0.06999999999999984,-1.9500000000000028,1.4360008239746094,-1.6899871826171875,-0.0031645024972521553
2023-03-17,2.520000000000003,2.8299999999999983,0.1599999999999997,-0.1200000000000001,-0.5499999999999972,-1.4540011596679676,12.149993896484375,-0.0012972366900009062
2023-03-20,-1.360000000000003,-0.3399999999999963,-0.029999999999999805,0.040000000000000036,0.4399999999999977,-3.3419976806640577,2.529998779296875,-0.004536273167690327
2023-03-21,-2.7699999999999996,-3.020000000000003,-0.13000000000000034,0.08999999999999986,0.519999999999996,3.3750007629394503,-20.330001831054688,-0.0009780501701691841
2023-03-22,0.8800000000000026,-1.1499999999999986,0.10000000000000009,0.04999999999999982,-0.009999999999990905,-2.525003051757814,-19.470001220703125,-0.0022698157912507256
2023-03-23,0.34999999999999787,-0.07000000000000028,0.10000000000000009,-0.08999999999999986,-0.8299999999999983,3.1610023498535185,8.55999755859375,-0.007180316762936693
2023-03-24,-0.870000000000001,1.4600000000000009,0.0,0.03000000000000025,-0.13000000000000966,-2.051999053955079,22.260009765625,0.0058372023029852746
2023-03-27,-1.139999999999997,-2.950000000000003,-0.03000000000000025,0.020000000000000018,-0.480000000000004,1.4339981079101562,-11.990005493164062,-0.0017090832732984825
2023-03-28,-0.6300000000000026,-1.0999999999999943,-0.05999999999999961,0.06999999999999984,1.019999999999996,0.24399902343749602,-5.709991455078125,-0.004503109899420484
2023-03-29,-0.8499999999999979,-0.980000000000004,-0.04000000000000048,0.020000000000000018,-0.38999999999998636,0.13100250244141165,-5.3800048828125,0.00010023404658241539
2023-03-30,-0.10000000000000142,-1.3099999999999952,-0.03999999999999959,0.009999999999999787,-0.4299999999999926,0.7959997558593699,-9.339996337890625,-0.0026596027279093175
2023-03-31,-0.3200000000000003,-1.6799999999999997,-0.029999999999999805,-0.020000000000000018,-0.6200000000000188,4.086000061035158,-5.3100128173828125,-0.0003987134007118146
2023-04-03,-0.14999999999999858,-0.8500000000000014,0.03999999999999959,-0.029999999999999805,1.9000000000000057,3.5319993591308574,2.2400054931640625,-0.0003335000864661045
2023-04-04,0.4499999999999993,-0.07000000000000028,0.050000000000000266,-0.040000000000000036,-0.4099999999999966,-4.838999786376952,9.580001831054688,-0.0014962529378476756
2023-04-05,0.0799999999999983,-0.28000000000000114,-4.440892098500626e-16,-0.020000000000000018,0.20000000000000284,-2.0330000305175773,6.149993896484375,0.0012858728153948766
2023-04-06,-0.6799999999999997,-4.380000000000003,-0.029999999999999805,0.010000000000000231,0.6599999999999966,-1.4600007629394511,-6.1699981689453125,9.974748805965483e-05
2023-04-10,0.5700000000000003,-0.44999999999999574,-0.06999999999999984,0.029999999999999805,,0.030000000000001137,-4.7299957275390625,0.004078599726763775
2023-04-11,0.13000000000000256,-0.0800000000000054,-0.010000000000000231,0.020000000000000018,,0.5270013427734384,-3.220001220703125,-0.0022563978425080102
2023-04-12,-0.010000000000001563,-0.4899999999999949,0.06000000000000005,-0.020000000000000018,-0.7299999999999898,-0.8420002746582043,-10.100006103515625,-0.004375178342866307
2023-04-13,-1.2899999999999991,-0.9600000000000009,0.03000000000000025,0.020000000000000018,-0.6999999999999886,-0.6070025634765628,-9.729995727539062,-0.005151773545493657
2023-04-14,-0.7300000000000004,-0.2700000000000031,-0.050000000000000266,0.009999999999999787,0.37999999999999545,-0.7740002441406233,-1.1100006103515625,0.003921636465114876
2023-04-17,-0.120000000000001,0.4200000000000017,-0.019999999999999574,0.020000000000000018,-0.030000000000015348,-0.3619993591308628,3.850006103515625,0.0035442058739886414
2023-04-18,-0.120000000000001,0.759999999999998,-0.030000000000000693,-0.040000000000000036,-0.06999999999997897,1.575001220703129,0.089996337890625,-0.0014581542588890924
2023-04-19,-0.36999999999999744,0.75,-0.029999999999999805,0.0,1.529999999999987,-2.393999786376959,1.2399978637695312,0.0016618580642022039
2023-04-20,0.7100000000000009,1.9699999999999989,0.04000000000000048,-0.020000000000000018,-0.13999999999998636,0.2769982910156301,-3.4099960327148438,-0.001535926590906112
2023-04-21,-0.40000000000000213,-1.2399999999999949,-4.440892098500626e-16,0.020000000000000018,-0.5200000000000102,-0.4109971618652395,0.2299957275390625,0.0016088474964820055
2023-04-24,0.120000000000001,-0.8900000000000006,0.0,0.0,0.09000000000000341,-0.229002227783198,5.44000244140625,-0.0009039241654641346
2023-04-25,1.870000000000001,2.3599999999999994,0.14000000000000012,-0.029999999999999805,-0.5100000000000051,-0.11199905395508125,10.850006103515625,0.0034260590449320615
2023-04-26,0.0799999999999983,2.6099999999999994,-0.009999999999999787,0.0,-0.21999999999999886,-1.262001495361325,-6.7400054931640625,-0.00242910558145787
2023-04-27,-1.8099999999999987,-1.490000000000002,-0.07000000000000073,0.020000000000000018,0.480000000000004,0.5080027770996054,-7.959999084472656,0.0008963253775132403
2023-04-28,-1.2500000000000018,-2.1299999999999955,-0.05999999999999961,-0.08999999999999986,-0.8000000000000114,-0.6010032653808608,0.029998779296875,-0.0017179643754595697
2023-05-01,0.29999999999999893,0.30999999999999517,0.050000000000000266,0.04999999999999982,,0.326001434326173,5.719993591308594,0.0018326695351825358
2023-05-02,1.7000000000000028,3.539999999999999,0.019999999999999574,-0.029999999999999805,,-1.1850003051757767,9.370010375976562,0.001397174087584157
2023-05-03,0.5599999999999987,3.75,0.020000000000000018,0.0,-0.710000000000008,-0.6369978332519537,-3.0500030517578125,-0.004081539156614328
2023-05-04,1.75,0.5200000000000031,0.13000000000000034,-0.010000000000000231,0.19000000000001194,-1.0790016174316435,6.2100067138671875,-0.0006449180598202811
2023-05-05,-2.8999999999999986,-6.399999999999999,-0.10000000000000009,0.020000000000000018,0.04999999999999716,1.0310014343261713,-10.5,-0.0041388721518974
2023-05-08,-0.21000000000000085,-1.8100000000000023,0.0,0.020000000000000018,,0.029999237060550854,4.8600006103515625,0.00017796093087653464
2023-05-09,0.7300000000000004,-0.4099999999999966,0.0,0.0,,-1.0239997863769545,-1.1400146484375,0.002089303278384184
2023-05-10,-0.7699999999999996,-1.0,0.010000000000000231,-0.06000000000000005,0.09000000000000341,-0.8570007324218736,-8.329994201660156,-0.0020007563212425866
2023-05-11,-0.010000000000001563,1.6099999999999994,-0.03000000000000025,-0.009999999999999787,0.3399999999999892,0.04999999999999716,2.6100082397460938,0.003736273724817981
2023-05-12,0.10000000000000142,1.5799999999999983,-0.020000000000000018,0.020000000000000018,0.010000000000019327,-2.1360017395019533,-7.690010070800781,0.00282553605093436
2023-05-15,0.08999999999999986,-2.1600000000000037,0.029999999999999805,0.009999999999999787,-0.13000000000000966,-0.722999114990234,7.370002746582031,-0.0017297771157141755
2023-05-16,0.8699999999999974,0.8200000000000003,-0.02999999999999936,0.0,-0.0899999999999892,-0.5230000305175793,2.410003662109375,0.00011328587366650273
2023-05-17,-1.1199999999999974,0.46000000000000085,-0.030000000000000693,0.03000000000000025,-0.10000000000000853,0.161999969482423,-9.520004272460938,0.003624240873389047
2023-05-18,-0.8200000000000003,-0.4199999999999946,-0.040000000000000036,0.009999999999999787,-0.269999999999996,-2.2179992675781257,1.720001220703125,0.004018435449510212
2023-05-19,0.759999999999998,-0.1700000000000017,0.010000000000000231,0.010000000000000231,-0.0799999999999983,0.3210007476806638,5.010002136230469,-0.002613986013807763
2023-05-22,0.40000000000000213,-0.3299999999999983,0.010000000000000231,0.0,0.10999999999998522,-0.39500015258789034,4.779991149902344,0.0026048260682510612
2023-05-23,1.3200000000000003,-0.4100000000000037,0.010000000000000231,0.019999999999999574,-0.1700000000000017,-0.5039996337890607,-0.589996337890625,0.001937540928231925
2023-05-24,1.5,0.75,-0.020000000000000018,-0.009999999999999787,-0.1700000000000017,-1.372000961303712,0.589996337890625,0.0012857379563852391
2023-05-25,-0.8900000000000006,0.8800000000000026,-0.0900000000000003,0.0,0.35999999999999943,-2.313000183105469,7.25,0.0030341918672735484
2023-05-26,-1.1900000000000013,-0.7899999999999991,-0.07000000000000028,-0.020000000000000018,1.4210854715202004e-14,-0.5819992065429673,5.8300018310546875,-0.0017467889912243274
2023-05-30,-0.48999999999999844,3.729999999999997,-0.029999999999999805,-0.009999999999999787,-0.05000000000001137,-0.0690007019042973,-4.0099945068359375,-0.0006285631568767642
2023-05-31,0.4800000000000004,1.0,0.009999999999999787,-0.040000000000000036,-0.05999999999998806,2.180999526977537,-5.339996337890625,0.0034084053917577033
2023-06-01,-2.290000000000001,-0.17999999999999972,0.040000000000000036,-0.020000000000000018,0.21999999999999886,-3.4189986419677716,-11.390007019042969,-0.007610341968545233
2023-06-02,-1.0500000000000007,-0.8999999999999986,-0.08999999999999986,0.020000000000000018,0.14999999999999147,0.6159985351562511,-3.6800003051757812,-0.0003682504811374015
2023-06-05,0.13000000000000078,-2.1499999999999986,0.040000000000000036,0.009999999999999787,0.23000000000000398,4.609001464843747,-1.8699951171875,-8.332996541955498e-07
2023-06-06,-0.7699999999999996,-1.3800000000000026,-0.03999999999999959,0.010000000000000231,0.04000000000000625,-3.6480000305175757,-4.660003662109375,-0.0002750268168480559
2023-06-07,-0.02000000000000135,-1.9399999999999977,0.040000000000000036,0.009999999999999787,-0.18000000000000682,1.2909987640380862,6.0800018310546875,-0.0009406632368951577
2023-06-08,-0.28999999999999915,1.0499999999999972,-0.020000000000000018,-0.009999999999999787,0.269999999999996,0.6440003204345679,-5.3899993896484375,-0.0024040420849976304
2023-06-09,0.17999999999999972,-1.4799999999999969,-0.050000000000000266,0.0,-0.01999999999999602,5.354000091552734,0.6599960327148438,-0.0011631635003659063
2023-06-12,1.1799999999999997,2.6499999999999986,0.020000000000000018,-0.03000000000000025,0.14000000000000057,-1.0630004882812472,4.030006408691406,0.0017183270370368495
2023-06-13,-0.40000000000000036,-3.969999999999999,-0.010000000000000231,0.03000000000000025,0.12999999999999545,4.914999389648436,-1.0,-0.003749153882292476
2023-06-14,-0.7299999999999986,1.279999999999994,-0.08000000000000007,0.009999999999999787,0.3200000000000074,2.2110015869140653,-4.430000305175781,-0.003478653180010578
2023-06-15,0.6199999999999992,-0.5899999999999963,0.010000000000000231,0.0,-0.030000000000001137,2.703000183105466,-7.030006408691406,-0.0018868399184651292
2023-06-16,-0.9600000000000009,-0.0799999999999983,-0.03000000000000025,0.010000000000000231,-0.18999999999999773,-6.087001037597659,-2.9099960327148438,-0.0011284106180878429
2023-06-20,0.34000000000000163,1.759999999999998,-0.009999999999999343,0.0,-0.09999999999999432,3.450000762939453,0.0,0.0043782331549871495
2023-06-21,-0.6800000000000015,-1.490000000000002,-0.020000000000000018,-0.010000000000000231,-0.480000000000004,-1.82500015258789,6.409996032714844,-0.0017756089911135447
2023-06-22,-0.28999999999999915,1.6700000000000017,-0.010000000000000231,0.03000000000000025,0.3400000000000034,-2.675999908447263,-3.1399993896484375,0.00023749148468847885
2023-06-23,0.5299999999999994,0.4299999999999997,0.0,-0.03000000000000025,-0.060000000000002274,-1.54000015258789,-1.9599990844726562,0.003335757538585846
2023-06-26,0.8100000000000005,1.3100000000000023,0.03999999999999959,-0.029999999999999805,0.11999999999999034,-0.9319995880126974,3.279998779296875,-0.0006372044487458656
2023-06-27,-0.5099999999999998,2.6299999999999955,-0.040000000000000036,0.020000000000000018,-0.5700000000000074,2.471000137329103,1.8300018310546875,-0.0015228749302992777
2023-06-28,-0.3100000000000005,-2.4399999999999977,-0.029999999999999805,-0.020000000000000018,-0.09999999999999432,-0.41100051879882926,-2.5499954223632812,0.0037215694346829265
2023-06-29,0.10999999999999943,-1.4399999999999977,-0.020000000000000018,0.020000000000000018,-0.0899999999999892,1.3650003051757835,5.149993896484375,0.001580808249312787
2023-06-30,0.05000000000000071,-2.1400000000000006,-0.040000000000000036,0.020000000000000018,-0.1599999999999966,1.843000335693361,-2.80999755859375,-0.0013931240207724737
2023-07-03,-0.019999999999999574,0.6000000000000014,-0.020000000000000462,0.029999999999999805,0.9599999999999937,-3.1739997863769567,0.12999725341796875,-0.0012465813893573468
2023-07-05,0.6099999999999994,0.02999999999999403,0.0900000000000003,0.009999999999999787,0.14999999999999147,0.27400024414062685,-0.23999786376953125,0.001143526999588943
2023-07-06,1.2599999999999998,1.220000000000006,0.04999999999999982,0.010000000000000231,0.0,-1.8750015258789077,24.100006103515625,0.0039386656795361834
2023-07-07,-0.6099999999999994,-0.5800000000000054,0.05999999999999961,0.0,-0.09999999999999432,1.1400010681152324,-4.220001220703125,-0.006221990022691867
2023-07-10,0.2400000000000002,3.8000000000000043,0.040000000000000924,-0.020000000000000018,-0.0799999999999983,-3.3110013580322253,1.3199920654296875,-0.0010191954952077514
2023-07-11,-0.23000000000000043,-5.920000000000002,-0.04999999999999982,-0.009999999999999787,-0.10999999999999943,-1.1859984588623043,-4.659996032714844,-0.001854523160225053
2023-07-12,-1.3000000000000007,0.259999999999998,0.029999999999999805,0.019999999999999574,-0.09000000000000341,-2.402000885009766,-13.0,-0.009272703024654431
2023-07-13,0.07000000000000028,-2.6499999999999986,0.029999999999999805,-0.019999999999999574,-0.12999999999999545,0.018000411987305398,-2.3199996948242188,-0.003878694046287106
2023-07-14,-0.2699999999999996,-0.03999999999999915,-0.08000000000000007,0.0,0.010000000000005116,-0.6499996185302734,0.7300033569335938,-0.0011680857787659236
2023-07-17,0.14000000000000057,1.3399999999999999,-0.020000000000000018,0.009999999999999787,-0.8300000000000125,-0.8160009002685555,1.0199966430664062,0.0006866718465338164
2023-07-18,-0.17999999999999972,-0.6799999999999997,-0.010000000000000231,-0.020000000000000018,0.15000000000000568,1.908000411987306,-1.0500030517578125,-0.0008567044906476712
2023-07-19,0.4599999999999991,0.3999999999999986,-0.04999999999999982,-0.009999999999999787,0.19999999999998863,-0.09600090026855312,-5.2599945068359375,0.0027289896384881467
2023-07-20,0.23000000000000043,-0.9100000000000001,0.04000000000000048,0.1299999999999999,-0.009999999999990905,0.9550003051757798,5.659996032714844,0.002115426412943676
2023-07-21,-0.39000000000000057,-0.5,-0.030000000000000693,0.0,0.030000000000001137,0.14599990844726562,-6.189994812011719,0.0029473160317993415
2023-07-24,0.3100000000000005,0.46000000000000085,0.030000000000000693,0.029999999999999805,-0.28000000000000114,2.3229996490478513,3.2899932861328125,-0.0010977536179173526
2023-07-25,-0.05000000000000071,0.5199999999999996,0.010000000000000231,0.010000000000000231,-0.020000000000010232,2.110999603271484,3.0699996948242188,0.0003742538834335285
2023-07-26,-0.6699999999999999,-0.6600000000000001,-0.020000000000000906,-0.03000000000000025,0.17000000000001592,-3.312999191284181,-8.139999389648438,-0.000819127738470874
2023-07-27,1.2200000000000006,-0.8499999999999979,0.06000000000000005,0.010000000000000231,0.23999999999999488,-0.7109996032714818,6.2700042724609375,0.001135564241934345
2023-07-28,-1.08,0.28999999999999915,-0.009999999999999787,0.009999999999999787,-0.1700000000000017,-2.653000411987307,-1.3899993896484375,-0.0008978207660240036
2023-07-31,0.3000000000000007,-0.9299999999999997,4.440892098500626e-16,-0.009999999999999787,-0.519999999999996,2.4749996185302763,2.2699966430664062,0.00030643587729580477
2023-08-01,0.29999999999999893,-0.129999999999999,0.03999999999999959,0.0,0.5499999999999972,-1.1530000305175818,4.349998474121094,0.006342717201560786
2023-08-02,2.16,0.389999999999997,0.07000000000000028,-0.010000000000000231,0.5400000000000063,1.679001388549807,-1.2299957275390625,0.004652920503259669
2023-08-03,-0.16999999999999993,-0.1999999999999993,0.09999999999999964,0.010000000000000231,0.11999999999999034,1.7209989929199203,9.449996948242188,0.0022597401650555652
2023-08-04,1.1800000000000015,-0.4800000000000004,-0.03000000000000025,0.009999999999999787,-0.010000000000005116,-1.7099989318847655,-8.689994812011719,-0.004830053219900956
2023-08-07,-1.3300000000000018,-0.3299999999999983,0.0600000000000005,0.03000000000000025,-0.0899999999999892,1.513998870849612,5.029998779296875,0.0021849350795062803
2023-08-08,0.22000000000000064,-0.5899999999999999,-0.05000000000000071,-0.050000000000000266,0.5300000000000011,0.45900047302245994,-2.2000045776367188,0.0046899905673684905
2023-08-09,-0.02999999999999936,1.4199999999999982,-0.0699999999999994,-0.020000000000000018,-0.09999999999999432,8.607001876831053,-6.189994812011719,-0.0013775702495553675
2023-08-10,-0.11000000000000121,-1.2899999999999991,0.05999999999999961,-0.009999999999999787,-0.3300000000000125,-2.677002105712887,-3.910003662109375,-0.002664331611076434
2023-08-11,-1.0099999999999998,0.7699999999999996,8.881784197001252e-16,0.029999999999999805,0.13000000000000966,-1.5360005187988293,3.4899978637695312,0.003925713911866307
2023-08-14,-0.019999999999999574,-0.48999999999999844,-0.040000000000000036,0.0,0.14000000000000057,-0.9960011291503932,7.810005187988281,0.0037188303316527307
2023-08-15,1.6400000000000006,0.75,0.05999999999999961,-0.040000000000000036,0.3199999999999932,4.469001617431644,1.8600006103515625,0.001166946744201947
2023-08-16,0.3200000000000003,0.23999999999999844,0.020000000000000462,0.0,-0.13000000000000966,-0.9289993286132798,-4.560005187988281,0.0011838659756758078
2023-08-17,1.1099999999999994,0.7600000000000016,0.049999999999998934,0.010000000000000231,-0.28000000000000114,-0.9689996337890676,3.9000015258789062,0.0014040229092216183
2023-08-18,-0.5899999999999999,-0.870000000000001,-0.019999999999999574,-0.010000000000000231,-0.13999999999998636,-0.2950009155273392,-0.6299972534179688,-0.0007644540066824316
2023-08-21,-0.1700000000000017,0.46999999999999886,0.03000000000000025,0.020000000000000018,0.060000000000002274,4.212001647949215,10.180000305175781,0.0002540528078195905
2023-08-22,-0.16000000000000014,-0.33999999999999986,-0.04999999999999982,0.010000000000000231,-0.28000000000000114,2.145999450683597,-4.040000915527344,-0.0008911290895549487
2023-08-23,-0.9899999999999984,-0.08999999999999986,-0.08000000000000007,0.0,0.5799999999999983,-6.142001647949222,-8.25,-0.0027014889585783076
2023-08-24,1.2199999999999989,0.41000000000000014,0.009999999999999787,-0.03000000000000025,-0.480000000000004,-4.6679995727539065,-0.8400039672851562,0.001703944497601907
2023-08-25,-1.5199999999999996,-0.07000000000000028,-0.03000000000000025,0.010000000000000231,0.4000000000000057,2.7990007019042977,-7.189994812011719,0.00231195152100026
2023-08-28,-0.5999999999999996,-0.14999999999999858,0.0,-0.03000000000000025,,3.4970010375976557,0.07999420166015625,-0.0016459801780497457
2023-08-29,-0.6300000000000008,-1.0300000000000011,0.03000000000000025,-0.009999999999999787,,-3.11900177001953,0.23000335693359375,-0.0004040195846502888
2023-08-30,-0.5699999999999985,-1.0,-0.03000000000000025,-0.03000000000000025,-0.25,0.8170008850097688,-0.8400039672851562,-0.003942342999021115
2023-08-31,-0.3100000000000005,-0.07000000000000028,0.020000000000000462,-0.019999999999999574,-1.2399999999999949,-1.0430012512207085,-1.9099960327148438,0.0035938905112329524
2023-09-01,-0.4800000000000004,0.9200000000000017,0.0699999999999994,0.019999999999999574,0.7199999999999989,0.44800125122070256,-5.010002136230469,0.00443183675291384
2023-09-05,0.9199999999999999,1.1699999999999982,0.019999999999999574,0.03000000000000025,0.04999999999999716,-1.0679992675781236,6.720001220703125,0.005578198849990697
2023-09-06,0.4399999999999995,-0.3200000000000003,-0.03999999999999915,0.009999999999999787,-0.269999999999996,-3.264000549316407,1.6699981689453125,0.0035560839376196523
2023-09-07,-0.049999999999998934,-0.7399999999999984,0.03999999999999915,0.020000000000000018,0.04999999999998295,1.720000305175784,-6.1100006103515625,0.000702977923699028
2023-09-08,-0.5600000000000005,-0.4299999999999997,-0.04999999999999982,0.010000000000000231,0.04999999999999716,1.6729983520507794,-0.8600006103515625,-4.3460381154330944e-05
2023-09-11,-0.03999999999999915,-2.789999999999999,0.040000000000000924,0.020000000000000018,0.3300000000000125,1.3700001525878918,2.8900070190429688,-0.005005639626796542
2023-09-12,0.4299999999999997,-0.14000000000000057,-0.030000000000001137,-0.010000000000000231,0.03999999999999204,-1.3669993591308582,-2.1200027465820312,-0.0003898942430359526
2023-09-13,-0.75,0.8299999999999983,8.881784197001252e-16,0.010000000000000231,-0.2599999999999909,2.0760011291503915,-3.25,-0.0019509286713026341
2023-09-14,-0.6600000000000001,1.5,0.0,-0.010000000000000231,0.6200000000000045,-1.3460014343261761,-4.75,0.00152376642397032
2023-09-15,0.9699999999999989,0.6000000000000014,0.020000000000000462,0.010000000000000231,-0.3500000000000085,1.0320018005371097,-0.5,-0.00033410535353701137
2023-09-18,0.21000000000000085,0.75,-0.040000000000000036,0.009999999999999787,-0.23999999999999488,-1.8080032348632784,2.7099990844726562,-4.2905564858383175e-05
2023-09-19,0.10999999999999943,2.41,0.019999999999999574,0.010000000000000231,0.46999999999999886,2.3870030212402327,1.9899978637695312,-0.00024179077128980245
2023-09-20,1.0300000000000011,0.05999999999999872,-0.0600000000000005,-0.020000000000000018,0.4099999999999966,0.18199890136718722,-4.269996643066406,-0.00164953225637091
2023-09-21,2.3999999999999986,0.9700000000000024,0.14000000000000057,0.029999999999999805,-1.2199999999999989,1.9009991455078108,8.959999084472656,0.004849142100980251
2023-09-22,-0.33999999999999986,-0.740000000000002,-0.02999999999999936,-0.009999999999999787,-0.15000000000000568,0.7560008239746097,-4.8899993896484375,-0.00018265336145309016
2023-09-25,-0.3000000000000007,0.3500000000000014,0.11999999999999922,0.0,0.3400000000000034,4.6510009765625,16.220001220703125,0.004791408453000732
2023-09-26,2.0400000000000027,0.33999999999999986,0.05999999999999961,-0.040000000000000036,-1.3000000000000114,-4.040002746582026,0.3899993896484375,0.002942904181908187
2023-09-27,-0.7200000000000024,1.1799999999999962,-0.009999999999998899,0.009999999999999787,0.4000000000000057,-1.195997161865236,4.3699951171875,0.004198590316876971
2023-09-28,-0.879999999999999,-0.8599999999999959,0.03999999999999915,0.050000000000000266,1.5600000000000023,0.41999862670898125,-6.849998474121094,-0.003708811181145852
2023-09-29,0.17999999999999972,0.620000000000001,0.009999999999999787,-0.040000000000000036,0.10000000000000853,2.1830010986328148,-1.6899948120117188,-0.0018501740479210445
2023-10-02,0.08999999999999986,-0.240000000000002,0.010000000000000675,0.0,-2.690000000000012,-2.5440020751953156,14.039993286132812,0.006087346022357169
2023-10-03,2.1700000000000017,1.25,0.08999999999999897,0.009999999999999787,2.799999999999997,-2.3579995727539043,14.080001831054688,0.005917227369117125
2023-10-04,-1.2000000000000028,2.1000000000000014,0.02000000000000135,-0.029999999999999805,0.3100000000000165,1.244002380371093,-13.44000244140625,-0.0015377192884985715
2023-10-05,-0.08999999999999986,1.240000000000002,0.009999999999998899,-0.020000000000000018,0.46999999999999886,-2.2340011596679688,1.9499969482421875,0.002462284152826917
2023-10-06,-1.0399999999999991,-0.9100000000000037,0.010000000000000675,0.0,-0.9500000000000028,1.6439982604980514,-3.5399932861328125,-0.004392223051333651
2023-10-09,0.25,4.170000000000002,,,,,,
2023-10-10,-0.6699999999999982,-0.3100000000000023,,,,,,
2023-10-11,-0.9400000000000013,-0.6000000000000014,-0.11000000000000032,0.0,-0.9300000000000068,-3.2370010375976506,-8.989997863769531,-0.0012902024965365008
2023-10-12,0.6000000000000014,-0.4199999999999946,0.05000000000000071,0.020000000000000018,1.6500000000000057,6.963998107910157,-0.80999755859375,0.0035807856626295063
2023-10-13,2.629999999999999,5.719999999999999,-0.05000000000000071,0.0,1.1299999999999955,1.0299995422363253,1.9599990844726562,0.0031222992438672626
2023-10-16,-2.1099999999999994,-3.539999999999999,0.03000000000000025,0.040000000000000036,-2.3200000000000074,-5.384999389648435,1.8300018310546875,-0.002242888035706759
2023-10-17,0.6699999999999982,0.6699999999999946,0.019999999999999574,0.03000000000000025,1.5200000000000102,0.46900085449218665,0.0099945068359375,-0.0016093255060878942
2023-10-18,1.3399999999999999,3.030000000000001,0.08000000000000007,0.029999999999999805,-2.219999999999999,1.9570002746581991,-1.0,0.005625786802002803
2023-10-19,2.1799999999999997,1.3000000000000043,0.120000000000001,0.050000000000000266,0.13000000000000966,-0.5809992980957048,5.4499969482421875,-0.00013569573160825864
2023-10-20,0.3100000000000023,-1.9100000000000037,0.019999999999998685,-0.020000000000000018,0.8299999999999841,1.1799986267089864,0.8300018310546875,-0.0015035773415912903
2023-10-23,-1.3399999999999999,-2.049999999999997,-0.049999999999998934,-0.06000000000000005,1.7900000000000063,0.11400146484375284,-3.6199951171875,-0.002652123940989338
2023-10-24,-1.4000000000000021,-0.6600000000000037,0.0,-0.010000000000000231,-2.969999999999999,-2.212001037597659,-3.6999969482421875,0.0028915542274758313
2023-10-25,1.2200000000000024,3.8299999999999983,0.05999999999999961,0.03000000000000025,0.6500000000000057,0.6499998474121114,3.0800018310546875,0.0011760965221199093
2023-10-26,0.48999999999999844,-0.9799999999999969,-0.02999999999999936,-0.010000000000000231,0.5799999999999983,0.8749983215332051,-0.2700042724609375,0.0017700226781996163
2023-10-27,0.5899999999999999,2.710000000000001,0.009999999999998899,0.0,0.03999999999999204,-0.6469966125488327,-1.779998779296875,-0.003120832945235321
2023-10-30,-1.5199999999999996,-2.6300000000000026,0.0,0.020000000000000018,3.010000000000005,0.08499938964843778,2.739990234375,-0.0017196463256910742
2023-10-31,-1.6099999999999994,-2.019999999999996,-0.040000000000000036,-0.020000000000000018,-2.5200000000000102,-2.711000366210939,-5.0399932861328125,0.0034686417460051432
2023-11-01,-1.2699999999999996,-1.4699999999999989,0.009999999999999787,-0.009999999999999787,0.6900000000000119,-0.09900054931640057,-6.30999755859375,-0.00035698623236095817
2023-11-02,-1.2100000000000009,-0.730000000000004,-0.1299999999999999,-0.010000000000000231,0.10999999999998522,0.876999206542969,-1.910003662109375,-0.007381435689505633
2023-11-03,-0.75,-1.259999999999998,0.05000000000000071,-0.009999999999999787,0.38000000000000966,-0.38699996948242443,0.09999847412109375,-0.009200590413345013
2023-11-06,-0.019999999999999574,-2.219999999999999,0.0,0.029999999999999805,-0.5900000000000034,-2.9349984741210946,3.0,-0.0008874106598348846
2023-11-07,-0.08000000000000007,2.4099999999999966,-0.07000000000000028,-0.029999999999999805,-0.29999999999998295,1.9349984741210946,-1.6500015258789062,0.003522810597425676
2023-11-08,-0.3600000000000012,1.7199999999999989,-0.10999999999999943,-0.050000000000000266,0.13999999999998636,-0.4599987792968747,-2.9899978637695312,0.0001220459656110397
2023-11-09,0.8399999999999999,0.7899999999999991,0.02999999999999936,-0.009999999999999787,-0.21000000000000796,1.8220011901855457,-0.04999542236328125,0.00029072064939649226
2023-11-10,-1.1199999999999992,-1.9399999999999977,-0.019999999999999574,-0.010000000000000231,,-1.4970016479492188,-0.26000213623046875,
2023-11-13,0.5899999999999999,0.10999999999999943,0.040000000000000036,-0.009999999999999787,,1.341001129150392,7.680000305175781,
2023-11-14,-0.5999999999999996,-1.1099999999999994,0.03000000000000025,-0.03000000000000025,0.06999999999999318,-0.3449993896484358,-0.3600006103515625,-0.008831100923184712
2023-11-15,0.019999999999999574,1.2199999999999989,-0.010000000000000675,0.03000000000000025,-0.04999999999999716,-0.761002960205083,-1.9199981689453125,-0.0022695698179968043
2023-11-16,0.14000000000000057,3.020000000000003,-0.009999999999999787,-0.040000000000000036,-1.019999999999996,-1.217999725341791,-6.1100006103515625,0.0008297203823124699
2023-11-17,-0.5199999999999996,-2.1000000000000014,-0.05999999999999961,0.009999999999999787,0.519999999999996,-0.4949998474121102,-2.970001220703125,-0.0027080076262167773
2023-11-20,-0.39000000000000057,-1.4299999999999997,-0.03000000000000025,0.020000000000000018,0.4000000000000057,0.8869999694824173,1.9799957275390625,-0.004930723673943249
2023-11-21,-0.0600000000000005,-0.4799999999999969,0.019999999999999574,-0.04999999999999982,-1.0799999999999983,-1.8960005187988287,-2.2999954223632812,-0.00024285026487727346
2023-11-22,-0.5,4.239999999999995,-0.019999999999999574,0.009999999999999787,0.8900000000000006,0.46100250244140994,-1.220001220703125,0.0037865703930376874
2023-11-24,-0.3899999999999988,0.6200000000000045,0.019999999999999574,0.0,0.029999999999986926,2.0410003662109375,-4.1399993896484375,-0.0038996988696755313
2023-11-27,0.22999999999999865,0.519999999999996,0.0,-0.04999999999999982,0.04000000000000625,-2.6930003356933625,1.8799972534179688,-0.00031200145021760176
2023-11-28,0.0,-0.759999999999998,0.05999999999999961,0.010000000000000231,0.539999999999992,-1.250002899169921,0.75,-0.004859800508643007
2023-11-29,0.2900000000000009,-0.240000000000002,0.020000000000000462,-0.010000000000000231,-0.14999999999999147,-2.333997650146486,4.529998779296875,0.0018838273402827853
2023-11-30,-0.0600000000000005,-3.5,0.009999999999999787,0.020000000000000018,0.6400000000000006,1.6809989929199247,0.7300033569335938,0.003561623748039286
2023-12-01,-0.28999999999999915,-3.6999999999999957,0.020000000000000462,-0.009999999999999787,-1.0400000000000063,1.5249987792968724,-3.80999755859375,-0.0025063942795433853
2023-12-04,0.4499999999999993,2.3799999999999955,-0.019999999999999574,-0.010000000000000231,0.4099999999999966,-3.3119982910156196,6.739997863769531,0.0044115437012523144
2023-12-05,-0.23000000000000043,-1.7199999999999989,-0.030000000000001137,-0.040000000000000036,-0.10999999999999943,-2.1410006713867205,8.949996948242188,0.002641091793188795
2023-12-06,0.120000000000001,3.3599999999999994,-0.08999999999999897,-0.029999999999999805,0.030000000000001137,1.140000305175782,-2.2199935913085938,-0.002137370092505896
2023-12-07,0.08999999999999986,-1.8999999999999986,0.03999999999999915,0.029999999999999805,-0.14000000000000057,0.8949987792968699,4.760002136230469,0.0005631707240358664
2023-12-08,-0.7100000000000009,-1.5799999999999983,-0.03999999999999915,0.040000000000000036,-0.14000000000000057,-1.4199989318847628,-8.090003967285156,0.001320837772095685
2023-12-11,0.28000000000000114,-0.9400000000000048,0.0,-0.020000000000000018,-0.269999999999996,-2.2999995422363284,5.010002136230469,0.0013835987851575555
2023-12-12,-0.5600000000000005,1.0800000000000054,-0.05000000000000071,-0.029999999999999805,1.0400000000000063,-1.3950009155273406,-8.040000915527344,-0.0020379991955182717
2023-12-13,0.11999999999999922,0.21999999999999886,0.11000000000000032,0.0,-0.7900000000000063,1.149001159667968,-4.850006103515625,0.0039315495475323575
2023-12-14,0.2900000000000009,-2.6200000000000045,-0.03000000000000025,0.06000000000000005,0.7900000000000063,-1.0220018005371116,4.2700042724609375,-0.013200294363103552
2023-12-15,-0.20000000000000107,1.1500000000000057,-0.08000000000000007,0.0,-0.04999999999999716,-1.7109992980957038,-2.2900009155273438,0.0014199365963425696
2023-12-18,0.28000000000000114,1.9600000000000009,0.05000000000000071,-0.010000000000000231,0.9399999999999977,2.1830001831054666,2.7099990844726562,0.0014354364939095973
2023-12-19,-0.030000000000001137,-2.0500000000000043,-4.440892098500626e-16,-0.020000000000000018,-0.14000000000001478,-2.803998565673826,-3.4300003051757812,-0.003734755153059086
2023-12-20,1.1400000000000006,-0.060000000000002274,0.0,0.0,0.6400000000000006,0.9129991149902352,-3.1599960327148438,0.0006719477154520336
2023-12-21,-0.019999999999999574,0.46000000000000085,0.040000000000000036,0.0,-0.0899999999999892,0.6819992065429688,0.05999755859375,-0.0018981812219812557
2023-12-22,-0.620000000000001,-2.1199999999999974,0.03000000000000025,0.0,-0.20000000000000284,-0.08899932861327997,-0.5500030517578125,-0.0021335753269474443
2023-12-26,-0.03999999999999915,1.2100000000000009,0.040000000000000036,-0.009999999999999787,,0.03999999999999915,4.620002746582031,-0.001470897512516163
2023-12-27,-0.5600000000000005,0.8799999999999955,-0.04000000000000048,-0.03000000000000025,,1.2090007019042943,-1.470001220703125,-0.003493425370439542
2023-12-28,0.040000000000000924,1.0400000000000063,-0.009999999999999787,0.010000000000000231,0.36000000000001364,-2.32800094604492,-0.75,-0.0005276860078382319
2023-12-29,-0.02000000000000135,-0.23000000000000398,0.0699999999999994,0.0,-1.220000000000013,-0.785001068115232,0.8400039672851562,8.782626619039326e-05
2024-01-02,0.75,2.8299999999999983,-0.02999999999999936,0.04999999999999982,-0.18000000000000682,-1.7579979705810551,12.399993896484375,0.007133709751990451
2024-01-03,0.8399999999999999,-0.8299999999999983,-0.040000000000000036,-0.009999999999999787,-1.4099999999999824,2.212997665405272,-2.4499969482421875,0.0035754317806338904
2024-01-04,0.09000000000000163,-0.6400000000000006,0.03000000000000025,0.020000000000000018,-0.7999999999999972,0.35500167846679886,-3.4499969482421875,-0.0006267847901514472
2024-01-05,-0.7800000000000011,-1.509999999999998,0.03999999999999915,0.0,0.8999999999999915,1.2209988403320295,-4.930000305175781,-0.0019480460436664168
2024-01-08,-0.2699999999999996,0.7199999999999989,0.0,0.0,0.09999999999999432,-2.940998764038085,1.529998779296875,-0.0011515321928892194
2024-01-09,-0.3200000000000003,-0.6999999999999957,0.009999999999999787,0.0,1.1299999999999955,-1.4689991760253918,-2.8000030517578125,0.003482381514616139
2024-01-10,-0.07000000000000028,0.259999999999998,0.010000000000000675,0.0,1.3500000000000085,0.3009986877441406,-5.290000915527344,0.0007918873728551234
2024-01-11,-0.25,0.4299999999999997,0.050000000000000266,0.0,1.1699999999999875,-0.02499999999999858,-6.180000305175781,0.0010865711074754705
2024-01-12,0.2599999999999998,3.8599999999999994,0.10000000000000009,0.04999999999999982,-1.1099999999999852,-8.876000213623048,3.0600051879882812,-0.002987151465069302
2024-01-16,1.1400000000000006,-2.299999999999997,0.03000000000000025,0.029999999999999805,0.5700000000000074,7.615000915527343,6.930000305175781,0.008678580428846564
2024-01-17,0.9499999999999993,-1.2800000000000011,-0.09000000000000075,0.0,-1.430000000000021,-1.5579999542236322,-7.5800018310546875,0.0038432916640094004
2024-01-18,-0.6599999999999984,-1.0800000000000054,0.040000000000000036,0.040000000000000036,0.6300000000000239,0.16499946594238324,1.3600006103515625,-0.0012458166111169967
2024-01-19,-0.8300000000000001,-0.18999999999999773,-0.03999999999999915,0.0,0.29999999999998295,0.7160012054443357,-2.25,-0.0020311872367013415
2024-01-22,-0.11000000000000121,-0.0799999999999983,-0.020000000000000462,-0.029999999999999805,-0.5799999999999983,-0.8150009155273459,1.9000015258789062,-0.00021884921873617622
2024-01-23,-0.6399999999999988,-0.7199999999999989,0.08999999999999986,-0.020000000000000018,0.8800000000000097,0.16299934387207315,0.8299942016601562,0.0039906075640243855
2024-01-24,0.5899999999999999,-1.0,0.009999999999999787,0.009999999999999787,-0.6500000000000057,1.4020015716552727,-1.9199981689453125,-0.005037435365219011
2024-01-25,0.3099999999999987,1.1099999999999994,0.019999999999999574,-0.009999999999999787,-2.25,-1.2550004577636713,0.1100006103515625,0.002813661739872728
2024-01-26,-0.1899999999999995,-0.3200000000000003,-0.049999999999998934,0.009999999999999787,0.46999999999999886,0.4950000762939446,-5.659996032714844,-0.001770979272421145
2024-01-29,0.33999999999999986,1.5399999999999991,-0.020000000000000462,0.0,1.8499999999999943,0.04499931335449148,6.109992980957031,0.001958827169139009
2024-01-30,-0.28999999999999915,-0.13000000000000256,-0.09000000000000075,-0.040000000000000036,-0.8999999999999915,1.367000961303713,-2.0799942016601562,-0.002081536830771907
2024-01-31,1.0399999999999991,1.0600000000000023,0.02000000000000135,0.0,0.8599999999999994,0.9139998626708952,3.0199966430664062,-0.0014056017276331165
2024-02-01,-0.46999999999999886,-1.8699999999999974,-0.05000000000000071,-0.06999999999999984,1.1400000000000006,-1.204001388549802,6.6399993896484375,-0.0008273573301405465
2024-02-02,-0.030000000000001137,-0.5300000000000011,0.0,0.020000000000000018,-1.019999999999996,0.45300163269043026,-7.1999969482421875,0.004713245375744253
2024-02-05,-0.17999999999999972,-0.4200000000000017,0.040000000000000036,0.06000000000000005,-0.730000000000004,-1.073001251220706,1.9599990844726562,0.0036903914312610615
2024-02-06,-0.6099999999999994,-1.4200000000000017,-0.009999999999999787,-0.029999999999999805,0.539999999999992,0.28600074768066364,1.9199981689453125,-0.003220699765276308
2024-02-07,-0.23000000000000043,-1.7999999999999972,-0.020000000000000462,-0.010000000000000231,0.29000000000000625,-0.2609995269775389,-2.7399978637695312,-0.0004457055845278278
2024-02-08,-0.040000000000000924,0.4299999999999997,0.010000000000000675,0.010000000000000231,-0.5799999999999983,-0.1740005493164034,0.7399978637695312,0.0014455461891266484
2024-02-09,0.14000000000000057,0.7999999999999972,-8.881784197001252e-16,0.009999999999999787,-0.020000000000010232,-0.6949996948242188,-2.3899993896484375,-0.000337024637377941
2024-02-12,1.0,0.25,0.020000000000000462,-0.009999999999999787,0.21999999999999886,-1.4080004882812531,3.5699996948242188,-0.0008364438731340416
2024-02-13,1.92,-0.3200000000000003,-0.040000000000000036,0.04999999999999982,-0.09999999999999432,-0.14299926757812287,3.44000244140625,0.00480414026460212
2024-02-14,-1.4699999999999989,0.39000000000000057,0.040000000000000036,0.009999999999999787,0.8799999999999955,-0.47900047302246307,-1.25,-0.0009879780352824764
2024-02-15,-0.370000000000001,-0.7399999999999949,-0.02999999999999936,0.0,-1.4599999999999937,0.08899925231933636,0.1199951171875,-0.0015506224349666167
2024-02-16,0.23000000000000043,-1.1800000000000033,-0.020000000000000462,0.03000000000000025,-0.6300000000000097,-0.1639990997314449,-2.8899993896484375,-0.0005083292663675238
2024-02-20,1.1799999999999997,0.9699999999999989,0.019999999999999574,-0.010000000000000231,0.8300000000000125,-0.6040012359619134,1.8199996948242188,-0.0010785794850314491
2024-02-21,-0.08000000000000007,-0.759999999999998,8.881784197001252e-16,0.020000000000000018,-0.18000000000000682,-0.27099998474120923,3.25,0.00014872480897680328
2024-02-22,-0.8000000000000007,-0.5,-0.040000000000000924,-0.029999999999999805,0.3200000000000074,-0.8239984893798855,1.3199996948242188,0.0005294460061918959
2024-02-23,-0.7899999999999991,0.759999999999998,-0.04999999999999982,-0.010000000000000231,0.38000000000000966,-0.15900077819824077,-7.279998779296875,-0.0005377079153207284
2024-02-26,-0.009999999999999787,0.40000000000000213,0.0,0.010000000000000231,-1.1000000000000085,0.9450007629394541,2.4599990844726562,0.00018422436431701794
2024-02-27,-0.3100000000000005,-0.35999999999999943,0.019999999999999574,0.009999999999999787,-1.480000000000004,0.5129994201660146,0.03000640869140625,-0.0007809146518372799
2024-02-28,0.41000000000000014,-0.14000000000000057,0.020000000000000462,0.010000000000000231,0.6400000000000006,1.1369992828369142,-2.0900039672851562,0.0013490702096101428
2024-02-29,-0.4399999999999995,0.28999999999999915,-0.019999999999999574,0.0,0.7099999999999937,-0.8139997100830101,0.3899993896484375,0.0004490108630415348
2024-03-01,-0.2900000000000009,-0.4200000000000017,0.040000000000000036,-0.010000000000000231,-1.4300000000000068,1.1440002441406278,-2.6199951171875,-0.001414571642628396
2024-03-04,0.3800000000000008,-0.6099999999999994,-0.040000000000000924,0.020000000000000018,2.990000000000009,1.0660002136230453,3.089996337890625,-0.001150142488944221
2024-03-05,0.9700000000000006,-0.2799999999999976,-0.019999999999999574,-0.020000000000000018,-0.20000000000000284,0.5530001831054676,0.7600021362304688,0.0001042370715951853
2024-03-06,0.03999999999999915,-0.620000000000001,-0.02999999999999936,-0.020000000000000018,-0.19999999999998863,-1.0559999084472658,-5.0,-0.0034779473175758427
2024-03-07,-0.0600000000000005,0.0,0.02999999999999936,-0.020000000000000018,-1.440000000000012,-0.4699999237060517,0.1199951171875,-0.002277112111125468
2024-03-08,0.3000000000000007,0.07000000000000028,0.019999999999999574,0.0,0.2600000000000193,0.419999618530273,-4.569999694824219,-0.001797924336124612
2024-03-11,0.4800000000000004,-0.5300000000000011,-0.019999999999999574,-0.009999999999999787,-0.7600000000000193,-1.4619998931884766,5.75,0.0005366344814767485
2024-03-12,-1.3800000000000008,0.25,-0.009999999999999787,0.029999999999999805,0.5799999999999983,-0.18500068664550895,-5.269996643066406,0.0010607554005341317
2024-03-13,-0.08999999999999986,0.16000000000000014,0.0,0.0,-1.8699999999999903,0.44800025939941435,-4.3300018310546875,-0.0016874126878490322
2024-03-14,0.6500000000000004,1.990000000000002,0.03000000000000025,0.0,0.7199999999999989,1.135999908447264,1.6399993896484375,0.0023046971715979404
2024-03-15,0.009999999999999787,-1.740000000000002,-0.020000000000000462,0.020000000000000018,-0.5499999999999972,0.8569992828369166,-0.8499984741210938,0.001323962455899652
2024-03-18,-0.08000000000000007,0.03999999999999915,0.019999999999999574,-0.009999999999999787,-0.6600000000000108,1.6360014343261717,5.0500030517578125,0.0014516001063311142
2024-03-19,-0.5099999999999998,-0.5899999999999999,0.010000000000000675,-0.010000000000000231,0.18000000000000682,0.03399871826171719,-2.8800048828125,0.002964702364131955
2024-03-20,-0.7800000000000011,-0.3999999999999986,0.05999999999999961,0.010000000000000231,0.009999999999990905,-1.153998641967771,-7.269996643066406,-3.555745195675707e-05
2024-03-21,-0.11999999999999922,-1.2899999999999991,-0.03000000000000025,0.029999999999999805,-0.04999999999998295,-1.310000152587893,-1.9000015258789062,-0.0009952945648141738
2024-03-22,0.14000000000000057,-0.6099999999999994,-0.019999999999999574,0.010000000000000231,0.8400000000000034,1.4239986419677741,0.220001220703125,0.0031042270812504497
2024-03-25,0.129999999999999,0.5699999999999967,0.08000000000000007,-0.020000000000000018,0.0,0.7530012512207023,1.1999969482421875,-0.001277384566071057
2024-03-26,0.05000000000000071,-0.23999999999999844,-0.02999999999999936,-0.010000000000000231,-0.27000000000001023,-1.377000350952148,-1.6100006103515625,0.0003692632579173289
2024-03-27,-0.46000000000000085,-0.6499999999999986,-0.020000000000000462,0.0,-0.710000000000008,0.605000305175782,-4.349998474121094,-0.0005394841819505107
2024-03-28,0.23000000000000043,-0.33000000000000185,-0.04999999999999982,0.0,-0.5799999999999841,-0.45700012207031193,0.09999847412109375,0.0004511047184718937
2024-04-01,0.6400000000000006,1.379999999999999,0.0,0.03000000000000025,,,7.819999694824219,0.0037233335646161044
2024-04-02,0.9599999999999991,1.3900000000000006,0.04999999999999982,0.009999999999999787,,,2.3700027465820312,-0.001742865279370284
2024-04-03,-0.27999999999999936,0.03999999999999915,0.020000000000000462,0.0,2.700000000000003,-0.8499993896484384,1.30999755859375,-0.002341501041116789
2024-04-04,2.0200000000000014,3.0900000000000034,-0.02000000000000135,-0.020000000000000018,-1.4300000000000068,0.7229996490478499,-1.75,-0.0021382986386893873
2024-04-05,-0.3200000000000003,0.18999999999999773,0.0,0.03000000000000025,2.170000000000016,0.6000015258789091,-1.8199996948242188,0.001682070873945248
2024-04-08,-0.8400000000000016,-1.7899999999999991,-0.019999999999999574,0.009999999999999787,-0.6299999999999955,1.152000045776365,5.060005187988281,-0.0018924252804863873
2024-04-09,-0.20999999999999908,-1.6099999999999994,-0.019999999999999574,-0.020000000000000018,1.59999999999998,-0.6570011138915994,-0.6399993896484375,-0.0002576201955345797
2024-04-10,0.8200000000000003,1.1199999999999974,-0.040000000000000036,0.040000000000000036,-1.5,-0.32099945068359403,10.859992980957031,0.00716454241510143
2024-04-11,-0.8900000000000006,1.1900000000000013,0.04999999999999982,0.0,1.1099999999999994,2.5570004272460913,-0.7299957275390625,0.0002911414079570226
2024-04-12,2.3999999999999986,0.9199999999999982,-0.009999999999999787,-0.009999999999999787,0.9600000000000222,1.6149995422363297,3.9599990844726562,0.005579428045090137
2024-04-15,1.9200000000000017,3.4000000000000057,0.08000000000000007,0.040000000000000036,-2.030000000000001,0.3609992980957024,8.330001831054688,0.0011155903875893574
2024-04-16,-0.8300000000000018,-1.980000000000004,0.0,0.0,0.5099999999999909,2.0260002899169933,-1.5600051879882812,0.005688506895579244
2024-04-17,-0.18999999999999773,-0.6099999999999994,-0.040000000000000036,-0.040000000000000036,0.8200000000000074,-1.9700003814697276,-6.299995422363281,-0.0008344705882409304
2024-04-18,-0.21000000000000085,-1.6000000000000014,-8.881784197001252e-16,0.009999999999999787,-1.1200000000000045,0.9299985504150392,-4.629997253417969,-0.00015445748060161722
2024-04-19,0.7100000000000009,0.46000000000000085,-0.009999999999998899,0.010000000000000231,-0.6700000000000159,-1.3909986877441405,2.5999984741210938,0.0008597809957326436
2024-04-22,-1.7699999999999996,-2.16,0.0,0.0,-0.6899999999999835,-1.6579999542236337,-2.7000045776367188,-0.0003786026196427165
2024-04-23,-1.2500000000000018,-0.8399999999999999,0.09999999999999964,0.0,0.6400000000000006,-0.8429996490478509,-1.7099990844726562,-0.002752016110505861
2024-04-24,0.28000000000000114,0.17999999999999972,0.010000000000000675,0.0,0.8099999999999881,0.5909998321533187,3.3600006103515625,0.0013623076158040131
2024-04-25,-0.6000000000000014,-0.6999999999999993,-0.020000000000000462,0.009999999999999787,-1.75,0.8930002593994146,-1.6599960327148438,-0.0004199758819773718
2024-04-26,-0.33999999999999986,-0.5300000000000011,-0.03000000000000025,0.010000000000000231,1.3900000000000148,-0.8250002288818337,-4.150001525878906,0.000884511145587341
2024-04-29,-0.35999999999999943,0.030000000000001137,-0.04999999999999982,-0.020000000000000018,-0.3900000000000148,-1.04200019836426,1.0199966430664062,-0.0032766881190249677
2024-04-30,0.9800000000000004,0.030000000000001137,-0.009999999999999787,0.0,0.5600000000000165,0.9940005493164072,2.0400009155273438,0.003587342594052958
2024-05-01,-0.2599999999999998,0.8299999999999983,0.019999999999999574,-0.03000000000000025,-1.8900000000000148,-0.3380004882812493,-6.819999694824219,0.0002560953761953744
2024-05-02,-0.7100000000000009,-1.0500000000000007,0.040000000000000036,-0.009999999999999787,1.3700000000000045,2.153000564575194,0.05999755859375,-0.004712885044468954
2024-05-03,-1.1899999999999995,0.4400000000000013,-0.019999999999999574,-0.020000000000000018,-0.27000000000001023,-0.3950002288818375,-4.739997863769531,-0.002460587096408829
2024-05-06,0.0,0.48999999999999844,-0.020000000000000462,0.0,,1.0630007171630886,-1.4599990844726562,-0.002017795305583232
2024-05-07,-0.2599999999999998,-0.75,-0.020000000000000462,-0.03000000000000025,,-0.804001159667969,3.5400009155273438,0.001653385451020048
2024-05-08,-0.23000000000000043,0.08000000000000185,-0.009999999999998899,-0.009999999999999787,-0.8499999999999943,-0.5180001831054675,-2.4599990844726562,0.000815439023168057
2024-05-09,-0.3100000000000005,0.03999999999999915,0.009999999999999787,0.009999999999999787,0.539999999999992,0.236000518798825,-1.7300033569335938,-0.00023899556498709518
2024-05-10,-0.1399999999999988,-0.07000000000000028,-0.020000000000000462,0.020000000000000018,1.1700000000000017,-0.9460004425048822,0.3800048828125,-0.001223700626209978
2024-05-13,1.049999999999999,0.16000000000000014,8.881784197001252e-16,-0.009999999999999787,-1.1099999999999852,-0.42100021362304574,11.1199951171875,9.916403091076173e-05
2024-05-14,-0.17999999999999972,-0.029999999999997584,0.009999999999999787,0.0,-1.0900000000000176,0.06100151062011605,1.2000045776367188,-0.0008239336367444951
2024-05-15,-0.9700000000000006,0.05999999999999872,-0.010000000000000675,-0.020000000000000018,-1.6299999999999955,0.08499862670898395,-12.770004272460938,-0.004696656404182343
2024-05-16,-0.02999999999999936,-0.990000000000002,-0.03000000000000025,0.0,1.0500000000000114,0.31399993896484446,-1.9499969482421875,-0.0010775920860675102
2024-05-17,-0.4299999999999997,0.9800000000000004,-0.009999999999999787,0.009999999999999787,-0.22000000000001307,0.40099990844726463,-2.4800033569335938,9.733604452139768e-05
2024-05-20,0.16000000000000014,-0.16999999999999815,0.03000000000000025,0.010000000000000231,-0.060000000000002274,0.919000549316408,-1.220001220703125,-5.36161406158135e-05
2024-05-21,-0.2900000000000009,-0.5100000000000016,-0.03000000000000025,-0.010000000000000231,0.04000000000000625,1.236001968383789,-2.7900009155273438,0.0012398593227011584
2024-05-22,0.4299999999999997,0.33000000000000185,-0.020000000000000462,0.010000000000000231,0.18999999999999773,1.3949983215332047,-2.8499984741210938,0.001374084040254438
2024-05-23,0.4800000000000004,0.9499999999999993,-0.009999999999999787,-0.03000000000000025,1.0300000000000011,0.7090007019042943,3.660003662109375,0.0016564331951807367
2024-05-24,-0.8399999999999999,-1.1000000000000014,-0.02999999999999936,0.020000000000000018,-1.3400000000000034,-0.692998962402342,-2.5800018310546875,-0.0010724637160756604
2024-05-28,0.9900000000000002,-0.029999999999997584,0.0699999999999994,0.020000000000000018,0.0,-0.6510012817382815,6.099998474121094,-0.0015404418320242596
2024-05-29,1.3599999999999994,-0.7600000000000016,0.05000000000000071,0.020000000000000018,0.8200000000000074,0.43500122070312486,3.779998779296875,0.0060272578223697915
2024-05-30,0.19000000000000128,2.469999999999999,-0.020000000000000462,0.0,1.2000000000000028,1.6429997253417987,-2.3600006103515625,-0.001671280827415375
2024-05-31,-1.5500000000000007,1.1000000000000014,-0.009999999999999787,-0.009999999999999787,-1.0200000000000102,-0.879001770019535,0.0500030517578125,0.0011300589054429192
2024-06-03,0.1899999999999995,0.5,-0.03000000000000025,-0.020000000000000018,-0.25,1.0210003662109415,2.779998779296875,0.002069144841557218
2024-06-04,0.05000000000000071,-0.25,-0.02999999999999936,-0.020000000000000018,-0.12999999999999545,-2.2469990539550793,6.19000244140625,0.003057823103908545
2024-06-05,-0.5299999999999994,-1.4100000000000001,0.009999999999999787,-0.010000000000000231,-0.730000000000004,-0.13200134277343878,2.3199996948242188,-0.0015632425169140659
2024-06-06,-0.05000000000000071,-1.4699999999999989,-0.009999999999999787,-0.020000000000000018,0.7700000000000102,0.3010012817382801,-1.44000244140625,-0.0013278609346926843
2024-06-07,-0.35999999999999943,-1.2899999999999991,-8.881784197001252e-16,0.020000000000000018,0.4899999999999949,-0.7369996643066408,-9.169998168945312,0.009577973052765705
2024-06-10,0.5199999999999996,-0.7300000000000004,0.040000000000000036,0.010000000000000231,-0.75,0.9989982604980483,2.3400039672851562,0.002937832846266082
2024-06-11,0.10999999999999943,-0.15000000000000213,-0.019999999999999574,-0.040000000000000036,0.4300000000000068,-0.07299957275390767,3.1099929809570312,0.0009873062588491345
2024-06-12,-0.8100000000000005,-0.7399999999999984,-0.020000000000000462,-0.04999999999999982,-0.3100000000000165,0.9189988708496131,-5.5399932861328125,-0.0016573581927592305
2024-06-13,-0.09999999999999964,-0.3500000000000014,8.881784197001252e-16,-0.010000000000000231,0.8700000000000045,0.44000030517577926,0.1999969482421875,0.0015654443530504012
2024-06-14,0.7200000000000006,0.26000000000000156,-0.03000000000000025,-0.040000000000000036,0.25,-0.31399841308594034,8.230003356933594,0.0011756985538752373
2024-06-17,0.08999999999999986,-0.5399999999999991,0.0,0.050000000000000266,-0.9599999999999937,-0.9100015258789043,-1.0900039672851562,0.0005603675384670771
2024-06-18,-0.4499999999999993,-0.4400000000000013,-8.881784197001252e-16,-0.010000000000000231,1.0,0.5600016784667972,-1.0800018310546875,-0.0021062257450544584
2024-06-20,0.9799999999999986,0.5,0.020000000000000462,0.040000000000000036,0.45999999999999375,-0.1960000610351571,-3.8499984741210938,0.0017278510610517334
2024-06-21,-0.08000000000000007,0.509999999999998,0.0,-0.020000000000000018,2.1300000000000097,-0.5779998779296882,-0.0500030517578125,-0.0006717664245380249
2024-06-24,0.13000000000000078,0.6800000000000033,-0.009999999999999787,-0.009999999999999787,-0.5900000000000034,0.004001007080081109,1.1100006103515625,-0.00319666353914815
2024-06-25,-0.4900000000000002,0.3299999999999983,0.040000000000000036,0.0,0.7199999999999989,0.742998809814452,1.7700042724609375,0.0018509685314297387
2024-06-26,-0.28999999999999915,0.48999999999999844,0.03000000000000025,0.03999999999999959,-1.269999999999996,-0.8689993286132811,0.94000244140625,0.0025648508813084724
2024-06-27,-0.3100000000000005,0.0400000000000027,-0.020000000000000462,0.0,0.38999999999998636,0.6409973144531271,-2.220001220703125,0.0006267148881766788
2024-06-28,0.1999999999999993,0.259999999999998,0.0600000000000005,0.020000000000000018,0.4700000000000131,0.0450009155273392,2.899993896484375,-0.0010267627060674836
2024-07-01,-0.21999999999999886,0.75,0.0600000000000005,0.040000000000000036,-2.5600000000000165,-0.7849989318847648,7.640007019042969,0.0020621134311394557
2024-07-02,-0.19000000000000128,-1.4699999999999989,-0.02000000000000135,-0.020000000000000018,2.3200000000000074,0.35000076293945526,1.279998779296875,-0.001406987895640001
2024-07-03,0.0600000000000005,-1.1999999999999993,-0.03999999999999915,-0.029999999999999805,-1.1299999999999955,-0.9539994812011727,-4.680000305175781,-0.004151278694747915
2024-07-05,0.39000000000000057,-0.8399999999999999,0.03000000000000025,0.009999999999999787,1.1599999999999966,0.37599945068359375,-4.0500030517578125,-0.002431518712433606
2024-07-08,-0.11000000000000121,0.029999999999997584,-0.020000000000000462,-0.009999999999999787,-0.6999999999999886,-0.8610020446777362,-0.8199996948242188,-0.000960970573129798
2024-07-09,0.14000000000000057,0.38000000000000256,0.019999999999999574,-0.010000000000000231,0.1799999999999926,-1.2710002136230472,-2.339996337890625,0.0004011919100578399
2024-07-10,0.33999999999999986,-0.17999999999999972,-0.019999999999999574,0.010000000000000231,-0.5400000000000063,-0.5309986877441375,-2.6500015258789062,-0.0017648260882614673
2024-07-11,0.07000000000000028,0.0,0.040000000000000036,-0.020000000000000018,-0.5900000000000034,0.4979991149902325,-3.3000030517578125,-0.003419279347439129
2024-07-12,-0.4599999999999991,0.10999999999999943,0.02999999999999936,-0.009999999999999787,1.2900000000000063,0.6670003509521472,-2.8799972534179688,-0.002680159869087393
2024-07-15,0.6599999999999984,-0.2900000000000027,0.0600000000000005,0.029999999999999805,-0.6599999999999966,-0.29799957275390554,7.709999084472656,0.0015856367351051953
2024-07-16,0.07000000000000028,0.5800000000000018,-0.04999999999999982,-0.010000000000000231,1.4799999999999898,1.446000595092773,-0.6299972534179688,0.0007474697844889538
2024-07-17,1.290000000000001,0.870000000000001,0.0,0.0,-3.079999999999984,-0.7840012359619131,-2.8700027465820312,-0.0016995295318619364
2024-07-18,1.4499999999999993,0.3999999999999986,0.0,0.050000000000000266,0.4899999999999949,0.761000137329102,0.970001220703125,0.00222495076681257
2024-07-19,0.5899999999999999,1.1499999999999986,0.019999999999999574,0.009999999999999787,1.6699999999999875,-0.38400161743163963,2.3199996948242188,0.002895855001232643
2024-07-22,-1.6099999999999994,0.0,0.0,-0.020000000000000018,-1.5699999999999932,-0.6409974670410179,0.15999603271484375,0.0005698880105139126
2024-07-23,-0.1899999999999995,-0.08999999999999986,0.08999999999999986,-0.009999999999999787,1.7700000000000102,-0.15700096130370866,0.5900039672851562,0.001355223107524229
2024-07-24,3.3199999999999985,0.11000000000000298,0.0600000000000005,-0.010000000000000231,0.269999999999996,1.1289986419677724,-0.23000335693359375,0.001402759908617987
2024-07-25,0.4200000000000017,-0.360000000000003,-0.05000000000000071,0.0,-1.0800000000000125,-0.8419990539550781,4.2700042724609375,-0.00023392655541365086
2024-07-26,-2.0700000000000003,3.280000000000001,-0.019999999999999574,-0.009999999999999787,-0.37999999999999545,0.7159991455078121,-1.3199996948242188,0.001160191488897831
2024-07-29,0.21000000000000085,1.0500000000000007,-0.03000000000000025,-0.020000000000000018,0.9000000000000057,1.4780026245117206,0.8899993896484375,0.003770616933670253
2024-07-30,1.0899999999999999,0.6699999999999982,-0.009999999999998899,0.0,-0.5799999999999983,0.57799896240234,1.7699966430664062,0.0011778218261956673
2024-07-31,-1.3300000000000018,2.1999999999999993,-8.881784197001252e-16,-0.009999999999999787,-1.0600000000000023,1.3769999694824264,-1.0099945068359375,-0.005229059021438898
2024-08-01,2.2300000000000004,-0.269999999999996,0.03000000000000025,-0.040000000000000036,1.6000000000000085,1.091001739501948,2.4099960327148438,0.001874698031865363
2024-08-02,4.800000000000001,5.409999999999997,0.08999999999999986,-0.16000000000000014,-0.27000000000001023,-0.2600035095214821,10.44000244140625,-0.0032441543565210388
2024-08-05,15.18,4.800000000000004,-0.03000000000000025,0.029999999999999805,-0.30999999999998806,-1.090997161865232,8.959999084472656,0.0008953769681613339
2024-08-06,-10.86,-3.210000000000001,0.020000000000000018,0.050000000000000266,-1.0300000000000011,1.1779975891113281,-1.9800033569335938,0.0006026730551758869
2024-08-07,0.14000000000000057,-2.4100000000000037,0.050000000000000266,-0.010000000000000231,-0.44000000000001194,1.6450015258789037,-6.549995422363281,-0.0006746945321731631
2024-08-08,-4.060000000000002,-3.239999999999995,-0.009999999999999787,0.010000000000000231,1.5400000000000063,1.7540010070800776,-2.2700042724609375,-0.0009975047018375444
2024-08-09,-3.419999999999998,-1.4000000000000057,-0.06000000000000005,-0.020000000000000018,-0.3300000000000125,0.21099868774414432,-2.1599960327148438,-0.004213109714409773
2024-08-12,0.33999999999999986,1.8000000000000043,0.0,0.009999999999999787,-1.1799999999999926,-0.8979989624023474,10.0,0.0023790576246966516
2024-08-13,-2.59,-1.9100000000000037,0.029999999999999805,-0.020000000000000018,1.0900000000000034,-0.23800140380858892,0.18000030517578125,-0.0016715742921993185
2024-08-14,-1.9299999999999997,-1.7499999999999964,-0.029999999999999805,-0.029999999999999805,0.980000000000004,-0.5330004882812531,-12.100006103515625,-0.004766059812205396
2024-08-15,-0.9600000000000009,-0.370000000000001,-0.050000000000000266,0.06000000000000005,-0.25,0.624002685546877,-2.5999984741210938,0.0012627846361281416
2024-08-16,-0.4299999999999997,-0.14000000000000057,-0.009999999999999343,-0.040000000000000036,0.0799999999999983,0.22299926757812472,-0.9300003051757812,-0.0015282783395643438
2024-08-19,-0.15000000000000036,1.0300000000000011,-0.03000000000000025,-0.010000000000000231,1.7600000000000051,0.09100021362304744,7.319999694824219,-0.004244385680456125
2024-08-20,1.2300000000000004,0.01999999999999602,0.02999999999999936,0.0,-1.690000000000012,-1.9480004882812523,1.44000244140625,-0.0008700948952307622
2024-08-21,0.3899999999999988,0.6500000000000057,0.04000000000000048,0.0,2.4299999999999926,-0.9070024108886727,-0.19000244140625,0.0006624900755916662
2024-08-22,1.2800000000000011,-0.9700000000000024,-4.440892098500626e-16,0.03000000000000025,-0.9299999999999926,-0.2129965209960929,-2.8799972534179688,0.0041692643315784355
2024-08-23,-1.6900000000000013,-1.1900000000000013,0.04000000000000048,0.029999999999999805,-0.5599999999999881,0.3859971618652338,-2.8700027465820312,-0.007406247313635343
2024-08-26,0.28999999999999915,0.4499999999999993,-4.440892098500626e-16,0.020000000000000018,,0.4829992675781227,1.0300064086914062,0.001929641896039208
2024-08-27,-0.7199999999999989,0.26000000000000156,0.0900000000000003,0.0,,1.2530009460449278,2.55999755859375,0.0014197648564600839
2024-08-28,1.6799999999999997,0.8699999999999974,0.009999999999999787,0.0,-0.45999999999999375,-0.14899871826172273,-0.45999908447265625,0.0002223484849876985
2024-08-29,-1.459999999999999,-0.3099999999999987,-0.009999999999999787,0.010000000000000231,0.0999999999999801,0.1210012817382804,-2.0600051879882812,0.002777237951740316
2024-08-30,-0.6500000000000004,1.5500000000000007,0.0,-0.010000000000000231,1.0300000000000153,1.1420001220703142,1.0699996948242188,0.0007597333529751033
2024-09-03,5.719999999999999,2.0,-0.040000000000000036,-0.040000000000000036,-0.5000000000000142,-2.6300010681152344,6.430000305175781,0.0037118480134529356
2024-09-04,0.6000000000000014,2.5900000000000034,0.050000000000000266,-0.040000000000000036,-0.6199999999999903,-1.5150004577636693,4.950004577636719,-0.0021745209764698166
2024-09-05,-1.4200000000000017,-1.3400000000000034,-0.03000000000000025,-0.040000000000000036,-0.18000000000000682,0.4269993591308534,-4.340003967285156,-0.0004988412861534103
2024-09-06,2.4800000000000004,0.9699999999999989,0.08000000000000007,0.0,-0.14000000000000057,0.21400039672851534,-7.569999694824219,0.0003739502085607052
2024-09-09,-2.9299999999999997,-0.5799999999999983,-0.040000000000000036,0.010000000000000231,-1.519999999999996,0.9140000915527366,-2.6299972534179688,0.0017657999806276578
2024-09-10,-0.370000000000001,3.229999999999997,0.040000000000000036,-0.020000000000000018,0.8900000000000006,-2.150998687744142,3.75,0.0023725942840667727
2024-09-11,-1.389999999999997,-2.469999999999999,-0.03000000000000025,0.020000000000000018,-1.5499999999999972,0.8599967956542969,-4.569999694824219,-0.0018854073714483022
2024-09-12,-0.620000000000001,-1.6899999999999977,0.010000000000000231,0.009999999999999787,1.8599999999999994,-0.9509963989257812,-5.760002136230469,-0.0027167713006032547
2024-09-13,-0.5100000000000016,-0.8500000000000014,0.050000000000000266,0.03000000000000025,0.1700000000000017,0.33699691772461193,2.5699996948242188,-0.006449906709724591
2024-09-16,0.5800000000000018,-0.509999999999998,-0.020000000000000462,0.009999999999999787,-1.230000000000004,-1.5469975280761723,0.6200027465820312,-0.0012954824028469265
2024-09-17,0.46999999999999886,0.5799999999999983,-0.009999999999999787,0.03000000000000025,-0.46999999999999886,1.3659996032714865,0.3600006103515625,0.0008679531290787527
2024-09-18,0.620000000000001,0.8999999999999986,0.03000000000000025,0.0,0.2599999999999909,-0.282001953125004,-2.970001220703125,-0.0003396871867372566
2024-09-19,-1.9000000000000021,-2.469999999999999,0.04999999999999982,0.04999999999999982,0.4200000000000159,-2.0919987487792966,-5.970001220703125,-0.0021073209381082723
2024-09-20,-0.17999999999999972,-1.5,0.040000000000000036,-0.020000000000000018,0.1699999999999875,1.4010000610351554,-1.6399993896484375,0.0008182568126507424
2024-09-23,-0.259999999999998,2.1700000000000017,0.0,0.020000000000000018,0.38000000000000966,1.5669982910156293,2.8700027465820312,0.00020672430587292511
2024-09-24,-0.5,-0.6300000000000026,0.06999999999999984,0.020000000000000018,-0.6700000000000017,-1.0080003356933602,-0.5699996948242188,-0.002483516654585632
2024-09-25,0.019999999999999574,0.6400000000000006,0.010000000000000231,-0.009999999999999787,2.030000000000001,1.8960020446777364,-1.660003662109375,0.002602096170936612
2024-09-26,-0.040000000000000924,5.359999999999999,-0.07000000000000028,-0.020000000000000018,-0.20000000000000284,0.5509991455078094,-1.5,-0.0030199195648855826
2024-09-27,1.5900000000000016,-0.14000000000000057,0.010000000000000231,-0.010000000000000231,-1.8700000000000045,0.33399902343749943,2.3899993896484375,0.000269210570535411
2024-09-30,-0.23000000000000043,0.240000000000002,-0.050000000000000266,0.03000000000000025,0.6899999999999977,0.8100003051757838,2.0800018310546875,0.0014463848064527006
2024-10-01,2.530000000000001,3.009999999999998,-0.019999999999999574,0.009999999999999787,1.2900000000000063,0.20900009155273125,9.529998779296875,0.003306522832521459
2024-10-02,-0.360000000000003,3.6500000000000057,0.029999999999999805,0.020000000000000018,-0.769999999999996,-0.7559982299804702,-1.970001220703125,-0.0009512436973895081
2024-10-03,1.5899999999999999,7.979999999999997,-0.010000000000000231,0.0,-0.8800000000000097,1.3149981689453156,-1.0099945068359375,0.004491741178162869
2024-10-04,-1.2799999999999976,-8.130000000000003,-0.10000000000000009,0.020000000000000018,1.1499999999999915,1.3280007934570293,-1.0100021362304688,0.0008185336100793635
2024-10-07,3.4299999999999997,1.9500000000000028,-0.009999999999999787,0.040000000000000036,-0.4099999999999966,-0.7560000610351523,24.080001831054688,0.001671001248028715
2024-10-08,-1.2199999999999989,4.030000000000001,0.020000000000000018,0.0,-0.04999999999999716,-1.3250007629394531,-0.4600067138671875,0.0019454354109097612
2024-10-09,-0.5600000000000023,-3.5500000000000043,0.009999999999999343,0.020000000000000018,-0.7199999999999847,-0.4979991149902361,-1.3799972534179688,0.0017886775644703823
2024-10-10,0.07000000000000028,3.5600000000000023,0.04000000000000048,0.040000000000000036,-0.21999999999999886,2.1219996643066423,-5.8300018310546875,0.0017318682645283852
2024-10-11,-0.46999999999999886,0.3200000000000003,0.020000000000000018,0.0,1.1699999999999875,-0.46399765014648864,1.910003662109375,-0.0009314211428118005
2024-10-14,-0.7600000000000016,-1.0600000000000023,,,,,,
2024-10-15,0.9400000000000013,-2.979999999999997,,,,,,
2024-10-16,-1.0600000000000023,-0.7999999999999972,0.009999999999999343,-0.009999999999999787,0.21999999999999886,-0.571998443603519,-5.370002746582031,0.0033228838520624935
2024-10-17,-0.46999999999999886,-0.9600000000000009,0.04000000000000048,0.029999999999999805,0.4299999999999926,0.42900039672851875,0.279998779296875,0.0015215554567784178
2024-10-18,-1.0799999999999983,0.3399999999999963,0.0,0.010000000000000231,-0.14000000000000057,-0.07600296020508068,0.9899978637695312,-0.0015619037431922654
2024-10-21,0.33999999999999986,-0.3999999999999986,0.040000000000000924,0.0,-0.8399999999999892,0.879999694824221,5.819999694824219,0.004486424679884856
2024-10-22,-0.1700000000000017,0.8699999999999974,-8.881784197001252e-16,0.020000000000000018,0.6199999999999903,0.6800003051757812,0.30999755859375,-0.0005223266637132512
2024-10-23,1.0399999999999991,0.09000000000000341,0.0,-0.020000000000000018,0.5600000000000023,0.5360025024414057,-0.209991455078125,0.0022673288884366384
2024-10-24,-0.16000000000000014,-1.1200000000000045,-0.03000000000000025,-0.010000000000000231,0.37999999999999545,0.6339982604980463,-1.5699996948242188,-0.001447799621932812
2024-10-25,1.25,2.3100000000000023,0.0,-0.009999999999999787,-0.0899999999999892,1.4690011596679682,0.9199905395507812,0.0007851537313602992
2024-10-28,-0.5299999999999976,-6.009999999999998,0.020000000000000462,0.0,0.6199999999999903,-1.0939994812011733,2.5200042724609375,0.0015804790512654533
2024-10-29,-0.46000000000000085,-0.490000000000002,0.009999999999999787,0.009999999999999787,-0.6099999999999994,0.5599984741210946,0.9499969482421875,0.0004293688344196453
2024-10-30,1.0100000000000016,-1.3399999999999963,-0.03000000000000025,0.040000000000000036,0.6899999999999977,-2.1759996032714852,-1.0699920654296875,-0.0003676757765915848
2024-10-31,2.8099999999999987,7.659999999999997,-0.019999999999999574,-0.009999999999999787,-0.6299999999999955,-0.10499862670898352,4.3799896240234375,-0.00013220407039531213
2024-11-01,-1.2800000000000011,-4.649999999999999,0.040000000000000036,0.0,0.14999999999999147,-1.0130020141601577,-2.5999908447265625,7.051101256739381e-05
2024-11-04,0.10000000000000142,1.6099999999999994,-0.020000000000000462,-0.050000000000000266,-0.7599999999999909,1.195999450683594,3.6699981689453125,-0.0017425973112730829
2024-11-05,-1.490000000000002,-0.14000000000000057,-0.07000000000000028,-0.009999999999999787,1.6599999999999966,-0.07899810791015227,-5.82000732421875,-0.0002978203346602387
2024-11-06,-4.219999999999999,-0.8699999999999974,0.08000000000000096,0.10999999999999988,-0.18000000000000682,-0.2840000915527341,-12.789993286132812,0.009193025410635228
2024-11-07,-1.0700000000000003,-2.190000000000005,-0.05000000000000071,-0.04999999999999982,-1.4999999999999858,1.1980004882812452,-13.55999755859375,-0.007413843926079952
2024-11-08,-0.2599999999999998,-3.789999999999999,-0.05999999999999961,0.020000000000000018,0.3100000000000023,1.4129994201660168,-4.230003356933594,0.006439649648513026
2024-11-11,0.030000000000001137,-1.019999999999996,,,,1.319000244140625,,
2024-11-12,-0.2599999999999998,-3.4200000000000017,,,,-0.1829995727539071,,
2024-11-13,-0.6900000000000013,2.799999999999997,0.08000000000000096,0.0,-0.030000000000001137,-0.7290007019042974,-6.470001220703125,0.001426694559734518
2024-11-14,0.2900000000000009,-6.219999999999999,-0.08000000000000096,-0.020000000000000018,0.30000000000001137,2.5079986572265653,-2.6500015258789062,0.00034887562780344585
2024-11-15,1.83,4.170000000000002,0.03000000000000025,0.0,1.7199999999999989,0.7869996643066415,3.0400009155273438,-0.0009193092200632624
2024-11-18,-0.5600000000000005,1.8200000000000003,0.009999999999999787,0.009999999999999787,-1.230000000000004,-0.08099716186523409,-0.45999908447265625,-0.0022115340903372583
2024-11-19,0.7700000000000014,0.39000000000000057,-0.009999999999999787,0.0,-0.3200000000000074,-1.2520022583007844,3.1100006103515625,-0.0016213192360154081
2024-11-20,0.8099999999999987,-0.5399999999999991,-0.019999999999999574,0.010000000000000231,0.5100000000000051,0.908002166748048,1.5699996948242188,0.003795023020490047
2024-11-21,-0.28999999999999915,0.1699999999999946,-0.010000000000000675,-0.010000000000000231,-0.37999999999999545,0.9869999694824187,-4.790000915527344,0.0017693983820574709
2024-11-22,-1.6300000000000008,-1.1699999999999946,-0.04999999999999982,0.0,-0.28000000000001535,-0.8549998474121026,-2.7600021362304688,0.002879300461683281
2024-11-25,-0.6400000000000006,1.6999999999999957,0.019999999999999574,-0.04999999999999982,0.44000000000001194,0.3450001525878861,0.8199996948242188,-0.003744315991841603
2024-11-26,-0.5,1.3000000000000043,0.03000000000000025,-0.010000000000000231,0.6500000000000057,-0.9270021057128872,-0.779998779296875,0.0034218382300084515
2024-11-27,0.0,-1.740000000000002,-0.03000000000000025,-0.020000000000000018,-0.6300000000000097,-0.653998565673831,-1.44000244140625,-0.004795278108526918
2024-11-29,-0.5899999999999999,-2.049999999999997,-0.009999999999999787,0.0,1.019999999999996,1.0489997863769531,-2.5199966430664062,-0.0018997615424479787
2024-12-02,-0.16999999999999993,-0.240000000000002,-0.02999999999999936,0.0,-1.4399999999999835,1.183997955322269,2.589996337890625,0.004315220702886462
2024-12-03,-0.03999999999999915,-0.1600000000000037,0.040000000000000036,0.020000000000000018,0.18999999999998352,0.012000427246093182,-2.2099990844726562,-0.0013436519200705657
2024-12-04,0.14999999999999858,-0.7299999999999969,0.0,0.010000000000000231,1.220000000000013,-1.3209977722167991,-3.3499984741210938,-0.001569484690195975
2024-12-05,0.08999999999999986,-4.370000000000001,-0.040000000000000924,-0.040000000000000036,-0.6700000000000017,-0.6950027465820341,-0.7699966430664062,-0.0025973014687991356
2024-12-06,-0.7699999999999996,1.5300000000000011,0.030000000000001137,-0.009999999999999787,0.0,0.04900085449219205,-8.280006408691406,0.0020496489824287827
2024-12-09,1.42,-3.280000000000001,0.019999999999999574,0.029999999999999805,-0.12000000000000455,-1.8449999999999989,2.4300003051757812,-0.0007098692251581066
2024-12-10,-0.009999999999999787,0.9100000000000001,-8.881784197001252e-16,0.020000000000000018,-0.28999999999999204,0.8469985961914048,4.470001220703125,0.0028309447508076345
2024-12-11,-0.5999999999999996,3.379999999999999,0.040000000000000036,0.009999999999999787,-0.980000000000004,-0.8579978942871094,-7.6999969482421875,-0.0008565621493805641
2024-12-12,0.33999999999999986,1.6500000000000021,0.030000000000001137,0.020000000000000018,-0.5400000000000063,-2.1099993896484364,0.26000213623046875,0.0008455347328600672
2024-12-13,-0.10999999999999943,1.2800000000000011,0.009999999999999787,0.010000000000000231,0.0799999999999983,-1.619000701904298,3.0,0.0027844960987646757
2024-12-16,0.879999999999999,-1.5100000000000051,-0.010000000000000675,-0.010000000000000231,-0.0799999999999983,-0.6579997253417957,5.219993591308594,-0.0003213156844232049
2024-12-17,1.1799999999999997,-2.6999999999999957,0.010000000000000675,-0.009999999999999787,-0.4200000000000017,1.8079981994628866,-0.45999908447265625,0.0018494900727945441
2024-12-18,11.750000000000002,1.8900000000000006,0.0,0.009999999999999787,0.9200000000000017,-1.217998657226559,-3.2099990844726562,0.0010778139529544813
2024-12-19,-3.530000000000001,-2.1000000000000014,0.09999999999999964,-0.029999999999999805,-0.11999999999999034,1.930999145507812,3.2000045776367188,0.007763471260169819
2024-12-20,-5.73,-1.2300000000000004,-0.03000000000000025,0.0,-0.1700000000000017,1.1020019531249972,1.339996337890625,-0.005797397904081922
2024-12-23,-1.5799999999999983,0.8900000000000006,0.07000000000000028,0.029999999999999805,-0.8599999999999994,1.624997100830079,4.099998474121094,0.003193662546373632
2024-12-24,-2.5100000000000016,0.19000000000000128,0.009999999999999787,0.03000000000000025,0.009999999999990905,0.1260008239746071,1.0999984741210938,0.0002774316394288636
2024-12-26,0.46000000000000085,-0.33999999999999986,-0.019999999999999574,0.0,,-0.00999999999999801,-1.75,-3.7402024233234016e-05
2024-12-27,1.2199999999999989,0.1999999999999993,0.03000000000000025,-0.010000000000000231,,2.0500000000000043,-0.399993896484375,0.0009120545652953964
2024-12-30,1.4499999999999993,0.5599999999999987,-8.881784197001252e-16,-0.029999999999999805,0.01999999999999602,-0.5779995727539102,4.279998779296875,0.002880238940197821
2024-12-31,-0.04999999999999716,-0.75,0.020000000000000462,0.029999999999999805,-0.36999999999999034,1.2460005187988301,-0.279998779296875,0.003541294218428765
2025-01-02,0.5799999999999983,-0.4800000000000004,-0.009999999999999787,0.0,0.20999999999999375,1.1339988708496094,-2.1300048828125,0.0014091515229247187
2025-01-03,-1.8000000000000007,0.4400000000000013,-8.881784197001252e-16,0.0,-0.269999999999996,-0.4009971618652344,-3.3199996948242188,-4.866493919978076e-05
2025-01-06,-0.08999999999999986,-0.6700000000000017,0.020000000000000462,0.0,0.8799999999999955,-2.9460014343261705,4.540000915527344,-0.007097162835106329
2025-01-07,1.7800000000000011,1.7800000000000011,0.03000000000000025,0.040000000000000036,-0.10999999999998522,0.3979988098144531,4.8899993896484375,0.0005833148782356667
2025-01-08,-0.120000000000001,0.46999999999999886,0.019999999999999574,0.020000000000000018,0.5300000000000011,-1.8650009155273466,-2.0199966430664062,0.0036128510745258896
2025-01-10,1.8399999999999999,2.349999999999998,-0.020000000000000462,0.03000000000000025,-0.8900000000000006,-0.9309986877441432,-4.19000244140625,0.006085483294172595
2025-01-13,-0.34999999999999787,0.07000000000000028,0.020000000000000462,0.020000000000000018,0.6299999999999955,2.983002166748051,6.94000244140625,0.0013458625996873865
2025-01-14,-0.4800000000000004,-0.46999999999999886,0.020000000000000462,-0.010000000000000231,1.0699999999999932,-1.234002990722658,-1.5200042724609375,-0.005089006733067667
2025-01-15,-2.59,-0.5799999999999983,-0.019999999999999574,-0.020000000000000018,-1.4399999999999977,-0.07099807739258068,-8.889999389648438,-0.0013302893329779836
2025-01-16,0.4800000000000004,0.20000000000000284,-0.010000000000000675,0.0,0.29000000000000625,-0.6149993896484318,-0.37999725341796875,0.0017537542404022415
2025-01-17,-0.6300000000000008,0.39000000000000057,-0.03999999999999915,-0.009999999999999787,1.4199999999999875,-4.914000091552737,2.8799972534179688,0.00038544441870518465
2025-01-21,-0.9100000000000001,1.5799999999999983,-0.0600000000000005,-0.03000000000000025,-0.6800000000000068,8.599999389648438,1.1800003051757812,-0.008304009315338631
2025-01-22,0.03999999999999915,-0.4200000000000017,0.02999999999999936,0.020000000000000018,0.10000000000000853,-0.8210008239746074,-6.879997253417969,-0.0005834349057225285
2025-01-23,-0.08000000000000007,-0.5,0.05000000000000071,0.020000000000000018,-0.28999999999999204,0.4070014953613281,-1.3899993896484375,-0.0009666491239790214
2025-01-24,-0.16999999999999993,-4.199999999999999,0.0,0.010000000000000231,0.14999999999999147,0.6489985656738213,-1.7600021362304688,-0.005906681550391248
2025-01-27,3.049999999999999,5.9999999999999964,0.0,-0.03000000000000025,0.04999999999999716,-1.710000152587888,8.300003051757812,0.004931290204606485
2025-01-28,-1.4899999999999984,-4.029999999999998,-8.881784197001252e-16,0.020000000000000018,0.07000000000000739,0.6719995117187523,-2.220001220703125,0.0014861167858275517
2025-01-29,0.14999999999999858,1.0700000000000038,-0.019999999999999574,-0.020000000000000018,0.21999999999999886,2.9519992065429648,-2.0999984741210938,0.00046839047163483314
2025-01-30,-0.7199999999999989,-1.9700000000000024,0.0,-0.020000000000000018,0.2400000000000091,0.8300035095214895,-0.19000244140625,-0.0018826860111452002
2025-01-31,0.5899999999999999,-1.0899999999999999,0.020000000000000462,0.040000000000000036,-0.05000000000001137,1.7009977722167946,1.220001220703125,0.0029807117778865057
2025-02-03,2.1900000000000013,5.339999999999996,-0.08000000000000007,0.03000000000000025,-1.2999999999999972,0.1869992065429713,2.3899993896484375,0.004861965586995984
2025-02-04,-1.4100000000000001,-1.6799999999999997,0.02999999999999936,-0.010000000000000231,0.5699999999999932,-1.6959983825683622,-3.8700027465820312,-0.007781008889124113
2025-02-05,-1.4400000000000013,0.6300000000000026,-0.04999999999999982,-0.020000000000000018,-0.21999999999999886,1.4199993896484386,4.400001525878906,-0.001040286188111985
2025-02-06,-0.2699999999999996,2.0,-0.019999999999999574,0.0,0.2500000000000142,0.9739991760253872,-0.779998779296875,0.001769091183111333
2025-02-07,1.0399999999999991,-6.59,-0.040000000000000036,0.0,-0.20999999999999375,1.2110006713867207,-0.7700042724609375,0.0017729748022891898
2025-02-10,-0.7299999999999986,2.4300000000000033,0.02999999999999936,0.020000000000000018,0.13999999999998636,2.156001892089847,-5.4499969482421875,0.0016260330640864703
2025-02-11,0.20999999999999908,-2.330000000000002,0.020000000000000462,0.020000000000000018,0.480000000000004,-0.44300262451172046,-2.0999984741210938,-0.0016026741631374557
2025-02-12,-0.129999999999999,2.0299999999999976,0.009999999999999787,0.0,-0.3200000000000074,-2.4249995422363284,1.0,-0.0008054183118901662
2025-02-13,-0.7900000000000009,-0.3200000000000003,-0.04999999999999982,-0.020000000000000018,0.29000000000000625,-4.737999877929688,-2.0100021362304688,-0.0034009615880741676
2025-02-14,-0.33000000000000007,-3.009999999999998,0.0,-0.009999999999999787,0.18999999999999773,-0.8679980468750017,0.09999847412109375,-0.005834345143297572
2025-02-18,0.5800000000000001,-0.990000000000002,0.04999999999999982,0.020000000000000018,0.10999999999999943,-3.270001220703122,-0.15999603271484375,0.0011122479281920497
2025-02-19,-0.08000000000000007,0.8900000000000006,-0.009999999999999787,0.0,-0.4899999999999949,-1.7010002136230469,-0.6500015258789062,0.0034593087732342044
2025-02-20,0.39000000000000057,0.9400000000000013,-0.03000000000000025,0.0,0.3100000000000023,0.7599995422363293,2.4000015258789062,-0.004858662468836198
2025-02-21,2.5500000000000007,6.489999999999998,0.009999999999999787,-0.03000000000000025,0.0899999999999892,0.8910002136230446,5.569999694824219,0.00022182594306024625
2025-02-24,0.7699999999999996,-4.489999999999998,0.040000000000000924,0.0,-0.3299999999999983,0.5190013122558597,-3.3899993896484375,0.0004034082943708471
2025-02-25,0.4499999999999993,1.4700000000000024,-0.040000000000000924,-0.040000000000000036,0.12999999999999545,-2.8730006408691438,8.169998168945312,0.0014385196494181545
2025-02-26,-0.3299999999999983,0.5899999999999963,-0.02999999999999936,-0.020000000000000018,0.6599999999999966,-2.9750018310546835,0.9099960327148438,-0.00073039310174709
2025-02-27,2.0299999999999976,-1.6400000000000006,0.019999999999999574,0.010000000000000231,-0.22999999999998977,3.5840017700195332,-1.25,0.005392318570473795
2025-02-28,-1.5,-1.75,0.03000000000000025,0.009999999999999787,0.4000000000000057,-0.6100006103515625,8.19000244140625,0.0024202853638743966
2025-03-03,3.150000000000002,8.550000000000004,-0.04999999999999982,-0.020000000000000018,-0.5700000000000074,1.0030015563964838,1.19000244140625,-0.004144043457273517
2025-03-04,0.7300000000000004,-1.0,0.05999999999999961,-0.009999999999999787,-0.37999999999999545,-2.3390005493164097,3.220001220703125,0.0019284719830138979
2025-03-05,-1.5800000000000018,-2.480000000000004,0.03000000000000025,-0.010000000000000231,0.5,-1.9660012817382793,-4.5500030517578125,-0.011729772845812251
2025-03-06,2.9400000000000013,2.1000000000000014,0.040000000000000036,0.0,0.11999999999999034,-3.2579977416992207,4.629997253417969,-0.0031201792120750527
2025-03-07,-1.5,-7.390000000000001,0.0,-0.009999999999999787,0.7399999999999949,1.7309989929199219,-4.5399932861328125,-0.001019472001845516
2025-03-10,4.489999999999998,5.07,-4.440892098500626e-16,-0.020000000000000018,-0.4299999999999926,1.4209977722167935,8.089996337890625,0.0022723552430565347
2025-03-11,-0.9399999999999977,-2.990000000000002,0.010000000000000675,0.0,0.22000000000001307,1.1380006408691443,2.0999984741210938,-0.0017620926451443425
2025-03-12,-2.6900000000000013,-0.7399999999999984,-0.029999999999999805,0.020000000000000018,-0.28000000000001535,-0.06599746704101506,-10.489997863769531,-0.0014235126480833574
2025-03-13,0.4299999999999997,1.7099999999999973,0.01999999999999913,-0.040000000000000036,-0.7099999999999937,0.1119985961914054,2.0800018310546875,0.0010854828665042091
2025-03-14,-2.8900000000000006,0.720000000000006,-0.03999999999999959,0.009999999999999787,0.5099999999999909,0.21400070190429688,-5.180000305175781,-0.002454536898783822
2025-03-17,-1.259999999999998,-2.6200000000000045,-0.040000000000000036,-0.009999999999999787,-0.4199999999999875,-1.3019998168945293,-1.2300033569335938,-0.0025921795103824013
2025-03-18,1.1899999999999977,5.219999999999999,0.0,0.009999999999999787,0.3500000000000085,-0.5130000305175813,-3.0999984741210938,0.0009503430560487437
2025-03-19,-1.8000000000000007,-2.25,0.009999999999999787,0.010000000000000231,0.0999999999999801,2.5599984741210946,-5.279998779296875,0.0024879772600133535
2025-03-20,-0.09999999999999787,-4.149999999999999,0.03000000000000025,0.0,-0.47999999999998977,-0.5200000000000031,4.339996337890625,0.0014647385153762412
2025-03-21,-0.5199999999999996,-1.2899999999999991,0.020000000000000018,0.020000000000000018,0.060000000000002274,0.05000000000000426,-1.1999969482421875,0.002242988037843834
2025-03-24,-1.8000000000000007,1.240000000000002,-0.010000000000000231,0.029999999999999805,0.37999999999999545,0.043001556396482954,0.6800003051757812,-0.0005727560774250704
2025-03-25,-0.33000000000000185,-1.4000000000000021,0.04999999999999982,-0.009999999999999787,-0.20000000000000284,-1.1030007934570278,-1.6500015258789062,-0.0011266641984568153
2025-03-26,1.1799999999999997,0.5700000000000003,0.020000000000000018,0.020000000000000018,0.25,-0.5950013732910193,-2.1599960327148438,0.0014499195730154288
2025-03-27,0.360000000000003,-0.3500000000000014,0.040000000000000036,0.020000000000000018,-0.12999999999999545,0.30200073242187386,-0.3800048828125,0.0009992122732084272
2025-03-28,2.9599999999999973,0.21000000000000085,-0.03000000000000025,-0.020000000000000018,0.5300000000000011,-0.6249978637695293,5.8000030517578125,0.0004438619543536472
2025-03-31,0.6300000000000026,2.1799999999999997,-0.03999999999999915,0.009999999999999787,0.4099999999999966,-0.140001983642577,4.519996643066406,0.0022818667155994053
2025-04-01,-0.5100000000000016,-0.3099999999999987,-0.04000000000000048,-0.04999999999999982,0.8100000000000023,1.9330009460449205,3.3800048828125,-0.0021624294941525062
2025-04-02,-0.259999999999998,-0.5899999999999999,-0.009999999999999787,-0.010000000000000231,-1.0200000000000102,-1.2670002746582014,1.6599960327148438,-0.0004169058134099215
2025-04-03,8.509999999999998,5.470000000000002,0.05999999999999961,-0.040000000000000036,-0.03999999999999204,-2.2300013732910173,5.6100006103515625,-0.01313771645308445
2025-04-04,15.290000000000003,9.269999999999996,-0.020000000000000018,-0.09999999999999964,0.8299999999999983,-2.6319981384277327,13.709999084472656,0.008631653966090589
2025-04-07,1.6699999999999946,8.090000000000003,0.09000000000000075,0.009999999999999787,-0.8599999999999994,0.6689990234375003,11.590003967285156,0.008037532023530511
2025-04-08,5.350000000000001,2.4499999999999957,0.12999999999999945,0.03000000000000025,-0.259999999999998,-0.6490010070800807,2.5800018310546875,0.0003043024127228666
2025-04-09,-18.71,-12.36,-0.1200000000000001,0.04999999999999982,-0.15000000000000568,-2.1349986267089847,-11.050003051757812,-0.0018840628733913086
2025-04-10,7.100000000000001,6.100000000000001,0.13000000000000078,-0.08000000000000007,0.13000000000000966,-0.6530010986328101,-0.4799957275390625,-0.01222817034159344
2025-04-11,-3.1599999999999966,1.8800000000000026,-0.040000000000000036,0.010000000000000231,0.11999999999999744,0.43000198364257614,8.909988403320312,-0.008612475371617715
2025-04-14,-6.670000000000002,-3.1200000000000045,0.019999999999999574,0.029999999999999805,0.2700000000000031,0.9059992980957041,-4.79998779296875,-0.00287876178768096
2025-04-15,-0.7699999999999996,-5.449999999999996,-0.03000000000000025,-0.040000000000000036,-0.3500000000000085,0.20800094604492259,-9.900009155273438,0.000939233599521426
2025-04-16,2.5199999999999996,1.25,0.010000000000000231,-0.020000000000000018,0.21999999999999886,0.9249987792968746,-3.1599960327148438,-0.0040769395595847925
2025-04-17,-2.990000000000002,-2.289999999999999,0.009999999999999787,0.06000000000000005,-0.79999999999999,0.6550012207031273,-4.760002136230469,-0.0011574573272494768
2025-04-21,4.170000000000002,-0.060000000000002274,0.14000000000000012,-0.009999999999999787,,-0.21999999999999886,13.919998168945312,-0.006643486922822566
2025-04-22,-3.25,1.9399999999999977,-0.019999999999999574,0.04999999999999982,,-1.3730020141601607,-10.209999084472656,0.0008417371335295244
2025-04-23,-2.120000000000001,0.4100000000000037,-0.06000000000000005,0.020000000000000018,1.289999999999992,-0.0839996337890625,-1.75,0.004951878721909392
2025-04-24,-1.9800000000000004,0.8099999999999952,-0.040000000000000036,0.009999999999999787,-1.6700000000000017,-0.33599853515625,-8.319999694824219,-0.0008139856347152521
2025-04-25,-1.629999999999999,-0.8399999999999963,-4.440892098500626e-16,-0.029999999999999805,-0.8100000000000094,-0.9820021057128905,-2.4899978637695312,-0.00031975799555554815
2025-04-28,0.3099999999999987,0.01999999999999602,0.010000000000000675,-0.020000000000000018,-0.30999999999999517,-0.2840003967285156,4.220001220703125,-0.0013696880930467493
2025-04-29,-0.9799999999999969,4.859999999999999,-0.020000000000000018,-0.020000000000000018,-0.6299999999999955,-0.7519979095458993,2.2599945068359375,-0.0010044352527227044
2025-04-30,0.5299999999999976,6.050000000000004,0.02999999999999936,0.0,1.6199999999999974,0.5110004425048835,0.2100067138671875,-1.876122869778973e-05
2025-05-01,-0.09999999999999787,-2.5,-0.020000000000000018,0.020000000000000018,-2.0400000000000063,-0.12800308227538792,-5.150001525878906,0.004463395662037156
2025-05-02,-1.9200000000000017,-1.3699999999999974,-0.04999999999999982,0.020000000000000018,0.12000000000000455,0.9090008544921844,-5.930000305175781,-0.005245970798380289
2025-05-05,0.9600000000000009,-8.010000000000005,0.03000000000000025,0.009999999999999787,,-0.3079988098144497,3.0499954223632812,-0.0019194514743780479
2025-05-06,1.120000000000001,-0.4399999999999977,-0.010000000000000231,-0.020000000000000018,,1.9929997253417966,1.7300033569335938,-0.0017977680105855914
2025-05-07,-1.2100000000000009,0.519999999999996,-0.040000000000000036,-0.009999999999999787,-1.0599999999999952,-0.3120018005371108,-6.30999755859375,0.0006168119537609236
2025-05-08,-1.0700000000000003,-2.059999999999995,-0.009999999999999787,0.040000000000000036,0.0799999999999983,0.7600013732910185,-1.2099990844726562,0.005225560724667796
2025-05-09,-0.5800000000000018,-0.7800000000000011,0.020000000000000018,0.0,0.9200000000000088,-0.7129995727539082,1.7399978637695312,-0.001938226090817527
2025-05-12,-3.509999999999998,-2.3200000000000003,-0.020000000000000018,0.0,0.06999999999999318,0.8019993591308605,2.5,0.00786328254250189
2025-05-13,-0.1700000000000017,-0.7899999999999991,4.440892098500626e-16,0.029999999999999805,-0.07000000000000028,0.274000091552729,-2.7700042724609375,-0.00428494524021224
2025-05-14,0.40000000000000213,0.00999999999999801,0.009999999999999787,0.050000000000000266,-0.46000000000000796,-0.7359991455078081,0.600006103515625,-0.0023099521778154265
2025-05-15,-0.7900000000000027,0.6799999999999997,0.009999999999999787,-0.03000000000000025,-0.09999999999999432,0.35599838256835525,-2.0800018310546875,0.0011633781638997454
2025-05-16,-0.5899999999999999,0.480000000000004,-0.04000000000000048,0.0,0.030000000000001137,0.05199951171875483,-1.9500045776367188,0.0020846634369401386
2025-05-19,0.9000000000000021,0.11999999999999744,0.040000000000000036,0.020000000000000018,0.9100000000000037,0.11900024414062216,7.1100006103515625,-0.005337043605768369
2025-05-20,-0.05000000000000071,-3.3800000000000026,0.020000000000000462,-0.009999999999999787,0.6900000000000048,1.564001617431643,-2.4399948120117188,-0.0008065752249921762
2025-05-21,2.780000000000001,4.5,0.06999999999999984,0.0,-0.030000000000008242,-0.40800170898437926,0.7299957275390625,-0.004673267556319133
2025-05-22,-0.5899999999999999,2.3200000000000003,-0.040000000000000036,-0.010000000000000231,-0.6099999999999923,-0.06499938964843466,-2.6299972534179688,0.00240614573053671
2025-05-23,2.009999999999998,1.6900000000000048,-0.03000000000000025,-0.009999999999999787,0.19999999999998863,0.16400177001953153,1.44000244140625,-0.005416019542427834
2025-05-27,-3.3299999999999983,-1.1900000000000048,0.0,-0.010000000000000231,0.18999999999999773,0.2859997558593719,-2.9800033569335938,0.0018617779673059719
2025-05-28,0.34999999999999787,-1.519999999999996,0.0,0.0,0.47000000000000597,-0.20900024414062557,-4.730003356933594,0.003110856548616719
2025-05-29,-0.129999999999999,-0.1600000000000037,0.0,0.0,-0.240000000000002,-1.4089993286132767,-0.529998779296875,-0.003507284426142154
2025-05-30,-0.6099999999999994,0.45000000000000284,0.010000000000000231,0.020000000000000018,-0.0800000000000054,-0.8200003051757818,-0.55999755859375,0.0016907147480488638
2025-06-02,-0.21000000000000085,-2.009999999999998,0.0,-0.009999999999999787,0.4200000000000017,0.6469987487792963,3.6500015258789062,-0.004768783566008366
2025-06-03,-0.6699999999999982,-0.9500000000000028,-0.020000000000000018,-0.010000000000000231,0.10000000000001563,0.9930001831054653,4.239997863769531,0.0022345199209055583
2025-06-04,-0.08000000000000185,-0.04999999999999716,0.0,-0.009999999999999787,-0.2600000000000122,-0.15799804687499375,-3.0199966430664062,-0.003342502960419328
2025-06-05,0.870000000000001,-2.8100000000000023,-0.019999999999999574,-0.020000000000000018,-0.03999999999999915,0.6830000305175759,-2.3300018310546875,-0.0007792954093253987
2025-06-06,-1.7100000000000009,0.8299999999999983,-0.010000000000000675,0.020000000000000018,-0.35999999999999943,0.03799789428710909,-5.0,0.0016636341265541172
2025-06-09,0.39000000000000057,-1.2999999999999972,0.010000000000000675,0.0,0.020000000000010232,-1.0959999084472685,2.970001220703125,-0.0020712913065729583
2025-06-10,-0.21000000000000085,0.6299999999999955,-0.020000000000000462,-0.020000000000000018,0.009999999999990905,-0.6269990539550747,-1.4000015258789062,0.0011423433661321622
2025-06-11,0.3100000000000023,8.190000000000005,0.010000000000000231,-0.020000000000000018,-0.36999999999999034,1.334997711181643,-1.8600006103515625,-0.0038198076122318275
2025-06-12,0.759999999999998,2.1299999999999955,-0.009999999999999787,-0.020000000000000018,-0.27000000000001023,0.09399993896484204,-0.37000274658203125,-0.003444937828979231
2025-06-13,2.8000000000000007,11.86,-0.010000000000000231,0.029999999999999805,0.04999999999999716,1.9670028686523438,6.319999694824219,0.0012657134757641483
2025-06-16,-1.7100000000000009,-0.6299999999999955,0.03999999999999959,0.020000000000000018,0.35999999999999943,-0.23800277709960938,-1.8299942016601562,-0.0013972000060741205
2025-06-17,2.490000000000002,14.96,-0.040000000000000036,0.010000000000000231,0.5600000000000023,1.4029998779296875,3.6999969482421875,0.0028945264002117766
2025-06-18,-1.4600000000000009,-4.700000000000003,-0.009999999999999787,0.0,-0.5900000000000034,-1.1459973144531261,-3.5400009155273438,0.0018712026461755258
2025-06-20,0.4800000000000004,-2.1899999999999977,0.040000000000000036,0.020000000000000018,0.5200000000000102,2.5760000610351526,-3.5400009155273438,0.00256689003515793
2025-06-23,-0.7900000000000027,-11.020000000000003,0.020000000000000018,-0.03000000000000025,1.9699999999999989,-0.8170014953613247,4.930000305175781,0.0010618876668625021
2025-06-24,-2.349999999999998,-4.850000000000001,0.04999999999999982,-0.009999999999999787,-1.3000000000000114,-4.70699768066406,-2.4099960327148438,-0.006664927611021061
2025-06-25,-0.7199999999999989,-6.049999999999997,0.0,-0.010000000000000231,-1.259999999999991,-0.17400070190429773,-1.3800048828125,-0.0002567531706295505
2025-06-26,-0.1700000000000017,-0.8900000000000006,0.009999999999999787,0.0,-0.29000000000000625,-1.3470027160644555,-1.7699966430664062,-0.005738024991941925
2025-06-27,-0.2699999999999996,-0.6300000000000026,4.440892098500626e-16,0.010000000000000231,0.5800000000000125,-0.9369964599609375,-1.5400009155273438,0.00011617017857732615
2025-06-30,0.41000000000000014,-2.3399999999999963,-0.040000000000000036,0.0,-0.8599999999999994,-0.21900299072265383,2.3300018310546875,-0.002093130830232692
2025-07-01,0.09999999999999787,-0.8900000000000006,-0.040000000000000036,0.0,-0.8600000000000136,0.9150019836425756,3.220001220703125,-0.0005461725337277818
2025-07-02,-0.18999999999999773,2.240000000000002,0.040000000000000036,0.009999999999999787,1.1500000000000057,-0.06200119018554773,-2.1100006103515625,-0.0003343846787436587
2025-07-03,-0.26000000000000156,-2.490000000000002,-0.050000000000000266,0.03000000000000025,0.15000000000000568,-0.11000122070312557,-5.280006408691406,-0.0005491697822995558
2025-07-07,1.4100000000000001,3.479999999999997,0.030000000000000693,0.020000000000000018,0.5,0.0,2.44000244140625,0.003197714506237303
2025-07-08,-0.9800000000000004,-5.519999999999996,0.019999999999999574,0.0,0.1599999999999966,0.6380033874511746,-0.4799957275390625,0.0018124329475346878
2025-07-09,-0.8699999999999992,-1.5399999999999991,-0.040000000000000036,-0.020000000000000018,-0.5799999999999983,0.20499908447265724,-3.7400054931640625,-0.0008849255194748464
2025-07-10,-0.16000000000000014,-1.3700000000000045,0.009999999999999787,0.009999999999999787,0.22999999999998977,0.8359973144531239,-2.7299957275390625,0.0008615601951172636
2025-07-11,0.6199999999999992,4.260000000000005,0.040000000000000036,0.03000000000000025,-0.1699999999999875,0.28100265502929744,3.9000015258789062,0.0007265729559858468
2025-07-14,0.8000000000000007,-3.530000000000001,0.0,0.020000000000000018,0.3399999999999892,-0.09700225830078324,5.25,0.002494355682326714
2025-07-15,0.17999999999999972,0.8500000000000014,0.020000000000000018,0.020000000000000018,-0.2600000000000051,-1.1089988708496072,-1.7800064086914062,0.0024060022058122786
2025-07-16,-0.21999999999999886,-1.220000000000006,0.03000000000000025,0.0,0.030000000000015348,0.2539984130859345,0.5699996948242188,-0.0007720149141572935
2025-07-17,-0.6400000000000006,-0.3199999999999932,-0.020000000000000462,0.020000000000000018,0.01999999999998181,-0.501996612548826,-3.9499969482421875,0.0018327704224161455
2025-07-18,-0.10999999999999943,-0.6700000000000017,8.881784197001252e-16,-0.020000000000000018,-0.029999999999986926,-0.7920002746582036,-2.279998779296875,-0.002343623995068483
2025-07-21,0.23999999999999844,-0.7900000000000027,-0.030000000000000693,-0.010000000000000231,1.0,-0.4360008239746094,3.3300018310546875,-0.002994775323249437
2025-07-22,-0.14999999999999858,0.879999999999999,-0.010000000000000231,-0.009999999999999787,-1.4000000000000057,0.2919996643066405,3.2699966430664062,-0.002629372447677126
2025-07-23,-1.1300000000000008,0.13000000000000256,8.881784197001252e-16,-0.020000000000000018,0.9900000000000091,-0.34100143432617,-3.94000244140625,-0.0009304048684407974
2025-07-24,0.02000000000000135,-0.020000000000003126,-8.881784197001252e-16,0.08000000000000007,0.14000000000000057,-0.3819969177246101,-3.1999969482421875,-2.7599346148149153e-05
2025-07-25,-0.46000000000000085,0.5100000000000051,-0.02999999999999936,-0.010000000000000231,-0.4099999999999966,0.17099884033202883,-0.660003662109375,0.0035007034228244937
2025-07-28,0.09999999999999964,2.489999999999995,0.019999999999999574,0.0,0.20999999999999375,0.37999771118164105,1.6400070190429688,0.005230256569134017
2025-07-29,0.9500000000000011,2.6700000000000017,-0.029999999999999805,-0.009999999999999787,-0.12000000000000455,1.2440023803710965,1.339996337890625,0.00291826222504647
2025-07-30,-0.5,-0.28999999999999915,-0.040000000000000036,-0.010000000000000231,-0.04999999999999716,0.5339981079101541,-3.19000244140625,0.003604386593926406
2025-07-31,1.2399999999999984,-0.9699999999999989,-0.009999999999999787,-0.029999999999999805,0.18000000000000682,0.7320005798339828,-2.0400009155273438,0.0026060661691812686
2025-08-01,3.66,2.5899999999999963,0.11000000000000032,-0.06000000000000005,-0.9100000000000108,-1.3169992065429668,3.9900054931640625,-0.004188811936419986
2025-08-04,-2.8599999999999994,-0.5799999999999983,-0.010000000000000675,0.040000000000000036,0.07000000000000739,0.4210008239746088,4.1199951171875,-0.0018687187542375818
2025-08-05,0.33000000000000185,-3.490000000000002,-0.03000000000000025,-0.010000000000000231,0.7099999999999937,0.03299728393554702,1.25,-0.000642429911869239
2025-08-06,-1.0800000000000018,1.3700000000000045,0.03000000000000025,-0.020000000000000018,-0.3499999999999943,-1.188998260498046,-5.30999755859375,-0.0033137795612704925
2025-08-07,-0.1999999999999993,-1.6600000000000037,-0.019999999999999574,0.010000000000000231,-0.5000000000000142,-0.33599975585937614,-3.7399978637695312,-3.236346662796226e-05
2025-08-08,-1.42,-0.9499999999999957,-4.440892098500626e-16,0.040000000000000036,0.14000000000001478,-0.4850010681152348,-0.9500045776367188,-0.0014233683910767972
2025-08-11,1.0999999999999996,-2.6600000000000037,0.0,0.009999999999999787,0.09999999999999432,0.5330014038085942,2.5600051879882812,0.002956577505093725
2025-08-12,-1.5199999999999996,-1.0899999999999999,0.06000000000000005,-0.020000000000000018,0.25,-0.47000015258788963,-4.340003967285156,-0.003449498529261227
2025-08-13,-0.2400000000000002,3.5100000000000016,4.440892098500626e-16,-0.009999999999999787,-0.00999999999999801,0.17099807739257855,-0.1100006103515625,-0.0011946577928027998
2025-08-14,0.33999999999999986,2.1400000000000006,-0.020000000000000462,0.020000000000000018,0.5600000000000094,-0.28899963378906435,-0.5400009155273438,0.004274543772907992
2025-08-15,0.2599999999999998,1.259999999999998,0.03000000000000025,-0.010000000000000231,0.38999999999998636,-1.309998703002929,-0.10999298095703125,-0.002547076411174671
2025-08-18,-0.09999999999999964,-5.07,-0.010000000000000231,0.0,0.15000000000000568,0.2609992218017574,5.159996032714844,0.0018638452319095842
2025-08-19,0.5800000000000001,0.8900000000000006,-0.020000000000000018,-0.029999999999999805,-0.4299999999999997,0.044999923706054545,0.3300018310546875,0.001327892650753753
2025-08-20,0.11999999999999922,-0.5300000000000011,0.0,0.0,0.17999999999999972,0.7490008544921878,-1.4000015258789062,0.00044141134746353966
2025-08-21,0.9100000000000019,-0.9699999999999989,-0.009999999999999787,0.040000000000000036,0.4299999999999926,1.188999099731447,-0.23000335693359375,0.0025518909077210075
2025-08-22,-2.380000000000001,-1.1899999999999977,0.03999999999999959,0.020000000000000018,0.36000000000001364,0.5180026245117197,-2.4199981689453125,-0.006686255574970087
2025-08-25,0.5699999999999985,0.889999999999997,-0.02999999999999936,0.0,,0.20099639892578125,-0.5400009155273438,0.0011965162865773613
2025-08-26,-0.16999999999999993,2.4899999999999984,0.09999999999999964,0.009999999999999787,,-0.3739991760253929,1.8000030517578125,0.0008798550300999998
2025-08-27,0.23000000000000043,-1.7899999999999956,4.440892098500626e-16,0.010000000000000231,-0.02999999999999403,-0.9690003967285143,-1.6999969482421875,0.0016579984797483304
2025-08-28,-0.41999999999999993,2.0399999999999956,-0.05000000000000071,-0.020000000000000018,0.39000000000000057,-1.0119986724853511,-0.1100006103515625,-0.0038832035099476076
2025-08-29,0.9299999999999997,-1.3499999999999943,0.040000000000000924,0.0,-0.18000000000000682,0.08299972534179645,1.839996337890625,-0.0004266685361754673
2025-09-02,1.8100000000000023,1.6499999999999986,-0.020000000000000462,0.0,-1.3299999999999983,0.32999961853027315,5.8899993896484375,0.00394783400829205
2025-09-03,-0.8200000000000003,0.9399999999999977,-0.010000000000000231,-0.010000000000000231,1.2600000000000051,0.040000152587889914,4.3899993896484375,-0.0014801678898953333
2025-09-04,-1.0500000000000007,-0.18999999999999773,-0.029999999999999805,-0.020000000000000018,-0.8000000000000114,0.18999923706054744,-1.4099960327148438,0.0021362135980612096
2025-09-05,-0.120000000000001,-1.7000000000000028,0.009999999999999787,-0.009999999999999787,0.10000000000000853,-0.3829988861083997,-2.970001220703125,-0.005269613271214249
2025-09-08,-0.07000000000000028,1.7000000000000028,-0.03000000000000025,-0.020000000000000018,0.13999999999999346,1.0449993133544915,-1.2900009155273438,-0.0002589236035817436
2025-09-09,-0.07000000000000028,-1.5900000000000034,-0.019999999999999574,0.009999999999999787,2.1600000000000037,-0.1529994201660152,-1.8000030517578125,0.0004978064984134728
2025-09-10,0.3100000000000005,-0.0899999999999963,-0.040000000000000036,-0.009999999999999787,-1.3900000000000006,0.4210018920898442,-2.6199951171875,-0.00028799829730700636
2025-09-11,-0.6399999999999988,0.6099999999999994,-0.010000000000000231,-0.010000000000000231,0.9299999999999997,-0.7189997863769513,-4.510002136230469,-0.001407056423168121
2025-09-12,0.049999999999998934,-2.1900000000000013,0.009999999999999787,0.020000000000000018,0.3100000000000023,0.28899688720703054,-1.6999969482421875,0.0008974458395517753
2025-09-15,0.9299999999999997,-0.7899999999999991,0.010000000000000231,0.010000000000000231,-0.6300000000000026,-0.6479994201660162,3.5099945068359375,-0.004145641522886313
2025-09-16,0.6699999999999999,2.1900000000000013,0.020000000000000462,0.0,0.5799999999999983,0.10499923706054659,0.20999908447265625,-0.0035995132270443104
2025-09-17,-0.6399999999999988,-2.120000000000001,0.009999999999999343,0.009999999999999787,-0.01999999999999602,-0.04799758911132912,-1.1399993896484375,0.00019639687338868152
2025-09-18,-0.02000000000000135,0.8299999999999983,8.881784197001252e-16,0.0,-0.8599999999999994,0.6409986877441405,-4.0399932861328125,0.004215737100136715
2025-09-19,-0.25,-1.3499999999999979,0.02999999999999936,0.010000000000000231,0.10999999999999233,-0.4340010070800773,0.5999984741210938,0.0010373886802562682
2025-09-22,0.6500000000000021,0.34999999999999787,-0.02999999999999936,-0.020000000000000018,-0.14999999999999147,-0.4739987945556621,3.2900009155273438,0.0002454079920164464
2025-09-23,0.5399999999999991,1.6999999999999993,0.04999999999999982,0.0,0.3199999999999932,0.4609995269775382,-0.1399993896484375,-0.0016288321869931278
2025-09-24,-0.46000000000000085,1.5,0.0,0.009999999999999787,0.03999999999999915,-0.3819995117187496,-0.5300064086914062,0.004591508411153966
2025-09-25,0.5599999999999987,2.770000000000003,-0.05000000000000071,0.0,0.730000000000004,0.45300140380859233,0.31000518798828125,0.0030841783458169666
2025-09-26,-1.4499999999999993,-1.0,0.030000000000000693,0.0,-0.3199999999999932,0.32099731445312685,-1.0600051879882812,-0.0008880523521933554
2025-09-29,0.8300000000000018,-0.3100000000000023,-0.04999999999999982,-0.029999999999999805,0.0799999999999983,-0.6669972229003918,1.1300048828125,-0.0026597407738429063
2025-09-30,0.16000000000000014,0.03999999999999915,0.03999999999999959,0.009999999999999787,0.6199999999999903,-0.8390020751953138,2.4199981689453125,0.00018147626831374822
2025-10-01,0.00999999999999801,0.8100000000000023,0.010000000000000231,-0.009999999999999787,-1.269999999999996,-0.19600021362304787,-4.430000305175781,0.00011153329155454004
2025-10-02,0.33999999999999986,1.2299999999999969,-0.020000000000000462,-0.010000000000000231,0.0799999999999983,0.04000083923340014,-2.2900009155273438,0.002322723068308756
2025-10-03,0.019999999999999574,-1.1199999999999974,0.0,-0.009999999999999787,0.3200000000000003,0.11299980163574119,-1.6800003051757812,-0.002839709755137246
2025-10-06,-0.2799999999999976,-4.060000000000002,0.029999999999999805,0.009999999999999787,0.12000000000000455,1.5480014038085947,3.4599990844726562,0.0015318672509646507
2025-10-07,0.8699999999999974,-0.6199999999999974,-0.009999999999999787,0.010000000000000231,-0.020000000000010232,0.12999725341796875,2.44000244140625,0.0017959754055544136
2025-10-08,-0.9399999999999977,-0.28999999999999915,-0.020000000000000018,0.0,-0.5299999999999869,-0.5759976196289074,-0.55999755859375,0.0023890753907898684
2025-10-09,0.129999999999999,0.9499999999999957,-0.010000000000000231,-0.010000000000000231,0.8200000000000003,-0.23700180053710795,-0.75,0.0025931643014552213
2025-10-10,5.23,5.25,-0.009999999999999787,-0.040000000000000036,-0.21000000000000796,0.15699920654297017,7.529998779296875,0.0002155185769253186
2025-10-13,-2.629999999999999,-1.8099999999999952,,,,-0.6949977874755859,,
2025-10-14,1.7799999999999976,1.9799999999999969,,,,0.39600021362304716,,
2025-10-15,-0.16999999999999815,-1.2800000000000011,-4.440892098500626e-16,-0.009999999999999787,-0.22999999999999687,0.06499961853027258,-4.839996337890625,-0.002627596881945074
2025-10-16,4.669999999999998,1.6400000000000006,0.03000000000000025,-0.010000000000000231,-0.46000000000000085,0.5219981384277332,6.120002746582031,-0.001609711609769043
2025-10-17,-4.529999999999998,-1.019999999999996,-0.020000000000000462,-0.009999999999999787,0.14000000000000057,-0.3919983673095686,-2.6100006103515625,0.00027343617465784917
2025-10-20,-2.5500000000000007,-0.46999999999999886,-0.019999999999999574,-0.010000000000000231,-0.5600000000000023,-0.41699966430664404,-1.4000015258789062,-0.0006787564018315977
2025-10-21,-0.35999999999999943,-0.9000000000000057,-0.010000000000000231,0.020000000000000018,-0.02999999999999403,0.17100044250488367,-0.04000091552734375,0.002224335769766672
2025-10-22,0.7300000000000004,2.220000000000006,-0.009999999999999787,0.010000000000000231,0.6400000000000006,-0.6020011138915997,-1.69000244140625,5.211234927357952e-05
2025-10-23,-1.3000000000000007,2.3699999999999974,0.009999999999999787,0.009999999999999787,0.8999999999999915,0.795998916625976,-1.4399948120117188,0.00047384959015447426
2025-10-24,-0.9299999999999997,-1.759999999999998,0.009999999999999787,-0.009999999999999787,-0.3500000000000014,-0.30799972534179787,-5.1100006103515625,-0.0001537904385066912
2025-10-27,-0.5800000000000018,0.259999999999998,-0.009999999999999787,-0.010000000000000231,-0.14000000000000057,-0.7059992218017577,-2.0699996948242188,-0.0011227250383317427
2025-10-28,0.6300000000000026,-1.7800000000000011,-0.009999999999999787,0.0,-0.3299999999999912,-0.04600013732910213,0.43000030517578125,-0.0013477755256485026
2025-10-29,0.5,-0.03999999999999915,-0.029999999999999805,0.020000000000000018,0.6900000000000048,0.45500000000000185,-1.5500030517578125,-0.0008699355726550113
2025-10-30,-0.010000000000001563,-2.3999999999999986,0.010000000000000231,-0.009999999999999787,-7.105427357601002e-15,-0.9209991455078139,1.1299972534179688,0.0062196661920156035
2025-10-31,0.5300000000000011,1.4600000000000009,0.009999999999999787,0.009999999999999787,-0.060000000000002274,-0.03600059509277287,-0.26999664306640625,0.0008464201345076944
2025-11-03,-0.2699999999999996,-1.8900000000000006,0.019999999999999574,0.010000000000000231,0.3100000000000094,0.8189994812011712,0.6200027465820312,0.0005378091039130747
2025-11-04,1.8299999999999983,-0.03999999999999915,-0.010000000000000231,-0.020000000000000018,-0.3400000000000034,0.8299994659423824,0.7899932861328125,0.003090290413492879
2025-11-05,-0.9899999999999984,-0.5800000000000054,0.020000000000000462,0.009999999999999787,-0.5200000000000031,-0.8919984436035122,4.400001525878906,0.00017318127896204767
2025-11-06,1.4899999999999984,0.07000000000000028,4.440892098500626e-16,-0.020000000000000018,0.02999999999999403,-0.47099990844726847,0.0200042724609375,-0.0012597366402347537
2025-11-07,-0.4200000000000017,-0.4299999999999997,0.020000000000000018,0.0,0.010000000000005116,-0.39700012207030966,1.970001220703125,-0.0025242441086401495
2025-11-10,-1.4799999999999969,-1.2100000000000009,-0.010000000000000675,0.010000000000000231,-1.1099999999999994,-0.17000106811523708,4.4499969482421875,-0.0007384015261761758
2025-11-11,-0.3200000000000003,-0.09999999999999432,,,,,,
2025-11-12,0.23000000000000043,0.9799999999999969,,,,,,
2025-11-13,2.4899999999999984,-0.36999999999999744,0.010000000000000231,0.009999999999999787,0.01999999999999602,-0.47500038146972656,-2.0200042724609375,-0.0022603757975660204
2025-11-14,-0.1700000000000017,0.4899999999999949,-0.010000000000000675,0.0,-0.01999999999999602,0.9019998168945307,0.6100006103515625,0.0016058638566295682
2025-11-17,2.5500000000000007,-0.7399999999999949,0.010000000000000231,0.0,-0.0800000000000054,-0.05200073242187386,2.8700027465820312,0.0012227303767428843
2025-11-18,2.3100000000000023,0.9499999999999957,0.010000000000000231,-0.009999999999999787,0.8500000000000014,0.28600097656250156,0.5999984741210938,0.0008096488126511655
2025-11-19,-1.0300000000000011,0.7899999999999991,0.009999999999999787,0.0,0.1599999999999966,-0.9939997100830098,1.1399993896484375,0.00234930199663749
2025-11-20,2.7600000000000016,2.260000000000005,0.0,-0.029999999999999805,0.060000000000002274,0.18899986267090085,-6.510002136230469,0.0015716323247547198
2025-11-21,-2.990000000000002,-0.4100000000000037,0.0,0.0,0.3500000000000014,-1.121000442504883,1.0,0.0014485484614505232
2025-11-24,-2.91,0.3299999999999983,0.03000000000000025,-0.010000000000000231,1.7999999999999972,-0.47100021362304645,-1.9899978637695312,0.0004249691592139382
2025-11-25,-1.9600000000000009,1.2700000000000031,-4.440892098500626e-16,-0.009999999999999787,0.020000000000003126,-0.33100006103515867,-4.0,-0.0023288805544289
2025-11-26,-1.3699999999999974,-1.8699999999999974,-0.029999999999999805,0.009999999999999787,0.259999999999998,-0.4879996490478504,-0.9199981689453125,-0.0032098553069721874
2025-11-28,-0.8399999999999999,0.25,-4.440892098500626e-16,0.0,-0.5100000000000051,,-2.9500045776367188,-0.0015765817367705466
2025-12-01,0.889999999999997,-0.13000000000000256,4.440892098500626e-16,0.010000000000000231,-0.7399999999999949,,2.4000015258789062,-0.0005494984622166276
2025-12-02,-0.6499999999999986,0.07000000000000028,0.03000000000000025,0.0,-0.19000000000000483,0.07299995422363281,-1.4399948120117188,0.001325718425764964
2025-12-03,-0.5100000000000016,-2.1700000000000017,-0.010000000000000675,0.0,0.10000000000000142,0.12600013732910043,-3.4500045776367188,-0.0034157424283548
2025-12-04,-0.29999999999999893,-0.4200000000000017,0.020000000000000906,0.019999999999999574,-0.3299999999999912,-1.1480000305175793,-0.7699966430664062,-0.00047222529171708815
2025-12-05,-0.3699999999999992,-1.2399999999999949,-0.010000000000000675,0.0,-0.14000000000000057,-0.12199859619140696,1.589996337890625,8.037689309537018e-05
2025-12-08,1.25,0.9699999999999989,0.020000000000000462,0.0,0.06999999999999318,-0.3950004577636719,5.0200042724609375,0.0007429731608309105
2025-12-09,0.2699999999999996,-2.210000000000001,-0.03000000000000025,0.0,-0.03999999999999915,1.0480000305175814,3.0799942016601562,-0.0007686599191013766
2025-12-10,-1.1600000000000001,-0.03999999999999915,0.020000000000000018,-0.009999999999999787,0.22999999999999687,-0.7470010375976592,-6.7599945068359375,-6.629145704419755e-05
2025-12-11,-0.9199999999999999,1.0999999999999979,0.029999999999999805,0.0,-0.3399999999999963,0.47300102233886676,0.6199951171875,-0.005777576664342197
2025-12-12,0.8900000000000006,-1.9499999999999993,0.05000000000000071,0.009999999999999787,0.39000000000000057,1.158999710083009,0.01000213623046875,0.0013676258002591373
2025-12-15,0.7599999999999998,2.9200000000000017,-4.440892098500626e-16,-0.009999999999999787,0.0799999999999983,-0.08900077819824048,4.05999755859375,-0.0015668455098323284
2025-12-16,-0.019999999999999574,3.3799999999999955,4.440892098500626e-16,-0.020000000000000018,-0.0899999999999963,-0.34099929809570284,-6.1699981689453125,-0.000549518601357089
2025-12-17,1.1400000000000006,0.5100000000000051,-4.440892098500626e-16,0.010000000000000231,0.04999999999999716,0.5130004119873028,-4.399997711181641,0.0022062520509516705
2025-12-18,-0.75,-3.1400000000000006,-0.009999999999999787,0.0,-0.07000000000000028,0.08500007629394446,-2.7300033569335938,-0.0008509299545373512
2025-12-19,-1.9600000000000009,0.01999999999999602,0.020000000000000018,0.0,0.0800000000000054,0.7989988708496121,-0.5999984741210938,0.0009358167015200508
2025-12-22,-0.8300000000000001,-0.5899999999999963,0.04999999999999982,-0.010000000000000231,-0.5100000000000051,-0.5639990234375034,2.2900009155273438,-0.001449055952259122
2025-12-23,-0.08000000000000007,-0.00999999999999801,-0.03000000000000025,0.010000000000000231,1.1100000000000065,0.335000076293948,-0.5300025939941406,-0.0023821762818967847
2025-12-24,-0.5299999999999994,-1.3100000000000023,-0.019999999999999574,0.0,-0.1700000000000017,0.43299896240234403,-1.6899986267089844,-0.002245520254398637
2025-12-26,0.129999999999999,0.509999999999998,-4.440892098500626e-16,-0.010000000000000231,,,-0.9799995422363281,0.000293835115410076
2025-12-29,0.5999999999999996,-0.060000000000002274,-0.009999999999999787,-0.009999999999999787,,,0.7099990844726562,0.0009838444512423753
2025-12-30,0.13000000000000078,-1.399999999999995,0.019999999999999574,0.020000000000000018,-0.7000000000000028,-0.8179996490478487,4.770000457763672,-0.0008030657464815803
2025-12-31,0.6199999999999992,-0.5899999999999999,0.020000000000000018,0.009999999999999787,-0.4199999999999946,0.7949985504150376,-0.020000457763671875,0.00210416835737671
2026-01-02,-0.4399999999999995,-1.7700000000000031,0.010000000000000675,0.0,0.6799999999999926,,-1.5999984741210938,-0.001167320997473404
2026-01-05,0.39000000000000057,1.0100000000000016,-0.010000000000000231,0.009999999999999787,0.13000000000000256,,2.3499984741210938,0.00011119234573391708
2026-01-06,-0.15000000000000036,0.6499999999999986,-4.440892098500626e-16,0.010000000000000231,0.23000000000000398,0.6430003356933582,1.1100006103515625,0.001349207117455032
2026-01-07,0.6300000000000008,2.919999999999998,-0.02999999999999936,0.0,-0.060000000000002274,0.4549999237060547,0.3300018310546875,0.0007611017314438185
2026-01-08,0.06999999999999851,2.8200000000000003,0.020000000000000018,0.0,0.5300000000000011,-0.8980010223388675,0.7900009155273438,0.0018211199041476426
2026-01-09,-0.9599999999999991,1.0,-0.0600000000000005,0.009999999999999787,0.5499999999999972,0.7250011444091804,-5.390003204345703,0.0010910821561959244
2026-01-12,0.629999999999999,2.0500000000000043,0.010000000000000675,0.010000000000000231,-0.13999999999999346,1.8419997406005884,1.3500022888183594,-0.0018791324889159834
2026-01-13,0.8600000000000012,1.5799999999999983,-4.440892098500626e-16,0.009999999999999787,0.7199999999999918,1.1269992828369126,-2.1100006103515625,0.001201819614381379
2026-01-14,0.7699999999999996,3.759999999999998,-0.009999999999999343,-0.009999999999999787,0.30000000000000426,0.21000015258789162,-2.6800003051757812,-0.0015527267880324446
2026-01-15,-0.9100000000000001,-2.1299999999999955,-0.030000000000000693,0.0,-7.105427357601002e-15,1.5550012207031223,-1.970001220703125,0.00034507361912885457
2026-01-16,0.019999999999999574,1.1299999999999955,0.04000000000000048,0.040000000000000036,0.5400000000000063,3.581000671386718,1.9099998474121094,0.0007389237791069565
2026-01-20,4.23,-0.4099999999999966,0.04999999999999938,0.0,-0.18999999999999062,-1.932000579833982,8.619998931884766,-0.0053296319983181005
2026-01-21,-3.1900000000000013,2.6700000000000017,-0.040000000000000036,0.009999999999999787,-1.0400000000000134,2.3609991455078116,-7.109996795654297,-0.0008576624367911793
2026-01-22,-1.259999999999998,-0.75,-0.009999999999999787,-0.029999999999999805,-0.12000000000000455,-4.5890016174316415,-3.0600013732910156,-0.0012316630305407692
2026-01-23,0.4499999999999993,2.9399999999999977,-0.009999999999999787,0.009999999999999787,1.240000000000002,-20.339997100830075,-0.25,-0.0025082564648870524
2026-01-26,0.05999999999999872,0.14000000000000057,0.019999999999999574,0.0,-0.21999999999999176,4.782998046874997,-0.4799995422363281,-0.0071331776891217814
2026-01-27,0.20000000000000284,1.8299999999999983,0.05000000000000071,0.020000000000000018,1.0,7.469002075195313,0.34999847412109375,-0.005097147060084215
2026-01-28,0.0,0.7800000000000011,-0.010000000000000675,0.020000000000000018,-0.0899999999999963,7.949998474121095,1.3100013732910156,0.0005056093807172612
2026-01-29,0.5299999999999976,4.979999999999997,0.010000000000000675,-0.009999999999999787,-1.9200000000000017,0.34199890136718736,3.299999237060547,-0.0006137442292358981
2026-01-30,0.5600000000000023,0.5399999999999991,0.02999999999999936,0.009999999999999787,1.519999999999996,2.242000885009766,-1.529998779296875,0.0039092559660326345
2026-02-02,-1.1000000000000014,-7.209999999999994,-0.019999999999999574,-0.009999999999999787,-1.6300000000000026,-2.5600001525878895,0.09999847412109375,0.0039050165914553386
2026-02-03,1.6600000000000001,3.6400000000000006,-0.009999999999999787,0.009999999999999787,1.2700000000000102,-0.7949990844726571,-1.7599983215332031,-0.003253826960344902
2026-02-04,0.6400000000000006,2.789999999999999,0.009999999999999787,-0.009999999999999787,-0.8000000000000043,-2.1290011596679683,-0.030002593994140625,0.0024026771171619748
2026-02-05,3.129999999999999,-0.1600000000000037,0.019999999999999574,-0.03000000000000025,0.38000000000000256,1.8340011596679666,4.650001525878906,0.002054370566541633
2026-02-06,-4.009999999999998,-1.7899999999999991,-0.020000000000000018,0.020000000000000018,-0.29000000000000625,2.8689996337890626,1.4599990844726562,-0.002219274801951991
2026-02-09,-0.40000000000000213,-2.3900000000000006,0.020000000000000018,0.010000000000000231,-0.020000000000003126,-1.0780018615722646,-0.8799972534179688,-0.005100064090102214
2026-02-10,0.4299999999999997,-2.769999999999996,-0.029999999999999805,-0.03000000000000025,0.15000000000000568,-1.5799977111816403,1.8100013732910156,-0.001000166777824119
2026-02-11,-0.14000000000000057,-3.690000000000005,-0.050000000000000266,0.0,-0.09000000000000341,0.2509991455078122,-3.2000045776367188,-0.0005234450291595349
2026-02-12,3.1700000000000017,-2.3299999999999983,-0.040000000000000036,-0.029999999999999805,0.0,0.6469996643066409,7.220001220703125,0.0006595809474703375
2026-02-13,-0.21999999999999886,0.17999999999999972,0.020000000000000462,-0.020000000000000018,0.18999999999999773,-0.30399948120117415,1.529998779296875,-0.00010039844578026276
2026-02-17,-0.3100000000000023,0.35999999999999943,-0.020000000000000462,-0.010000000000000231,0.3299999999999983,-2.567999496459958,-1.2600021362304688,0.0017996861995820432
2026-02-18,-0.6699999999999982,8.950000000000003,0.0,0.03000000000000025,-0.789999999999992,1.8090003967285142,-4.649993896484375,0.0008922655773797457
2026-02-19,0.6099999999999994,5.239999999999995,-0.009999999999999787,0.0,0.060000000000002274,1.931997909545899,3.839996337890625,0.003327716792577162
2026-02-20,-1.1400000000000006,-0.6099999999999994,-0.009999999999999787,-0.010000000000000231,-0.45000000000000284,-1.5539994812011706,-3.7600021362304688,-0.0020632695101808884
2026-02-23,1.9200000000000017,2.9299999999999997,0.0,-0.020000000000000018,-0.519999999999996,-0.17499969482421918,3.7600021362304688,-0.00044250188912502126
2026-02-24,-1.4600000000000009,-0.22999999999999687,0.009999999999999787,0.0,0.04999999999998295,-0.8029988861084014,-2.7600021362304688,5.765501782549775e-05
2026-02-25,-1.620000000000001,0.14999999999999858,-0.010000000000000231,0.020000000000000018,-0.19999999999998863,0.12899848937988523,-2.839996337890625,-0.0015043574467772556
2026-02-26,0.6999999999999993,0.8299999999999983,0.0,0.0,1.1700000000000017,1.2539997863769514,1.5,0.0011473516278611212
2026-02-27,1.2300000000000004,4.88000000000001,-0.009999999999999343,-0.029999999999999805,-2.200000000000003,-0.3149993896484382,9.449996948242188,-0.0006948731118091693
2026-03-02,1.5800000000000018,4.219999999999999,-0.010000000000000675,0.040000000000000036,1.75,12.547000885009766,-0.1699981689453125,0.007143693962053021
2026-03-03,2.129999999999999,5.089999999999989,-0.029999999999999805,0.0,2.6899999999999977,9.674000396728516,4.540000915527344,0.006443503655242068
2026-03-04,-2.4200000000000017,1.210000000000008,0.0,0.0,-1.8199999999999932,-5.293002624511715,-7.720001220703125,-0.0030490001591662805
2026-03-05,2.6000000000000014,8.629999999999995,0.010000000000000231,0.020000000000000018,0.730000000000004,1.9340007019042957,4.5,0.004172001552488361
2026-03-06,5.739999999999998,19.769999999999996,0.03000000000000025,0.040000000000000036,-2.740000000000009,2.4539993286132784,6.730003356933594,-0.0006467014894969436
2026-03-09,-3.9899999999999984,-3.069999999999993,-0.03000000000000025,-0.010000000000000231,-5.27000000000001,2.9180007934570327,-1.5200042724609375,0.00020166849366334114
2026-03-10,-0.5700000000000003,7.659999999999997,0.020000000000000462,-0.009999999999999787,6.430000000000021,-8.889997558593748,-3.4099960327148438,-0.006628617382223569
2026-03-11,-0.6999999999999993,12.719999999999999,-0.010000000000000675,0.029999999999999805,-1.9500000000000028,2.525996856689453,2.2599945068359375,0.004730822977024753
2026-03-12,3.0599999999999987,-0.6899999999999977,-0.06000000000000005,0.020000000000000018,2.589999999999989,0.7610005187988236,16.710006713867188,0.0044682213863261174
2026-03-13,-0.09999999999999787,-1.2000000000000028,0.04000000000000048,-0.020000000000000018,-2.019999999999996,-0.6849972534179685,-4.1300048828125,0.006066385876774361
2026-03-16,-3.6799999999999997,-17.049999999999997,0.0,0.0,2.9000000000000057,0.9419993591308611,-5.9199981689453125,-0.0037797864894324076
2026-03-17,-1.1400000000000006,-6.049999999999997,-0.03000000000000025,0.010000000000000231,4.72999999999999,0.5619970703125006,-6.019996643066406,-0.0022023117327210984
2026-03-18,2.719999999999999,1.3599999999999994,-0.020000000000000018,0.029999999999999805,9.590000000000003,3.1230006408691438,2.0199966430664062,0.0007907895126987955
2026-03-19,-1.0300000000000011,-4.599999999999994,-0.040000000000000036,-0.029999999999999805,-7.030000000000001,7.100002441406247,3.6299972534179688,0.002104055704890842
2026-03-20,2.7200000000000024,-0.8300000000000125,0.04999999999999982,0.009999999999999787,4.77000000000001,-2.427000122070311,23.959999084472656,0.0007943244896158577
2026-03-23,-0.6300000000000026,-2.069999999999993,0.0,-0.04999999999999982,-5.25,-2.4720024108886705,-10.689994812011719,-0.0028191688724160066
2026-03-24,0.8000000000000007,-0.4399999999999977,-0.020000000000000018,0.0,0.7799999999999869,-2.601998291015626,4.8600006103515625,0.001602888874951248
2026-03-25,-1.620000000000001,0.8199999999999932,4.440892098500626e-16,-0.020000000000000018,2.3900000000000006,-1.264998474121093,-5.420005798339844,-1.082171351844115e-05
2026-03-26,2.110000000000003,2.210000000000008,-0.03000000000000025,0.029999999999999805,-0.4200000000000017,2.351996612548824,17.43000030517578,0.002168660721260617
2026-03-27,3.6099999999999994,4.269999999999996,0.10000000000000053,-0.029999999999999805,3.0,-1.0410003662109375,-3.0699996948242188,0.004112341102034233
2026-03-30,-0.4400000000000013,-0.7999999999999972,-0.030000000000000693,0.0,-3.019999999999996,0.7470010375976557,-3.6199951171875,
2026-03-31,-5.359999999999999,-6.450000000000003,-0.020000000000000018,-0.010000000000000231,,,-12.279998779296875,
2026-04-01,-0.7100000000000009,2.4099999999999966,0.010000000000000231,0.010000000000000231,,,-5.8600006103515625,
2026-04-02,,,-4.440892098500626e-16,0.029999999999999805,,,-5.779998779296875,
