Date,XOM,CVX,COP,OXY,LNG,VG,FRO,STNG,ET,BIL,SPY,WTI,Brent,HenryHub,VIX,OVX,FedFunds,DGS2,DGS10,T10YIE,DXY,CPI,CPI_Energy,IndProd,UMich,Claims,TTF,Gold,MOVE,Brent_WTI_Spread,TTF_HH_Spread,Spread_2s10s,Event_ID,Event_Label,OVX_Stress,VIX_Stress,Conflict_Period
2019-01-02,50.00184631347656,80.60424041748047,49.39659118652344,52.724876403808594,57.531272888183594,,3.324904441833496,15.90178394317627,7.0074238777160645,75.92897033691406,224.38253784179688,46.31,54.06,3.25,23.22,54.72,2.4,2.5,2.66,1.7,115.7689,,,,,,22.475000381469727,1281.0,62.79999923706055,7.75,19.225000381469727,0.16000000000000014,1,Pre-COVID,0,0,0
2019-01-03,49.234127044677734,79.06046295166016,48.46134948730469,52.07856750488281,57.59816360473633,,3.3543801307678223,16.411998748779297,7.055022239685059,75.95389556884766,219.02813720703125,46.92,53.23,2.72,25.45,53.57,2.4,2.39,2.56,1.68,115.4622,,,,,,22.2549991607666,1291.800048828125,65.79000091552734,6.309999999999995,19.534999160766603,0.16999999999999993,1,Pre-COVID,0,0,0
2019-01-04,51.049373626708984,80.69889831542969,49.68496322631836,53.75385665893555,59.01255798339844,,3.5076565742492676,17.007251739501953,7.499264240264893,75.96221923828125,226.3647003173828,47.76,55.64,2.8,21.38,51.52,2.4,2.5,2.67,1.76,114.9821,,,,,,22.93000030517578,1282.699951171875,65.81999969482422,7.880000000000003,20.13000030517578,0.16999999999999993,1,Pre-COVID,0,0,0
2019-01-07,51.314849853515625,81.74751281738281,49.46674346923828,54.8338737487793,59.76753234863281,,3.5489232540130615,17.347400665283203,7.6473469734191895,75.96221923828125,228.14944458007812,48.27,57.1,2.74,21.4,50.42,2.4,2.53,2.7,1.78,114.5628,,,,,,21.530000686645508,1286.800048828125,60.880001068115234,8.829999999999998,18.790000686645506,0.17000000000000037,1,Pre-COVID,0,0,0
2019-01-08,51.68793869018555,81.39069366455078,50.12919998168945,55.267578125,61.51640701293945,,3.6196649074554443,17.347400665283203,7.816582679748535,75.96221923828125,230.29296875,49.58,56.91,2.89,20.47,46.08,2.4,2.58,2.73,1.82,114.7281,,,,,,22.09000015258789,1283.199951171875,59.04999923706055,7.329999999999998,19.20000015258789,0.1499999999999999,1,Pre-COVID,0,0,0
2019-01-09,51.9605827331543,82.48299407958984,51.789268493652344,55.93938064575195,62.18537139892578,,3.678617238998413,17.177326202392578,7.991106033325195,75.96221923828125,231.3693084716797,52.19,59.46,2.92,19.98,44.36,2.4,2.56,2.74,1.83,114.1406,,,,,,21.719999313354492,1289.300048828125,57.02000045776367,7.270000000000003,18.79999931335449,0.18000000000000016,1,Pre-COVID,0,0,0
2019-01-10,51.69511413574219,82.61407470703125,52.950538635253906,56.28805160522461,62.7970085144043,,3.425123453140259,17.09228515625,7.985819339752197,75.97050476074219,232.18540954589844,52.42,60.47,2.95,19.5,42.99,2.4,2.56,2.74,1.81,114.0496,,,,,,21.674999237060547,1284.699951171875,56.650001525878906,8.049999999999997,18.724999237060548,0.18000000000000016,1,Pre-COVID,0,0,0
2019-01-11,51.45833969116211,81.9514389038086,51.742496490478516,56.31356430053711,61.64064025878906,,3.3072190284729004,16.83717918395996,7.954087257385254,75.98709106445312,232.27511596679688,51.44,59.24,2.95,18.19,40.99,2.4,2.55,2.71,1.83,114.0404,,,,,,22.2549991607666,1287.0999755859375,55.939998626708984,7.800000000000004,19.304999160766602,0.16000000000000014,1,Pre-COVID,0,0,0
2019-01-14,51.39376449584961,81.35429382324219,51.13458251953125,55.76931381225586,61.64064025878906,,3.230581045150757,16.497034072875977,7.7795634269714355,75.97882843017578,230.85806274414062,50.31,58.8,3.36,19.07,40.81,2.4,2.53,2.71,1.81,,,,,,,21.674999237060547,1289.0999755859375,55.34000015258789,8.489999999999995,18.314999237060547,0.18000000000000016,1,Pre-COVID,0,0,0
2019-01-15,51.42247009277344,81.64557647705078,51.4619255065918,55.71829605102539,62.013362884521484,,3.3366940021514893,16.922212600708008,7.864180088043213,75.99539184570312,233.50381469726562,51.8,58.65,3.54,18.6,39.75,2.4,2.53,2.72,1.81,114.3402,,,,,,22.0,1286.199951171875,53.0099983215332,6.850000000000001,18.46,0.1900000000000004,1,Pre-COVID,0,0,0
2019-01-16,51.40094757080078,81.12127685546875,51.17355728149414,55.395145416259766,60.914337158203125,,3.283637523651123,16.32695770263672,7.747829437255859,76.00374603271484,234.06890869140625,52.08,59.81,3.58,19.04,38.77,2.4,2.55,2.73,1.82,114.137,,,,,,22.0049991607666,1291.5999755859375,51.95000076293945,7.730000000000004,18.424999160766603,0.18000000000000016,1,Pre-COVID,0,0,0
2019-01-17,51.75251770019531,81.529052734375,52.26469039916992,55.98191833496094,61.18191909790039,,3.3072190284729004,16.83717918395996,7.7266764640808105,76.02032470703125,235.8446807861328,51.83,59.85,3.58,18.06,37.03,2.4,2.56,2.75,1.79,114.4115,,,,,,22.9950008392334,1291.0,53.439998626708984,8.020000000000003,19.4150008392334,0.18999999999999995,1,Pre-COVID,0,0,0
2019-01-18,52.369544982910156,83.28400421142578,52.91935348510742,57.002384185791016,61.92734146118164,,3.4192280769348145,17.900129318237305,7.705521583557129,76.02032470703125,238.9837646484375,53.6,62.04,3.43,17.8,35.63,2.4,2.62,2.79,1.83,114.558,,,,,,22.604999542236328,1281.300048828125,53.779998779296875,8.439999999999998,19.17499954223633,0.16999999999999993,1,Pre-COVID,0,0,0
2019-01-22,51.58031463623047,81.80577087402344,51.24370574951172,55.37812042236328,60.226253509521484,,3.324904441833496,17.032766342163086,7.4569573402404785,76.02864074707031,235.75502014160156,52.59,60.9,3.43,20.8,38.26,2.4,2.58,2.74,1.79,114.7541,,,,,,21.815000534057617,1282.5,54.63999938964844,8.309999999999995,18.385000534057617,0.16000000000000014,1,Pre-COVID,0,0,0
2019-01-23,51.15700912475586,81.11397552490234,51.329444885253906,54.9104118347168,59.94911193847656,,3.3307995796203613,16.90521240234375,7.42522668838501,76.02864074707031,236.24830627441406,52.44,61.05,3.13,19.52,37.69,2.4,2.58,2.76,1.8,114.5759,,,,,,22.190000534057617,1283.0999755859375,54.189998626708984,8.61,19.060000534057618,0.17999999999999972,1,Pre-COVID,0,0,0
2019-01-24,51.22875213623047,82.65779113769531,51.53207015991211,55.259063720703125,60.417396545410156,,3.295428991317749,17.177326202392578,7.46753454208374,76.05352020263672,236.37384033203125,52.94,61.09,3.13,18.89,36.75,2.4,2.56,2.72,1.77,114.617,,,,,,21.280000686645508,1279.0999755859375,54.18000030517578,8.150000000000006,18.15000068664551,0.16000000000000014,1,Pre-COVID,0,0,0
2019-01-25,51.45833969116211,82.44657897949219,52.21013259887695,56.577178955078125,60.732757568359375,,3.2187910079956055,17.372909545898438,7.583884239196777,76.04522705078125,238.37396240234375,53.53,61.49,3.07,17.42,35.21,2.4,2.6,2.76,1.79,114.0197,,,,,,20.889999389648438,1297.4000244140625,52.5,7.960000000000001,17.819999389648437,0.1599999999999997,1,Pre-COVID,0,0,0
2019-01-28,51.11394500732422,81.68197631835938,50.931949615478516,56.194515228271484,62.366947174072266,,3.0714094638824463,17.270862579345703,7.509842395782471,76.05352020263672,236.56224060058594,51.79,59.71,3.05,18.87,37.61,2.4,2.6,2.75,1.78,114.0522,,,,,,20.549999237060547,1302.4000244140625,50.95000076293945,7.920000000000002,17.499999237060546,0.1499999999999999,1,Pre-COVID,0,0,0
2019-01-29,51.30767059326172,81.43439483642578,50.89299774169922,56.53466796875,62.5007438659668,,3.0714094638824463,17.066776275634766,7.552153587341309,76.05352020263672,236.24830627441406,53.07,60.98,2.94,19.13,37.13,2.4,2.56,2.72,1.78,114.026,,,,,,20.584999084472656,1308.199951171875,49.79999923706055,7.909999999999997,17.644999084472655,0.16000000000000014,1,Pre-COVID,0,0,0
2019-01-30,51.867313385009766,82.29365539550781,51.19694519042969,56.95137405395508,63.21749496459961,,3.148048162460327,16.76064682006836,7.75840950012207,76.07014465332031,239.98829650878906,54.18,61.89,3.0,17.66,35.59,2.4,2.52,2.7,1.84,114.0731,,,,,,20.18000030517578,1309.9000244140625,48.31999969482422,7.710000000000001,17.18000030517578,0.18000000000000016,1,Pre-COVID,0,0,0
2019-01-31,52.57761001586914,83.48790740966797,52.75570297241211,56.78980255126953,62.73966979980469,,3.036038398742676,15.927291870117188,7.7795634269714355,76.07014465332031,242.09593200683594,53.84,62.46,2.82,16.57,34.97,2.4,2.45,2.63,1.85,113.5504,,,,,,19.850000381469727,1319.699951171875,49.810001373291016,8.619999999999997,17.030000381469726,0.17999999999999972,1,Pre-COVID,0,0,0
2019-02-01,54.47180938720703,86.19681549072266,53.52727127075195,57.86130142211914,64.00114440917969,,2.988877058029175,15.714704513549805,7.954087257385254,76.07760620117188,242.21263122558594,55.29,61.86,2.7,16.14,33.4,2.4,2.52,2.7,1.88,113.7548,253.319,208.144,102.8371,93.8,,19.299999237060547,1316.9000244140625,48.790000915527344,6.57,16.599999237060548,0.18000000000000016,1,Pre-COVID,0,0,0
2019-02-04,53.68256378173828,87.19442749023438,54.5014762878418,57.60617446899414,64.39295959472656,,3.000666856765747,15.6721830368042,7.975241661071777,76.08594512939453,243.91665649414062,54.57,62.26,2.57,15.73,33.7,2.4,2.53,2.73,1.87,113.8766,253.319,208.144,102.8371,93.8,,19.354999542236328,1314.300048828125,48.869998931884766,7.689999999999998,16.784999542236328,0.20000000000000018,1,Pre-COVID,0,0,0
2019-02-05,54.23501968383789,87.00511169433594,53.97930145263672,57.23200607299805,64.32605743408203,,3.1421520709991455,15.21298885345459,7.985819339752197,76.08594512939453,244.93910217285156,53.69,61.67,2.54,15.57,34.57,2.4,2.53,2.71,1.87,114.0431,253.319,208.144,102.8371,93.8,,19.139999389648438,1314.199951171875,48.619998931884766,7.980000000000004,16.59999938964844,0.18000000000000016,1,Pre-COVID,0,0,0
2019-02-06,53.99826431274414,86.56819152832031,53.862403869628906,56.6622314453125,62.98813247680664,,3.089094877243042,14.354125022888184,7.922353744506836,76.10256958007812,244.6162109375,53.94,62.22,2.58,15.38,33.02,2.4,2.52,2.7,1.86,114.2305,253.319,208.144,102.8371,93.8,,18.915000915527344,1309.5,47.439998626708984,8.280000000000001,16.335000915527345,0.18000000000000016,1,Pre-COVID,0,0,0
2019-02-07,53.58210754394531,86.09485626220703,52.59201431274414,55.20804977416992,62.87344741821289,,2.9594008922576904,13.63131332397461,7.779295921325684,76.10256958007812,242.28439331054688,52.68,61.01,2.62,16.37,34.34,2.4,2.48,2.65,1.84,114.4339,253.319,208.144,102.8371,93.8,,18.90999984741211,1309.4000244140625,48.970001220703125,8.329999999999998,16.28999984741211,0.16999999999999993,1,Pre-COVID,0,0,0
2019-02-08,53.6691780090332,85.62153625488281,51.87566375732422,55.2420654296875,62.682308197021484,,2.888658046722412,13.257156372070312,7.752302169799805,76.11923217773438,242.58033752441406,52.75,61.37,2.66,15.72,32.56,2.4,2.45,2.63,1.82,114.5003,253.319,208.144,102.8371,93.8,,18.264999389648438,1313.699951171875,49.630001068115234,8.619999999999997,15.604999389648437,0.17999999999999972,1,Pre-COVID,0,0,0
2019-02-11,53.7562255859375,85.16278076171875,52.25144577026367,55.140010833740234,62.44340515136719,,2.9652957916259766,13.79288101196289,7.6929192543029785,76.11089324951172,242.71484375,52.43,61.3,2.76,15.97,33.34,2.4,2.48,2.65,1.82,115.031,253.319,208.144,102.8371,93.8,,18.05500030517578,1307.0,48.31999969482422,8.869999999999997,15.295000305175781,0.16999999999999993,1,Pre-COVID,0,0,0
2019-02-12,54.69931411743164,86.45166778564453,52.80732727050781,55.913883209228516,62.90210723876953,,3.236475944519043,14.456165313720703,7.849475860595703,76.12757873535156,245.8359832763672,53.14,62.58,2.71,15.43,32.69,2.4,2.5,2.68,1.83,114.7297,253.319,208.144,102.8371,93.8,,17.78499984741211,1309.199951171875,49.02000045776367,9.439999999999998,15.074999847412109,0.18000000000000016,1,Pre-COVID,0,0,0
2019-02-13,55.315956115722656,87.07064819335938,53.06569290161133,55.99890899658203,62.9307975769043,,3.236475944519043,15.1704683303833,8.00063419342041,76.12757873535156,246.63430786132812,53.84,63.27,2.61,15.65,32.26,2.4,2.53,2.71,1.86,114.9407,253.319,208.144,102.8371,93.8,,18.020000457763672,1310.800048828125,48.16999816894531,9.43,15.410000457763672,0.18000000000000016,1,Pre-COVID,0,0,0
2019-02-14,55.33045196533203,86.90884399414062,54.099117279052734,56.611202239990234,63.07414627075195,,3.3543801307678223,16.488529205322266,8.1032075881958,76.14417266845703,246.08718872070312,54.4,64.0,2.61,16.22,32.1,2.4,2.5,2.66,1.85,115.1007,253.319,208.144,102.8371,93.8,,17.7549991607666,1309.800048828125,47.189998626708984,9.600000000000001,15.144999160766602,0.16000000000000014,1,Pre-COVID,0,0,0
2019-02-15,56.37511444091797,87.78408813476562,54.94467544555664,57.13846206665039,63.28440856933594,,3.4487037658691406,16.81166648864746,8.124802589416504,76.14417266845703,248.76881408691406,55.58,65.65,2.59,14.91,29.46,2.4,2.52,2.66,1.86,114.9923,253.319,208.144,102.8371,93.8,,18.100000381469727,1318.0999755859375,45.72999954223633,10.070000000000007,15.510000381469727,0.14000000000000012,1,Pre-COVID,0,0,0
2019-02-19,56.75236129760742,87.75466918945312,54.404457092285156,57.512630462646484,63.943809509277344,,3.460493803024292,16.964731216430664,8.432516098022461,76.16082000732422,249.1993408203125,56.12,65.86,2.69,14.88,31.0,2.4,2.5,2.65,1.87,114.57,253.319,208.144,102.8371,93.8,,17.704999923706055,1340.0999755859375,45.060001373291016,9.740000000000002,15.014999923706055,0.1499999999999999,1,Pre-COVID,0,0,0
2019-02-20,56.96998596191406,88.46813201904297,55.3126335144043,58.039894104003906,63.035919189453125,,3.372066020965576,16.72663116455078,8.367734909057617,76.16082000732422,249.7015838623047,56.9,66.82,2.69,14.02,30.76,2.4,2.5,2.65,1.89,,253.319,208.144,102.8371,93.8,,18.145000457763672,1343.300048828125,44.540000915527344,9.919999999999995,15.455000457763672,0.1499999999999999,1,Pre-COVID,0,0,0
2019-02-21,56.454898834228516,87.62962341308594,54.991641998291016,56.63671875,62.462520599365234,,3.3838560581207275,16.633094787597656,8.389328956604004,76.16913604736328,248.813720703125,56.95,66.91,2.73,14.46,30.16,2.4,2.53,2.69,1.91,114.5091,253.319,208.144,102.8371,93.8,,17.520000457763672,1323.5,46.54999923706055,9.959999999999994,14.790000457763671,0.16000000000000014,1,Pre-COVID,0,0,0
2019-02-22,56.89018249511719,87.81352996826172,54.780242919921875,56.06696319580078,62.30961227416992,,3.5725042819976807,16.522550582885742,8.297553062438965,76.185791015625,250.3563232421875,57.01,66.91,2.74,13.51,29.85,2.4,2.48,2.65,1.91,114.2716,253.319,208.144,102.8371,93.8,,17.229999542236328,1329.199951171875,47.220001220703125,9.899999999999999,14.489999542236328,0.16999999999999993,1,Pre-COVID,0,0,0
2019-02-25,56.94822692871094,87.9826889038086,54.21656799316406,56.32207489013672,61.764888763427734,,3.431018590927124,16.582069396972656,8.297553062438965,76.17744445800781,250.6970977783203,55.32,64.02,2.84,14.85,32.69,2.4,2.51,2.67,1.92,114.1457,253.319,208.144,102.8371,93.8,,16.94499969482422,1325.9000244140625,46.15999984741211,8.699999999999996,14.104999694824219,0.16000000000000014,1,Pre-COVID,0,0,0
2019-02-26,57.06431198120117,88.21807098388672,53.958187103271484,56.160499572753906,60.71364212036133,,3.5135514736175537,16.70111656188965,8.049221992492676,76.185791015625,250.5177459716797,55.4,64.51,2.74,15.17,31.57,2.4,2.48,2.64,1.92,114.0687,253.319,208.144,102.8371,93.8,,17.045000076293945,1325.0999755859375,46.279998779296875,9.110000000000007,14.305000076293945,0.16000000000000014,1,Pre-COVID,0,0,0
2019-02-27,57.65190887451172,88.32101440429688,54.19307327270508,56.67923355102539,62.63454818725586,,3.7139883041381836,15.90178394317627,8.02222728729248,76.19410705566406,250.41017150878906,56.92,65.55,2.89,14.7,31.01,2.4,2.5,2.69,1.93,114.0363,253.319,208.144,102.8371,93.8,,17.614999771118164,1317.699951171875,,8.629999999999995,14.724999771118163,0.18999999999999995,1,Pre-COVID,0,0,0
2019-02-28,57.33271026611328,87.95327758789062,53.120487213134766,56.2540397644043,61.59284973144531,,3.78473162651062,15.65517520904541,7.984439373016357,76.21075439453125,249.94371032714844,57.21,65.03,2.89,14.78,30.27,2.4,2.52,2.73,1.95,114.1991,253.319,208.144,102.8371,93.8,,17.815000534057617,1312.800048828125,47.220001220703125,7.82,14.925000534057617,0.20999999999999996,1,Pre-COVID,0,0,0
2019-03-01,58.036415100097656,89.75528717041016,53.96603012084961,57.44460678100586,61.162803649902344,,3.8731601238250732,15.6721830368042,8.087010383605957,76.21903228759766,251.50433349609375,55.76,63.71,3.19,13.57,30.31,2.4,2.55,2.76,1.96,114.537,254.277,214.934,102.8757,98.4,,17.31999969482422,1296.4000244140625,47.900001525878906,7.950000000000003,14.12999969482422,0.20999999999999996,1,Pre-COVID,0,0,0
2019-03-04,58.261295318603516,89.82150268554688,54.72545623779297,57.35956954956055,62.11848068237305,,3.9262166023254395,15.952805519104004,8.09241008758545,76.21073150634766,250.58944702148438,56.6,64.44,4.25,14.63,30.2,2.4,2.55,2.72,1.94,114.6925,254.277,214.934,102.8757,98.4,,17.399999618530273,1284.800048828125,46.7400016784668,7.839999999999996,13.149999618530273,0.17000000000000037,1,Pre-COVID,0,0,0
2019-03-05,58.17424011230469,90.6820297241211,54.028663635253906,57.4276008605957,63.58063888549805,,3.979274034500122,15.689194679260254,8.070816040039062,76.21903228759766,250.2486572265625,56.55,64.24,3.18,14.74,30.21,2.4,2.55,2.72,1.93,114.804,254.277,214.934,102.8757,98.4,,17.18000030517578,1282.0,45.86000061035156,7.689999999999998,14.000000305175782,0.17000000000000037,1,Pre-COVID,0,0,0
2019-03-06,57.514076232910156,90.85855102539062,53.46498107910156,56.28805160522461,62.65366744995117,,3.867264986038208,14.915365219116211,8.016831398010254,76.22740173339844,248.73294067382812,56.22,64.51,3.18,15.74,29.69,2.4,2.52,2.69,1.91,114.9714,254.277,214.934,102.8757,98.4,,16.850000381469727,1284.9000244140625,45.630001068115234,8.290000000000006,13.670000381469727,0.16999999999999993,1,Pre-COVID,0,0,0
2019-03-07,58.15248489379883,89.6890869140625,53.19878005981445,55.905372619628906,63.80046463012695,,3.737569808959961,14.60922908782959,8.108604431152344,76.24407196044922,246.65219116210938,56.6,64.82,2.9,16.59,30.43,2.4,2.47,2.64,1.9,115.4919,254.277,214.934,102.8757,98.4,,16.8700008392334,1283.800048828125,45.83000183105469,8.219999999999992,13.970000839233398,0.16999999999999993,1,Pre-COVID,0,0,0
2019-03-08,57.31820297241211,89.45372772216797,51.225833892822266,53.96900939941406,63.351287841796875,,3.7316737174987793,14.439156532287598,8.00063419342041,76.25240325927734,246.158935546875,55.77,65.66,2.9,16.05,29.77,2.4,2.45,2.62,1.9,115.3599,254.277,214.934,102.8757,98.4,,16.729999542236328,1297.0,45.83000183105469,9.889999999999993,13.829999542236328,0.16999999999999993,1,Pre-COVID,0,0,0
2019-03-11,57.87681579589844,90.92475128173828,51.57033157348633,54.975921630859375,64.98548126220703,,3.6550369262695312,15.07692813873291,8.189582824707031,76.25240325927734,249.72845458984375,56.79,65.06,2.86,14.33,29.18,2.4,2.47,2.64,1.91,115.2967,254.277,214.934,102.8757,98.4,,16.625,1288.800048828125,44.84000015258789,8.270000000000003,13.765,0.16999999999999993,1,Pre-COVID,0,0,0
2019-03-12,58.036415100097656,91.13070678710938,51.38242721557617,55.25130844116211,66.50498962402344,,3.8142075538635254,15.34203815460205,8.216577529907227,76.2607421875,250.6702117919922,56.89,65.33,2.83,13.77,28.56,2.4,2.45,2.61,1.9,114.939,254.277,214.934,102.8757,98.4,,16.209999084472656,1296.300048828125,44.86000061035156,8.439999999999998,13.379999084472656,0.1599999999999997,1,Pre-COVID,0,0,0
2019-03-13,58.55146789550781,91.6970443725586,52.72903060913086,55.991432189941406,66.23739624023438,,3.849579095840454,15.247968673706055,8.184184074401855,76.26909637451172,252.32945251464844,58.27,65.89,2.87,13.41,28.13,2.4,2.45,2.61,1.92,114.7372,254.277,214.934,102.8757,98.4,,15.725000381469727,1307.5,44.56999969482422,7.619999999999997,12.855000381469726,0.1599999999999997,1,Pre-COVID,0,0,0
2019-03-14,58.35560607910156,91.64556884765625,52.47066116333008,56.12052536010742,66.12272644042969,,3.737569808959961,15.034170150756836,8.140995979309082,76.26909637451172,252.16802978515625,58.59,66.18,2.95,13.5,27.22,2.4,2.46,2.63,1.94,114.79,254.277,214.934,102.8757,98.4,,15.604999542236328,1293.4000244140625,45.2400016784668,7.590000000000003,12.654999542236329,0.16999999999999993,1,Pre-COVID,0,0,0
2019-03-15,58.145240783691406,92.16777038574219,52.91692352294922,56.344295501708984,65.83602905273438,,3.831892967224121,15.897910118103027,8.13019847869873,76.27737426757812,253.4138641357422,58.51,66.11,2.95,12.88,26.27,2.4,2.43,2.59,1.94,114.5815,254.277,214.934,102.8757,98.4,,15.25,1301.800048828125,46.04999923706055,7.600000000000001,12.3,0.1599999999999997,1,Pre-COVID,0,0,0
2019-03-18,58.81990051269531,92.58702087402344,52.932586669921875,57.66962814331055,66.61012268066406,,3.9851694107055664,16.368257522583008,8.259764671325684,76.28573608398438,254.33262634277344,59.09,66.65,2.9,13.1,26.48,2.4,2.45,2.6,1.96,114.4375,254.277,214.934,102.8757,98.4,,14.979999542236328,1300.300048828125,44.95000076293945,7.560000000000002,12.079999542236328,0.1499999999999999,1,Pre-COVID,0,0,0
2019-03-19,58.66756057739258,92.14570617675781,52.72903060913086,56.946720123291016,65.79780578613281,,3.955693006515503,16.487991333007812,8.324545860290527,76.28573608398438,254.3958282470703,59.12,67.13,2.92,13.56,28.44,2.4,2.46,2.61,1.95,114.2324,254.277,214.934,102.8757,98.4,,15.005000114440918,1305.0,43.68000030517578,8.009999999999998,12.085000114440918,0.1499999999999999,1,Pre-COVID,0,0,0
2019-03-20,58.994014739990234,91.71178436279297,52.87777328491211,57.8847770690918,65.3486328125,,3.961587905883789,16.659019470214844,8.35693645477295,76.28573608398438,253.63003540039062,60.12,68.35,2.86,13.91,27.21,2.41,2.4,2.54,1.96,114.1509,254.277,214.934,102.8757,98.4,,15.21500015258789,1300.5,42.529998779296875,8.229999999999997,12.355000152587891,0.14000000000000012,1,Pre-COVID,0,0,0
2019-03-21,59.33497619628906,92.57232666015625,53.34754180908203,57.86757278442383,66.21829223632812,,4.120758533477783,16.684680938720703,8.37313461303711,76.31073760986328,256.4947509765625,59.98,68.3,2.86,13.63,27.14,2.41,2.41,2.54,1.96,114.1684,254.277,214.934,102.8757,98.4,,14.5649995803833,1306.0999755859375,44.5099983215332,8.32,11.704999580383301,0.1299999999999999,1,Pre-COVID,0,0,0
2019-03-22,58.38462448120117,90.5349349975586,51.72690200805664,56.14634323120117,64.60320281982422,,4.044121265411377,16.103147506713867,8.302952766418457,76.31073760986328,251.55816650390625,58.87,66.29,2.75,16.48,27.78,2.41,2.31,2.44,1.9,114.6856,254.277,214.934,102.8757,98.4,,14.454999923706055,1311.5999755859375,52.2599983215332,7.420000000000009,11.704999923706055,0.1299999999999999,1,Pre-COVID,0,0,0
2019-03-25,57.97836685180664,90.3878402709961,52.509822845458984,56.05167770385742,64.12535858154297,,3.8731601238250732,16.24853515625,8.259764671325684,76.31073760986328,251.36900329589844,58.71,67.37,2.72,16.33,29.32,2.4,2.26,2.43,1.88,114.4171,254.277,214.934,102.8757,98.4,,14.1850004196167,1321.9000244140625,57.11000061035156,8.660000000000004,11.465000419616699,0.17000000000000037,1,Pre-COVID,0,0,0
2019-03-26,58.73283004760742,91.29986572265625,53.676361083984375,57.729881286621094,64.287841796875,,3.9026365280151367,16.684680938720703,8.248968124389648,76.31907653808594,253.2427215576172,59.87,67.51,2.74,14.68,27.92,2.4,2.24,2.41,1.86,114.6414,254.277,214.934,102.8757,98.4,,14.385000228881836,1314.300048828125,56.5099983215332,7.640000000000008,11.645000228881836,0.16999999999999993,1,Pre-COVID,0,0,0
2019-03-27,58.283077239990234,90.31427001953125,53.16746139526367,57.10163116455078,63.43729782104492,,3.8790555000305176,16.539297103881836,8.200380325317383,76.32745361328125,251.91842651367188,59.39,67.35,2.69,15.15,28.11,2.41,2.22,2.39,1.84,115.1243,254.277,214.934,102.8757,98.4,,14.994999885559082,1309.9000244140625,60.970001220703125,7.959999999999994,12.304999885559083,0.16999999999999993,1,Pre-COVID,0,0,0
2019-03-28,58.5732421875,90.48342895507812,52.75251770019531,57.29095458984375,63.31305694580078,,3.719884157180786,16.91557502746582,8.216577529907227,76.3440933227539,252.8733673095703,59.29,66.08,2.69,14.43,28.52,2.41,2.23,2.39,1.83,115.2581,254.277,214.934,102.8757,98.4,,14.430000305175781,1289.800048828125,59.93000030517578,6.789999999999999,11.740000305175782,0.16000000000000014,1,Pre-COVID,0,0,0
2019-03-29,58.616790771484375,90.60113525390625,52.25144577026367,56.9725341796875,65.32952117919922,,3.8083131313323975,16.966890335083008,8.297553062438965,76.3440933227539,254.46786499023438,60.19,67.93,2.73,13.71,26.75,2.43,2.27,2.41,1.88,115.1371,254.277,214.934,102.8757,98.4,,14.21500015258789,1293.0,58.54999923706055,7.740000000000009,11.48500015258789,0.14000000000000012,1,Pre-COVID,0,0,0
2019-04-01,59.29146194458008,91.89563751220703,52.99522399902344,57.81593322753906,64.94725036621094,,4.014645576477051,16.735994338989258,8.42171859741211,76.35746002197266,257.48565673828125,61.59,69.08,2.73,13.4,26.23,2.41,2.33,2.49,1.9,114.9362,255.233,222.42,102.274,97.2,,13.845000267028809,1288.4000244140625,52.689998626708984,7.489999999999995,11.115000267028808,0.16000000000000014,1,Pre-COVID,0,0,0
2019-04-02,59.03752517700195,91.8882827758789,51.94611740112305,57.342594146728516,64.53631591796875,,3.9910645484924316,16.753093719482422,8.367734909057617,76.34910583496094,257.61175537109375,62.53,69.68,2.76,13.36,26.28,2.41,2.3,2.48,1.9,115.1173,255.233,222.42,102.274,97.2,,13.454999923706055,1290.0,54.209999084472656,7.150000000000006,10.694999923706055,0.18000000000000016,1,Pre-COVID,0,0,0
2019-04-03,58.6893196105957,91.12335205078125,51.288482666015625,56.85205078125,63.943809509277344,,3.9969594478607178,16.590608596801758,8.37313461303711,76.35746002197266,258.0171203613281,62.46,69.21,2.74,13.74,25.57,2.41,2.33,2.52,1.91,114.7211,255.233,222.42,102.274,97.2,,14.1899995803833,1289.9000244140625,53.84000015258789,6.749999999999993,11.4499995803833,0.18999999999999995,1,Pre-COVID,0,0,0
2019-04-04,59.52357864379883,91.79267120361328,51.01445388793945,57.17908477783203,64.53631591796875,,4.032330513000488,16.607709884643555,8.383933067321777,76.38251495361328,258.70172119140625,62.12,69.8,2.66,13.58,25.22,2.41,2.33,2.51,1.9,114.9697,255.233,222.42,102.274,97.2,,14.805000305175781,1289.0,51.70000076293945,7.68,12.145000305175781,0.17999999999999972,1,Pre-COVID,0,0,0
2019-04-05,59.84278106689453,92.98421478271484,51.76605224609375,58.55605697631836,64.57454681396484,,4.050016403198242,16.67612648010254,8.497300148010254,76.38251495361328,259.95391845703125,63.1,69.93,2.62,12.82,24.0,2.41,2.35,2.5,1.9,114.9726,255.233,222.42,102.274,97.2,,16.635000228881836,1290.4000244140625,49.220001220703125,6.830000000000005,14.015000228881835,0.1499999999999999,1,Pre-COVID,0,0,0
2019-04-08,60.212764739990234,93.17544555664062,52.10271453857422,58.84006881713867,64.98548126220703,,4.586481094360352,17.420143127441406,8.491902351379395,76.38251495361328,260.15203857421875,64.37,71.12,2.72,13.18,24.33,2.41,2.36,2.52,1.91,114.6893,255.233,222.42,102.274,97.2,,15.96500015258789,1297.0999755859375,47.88999938964844,6.75,13.24500015258789,0.16000000000000014,1,Pre-COVID,0,0,0
2019-04-09,59.436546325683594,92.33695220947266,51.437232971191406,57.90199279785156,64.20183563232422,,4.43910026550293,17.120820999145508,8.351541519165039,76.39085388183594,258.8189392089844,64.05,71.02,2.71,14.28,24.66,2.41,2.35,2.51,1.91,114.5321,255.233,222.42,102.274,97.2,,16.7549991607666,1303.5,48.83000183105469,6.969999999999999,14.0449991607666,0.1599999999999997,1,Pre-COVID,0,0,0
2019-04-10,59.1681022644043,92.30017852783203,52.431514739990234,57.81593322753906,64.07758331298828,,4.716176509857178,18.386497497558594,8.329944610595703,76.39085388183594,259.7016296386719,64.62,71.63,2.72,13.3,24.68,2.41,2.31,2.48,1.94,114.4269,255.233,222.42,102.274,97.2,,15.729999542236328,1309.0999755859375,48.599998474121094,7.009999999999991,13.009999542236327,0.16999999999999993,1,Pre-COVID,0,0,0
2019-04-11,59.45106506347656,92.66791534423828,51.9617805480957,57.81593322753906,64.13493347167969,,4.674910545349121,20.28501319885254,8.362336158752441,76.41593933105469,259.62957763671875,63.61,71.3,2.72,13.02,25.7,2.41,2.35,2.51,1.94,114.6303,255.233,222.42,102.274,97.2,,15.994999885559082,1288.5999755859375,46.900001525878906,7.689999999999998,13.274999885559081,0.1599999999999997,1,Pre-COVID,0,0,0
2019-04-12,58.70383071899414,88.08565521240234,52.74469757080078,56.22380065917969,64.5172119140625,,4.663119316101074,20.584327697753906,8.394726753234863,76.41593933105469,261.3863220214844,63.86,71.57,2.75,12.01,25.7,2.41,2.4,2.56,1.95,114.3531,255.233,222.42,102.274,97.2,,15.854999542236328,1290.5999755859375,48.84000015258789,7.709999999999994,13.104999542236328,0.16000000000000014,1,Pre-COVID,0,0,0
2019-04-15,58.507965087890625,88.36516571044922,51.938289642333984,54.52839279174805,63.51375961303711,,4.592376708984375,20.755361557006836,8.319148063659668,76.42424011230469,261.21514892578125,63.43,70.9,2.75,12.32,25.51,2.41,2.4,2.55,1.94,114.495,255.233,222.42,102.274,97.2,,15.010000228881836,1286.800048828125,47.63999938964844,7.470000000000006,12.260000228881836,0.1499999999999999,1,Pre-COVID,0,0,0
2019-04-16,58.90696716308594,89.12272644042969,51.54682159423828,54.79518127441406,62.758785247802734,,4.6041669845581055,20.438941955566406,8.286757469177246,76.42424011230469,261.3863220214844,64.01,70.74,2.66,12.18,25.57,2.41,2.41,2.6,1.96,114.6756,255.233,222.42,102.274,97.2,,14.835000038146973,1272.5999755859375,48.310001373291016,6.72999999999999,12.175000038146973,0.18999999999999995,1,Pre-COVID,0,0,0
2019-04-17,59.07379150390625,88.46076965332031,51.49986267089844,53.9173583984375,62.81612014770508,,4.6041669845581055,21.268476486206055,8.281360626220703,76.44097137451172,260.7467041015625,63.74,71.14,2.55,12.6,25.19,2.42,2.4,2.59,1.94,114.5141,255.233,222.42,102.274,97.2,,15.194999694824219,1272.199951171875,48.650001525878906,7.399999999999999,12.644999694824218,0.18999999999999995,1,Pre-COVID,0,0,0
2019-04-18,58.856178283691406,88.1592025756836,51.593807220458984,53.20304870605469,62.11848068237305,,4.5746917724609375,20.42184066772461,8.248968124389648,76.44931030273438,261.2601623535156,64.02,70.71,2.54,12.09,24.45,2.43,2.38,2.57,1.95,114.7073,255.233,222.42,102.274,97.2,,14.460000038146973,1271.9000244140625,49.22999954223633,6.689999999999998,11.920000038146974,0.18999999999999995,1,Pre-COVID,0,0,0
2019-04-22,60.140220642089844,89.65965270996094,52.423709869384766,54.2616081237793,63.57108688354492,,4.798708915710449,20.567224502563477,8.41092300415039,76.44931030273438,261.4853515625,65.66,70.71,2.61,12.42,26.07,2.44,2.38,2.59,1.95,114.7694,255.233,222.42,102.274,97.2,,14.460000038146973,1273.5,48.779998779296875,5.049999999999997,11.850000038146973,0.20999999999999996,1,Pre-COVID,0,0,0
2019-04-23,60.48843765258789,89.74791717529297,52.024410247802734,53.667789459228516,64.06805419921875,,4.727967262268066,21.33689308166504,8.400126457214355,76.44931030273438,263.8365478515625,66.24,74.39,2.53,12.28,26.56,2.44,2.36,2.57,1.95,115.1578,255.233,222.42,102.274,97.2,,14.420000076293945,1269.300048828125,49.790000915527344,8.150000000000006,11.890000076293946,0.20999999999999996,1,Pre-COVID,0,0,0
2019-04-24,59.31322479248047,86.99707794189453,50.65431594848633,53.357967376708984,62.71099090576172,,4.7515482902526855,21.678964614868164,8.319148063659668,76.46601104736328,263.2509460449219,65.96,73.59,2.53,13.14,25.28,2.44,2.32,2.53,1.96,115.4187,255.233,222.42,102.274,97.2,,14.265000343322754,1275.5,50.52000045776367,7.63000000000001,11.735000343322755,0.20999999999999996,1,Pre-COVID,0,0,0
2019-04-25,59.64691925048828,86.71759033203125,50.08278274536133,53.220272064208984,62.042022705078125,,4.769233703613281,21.89276123046875,8.23817253112793,76.48270416259766,263.08880615234375,65.23,74.94,2.54,13.25,25.57,2.44,2.33,2.54,1.98,115.7709,255.233,222.42,102.274,97.2,,14.53499984741211,1275.800048828125,49.790000915527344,9.709999999999994,11.99499984741211,0.20999999999999996,1,Pre-COVID,0,0,0
2019-04-26,58.39188003540039,86.12919616699219,49.15113067626953,52.76414489746094,62.510311126708984,,4.739757537841797,21.875659942626953,8.205779075622559,76.47435760498047,264.3139953613281,63.29,71.03,2.58,12.73,31.24,2.44,2.28,2.51,1.97,115.4767,255.233,222.42,102.274,97.2,,14.425000190734863,1284.9000244140625,49.43000030517578,7.740000000000002,11.845000190734863,0.22999999999999998,1,Pre-COVID,0,0,0
2019-04-29,58.01465606689453,86.58519744873047,49.049346923828125,51.74861526489258,62.10893249511719,,4.845872402191162,22.63677406311035,8.232772827148438,76.48270416259766,264.7283935546875,63.39,71.22,2.58,13.11,29.04,2.45,2.3,2.54,1.96,115.5227,255.233,222.42,102.274,97.2,,14.524999618530273,1278.5999755859375,48.04999923706055,7.829999999999998,11.944999618530273,0.2400000000000002,1,Pre-COVID,0,0,0
2019-04-30,58.23952102661133,88.30630493164062,49.41731262207031,50.6728515625,61.497283935546875,,4.828185558319092,22.046693801879883,8.162590980529785,76.49104309082031,264.8634948730469,63.83,72.19,2.59,13.12,29.31,2.45,2.27,2.51,1.95,115.3281,255.233,222.42,102.274,97.2,,14.390000343322754,1282.800048828125,49.470001220703125,8.36,11.800000343322754,0.23999999999999977,1,Pre-COVID,0,0,0
2019-05-01,57.07155227661133,86.65139770507812,49.06501770019531,49.46799087524414,61.59284973144531,,4.7515482902526855,22.200624465942383,8.184184074401855,76.49441528320312,262.8725891113281,63.55,72.01,2.59,14.8,29.41,2.45,2.31,2.52,1.93,115.0022,255.296,220.523,102.392,100.0,,14.055000305175781,1281.4000244140625,46.75,8.460000000000008,11.465000305175781,0.20999999999999996,1,Pre-COVID,0,0,0
2019-05-02,56.07042694091797,85.599609375,47.98460006713867,49.356109619140625,61.401729583740234,,4.710280895233154,23.79127311706543,8.049221992492676,76.5027847290039,262.3050842285156,61.75,70.56,2.63,14.42,30.49,2.41,2.35,2.55,1.89,115.5617,255.296,220.523,102.392,100.0,,14.364999771118164,1269.699951171875,46.720001220703125,8.810000000000002,11.734999771118165,0.19999999999999973,1,Pre-COVID,0,0,0
2019-05-03,56.201011657714844,86.25421905517578,48.54829406738281,49.87248229980469,61.611976623535156,,4.857661724090576,23.71430206298828,8.292154312133789,76.5111312866211,264.8724365234375,61.98,71.95,2.59,12.87,29.88,2.4,2.33,2.54,1.91,115.2646,255.296,220.523,102.392,100.0,,14.5649995803833,1279.199951171875,45.779998779296875,9.970000000000006,11.974999580383301,0.20999999999999996,1,Pre-COVID,0,0,0
2019-05-06,55.954345703125,87.0853500366211,48.44651794433594,50.578182220458984,61.46862030029297,,4.698489665985107,23.620235443115234,8.338972091674805,76.51951599121094,263.78253173828125,62.3,71.95,2.54,15.44,30.91,2.4,2.31,2.51,1.91,115.3811,255.296,220.523,102.392,100.0,,14.335000038146973,1281.699951171875,47.81999969482422,9.650000000000006,11.795000038146974,0.19999999999999973,1,Pre-COVID,0,0,0
2019-05-07,55.656925201416016,86.98971557617188,47.7575569152832,51.36994552612305,62.347843170166016,,4.610062122344971,23.32947540283203,8.322449684143066,76.52787780761719,259.3774108886719,61.41,70.98,2.54,19.32,34.07,2.4,2.28,2.45,1.87,115.6116,255.296,220.523,102.392,100.0,,14.154999732971191,1283.5,52.36000061035156,9.570000000000007,11.614999732971192,0.17000000000000037,1,Pre-COVID,0,0,0
2019-05-08,55.74396514892578,86.42338562011719,48.09419631958008,51.81746292114258,61.00990295410156,,4.663119316101074,22.68808364868164,8.305925369262695,76.52787780761719,259.0170593261719,62.13,71.09,2.64,19.4,32.23,2.39,2.3,2.49,1.87,115.5171,255.296,220.523,102.392,100.0,,14.319999694824219,1279.4000244140625,51.310001373291016,8.96,11.679999694824218,0.1900000000000004,1,Pre-COVID,0,0,0
2019-05-09,55.69316482543945,89.13744354248047,48.18031692504883,48.47828674316406,62.08979797363281,,4.669013977050781,22.790706634521484,8.195768356323242,76.5362319946289,258.23333740234375,61.58,70.61,2.62,19.1,32.48,2.38,2.26,2.45,1.85,115.8421,255.296,220.523,102.392,100.0,,14.454999923706055,1283.5,54.720001220703125,9.030000000000001,11.834999923706054,0.1900000000000004,1,Pre-COVID,0,0,0
2019-05-10,56.17748260498047,89.72586059570312,48.71929168701172,47.30786895751953,64.86123657226562,,4.657223701477051,23.577476501464844,8.322449684143066,76.55296325683594,259.5305480957031,61.65,71.63,2.64,16.04,32.8,2.38,2.26,2.47,1.88,115.5334,255.296,220.523,102.392,100.0,,13.994999885559082,1285.699951171875,53.4900016784668,9.979999999999997,11.354999885559081,0.2100000000000004,1,Pre-COVID,0,0,0
2019-05-13,55.553775787353516,88.5858154296875,48.1449089050293,46.619361877441406,62.73011016845703,,4.480367183685303,22.303255081176758,8.1406888961792,76.54458618164062,253.00857543945312,60.97,72.35,2.71,20.55,34.6,2.38,2.18,2.4,1.85,115.915,255.296,220.523,102.392,100.0,,13.760000228881836,1300.0999755859375,57.88999938964844,11.379999999999995,11.050000228881835,0.21999999999999975,1,Pre-COVID,0,1,0
2019-05-14,55.62715148925781,89.46842193603516,49.03400421142578,46.946407318115234,64.13493347167969,,4.993251800537109,22.7137451171875,8.195768356323242,76.55296325683594,255.2965850830078,61.82,72.53,2.7,18.06,32.13,2.38,2.2,2.42,1.86,115.9425,255.296,220.523,102.392,100.0,,13.78499984741211,1294.699951171875,55.349998474121094,10.71,11.08499984741211,0.21999999999999975,1,Pre-COVID,0,0,0
2019-05-15,56.03805923461914,89.83619689941406,48.81370544433594,46.68821334838867,64.04891967773438,,5.299802780151367,23.00450325012207,8.228813171386719,76.56135559082031,256.79205322265625,62.03,73.09,2.69,16.44,29.26,2.4,2.16,2.37,1.83,115.8565,255.296,220.523,102.392,100.0,,13.854999542236328,1296.300048828125,57.400001525878906,11.060000000000002,11.164999542236329,0.20999999999999996,1,Pre-COVID,0,0,0
2019-05-16,56.03074264526367,89.72478485107422,49.230712890625,46.257911682128906,64.80391693115234,,5.458975315093994,23.278160095214844,8.173734664916992,76.5696792602539,259.1703186035156,62.93,74.7,2.62,15.29,29.42,2.39,2.2,2.4,1.84,116.0346,255.296,220.523,102.392,100.0,,13.385000228881836,1285.0,56.97999954223633,11.770000000000003,10.765000228881835,0.19999999999999973,1,Pre-COVID,0,0,0
2019-05-17,55.700531005859375,89.51679229736328,48.860904693603516,45.40590286254883,64.23050689697266,,5.311594486236572,22.619667053222656,8.151704788208008,76.57804107666016,257.49468994140625,62.77,73.94,2.61,15.96,29.44,2.39,2.2,2.39,1.81,116.448,255.296,220.523,102.392,100.0,,12.854999542236328,1274.5,56.970001220703125,11.169999999999995,10.244999542236329,0.18999999999999995,1,Pre-COVID,0,0,0
2019-05-20,55.693180084228516,89.7544937133789,49.13629150390625,46.00833511352539,63.45641326904297,,5.494345188140869,23.201196670532227,8.113146781921387,76.58643341064453,255.79209899902344,63.12,73.21,2.7,16.31,27.63,2.39,2.21,2.41,1.81,116.3119,255.296,220.523,102.392,100.0,,12.904999732971191,1276.0999755859375,56.54999923706055,10.089999999999996,10.204999732971192,0.20000000000000018,1,Pre-COVID,0,0,0
2019-05-21,55.95000076293945,90.12584686279297,50.056861877441406,46.051361083984375,64.16360473632812,,5.358755588531494,23.08147430419922,8.223306655883789,76.58643341064453,258.09820556640625,63.02,72.94,2.73,14.95,26.93,2.39,2.26,2.43,1.83,116.2844,255.296,220.523,102.392,100.0,,12.704999923706055,1272.0,55.349998474121094,9.919999999999995,9.974999923706054,0.17000000000000037,1,Pre-COVID,0,0,0
2019-05-22,55.44371032714844,89.55394744873047,49.608375549316406,45.42311477661133,63.60932922363281,,5.158317565917969,22.474292755126953,8.217798233032227,76.60315704345703,257.305419921875,61.42,71.94,2.73,14.75,28.19,2.38,2.23,2.39,1.79,116.2412,255.296,220.523,102.392,100.0,,12.649999618530273,1273.5999755859375,54.959999084472656,10.519999999999996,9.919999618530273,0.16000000000000014,1,Pre-COVID,0,0,0
2019-05-23,54.14494323730469,87.54850769042969,46.81520462036133,45.535003662109375,62.013362884521484,,4.9814605712890625,21.191511154174805,7.969946384429932,76.61988067626953,254.1615447998047,57.65,68.37,2.56,16.92,33.79,2.38,2.12,2.31,1.73,116.2368,255.296,220.523,102.392,100.0,,12.595000267028809,1284.800048828125,61.06999969482422,10.720000000000006,10.035000267028808,0.18999999999999995,1,Pre-COVID,0,0,0
2019-05-24,54.37240982055664,88.17243194580078,47.11419677734375,46.01694107055664,61.6979866027832,,5.0404133796691895,22.568359375,8.041545867919922,76.61988067626953,254.73809814453125,58.4,67.98,2.6,15.85,33.19,2.38,2.16,2.32,1.76,116.0806,255.296,220.523,102.392,100.0,,12.25,1283.0,60.540000915527344,9.580000000000005,9.65,0.1599999999999997,1,Pre-COVID,0,0,0
2019-05-28,53.27907943725586,87.87530517578125,47.247947692871094,44.99281311035156,59.80575942993164,,4.951984405517578,22.243389129638672,7.8928327560424805,76.6282730102539,252.36886596679688,58.91,70.19,2.65,17.5,34.36,2.39,2.12,2.26,1.73,116.3174,255.296,220.523,102.392,100.0,,12.520000457763672,1276.5,61.77000045776367,11.280000000000001,9.870000457763672,0.13999999999999968,1,Pre-COVID,0,0,0
2019-05-29,52.948890686035156,86.73146057128906,47.31875991821289,44.75183868408203,61.115028381347656,,4.74565315246582,22.45718765258789,7.92587947845459,76.6282730102539,250.67532348632812,58.84,70.64,2.69,17.9,36.43,2.39,2.09,2.25,1.75,116.5535,255.296,220.523,102.392,100.0,,12.225000381469727,1280.5999755859375,63.15999984741211,11.799999999999997,9.535000381469727,0.16000000000000014,1,Pre-COVID,0,0,0
2019-05-30,52.809471130371094,85.69903564453125,46.38246154785156,44.67438888549805,60.216697692871094,,4.6454339027404785,22.32035255432129,7.678024768829346,76.65338897705078,251.36001586914062,56.47,69.55,2.69,17.3,39.62,2.39,2.06,2.22,1.74,116.3989,255.296,220.523,102.392,100.0,,11.475000381469727,1287.0999755859375,61.7400016784668,13.079999999999998,8.785000381469727,0.16000000000000014,1,Pre-COVID,1,0,0
2019-05-31,51.928951263427734,84.56263732910156,46.39033508300781,42.832664489746094,60.37916564941406,,4.621852874755859,22.260488510131836,7.567864894866943,76.65338897705078,247.9727783203125,53.49,66.78,2.59,18.71,46.91,2.4,1.95,2.14,1.74,116.7273,255.296,220.523,102.392,100.0,,11.204999923706055,1305.800048828125,72.68000030517578,13.29,8.614999923706055,0.19000000000000017,1,Pre-COVID,1,0,0
2019-06-03,52.743431091308594,86.15213012695312,46.752262115478516,42.44539260864258,61.87000274658203,,4.568796634674072,22.59401512145996,7.733102321624756,76.6500244140625,247.3422393798828,53.25,63.16,2.5,18.86,46.78,2.38,1.82,2.07,1.73,116.4764,255.296,220.523,102.392,100.0,,11.100000381469727,1322.699951171875,73.55999755859375,9.909999999999997,8.600000381469727,0.24999999999999978,1,Pre-COVID,1,0,0
2019-06-04,53.99817657470703,87.12512969970703,46.50048065185547,42.76382064819336,63.20793914794922,,4.610062122344971,22.636940002441406,7.969946384429932,76.6667709350586,252.7112579345703,53.5,63.56,2.45,16.97,43.46,2.38,1.88,2.12,1.74,116.091,255.296,220.523,102.392,100.0,,11.90999984741211,1323.4000244140625,75.26000213623047,10.060000000000002,9.45999984741211,0.2400000000000002,1,Pre-COVID,1,0,0
2019-06-05,53.55057144165039,87.38508605957031,44.9111213684082,40.8188362121582,62.835227966308594,,4.739757537841797,22.748533248901367,7.70005464553833,76.6667709350586,254.9002685546875,51.57,62.14,2.45,16.09,45.19,2.38,1.83,2.12,1.75,116.03,255.296,220.523,102.392,100.0,,11.600000381469727,1328.300048828125,77.63999938964844,10.57,9.150000381469727,0.29000000000000004,1,Pre-COVID,1,0,0
2019-06-06,54.52649688720703,89.63565826416016,45.79234313964844,42.20442581176758,64.25917053222656,,4.5805864334106445,22.439495086669922,7.782675743103027,76.69190979003906,256.55767822265625,52.59,62.77,2.4,15.93,40.66,2.37,1.88,2.12,1.73,115.9771,255.296,220.523,102.392,100.0,,11.104999542236328,1337.5999755859375,73.41999816894531,10.18,8.704999542236328,0.2400000000000002,1,Pre-COVID,0,0,0
2019-06-07,54.72461700439453,90.22985076904297,46.39033508300781,41.837127685546875,64.60320281982422,,4.6041669845581055,22.86012840270996,7.7441182136535645,76.68352508544922,259.1251220703125,53.95,64.1,2.43,16.3,38.75,2.37,1.85,2.09,1.74,115.7368,255.296,220.523,102.392,100.0,,11.520000457763672,1341.199951171875,68.69000244140625,10.149999999999991,9.090000457763672,0.23999999999999977,1,Pre-COVID,0,0,0
2019-06-10,54.96676254272461,90.83148956298828,46.62636184692383,41.88959884643555,63.45641326904297,,4.521634101867676,22.722782135009766,7.766149997711182,76.70028686523438,260.3143005371094,53.33,64.31,2.42,15.94,39.12,2.37,1.9,2.15,1.73,115.5001,255.296,220.523,102.392,100.0,,11.805000305175781,1324.699951171875,65.62000274658203,10.980000000000004,9.385000305175781,0.25,1,Pre-COVID,0,0,0
2019-06-11,54.91538619995117,89.99956512451172,46.2093505859375,42.89530563354492,63.21749496459961,,4.568796634674072,22.362234115600586,7.887323379516602,76.69190979003906,260.251220703125,53.3,63.56,2.41,15.99,38.69,2.37,1.93,2.15,1.72,115.3794,255.296,220.523,102.392,100.0,,11.199999809265137,1326.4000244140625,64.93000030517578,10.260000000000005,8.789999809265137,0.21999999999999997,1,Pre-COVID,0,0,0
2019-06-12,54.321041107177734,89.27169799804688,46.06773376464844,42.66792678833008,62.08979797363281,,4.256349563598633,20.310571670532227,7.843259811401367,76.70028686523438,259.79180908203125,51.13,61.66,2.43,15.91,43.06,2.37,1.88,2.13,1.71,115.438,255.296,220.523,102.392,100.0,,11.140000343322754,1331.9000244140625,68.43000030517578,10.529999999999994,8.710000343322754,0.25,1,Pre-COVID,1,0,0
2019-06-13,54.79798126220703,89.80647277832031,46.46901321411133,43.48997497558594,62.81612014770508,,4.710280895233154,22.070371627807617,7.887323379516602,76.72543334960938,260.8637390136719,52.38,63.28,2.43,15.82,41.56,2.37,1.83,2.1,1.68,115.6275,255.296,220.523,102.392,100.0,,11.395000457763672,1339.199951171875,75.73999786376953,10.899999999999999,8.965000457763672,0.27,1,Pre-COVID,0,0,0
2019-06-14,54.55584716796875,89.73221588134766,46.28017044067383,43.1226692199707,62.510311126708984,,4.480367183685303,21.80425453186035,7.804705619812012,76.73385620117188,260.5755615234375,52.47,63.13,2.37,15.28,42.89,2.36,1.84,2.09,1.63,115.9057,255.296,220.523,102.392,100.0,,11.319999694824219,1340.0999755859375,80.81999969482422,10.660000000000004,8.949999694824218,0.24999999999999978,1,Pre-COVID,0,0,0
2019-06-17,55.09882354736328,90.16300201416016,46.42966842651367,43.5599365234375,62.7970085144043,,4.486262798309326,21.76133155822754,7.749625205993652,76.73385620117188,260.67462158203125,51.94,62.56,2.46,15.35,46.15,2.38,1.86,2.09,1.61,115.9684,255.296,220.523,102.392,100.0,,11.569999694824219,1338.699951171875,76.87999725341797,10.620000000000005,9.109999694824218,0.22999999999999976,1,Pre-COVID,1,0,0
2019-06-18,55.5757942199707,91.30684661865234,47.07484817504883,44.03219223022461,63.465972900390625,,4.533424377441406,22.757112503051758,7.788181781768799,76.73385620117188,263.404052734375,53.86,63.35,2.44,15.15,43.43,2.37,1.86,2.06,1.64,115.8797,255.296,220.523,102.392,100.0,,11.03499984741211,1346.5999755859375,76.73999786376953,9.490000000000002,8.59499984741211,0.19999999999999996,1,Pre-COVID,1,0,0
2019-06-19,55.267601013183594,91.27714538574219,46.933223724365234,43.98845291137695,63.953372955322266,,4.562900066375732,22.010282516479492,7.788181781768799,76.7505874633789,263.99859619140625,53.74,62.85,2.43,14.33,40.79,2.37,1.74,2.03,1.67,115.7889,255.296,220.523,102.392,100.0,,10.484999656677246,1344.5999755859375,71.37000274658203,9.11,8.054999656677246,0.2899999999999998,1,Pre-COVID,0,0,0
2019-06-20,56.21415328979492,92.30956268310547,47.75938034057617,44.862972259521484,65.18616485595703,,4.733862400054932,22.319316864013672,7.848767280578613,76.75897979736328,266.52105712890625,56.88,65.44,2.38,14.75,41.66,2.37,1.72,2.01,1.74,114.8046,255.296,220.523,102.392,100.0,,10.149999618530273,1392.9000244140625,72.37000274658203,8.559999999999995,7.7699996185302735,0.2899999999999998,1,Pre-COVID,0,0,0
2019-06-21,57.00664520263672,92.7923583984375,47.4682502746582,44.259552001953125,65.85515594482422,,4.9225077629089355,22.37940216064453,7.942403793334961,76.75897979736328,266.133544921875,57.35,65.99,2.27,15.4,42.13,2.38,1.77,2.07,1.73,114.8377,255.296,220.523,102.392,100.0,,10.354999542236328,1396.199951171875,74.62999725341797,8.639999999999993,8.084999542236329,0.2999999999999998,1,Pre-COVID,0,0,0
2019-06-24,56.46364212036133,92.77751159667969,47.61774444580078,43.62990188598633,65.27217864990234,,4.727967262268066,22.216304779052734,7.821229934692383,76.76736450195312,265.8077392578125,57.73,65.16,2.31,15.26,41.0,2.38,1.72,2.02,1.71,114.6559,255.296,220.523,102.392,100.0,,10.199999809265137,1414.300048828125,73.76000213623047,7.43,7.889999809265136,0.30000000000000004,1,Pre-COVID,0,0,0
2019-06-25,55.96467971801758,91.8342056274414,47.02764129638672,43.18389129638672,64.69878387451172,,4.639538764953613,22.739946365356445,7.70005464553833,76.76736450195312,263.20074462890625,57.63,66.24,2.31,16.28,40.26,2.38,1.71,2.0,1.67,114.6363,255.296,220.523,102.392,100.0,,9.845000267028809,1414.9000244140625,74.22000122070312,8.609999999999992,7.535000267028808,0.29000000000000004,1,Pre-COVID,0,0,0
2019-06-26,56.20683288574219,92.0495834350586,49.372337341308594,44.093387603759766,65.59712219238281,,4.610062122344971,23.890254974365234,7.793689727783203,76.78414916992188,262.938232421875,59.17,66.85,2.34,16.21,38.45,2.38,1.77,2.05,1.7,114.5608,255.296,220.523,102.392,100.0,,9.619999885559082,1411.5999755859375,73.7300033569336,7.679999999999993,7.279999885559082,0.2799999999999998,1,Pre-COVID,0,0,0
2019-06-27,55.63448715209961,91.44054412841797,48.207855224609375,43.50746154785156,65.19573974609375,,4.798708915710449,23.31509780883789,7.7220892906188965,76.78414916992188,263.8705749511719,59.18,66.78,2.32,15.82,37.84,2.38,1.74,2.01,1.68,114.665,255.296,220.523,102.392,100.0,,9.375,1408.4000244140625,69.91999816894531,7.600000000000001,7.055,0.2699999999999998,1,Pre-COVID,0,0,0
2019-06-28,56.22883987426758,92.42839050292969,47.995426177978516,43.97095489501953,65.41553497314453,,4.716176509857178,25.34100914001465,7.755133152008057,76.79252624511719,265.2283935546875,58.2,67.52,2.42,15.08,39.46,2.4,1.75,2.0,1.69,114.5821,255.296,220.523,102.392,100.0,,10.114999771118164,1409.699951171875,70.43000030517578,9.319999999999993,7.694999771118164,0.25,1,Pre-COVID,0,0,0
2019-07-01,56.17748260498047,92.72550964355469,48.97892761230469,43.53369903564453,67.01150512695312,,4.781023979187012,25.933326721191406,7.766149997711182,76.78833770751953,267.6362609863281,58.91,65.1,2.33,14.06,35.92,2.39,1.78,2.03,1.69,114.7239,255.802,216.696,101.9408,98.4,,10.364999771118164,1385.5999755859375,66.52999877929688,6.189999999999998,8.034999771118164,0.24999999999999978,1,Pre-COVID,0,0,0
2019-07-02,55.56110763549805,91.30684661865234,47.287296295166016,42.6591682434082,66.3998794555664,,4.716176509857178,25.933326721191406,7.810213565826416,76.79670715332031,268.333251953125,56.0,62.72,2.3,12.93,37.77,2.4,1.77,1.98,1.65,114.8258,255.802,216.696,101.9408,98.4,,10.225000381469727,1404.5999755859375,68.5999984741211,6.719999999999999,7.925000381469727,0.20999999999999996,1,Pre-COVID,0,0,0
2019-07-03,56.08943557739258,91.6187973022461,47.60200881958008,43.000240325927734,66.0176010131836,,4.674910545349121,25.229408264160156,7.97545051574707,76.8218994140625,270.4786071777344,57.06,63.53,2.29,12.57,36.72,2.41,1.77,1.96,1.65,114.8135,255.802,216.696,101.9408,98.4,,10.295000076293945,1417.699951171875,68.33000183105469,6.469999999999999,8.005000076293946,0.18999999999999995,1,Pre-COVID,0,0,0
2019-07-05,55.8619499206543,91.75991821289062,47.12992477416992,43.096435546875,65.72135162353516,,4.733862400054932,26.07926368713379,8.041545867919922,76.81352233886719,270.1708679199219,,64.23,,13.28,34.7,2.42,1.87,2.04,1.69,115.1132,255.802,216.696,101.9408,98.4,,11.21500015258789,1396.699951171875,65.27999877929688,,,0.16999999999999993,1,Pre-COVID,0,0,0
2019-07-08,56.11879348754883,91.80449676513672,47.12206268310547,43.113929748535156,65.73089599609375,,5.034518241882324,26.010581970214844,8.047053337097168,76.81352233886719,268.6863098144531,57.35,64.89,2.39,13.96,34.0,2.41,1.88,2.05,1.7,115.0254,255.802,216.696,101.9408,98.4,,11.880000114440918,1397.0,63.220001220703125,7.539999999999999,9.490000114440917,0.16999999999999993,1,Pre-COVID,0,0,0
2019-07-09,56.082096099853516,91.6187973022461,47.12206268310547,43.385032653808594,65.46332550048828,,4.739757537841797,25.86465072631836,7.997482776641846,76.8218994140625,269.0212707519531,57.57,64.3,2.41,14.09,30.3,2.41,1.92,2.07,1.71,115.1017,255.802,216.696,101.9408,98.4,,11.760000228881836,1397.5,62.900001525878906,6.729999999999997,9.350000228881836,0.1499999999999999,1,Pre-COVID,0,0,0
2019-07-10,56.87456130981445,93.17118835449219,48.160648345947266,43.93598175048828,65.62578582763672,,4.816394329071045,25.90757179260254,8.096625328063965,76.83028411865234,270.30657958984375,60.28,66.41,2.49,13.03,30.76,2.41,1.82,2.07,1.74,115.0879,255.802,216.696,101.9408,98.4,,12.135000228881836,1410.0999755859375,62.38999938964844,6.1299999999999955,9.645000228881836,0.24999999999999978,1,Pre-COVID,0,0,0
2019-07-11,56.9185905456543,93.16373443603516,48.357357025146484,44.11088562011719,65.99849700927734,,4.781023979187012,25.70155143737793,8.124164581298828,76.84712219238281,270.9403381347656,59.93,67.64,2.54,12.93,29.86,2.4,1.85,2.13,1.77,114.8361,255.802,216.696,101.9408,98.4,,13.130000114440918,1404.300048828125,62.959999084472656,7.710000000000001,10.590000114440919,0.2799999999999998,1,Pre-COVID,0,0,0
2019-07-12,56.96260070800781,93.5722427368164,48.59339904785156,45.23027420043945,66.41899108886719,,4.739757537841797,25.332422256469727,8.162720680236816,76.85546875,272.1533203125,59.99,66.65,2.54,12.39,30.39,2.38,1.84,2.12,1.77,114.7685,255.802,216.696,101.9408,98.4,,13.279999732971191,1409.9000244140625,62.779998779296875,6.660000000000004,10.739999732971192,0.28,1,Pre-COVID,0,0,0
2019-07-15,56.55902862548828,93.3791275024414,47.72004699707031,45.15156555175781,65.44420623779297,,4.692594528198242,24.328054428100586,8.212289810180664,76.85546875,272.24383544921875,59.3,66.86,2.53,12.68,30.83,2.4,1.83,2.09,1.77,114.6819,255.802,216.696,101.9408,98.4,,12.895000457763672,1411.4000244140625,61.900001525878906,7.560000000000002,10.365000457763673,0.2599999999999998,1,Pre-COVID,0,0,0
2019-07-16,55.715206146240234,92.66606903076172,47.011898040771484,44.68805694580078,64.73701477050781,,4.904823303222656,25.23799705505371,8.23432445526123,76.86387634277344,271.3658447265625,57.44,65.87,2.53,12.86,32.06,2.41,1.87,2.13,1.8,115.0111,255.802,216.696,101.9408,98.4,,11.414999961853027,1409.199951171875,61.290000915527344,8.430000000000007,8.884999961853028,0.2599999999999998,1,Pre-COVID,0,0,0
2019-07-17,55.385005950927734,92.2055892944336,47.03549575805664,44.75802993774414,63.20793914794922,,4.7751288414001465,24.577001571655273,8.294910430908203,76.86387634277344,269.5190124511719,56.5,63.67,2.44,13.97,34.94,2.41,1.83,2.06,1.75,114.8819,255.802,216.696,101.9408,98.4,,10.989999771118164,1421.300048828125,62.290000915527344,7.170000000000002,8.549999771118165,0.22999999999999998,1,Pre-COVID,0,0,0
2019-07-18,54.91538619995117,92.60665893554688,47.46039962768555,44.6093635559082,64.24006652832031,,4.557005882263184,24.568410873413086,8.245338439941406,76.88907623291016,270.5057678222656,55.08,60.7,2.38,13.53,33.07,2.41,1.77,2.04,1.79,114.8744,255.802,216.696,101.9408,98.4,,10.734999656677246,1426.0999755859375,63.119998931884766,5.6200000000000045,8.354999656677247,0.27,1,Pre-COVID,0,0,0
2019-07-19,55.025447845458984,92.87406921386719,47.70948791503906,45.76374435424805,64.03936004638672,,4.586481094360352,23.89883804321289,8.316941261291504,76.88907623291016,269.003173828125,55.42,61.04,2.3,14.45,34.84,2.41,1.8,2.05,1.8,114.8695,255.802,216.696,101.9408,98.4,,10.8149995803833,1425.0999755859375,63.86000061035156,5.619999999999997,8.5149995803833,0.24999999999999978,1,Pre-COVID,0,0,0
2019-07-22,55.08415603637695,93.07459259033203,47.79648208618164,45.921146392822266,64.30696105957031,,4.674910545349121,24.139196395874023,8.300416946411133,76.88907623291016,269.6639404296875,55.87,61.96,2.33,13.53,33.63,2.4,1.8,2.05,1.79,115.0018,255.802,216.696,101.9408,98.4,,10.15999984741211,1425.300048828125,60.970001220703125,6.090000000000003,7.829999847412109,0.24999999999999978,1,Pre-COVID,0,0,0
2019-07-23,55.30428695678711,93.4533920288086,47.669944763183594,45.300235748291016,63.34173583984375,,4.727967262268066,24.18212127685547,8.245338439941406,76.88069915771484,271.5920104980469,56.58,62.28,2.34,12.61,32.25,2.4,1.83,2.08,1.81,115.2995,255.802,216.696,101.9408,98.4,,10.75,1420.0999755859375,61.22999954223633,5.700000000000003,8.41,0.25,1,Pre-COVID,0,0,0
2019-07-24,55.29695510864258,93.98821258544922,47.51179504394531,45.51885986328125,64.5172119140625,,4.792814254760742,24.654254913330078,8.256352424621582,76.89749145507812,272.8683776855469,55.9,63.83,2.33,12.07,32.86,2.4,1.83,2.05,1.79,115.2436,255.802,216.696,101.9408,98.4,,10.074999809265137,1422.800048828125,60.709999084472656,7.93,7.744999809265137,0.21999999999999975,1,Pre-COVID,0,0,0
2019-07-25,54.9814338684082,93.31227111816406,46.68935012817383,44.723045349121094,63.73355484008789,,4.74565315246582,24.328054428100586,8.162720680236816,76.91432189941406,271.56488037109375,55.88,63.47,2.26,12.74,31.95,2.4,1.86,2.08,1.8,115.2982,255.802,216.696,101.9408,98.4,,10.024999618530273,1413.9000244140625,60.9900016784668,7.589999999999996,7.764999618530274,0.21999999999999997,1,Pre-COVID,0,0,0
2019-07-26,54.89337158203125,91.89361572265625,46.46002197265625,45.1165885925293,63.55198669433594,,4.74565315246582,24.30230140686035,8.107641220092773,76.9058837890625,273.38433837890625,56.04,62.46,2.23,12.16,32.29,2.4,1.86,2.08,1.78,115.5449,255.802,216.696,101.9408,98.4,,9.96500015258789,1418.5,58.900001525878906,6.420000000000002,7.73500015258789,0.21999999999999997,1,Pre-COVID,0,0,0
2019-07-29,55.28226852416992,92.27242279052734,46.01715850830078,44.521907806396484,62.38605880737305,,4.49215841293335,22.542509078979492,7.936895370483398,76.92268371582031,272.8864440917969,56.85,62.29,2.23,12.83,31.63,2.4,1.85,2.06,1.77,115.5885,255.802,216.696,101.9408,98.4,,9.8100004196167,1419.5999755859375,58.54999923706055,5.439999999999998,7.580000419616699,0.20999999999999996,1,Pre-COVID,0,0,0
2019-07-30,55.289615631103516,92.35414123535156,47.06102752685547,45.88615036010742,62.32872772216797,,4.409625053405762,22.791454315185547,7.914864540100098,76.92268371582031,272.2166748046875,58.04,62.55,2.22,13.94,30.07,2.39,1.85,2.06,1.78,115.6211,255.802,216.696,101.9408,98.4,,9.789999961853027,1429.699951171875,57.84000015258789,4.509999999999998,7.569999961853027,0.20999999999999996,1,Pre-COVID,0,0,0
2019-07-31,54.56318283081055,91.44054412841797,46.720985412597656,44.915443420410156,62.261837005615234,,4.344778537750244,22.499588012695312,7.920371055603027,76.93108367919922,269.23846435546875,58.53,64.07,2.28,16.12,30.77,2.4,1.89,2.02,1.76,115.4946,255.802,216.696,101.9408,98.4,,11.0,1426.0999755859375,55.25,5.539999999999992,8.72,0.13000000000000012,1,Pre-COVID,0,0,0
2019-08-01,53.169010162353516,89.68019104003906,46.49955749511719,46.49831771850586,60.92388153076172,,4.321196556091309,21.649736404418945,7.876309394836426,76.95208740234375,266.89398193359375,53.64,62.9,2.36,17.87,36.43,2.14,1.73,1.9,1.7,116.0499,256.036,213.847,102.639,89.8,,12.359999656677246,1420.9000244140625,64.68000030517578,9.259999999999998,9.999999656677247,0.16999999999999993,1,Pre-COVID,0,0,0
2019-08-02,52.64803695678711,89.67278289794922,44.6569709777832,44.75802993774414,60.6754150390625,,4.285825729370117,21.726993560791016,7.788181781768799,76.95208740234375,264.8844909667969,55.67,61.12,2.12,17.61,35.56,2.14,1.72,1.86,1.66,116.1864,256.036,213.847,102.639,89.8,,12.015000343322754,1445.5999755859375,66.11000061035156,5.449999999999996,9.895000343322753,0.14000000000000012,1,Pre-COVID,0,0,0
2019-08-05,51.569393157958984,88.19469451904297,43.24142074584961,43.2188720703125,57.6555061340332,,3.9851694107055664,20.31915855407715,7.487014293670654,76.94368743896484,256.9184875488281,54.63,59.32,2.02,24.59,37.04,2.13,1.59,1.75,1.6,116.5851,256.036,213.847,102.639,89.8,,11.46500015258789,1464.5999755859375,77.23999786376953,4.689999999999998,9.445000152587891,0.15999999999999992,1,Pre-COVID,0,1,0
2019-08-06,52.06837463378906,88.6700668334961,42.88555908203125,41.6097526550293,58.73541259765625,,4.162025451660156,21.057416915893555,7.627746105194092,76.95208740234375,260.52117919921875,53.6,58.63,2.15,20.17,36.43,2.13,1.6,1.73,1.62,116.6904,256.036,213.847,102.639,89.8,,10.949999809265137,1472.4000244140625,73.91999816894531,5.030000000000001,8.799999809265136,0.1299999999999999,1,Pre-COVID,0,1,0
2019-08-07,51.730831146240234,88.46210479736328,42.165924072265625,40.22801208496094,58.295806884765625,,4.120758533477783,21.134675979614258,7.503898620605469,76.96891021728516,260.6752014160156,51.14,55.03,2.18,19.49,38.1,2.12,1.59,1.71,1.62,116.7987,256.036,213.847,102.639,89.8,,11.40999984741211,1507.300048828125,79.08000183105469,3.8900000000000006,9.22999984741211,0.11999999999999988,1,Pre-COVID,0,1,0
2019-08-08,53.110313415527344,91.5296630859375,43.54984664916992,41.216209411621094,60.02556610107422,,4.238663673400879,21.143259048461914,7.897953033447266,76.97735595703125,265.78961181640625,52.6,56.29,2.13,16.91,35.98,2.12,1.62,1.72,1.65,116.474,256.036,213.847,102.639,89.8,,12.074999809265137,1497.699951171875,78.55000305175781,3.6899999999999977,9.944999809265138,0.09999999999999987,1,Pre-COVID,0,0,0
2019-08-09,51.98031234741211,90.92803955078125,42.711578369140625,41.216209411621094,59.57639694213867,,4.22687292098999,20.1732234954834,7.824771404266357,76.96891021728516,263.97918701171875,54.41,57.37,2.09,17.97,35.14,2.12,1.63,1.74,1.66,116.4419,256.036,213.847,102.639,89.8,,12.024999618530273,1496.5999755859375,78.97000122070312,2.960000000000001,9.934999618530274,0.1100000000000001,1,Pre-COVID,0,0,0
2019-08-12,51.72773361206055,90.28185272216797,42.00777053833008,39.34474563598633,58.53471755981445,,4.073598384857178,20.233312606811523,7.532047271728516,76.98574829101562,260.7656555175781,54.98,57.13,2.21,21.09,34.43,2.12,1.58,1.65,1.61,116.7548,256.036,213.847,102.639,89.8,,11.420000076293945,1505.300048828125,81.58000183105469,2.1500000000000057,9.210000076293944,0.06999999999999984,1,Pre-COVID,0,1,0
2019-08-13,52.36661148071289,90.90574645996094,42.60087966918945,39.14358901977539,58.08555221557617,,4.2327680587768555,20.61103057861328,7.605228424072266,76.99415588378906,264.82098388671875,57.05,59.9,2.24,17.52,33.19,2.12,1.66,1.68,1.63,116.7267,256.036,213.847,102.639,89.8,,11.859999656677246,1502.199951171875,77.69999694824219,2.8500000000000014,9.619999656677246,0.020000000000000018,1,Pre-COVID,0,0,0
2019-08-14,50.256797790527344,87.4519271850586,40.94807434082031,38.216609954833984,56.890968322753906,,3.831892967224121,19.71825408935547,7.39694356918335,76.98574829101562,256.9908752441406,55.16,57.86,2.22,22.1,35.83,2.12,1.58,1.59,1.57,117.0913,256.036,213.847,102.639,89.8,,11.180000305175781,1515.9000244140625,87.22000122070312,2.700000000000003,8.96000030517578,0.010000000000000009,1,Pre-COVID,0,1,0
2019-08-15,49.95963668823242,86.86516571044922,40.26007080078125,38.44398498535156,56.422691345214844,,3.796522617340088,19.22036361694336,7.36879825592041,77.0194091796875,257.66986083984375,54.51,57.37,2.19,21.18,36.2,2.13,1.48,1.52,1.54,117.2239,256.036,213.847,102.639,89.8,,11.225000381469727,1519.5999755859375,90.62000274658203,2.8599999999999994,9.035000381469727,0.040000000000000036,1,Pre-COVID,0,1,0
2019-08-16,50.739681243896484,86.9026870727539,40.70292282104492,38.97743606567383,57.321022033691406,,4.1325507164001465,20.490846633911133,7.582712650299072,77.010986328125,261.4717712402344,54.83,59.0,2.2,18.47,35.02,2.13,1.48,1.55,1.54,117.0786,256.036,213.847,102.639,89.8,,10.954999923706055,1512.5,89.5199966430664,4.170000000000002,8.754999923706055,0.07000000000000006,1,Pre-COVID,0,0,0
2019-08-19,51.593994140625,88.02825927734375,42.65622329711914,39.86070251464844,58.53471755981445,,4.53931999206543,21.787084579467773,7.7347025871276855,77.010986328125,264.621826171875,56.24,59.79,2.26,16.88,32.99,2.13,1.53,1.6,1.56,117.3886,256.036,213.847,102.639,89.8,,10.78499984741211,1500.4000244140625,86.48999786376953,3.549999999999997,8.52499984741211,0.07000000000000006,1,Pre-COVID,0,0,0
2019-08-20,51.2819938659668,87.14281463623047,41.68353271484375,39.58086395263672,57.78929901123047,,4.627748489379883,22.259225845336914,7.768479347229004,77.0194091796875,262.5941467285156,56.18,59.03,2.35,17.5,32.34,2.13,1.5,1.55,1.53,117.3726,256.036,213.847,102.639,89.8,,11.21500015258789,1504.5999755859375,86.86000061035156,2.8500000000000014,8.865000152587891,0.050000000000000044,1,Pre-COVID,0,0,0
2019-08-21,51.79457473754883,88.45601654052734,41.620262145996094,39.40595626831055,58.601619720458984,,4.716176509857178,22.568260192871094,7.785367965698242,77.010986328125,264.7305603027344,55.65,60.6,2.31,15.8,32.39,2.12,1.56,1.59,1.54,117.1764,256.036,213.847,102.639,89.8,,11.414999961853027,1504.5999755859375,84.51000213623047,4.950000000000003,9.104999961853027,0.030000000000000027,1,Pre-COVID,0,0,0
2019-08-22,51.68314743041992,88.34346008300781,41.32766342163086,39.091129302978516,57.798851013183594,,4.621852874755859,22.58542823791504,7.700926303863525,77.03622436523438,264.64898681640625,55.33,59.81,2.28,16.68,32.39,2.12,1.61,1.62,1.55,117.3558,256.036,213.847,102.639,89.8,,10.989999771118164,1497.300048828125,83.1500015258789,4.480000000000004,8.709999771118165,0.010000000000000009,1,Pre-COVID,0,0,0
2019-08-23,50.1379280090332,86.42996215820312,39.87257766723633,37.053497314453125,56.08821105957031,,4.669013977050781,21.117504119873047,7.419459342956543,77.02781677246094,257.8508605957031,54.08,58.64,2.15,19.87,35.2,2.12,1.51,1.52,1.54,117.3009,256.036,213.847,102.639,89.8,,10.585000038146973,1526.5999755859375,91.81999969482422,4.560000000000002,8.435000038146972,0.010000000000000009,1,Pre-COVID,0,1,0
2019-08-26,50.405372619628906,86.85015869140625,40.62385559082031,36.84360885620117,56.02131271362305,,4.828185558319092,21.43512725830078,7.4250898361206055,77.03622436523438,260.70233154296875,53.54,58.64,2.23,19.32,35.42,2.12,1.54,1.54,1.54,117.6658,256.036,213.847,102.639,89.8,,10.3149995803833,1526.300048828125,87.9800033569336,5.100000000000001,8.0849995803833,0.0,1,Pre-COVID,0,0,0
2019-08-27,49.91507339477539,86.91771697998047,40.315433502197266,37.0360107421875,55.648597717285156,,4.716176509857178,20.739795684814453,7.329391956329346,77.0446548461914,259.6793518066406,54.99,58.44,2.24,20.31,33.73,2.12,1.53,1.49,1.55,117.75,256.036,213.847,102.639,89.8,,10.069999694824219,1541.0,88.66999816894531,3.4499999999999957,7.8299996948242185,-0.040000000000000036,1,Pre-COVID,0,1,0
2019-08-28,50.27907943725586,87.66807556152344,41.08252716064453,37.70063018798828,56.2984619140625,,5.010937213897705,21.80425453186035,7.481383323669434,77.03622436523438,261.5079650878906,55.76,60.42,2.24,19.35,32.72,2.12,1.5,1.47,1.55,117.8767,256.036,213.847,102.639,89.8,,10.234999656677246,1537.800048828125,89.87000274658203,4.660000000000004,7.994999656677246,-0.030000000000000027,1,Pre-COVID,0,0,0
2019-08-29,50.83624267578125,88.18585205078125,41.35139465332031,37.92801284790039,57.321022033691406,,5.122946262359619,22.26780891418457,7.582712650299072,77.05305480957031,264.8481750488281,56.67,60.59,2.36,17.88,31.82,2.12,1.53,1.5,1.59,118.0625,256.036,213.847,102.639,89.8,,10.71500015258789,1526.5,86.94000244140625,3.9200000000000017,8.355000152587891,-0.030000000000000027,1,Pre-COVID,0,0,0
2019-08-30,50.87340545654297,88.33594512939453,41.264408111572266,38.02421569824219,57.06298828125,,5.01683235168457,22.568260192871094,7.661521911621094,77.06145477294922,264.7305603027344,55.07,61.04,2.33,18.98,32.16,2.13,1.5,1.5,1.55,118.1575,256.036,213.847,102.639,89.8,,12.795000076293945,1519.0999755859375,86.88999938964844,5.969999999999999,10.465000076293945,0.0,1,Pre-COVID,0,0,0
2019-09-03,50.93282699584961,87.24787139892578,41.1536979675293,37.324588775634766,56.4035758972168,,4.798708915710449,22.619768142700195,7.6558942794799805,77.0766372680664,263.18255615234375,53.91,57.93,2.39,19.66,35.73,2.13,1.47,1.47,1.5,118.3113,256.036,213.847,102.639,89.8,,12.100000381469727,1545.9000244140625,85.2699966430664,4.020000000000003,9.710000381469726,0.0,1,Pre-COVID,0,1,0
2019-09-04,51.47515106201172,87.98326873779297,42.150108337402344,38.11166763305664,57.72240447998047,,4.828185558319092,23.272178649902344,7.661521911621094,77.06817626953125,266.1697692871094,56.22,60.68,2.48,17.33,34.56,2.13,1.43,1.47,1.51,117.6729,256.036,213.847,102.639,89.8,,11.960000038146973,1550.300048828125,81.5999984741211,4.460000000000001,9.480000038146972,0.040000000000000036,1,Pre-COVID,0,0,0
2019-09-05,52.203189849853516,88.27591705322266,42.26082992553711,39.432193756103516,59.12723159790039,,4.798708915710449,24.48257064819336,7.5883402824401855,77.0766372680664,269.5915222167969,56.33,62.7,2.49,16.27,33.5,2.13,1.55,1.57,1.56,117.4776,256.036,213.847,102.639,89.8,,12.234999656677246,1515.4000244140625,79.91999816894531,6.3700000000000045,9.744999656677246,0.020000000000000018,1,Pre-COVID,0,0,0
2019-09-06,52.69348907470703,88.74114227294922,42.41108322143555,39.75576400756836,59.24191665649414,,5.010937213897705,25.332422256469727,7.526418209075928,77.08504486083984,269.79974365234375,56.45,61.28,2.49,15.0,33.21,2.12,1.53,1.55,1.54,117.1292,256.036,213.847,102.639,89.8,,12.350000381469727,1506.199951171875,78.81999969482422,4.829999999999998,9.860000381469726,0.020000000000000018,1,Pre-COVID,0,0,0
2019-09-09,53.10951232910156,89.58909606933594,43.47077178955078,40.022762298583984,59.6815185546875,,5.335174560546875,26.555545806884766,7.841660976409912,77.08504486083984,269.9355163574219,57.88,63.99,2.65,15.27,33.28,2.13,1.58,1.63,1.57,117.0601,256.036,213.847,102.639,89.8,,12.234999656677246,1502.199951171875,76.44000244140625,6.109999999999999,9.584999656677246,0.04999999999999982,1,Pre-COVID,0,0,0
2019-09-10,53.540382385253906,91.43505096435547,44.538352966308594,41.32213592529297,61.08635330200195,,5.217270851135254,26.31436538696289,7.852919101715088,77.10187530517578,269.87213134765625,57.37,64.67,2.67,15.2,33.55,2.13,1.67,1.72,1.6,117.0887,256.036,213.847,102.639,89.8,,14.404999732971191,1490.300048828125,76.77999877929688,7.300000000000004,11.734999732971191,0.050000000000000044,1,Pre-COVID,0,0,0
2019-09-11,53.43638610839844,91.00732421875,45.23427200317383,41.19753646850586,60.88566589355469,,5.146527290344238,26.460792541503906,7.90358304977417,77.09346008300781,271.79119873046875,55.66,63.02,2.63,14.61,34.94,2.13,1.68,1.75,1.6,117.3125,256.036,213.847,102.639,89.8,,14.354999542236328,1494.4000244140625,76.69999694824219,7.3600000000000065,11.72499954223633,0.07000000000000006,1,Pre-COVID,0,0,0
2019-09-12,53.4735221862793,91.11239624023438,44.56206512451172,40.40546417236328,61.25837326049805,,5.140632152557373,26.865631103515625,7.836034297943115,77.11034393310547,272.7325439453125,55.13,60.76,2.62,14.22,35.58,2.13,1.72,1.79,1.63,116.8375,256.036,213.847,102.639,89.8,,14.46500015258789,1498.699951171875,77.56999969482422,5.6299999999999955,11.84500015258789,0.07000000000000006,1,Pre-COVID,0,0,0
2019-09-13,53.963836669921875,91.17241668701172,45.344974517822266,40.129554748535156,62.54853820800781,,5.417707920074463,27.503034591674805,7.892323970794678,77.11034393310547,272.5516052246094,54.76,61.25,2.61,13.74,35.48,2.14,1.79,1.9,1.67,116.7677,256.036,213.847,102.639,89.8,,14.710000038146973,1490.9000244140625,85.52999877929688,6.490000000000002,12.100000038146973,0.10999999999999988,1,Pre-COVID,0,0,0
2019-09-16,54.77360153198242,93.13843536376953,49.44926834106445,42.54142761230469,62.911678314208984,,5.311594486236572,26.598615646362305,7.56019401550293,77.11034393310547,271.7096862792969,63.1,68.42,2.75,14.67,48.58,2.25,1.74,1.84,1.67,117.0251,256.036,213.847,102.639,89.8,,15.335000038146973,1503.0999755859375,85.94999694824219,5.32,12.585000038146973,0.10000000000000009,1,Pre-COVID,1,0,0
2019-09-17,54.35757064819336,92.9658432006836,48.41332244873047,40.182952880859375,62.959476470947266,,5.176003932952881,26.31436538696289,7.487014293670654,77.1187744140625,272.3976745605469,59.26,65.59,2.7,14.44,44.89,2.3,1.72,1.81,1.66,116.9826,256.036,213.847,102.639,89.8,,13.4399995803833,1505.0999755859375,84.76000213623047,6.330000000000005,10.739999580383301,0.09000000000000008,1,Pre-COVID,1,0,0
2019-09-18,54.09754943847656,93.18346405029297,47.4564323425293,39.711265563964844,63.37041091918945,,5.217270851135254,25.039562225341797,7.599600791931152,77.13563537597656,272.5606994628906,58.19,64.29,2.72,13.95,40.44,2.25,1.77,1.8,1.59,116.9766,256.036,213.847,102.639,89.8,,12.4350004196167,1507.5,79.66000366210938,6.1000000000000085,9.715000419616699,0.030000000000000027,1,Pre-COVID,0,0,0
2019-09-19,53.73353958129883,92.79325866699219,47.4248161315918,40.7525520324707,63.035919189453125,,5.193689346313477,24.37631607055664,7.6446332931518555,77.13563537597656,272.5425720214844,58.19,64.25,2.65,14.05,41.15,1.9,1.74,1.79,1.61,117.0861,256.036,213.847,102.639,89.8,,12.255000114440918,1498.4000244140625,78.13999938964844,6.060000000000002,9.605000114440918,0.050000000000000044,1,Pre-COVID,0,0,0
2019-09-20,53.547821044921875,93.28852081298828,48.09699249267578,40.67245101928711,63.85779571533203,,5.311594486236572,24.298799514770508,7.723446369171143,77.14404296875,271.25482177734375,57.92,65.23,2.34,15.32,38.99,1.9,1.69,1.74,1.61,117.1819,256.036,213.847,102.639,89.8,,12.710000038146973,1507.300048828125,80.06999969482422,7.310000000000002,10.370000038146973,0.050000000000000044,1,Pre-COVID,0,0,0
2019-09-23,53.584964752197266,93.72374725341797,47.59088134765625,40.49445343017578,62.92123031616211,,5.299802780151367,24.186819076538086,7.627746105194092,77.16091918945312,271.1911315917969,58.69,64.66,2.55,14.91,39.06,1.9,1.68,1.72,1.61,117.2986,256.036,213.847,102.639,89.8,,12.244999885559082,1523.699951171875,81.01000213623047,5.969999999999999,9.694999885559081,0.040000000000000036,1,Pre-COVID,0,0,0
2019-09-24,52.849491119384766,92.85327911376953,46.89495849609375,40.46775436401367,62.08979797363281,,5.1524224281311035,23.26517105102539,7.470125198364258,77.16091918945312,269.0632019042969,57.22,64.13,2.55,17.05,38.74,1.9,1.6,1.64,1.58,117.2227,256.036,213.847,102.639,89.8,,12.34000015258789,1532.0999755859375,83.06999969482422,6.909999999999997,9.79000015258789,0.039999999999999813,1,Pre-COVID,0,0,0
2019-09-25,53.005496978759766,92.6806869506836,47.03731155395508,40.34315490722656,61.420841217041016,,5.258537292480469,23.514965057373047,7.458866119384766,77.16091918945312,270.6546630859375,56.38,62.41,2.54,15.96,38.37,1.9,1.68,1.73,1.6,117.6527,256.036,213.847,102.639,89.8,,11.949999809265137,1504.5999755859375,80.22000122070312,6.029999999999994,9.409999809265138,0.050000000000000044,1,Pre-COVID,0,0,0
2019-09-26,52.72320556640625,90.1668930053711,45.61383819580078,40.3609504699707,60.216697692871094,,5.4471845626831055,25.013723373413086,7.374423980712891,77.177734375,270.0907897949219,56.24,62.08,2.57,16.07,37.52,1.85,1.66,1.7,1.57,117.7267,256.036,213.847,102.639,89.8,,12.045000076293945,1507.5,79.87000274658203,5.839999999999996,9.475000076293945,0.040000000000000036,1,Pre-COVID,0,0,0
2019-09-27,53.102081298828125,88.99627685546875,45.7878303527832,40.174068450927734,60.34093475341797,,5.376441478729248,25.40994644165039,7.374423980712891,77.177734375,268.6357116699219,55.95,62.48,2.41,17.22,38.9,1.83,1.63,1.69,1.53,117.7218,256.036,213.847,102.639,89.8,,11.9399995803833,1499.0999755859375,79.97000122070312,6.529999999999994,9.5299995803833,0.06000000000000005,1,Pre-COVID,0,0,0
2019-09-30,52.45576477050781,88.99627685546875,45.06028366088867,39.57776641845703,60.26448440551758,,5.364650726318359,25.633893966674805,7.363168239593506,77.18619537353516,269.8816223144531,54.09,60.99,2.37,16.24,38.75,1.9,1.63,1.68,1.53,117.9461,256.036,213.847,102.639,89.8,,16.389999389648438,1465.699951171875,77.19999694824219,6.899999999999999,14.019999389648437,0.050000000000000044,1,Pre-COVID,0,0,0
2019-10-01,51.22254943847656,87.05277252197266,43.61311721801758,38.95477294921875,60.20714569091797,,5.5474019050598145,25.323808670043945,7.312502861022949,77.18363952636719,266.6714172363281,53.6,60.06,2.36,18.56,38.88,1.88,1.56,1.65,1.52,117.9595,257.155,215.268,101.4281,95.5,,16.760000228881836,1482.0,85.61000061035156,6.460000000000001,14.400000228881837,0.08999999999999986,1,Pre-COVID,0,0,0
2019-10-02,49.885345458984375,84.26130676269531,41.968223571777344,38.21607971191406,58.87876510620117,,5.535612106323242,26.03873062133789,7.132364273071289,77.18363952636719,261.9607849121094,52.67,57.92,2.36,20.56,39.62,1.85,1.48,1.6,1.5,117.9671,257.155,215.268,101.4281,95.5,,16.0049991607666,1501.0,89.38999938964844,5.25,13.644999160766602,0.1200000000000001,1,Pre-COVID,0,1,0
2019-10-03,50.5019645690918,84.90666198730469,42.43479919433594,38.447486877441406,59.55729293823242,,5.570983409881592,26.555545806884766,7.24495267868042,77.2089614868164,264.10699462890625,52.41,58.01,2.31,19.12,40.4,1.83,1.39,1.54,1.48,117.6608,257.155,215.268,101.4281,95.5,,16.010000228881836,1507.0999755859375,87.94000244140625,5.600000000000001,13.700000228881835,0.15000000000000013,1,Pre-COVID,0,0,0
2019-10-04,51.23741149902344,85.43193817138672,42.30828094482422,38.331787109375,59.87265396118164,,6.060286521911621,28.984561920166016,7.261837482452393,77.2089614868164,267.6808166503906,52.84,59.13,2.25,17.04,39.31,1.82,1.4,1.52,1.5,117.5288,257.155,215.268,101.4281,95.5,,15.770000457763672,1506.199951171875,83.1500015258789,6.289999999999999,13.520000457763672,0.1200000000000001,1,Pre-COVID,0,0,0
2019-10-07,50.53166198730469,84.98919677734375,43.17816162109375,37.53968811035156,58.77363967895508,,6.543694972991943,29.070701599121094,7.154881954193115,77.2174072265625,266.52593994140625,52.76,59.46,2.36,17.86,39.42,1.82,1.46,1.56,1.51,117.5533,257.155,215.268,101.4281,95.5,,15.505000114440918,1497.699951171875,81.86000061035156,6.700000000000003,13.145000114440919,0.10000000000000009,1,Pre-COVID,0,0,0
2019-10-08,49.551048278808594,83.82609558105469,42.624603271484375,36.338218688964844,56.938758850097656,,6.667494297027588,29.148221969604492,6.9578537940979,77.2174072265625,262.38818359375,52.64,58.14,2.29,20.28,39.49,1.82,1.42,1.54,1.48,117.7407,257.155,215.268,101.4281,95.5,,15.640000343322754,1497.199951171875,80.47000122070312,5.5,13.350000343322755,0.1200000000000001,1,Pre-COVID,0,1,0
2019-10-09,50.100791931152344,84.89915466308594,43.447025299072266,36.34711837768555,58.295806884765625,,6.602647304534912,29.811466217041016,6.940967559814453,77.2174072265625,264.8798828125,52.63,59.7,2.26,18.64,38.0,1.82,1.47,1.59,1.49,117.6835,257.155,215.268,101.4281,95.5,,15.574999809265137,1506.0999755859375,79.30999755859375,7.07,13.314999809265137,0.1200000000000001,1,Pre-COVID,0,0,0
2019-10-10,50.7025260925293,85.98722076416016,44.19041061401367,36.51620101928711,58.62073516845703,,6.596750736236572,29.57028579711914,6.991630554199219,77.23428344726562,266.6714172363281,53.57,59.08,2.26,17.57,39.52,1.82,1.53,1.67,1.52,117.2801,257.155,215.268,101.4281,95.5,,15.850000381469727,1494.800048828125,80.13999938964844,5.509999999999998,13.590000381469727,0.1399999999999999,1,Pre-COVID,0,0,0
2019-10-11,51.24484634399414,87.15782928466797,44.62533950805664,36.5963134765625,59.8822135925293,,6.738237380981445,29.923439025878906,7.0760698318481445,77.24272918701172,269.43603515625,54.76,60.59,2.13,15.58,39.65,1.82,1.63,1.76,1.56,116.8239,257.155,215.268,101.4281,95.5,,16.135000228881836,1482.699951171875,79.86000061035156,5.830000000000005,14.005000228881837,0.13000000000000012,1,Pre-COVID,0,0,0
2019-10-14,51.39341735839844,87.1803207397461,44.38810348510742,36.05341720581055,60.102012634277344,,6.9033026695251465,31.025978088378906,7.019778728485107,77.23428344726562,269.1359558105469,53.57,58.81,2.13,14.57,40.21,1.82,,,,,257.155,215.268,101.4281,95.5,,16.040000915527344,1491.699951171875,,5.240000000000002,13.910000915527345,,1,Pre-COVID,0,0,0
2019-10-15,51.571720123291016,87.27787780761719,44.245750427246094,36.31150817871094,60.20714569091797,,6.343257427215576,30.44886589050293,7.031035900115967,77.24272918701172,271.8004150390625,52.81,59.19,2.29,13.54,39.47,1.9,1.61,1.77,1.56,116.8111,257.155,215.268,101.4281,95.5,,16.065000534057617,1477.5999755859375,80.05999755859375,6.3799999999999955,13.775000534057618,0.15999999999999992,1,Pre-COVID,0,0,0
2019-10-16,50.687686920166016,86.37741088867188,43.5127067565918,35.90211868286133,59.69107437133789,,6.231247901916504,30.336889266967773,7.064810752868652,77.25116729736328,271.3638916015625,53.42,59.3,2.44,13.68,39.47,1.9,1.58,1.75,1.57,116.6425,257.155,215.268,101.4281,95.5,,16.075000762939453,1488.0,77.94000244140625,5.8799999999999955,13.635000762939454,0.16999999999999993,1,Pre-COVID,0,0,0
2019-10-17,50.620819091796875,86.55750274658203,43.4489631652832,35.89322280883789,59.65285110473633,,6.390419960021973,30.61252212524414,7.070440769195557,77.2596206665039,272.1641540527344,53.89,59.35,2.29,13.79,37.71,1.85,1.6,1.76,1.59,116.2615,257.155,215.268,101.4281,95.5,,16.024999618530273,1492.300048828125,77.61000061035156,5.460000000000001,13.734999618530274,0.15999999999999992,1,Pre-COVID,0,0,0
2019-10-18,50.227081298828125,86.09977722167969,42.98681640625,36.0000114440918,59.77709197998047,,6.296096324920654,30.035419464111328,7.171770095825195,77.2596206665039,270.972900390625,53.75,59.96,2.08,14.25,36.43,1.85,1.58,1.76,1.6,116.1344,257.155,215.268,101.4281,95.5,,15.96500015258789,1488.199951171875,78.3499984741211,6.210000000000001,13.88500015258789,0.17999999999999994,1,Pre-COVID,0,0,0
2019-10-21,51.066551208496094,87.50299835205078,44.58837890625,36.32931137084961,60.84743118286133,,6.219458103179932,28.795066833496094,7.239323616027832,77.26807403564453,272.80987548828125,53.28,58.95,2.13,14.0,36.66,1.85,1.62,1.8,1.61,116.0436,257.155,215.268,101.4281,95.5,,15.609999656677246,1482.4000244140625,80.25,5.670000000000002,13.479999656677247,0.17999999999999994,1,Pre-COVID,0,0,0
2019-10-22,51.32656478881836,88.39596557617188,45.050506591796875,37.57529830932617,61.02901840209961,,6.1958770751953125,29.01901626586914,7.149252414703369,77.26807403564453,271.9186096191406,54.21,60.5,2.21,14.46,35.52,1.85,1.6,1.78,1.61,115.9851,257.155,215.268,101.4281,95.5,,15.595000267028809,1481.699951171875,78.7300033569336,6.289999999999999,13.385000267028808,0.17999999999999994,1,Pre-COVID,0,0,0
2019-10-23,51.81687545776367,88.53104400634766,44.819427490234375,38.198280334472656,61.038578033447266,,6.349152088165283,30.04402732849121,7.092960834503174,77.26807403564453,272.7098693847656,55.9,60.52,2.34,14.01,35.66,1.85,1.58,1.77,1.61,116.0586,257.155,215.268,101.4281,95.5,,15.414999961853027,1489.9000244140625,73.02999877929688,4.6200000000000045,13.074999961853027,0.18999999999999995,1,Pre-COVID,0,0,0
2019-10-24,51.32656478881836,88.23087310791016,44.74773025512695,37.63758850097656,61.48773193359375,,6.184084892272949,29.329105377197266,7.002889633178711,77.28495025634766,273.15545654296875,56.11,61.71,2.33,13.71,35.95,1.85,1.58,1.77,1.62,116.1278,257.155,215.268,101.4281,95.5,,15.654999732971191,1498.9000244140625,68.97000122070312,5.600000000000001,13.324999732971191,0.18999999999999995,1,Pre-COVID,0,0,0
2019-10-25,51.44544219970703,89.04878997802734,44.89911651611328,37.8511848449707,61.44952392578125,,6.077971458435059,28.74338150024414,7.064810752868652,77.28495025634766,274.2740478515625,56.52,62.06,2.26,12.65,34.64,1.83,1.63,1.8,1.65,116.0774,257.155,215.268,101.4281,95.5,,15.234999656677246,1499.5,67.06999969482422,5.539999999999999,12.974999656677246,0.17000000000000015,1,Pre-COVID,0,0,0
2019-10-28,50.99225616455078,88.90623474121094,44.365272521972656,37.62869644165039,59.824867248535156,,6.101553916931152,28.26102638244629,6.9578537940979,77.2764892578125,275.8199768066406,55.6,60.39,2.49,13.11,35.64,1.83,1.64,1.85,1.64,116.0222,257.155,215.268,101.4281,95.5,,14.390000343322754,1490.0,67.41000366210938,4.789999999999999,11.900000343322754,0.2100000000000002,1,Pre-COVID,0,0,0
2019-10-29,50.84368133544922,88.64358520507812,45.48873519897461,37.6732063293457,59.67196273803711,,6.225353717803955,28.304094314575195,6.9522247314453125,77.29336547851562,275.73809814453125,55.34,61.05,2.61,13.2,35.7,1.82,1.64,1.84,1.61,115.9797,257.155,215.268,101.4281,95.5,,13.835000038146973,1487.0,67.61000061035156,5.709999999999994,11.225000038146973,0.20000000000000018,1,Pre-COVID,0,0,0
2019-10-30,50.30879592895508,87.31541442871094,43.855323791503906,36.80989456176758,59.461727142333984,,6.26662015914917,28.407455444335938,6.9522247314453125,77.30181121826172,276.5838928222656,54.85,60.22,2.71,12.33,34.36,1.82,1.61,1.78,1.57,116.1636,257.155,215.268,101.4281,95.5,,13.779999732971191,1493.199951171875,63.31999969482422,5.369999999999997,11.06999973297119,0.16999999999999993,1,Pre-COVID,0,0,0
2019-10-31,50.197364807128906,87.15031433105469,43.982810974121094,36.044517517089844,58.821414947509766,,6.142818927764893,27.399673461914062,7.087331295013428,77.31026458740234,275.8472900390625,54.02,59.3,2.73,13.22,35.84,1.58,1.52,1.69,1.54,115.9125,257.155,215.268,101.4281,95.5,,16.135000228881836,1511.4000244140625,65.87999725341797,5.279999999999994,13.405000228881836,0.16999999999999993,1,Pre-COVID,0,0,0
2019-11-01,51.7054328918457,87.20284271240234,45.53655242919922,37.63758850097656,59.64330291748047,,6.219458103179932,28.975954055786133,7.267467975616455,77.30941772460938,278.40277099609375,56.04,60.17,2.54,12.3,34.37,1.57,1.56,1.73,1.59,115.7312,257.879,217.488,101.9372,96.8,,16.174999237060547,1508.0,57.279998779296875,4.130000000000003,13.634999237060548,0.16999999999999993,1,Pre-COVID,0,0,0
2019-11-04,53.24323272705078,91.22493743896484,46.21381759643555,39.364166259765625,59.64330291748047,,6.101553916931152,29.294649124145508,7.2876482009887695,77.3178482055664,279.52117919921875,56.33,62.52,2.77,12.83,35.63,1.56,1.6,1.79,1.64,115.8624,257.879,217.488,101.9372,96.8,,16.479999542236328,1508.0,60.18000030517578,6.190000000000005,13.709999542236329,0.18999999999999995,1,Pre-COVID,0,0,0
2019-11-05,54.29813766479492,91.50257873535156,46.62019348144531,37.299400329589844,59.28969955444336,,5.8303728103637695,28.166276931762695,7.299178600311279,77.30941772460938,279.21197509765625,57.04,62.72,2.77,13.1,33.77,1.56,1.63,1.86,1.68,116.1138,257.879,217.488,101.9372,96.8,,16.790000915527344,1480.800048828125,61.47999954223633,5.68,14.020000915527344,0.2300000000000002,1,Pre-COVID,0,0,0
2019-11-06,53.10951232910156,89.97179412841797,45.91901397705078,35.25242233276367,58.33402633666992,,5.629935264587402,27.761442184448242,7.06855583190918,77.3178482055664,279.2757568359375,56.15,62.11,2.82,12.62,33.22,1.55,1.61,1.81,1.66,116.1004,257.879,217.488,101.9372,96.8,,16.280000686645508,1490.199951171875,61.72999954223633,5.960000000000001,13.460000686645508,0.19999999999999996,1,Pre-COVID,0,0,0
2019-11-07,54.23870849609375,91.46504974365234,47.44087600708008,34.73622512817383,59.05078887939453,,5.600460052490234,25.763097763061523,6.982074737548828,77.33474731445312,280.25787353515625,56.91,62.6,2.84,12.73,31.45,1.55,1.68,1.92,1.69,116.1172,257.879,217.488,101.9372,96.8,,16.1200008392334,1464.199951171875,67.08000183105469,5.690000000000005,13.280000839233399,0.24,1,Pre-COVID,0,0,0
2019-11-08,53.20867156982422,90.74468231201172,47.13811111450195,35.68852615356445,59.00300598144531,,5.694782733917236,26.262678146362305,7.04549503326416,77.33474731445312,280.9490051269531,57.02,62.0,2.87,12.07,31.45,1.55,1.68,1.94,1.71,116.3436,257.879,217.488,101.9372,96.8,,15.9399995803833,1461.300048828125,64.44000244140625,4.979999999999997,13.0699995803833,0.26,1,Pre-COVID,0,0,0
2019-11-11,52.885379791259766,90.65465545654297,46.93890380859375,34.60273361206055,58.716304779052734,,5.588668346405029,26.13348388671875,6.901356220245361,77.33474731445312,280.4124755859375,,62.58,,12.69,34.22,1.55,,,,,257.879,217.488,101.9372,96.8,,15.845000267028809,1455.5,64.44000244140625,,,,1,Pre-COVID,0,0,0
2019-11-12,52.15608596801758,90.76720428466797,46.397090911865234,34.21113967895508,59.01255798339844,,5.8244781494140625,26.986221313476562,6.722623348236084,77.34317779541016,281.0035095214844,56.67,62.19,2.72,12.68,33.74,1.55,1.66,1.92,1.7,116.5837,257.879,217.488,101.9372,96.8,,15.545000076293945,1452.0999755859375,69.81999969482422,5.519999999999996,12.825000076293945,0.26,1,Pre-COVID,0,0,0
2019-11-13,51.72751235961914,91.75772857666016,45.863243103027344,33.92634201049805,58.553836822509766,,5.853954315185547,26.865631103515625,6.434347152709961,77.34317779541016,281.0945129394531,56.88,62.27,2.66,13.0,35.15,1.55,1.63,1.88,1.66,116.8397,257.879,217.488,101.9372,96.8,,15.449999809265137,1461.699951171875,66.0999984741211,5.390000000000001,12.789999809265137,0.25,1,Pre-COVID,0,0,0
2019-11-14,51.501956939697266,91.51759338378906,45.616241455078125,33.60593795776367,58.44871139526367,,5.924696445465088,27.16710662841797,6.445878982543945,77.35167694091797,281.5036315917969,56.57,62.46,2.68,13.05,33.94,1.55,1.58,1.82,1.62,116.8022,257.879,217.488,101.9372,96.8,,15.670000076293945,1471.800048828125,64.16999816894531,5.890000000000001,12.990000076293946,0.24,1,Pre-COVID,0,0,0
2019-11-15,52.02073669433594,91.4190673828125,46.413021087646484,34.66503143310547,58.70674514770508,,6.219458103179932,27.623626708984375,6.6995625495910645,77.34317779541016,283.5407409667969,57.54,63.32,2.7,12.05,32.42,1.55,1.61,1.84,1.63,116.4401,257.879,217.488,101.9372,96.8,,15.71500015258789,1467.300048828125,61.70000076293945,5.780000000000001,13.015000152587891,0.22999999999999998,1,Pre-COVID,0,0,0
2019-11-18,51.516990661621094,89.83531951904297,45.17799377441406,34.97653579711914,57.817962646484375,,6.1546101570129395,26.848403930664062,6.532362937927246,77.3601303100586,283.7498779296875,56.82,62.82,2.64,12.46,33.68,1.55,1.6,1.81,1.63,116.3625,257.879,217.488,101.9372,96.8,,15.229999542236328,1470.9000244140625,64.12999725341797,6.0,12.589999542236328,0.20999999999999996,1,Pre-COVID,0,0,0
2019-11-19,50.99070358276367,88.24393463134766,45.552486419677734,33.944149017333984,57.14899826049805,,6.142818927764893,27.890647888183594,6.561189651489258,77.35167694091797,283.6680603027344,54.93,62.37,2.53,12.86,32.94,1.55,1.6,1.79,1.63,116.5391,257.879,217.488,101.9372,96.8,,15.289999961853027,1473.300048828125,62.63999938964844,7.439999999999998,12.759999961853028,0.18999999999999995,1,Pre-COVID,0,0,0
2019-11-20,51.14860153198242,88.91838836669922,47.29745864868164,34.246742248535156,57.51215744018555,,6.414000034332275,29.122386932373047,6.549657344818115,77.3601303100586,282.6131896972656,56.71,63.8,2.56,12.78,32.2,1.55,1.56,1.73,1.6,116.828,257.879,217.488,101.9372,96.8,,15.59000015258789,1473.300048828125,65.58000183105469,7.089999999999996,13.03000015258789,0.16999999999999993,1,Pre-COVID,0,0,0
2019-11-21,52.381629943847656,90.00202178955078,47.974727630615234,34.81632614135742,58.4582633972168,,6.496532440185547,29.010404586791992,6.866762161254883,77.3601303100586,282.1585693359375,58.36,64.99,2.53,13.13,31.59,1.55,1.6,1.77,1.63,116.7435,257.879,217.488,101.9372,96.8,,15.625,1463.0999755859375,61.83000183105469,6.6299999999999955,13.095,0.16999999999999993,1,Pre-COVID,0,0,0
2019-11-22,52.15608596801758,89.89592742919922,47.72773361206055,35.22572326660156,58.14289474487305,,6.531904697418213,29.373249053955078,6.878294944763184,77.3685531616211,282.7860412597656,57.68,64.83,2.62,12.34,32.38,1.55,1.61,1.77,1.62,116.9137,257.879,217.488,101.9372,96.8,,16.049999237060547,1463.0999755859375,62.16999816894531,7.149999999999999,13.429999237060546,0.15999999999999992,1,Pre-COVID,0,0,0
2019-11-25,51.81022262573242,89.70647430419922,48.6440315246582,35.5372314453125,58.63028335571289,,6.726446151733398,30.945579528808594,7.091616630554199,77.3685531616211,284.97760009765625,57.79,64.67,2.51,11.87,31.9,1.55,1.61,1.76,1.62,117.0098,257.879,217.488,101.9372,96.8,,16.235000610351562,1456.5999755859375,61.54999923706055,6.880000000000003,13.725000610351563,0.1499999999999999,1,Pre-COVID,0,0,0
2019-11-26,51.68239974975586,89.25939178466797,47.895042419433594,34.32684326171875,58.34358215332031,,6.638017654418945,29.97800064086914,6.895590782165527,77.37702178955078,285.6233215332031,58.25,64.82,2.51,11.54,31.25,1.55,1.58,1.74,1.62,117.0513,257.879,217.488,101.9372,96.8,,15.850000381469727,1459.800048828125,60.38999938964844,6.569999999999993,13.340000381469727,0.15999999999999992,1,Pre-COVID,0,0,0
2019-11-27,51.65232467651367,89.47156524658203,48.078304290771484,34.487037658691406,58.553836822509766,,6.549590587615967,30.159420013427734,6.843700408935547,77.39392852783203,286.8964538574219,58.12,65.03,2.46,11.75,30.82,1.55,1.63,1.77,1.63,117.1273,257.879,217.488,101.9372,96.8,,15.979999542236328,1453.4000244140625,57.619998931884766,6.910000000000004,13.519999542236327,0.14000000000000012,1,Pre-COVID,0,0,0
2019-11-29,51.22377014160156,88.75926208496094,47.75959777832031,34.32684326171875,57.85619354248047,,6.620331287384033,29.710182189941406,6.809107303619385,77.39392852783203,285.8324279785156,58.12,64.5,2.46,12.62,36.73,1.56,1.61,1.78,1.61,117.1204,257.879,217.488,101.9372,96.8,,16.329999923706055,1465.5999755859375,56.56999969482422,6.380000000000003,13.869999923706054,0.16999999999999993,1,Pre-COVID,0,0,0
2019-12-02,51.44181442260742,88.50918579101562,48.102210998535156,34.424739837646484,57.980438232421875,,6.366838455200195,29.27821922302246,6.705328464508057,77.3998794555664,283.4044189453125,55.97,63.2,2.29,14.91,34.97,1.56,1.61,1.83,1.65,116.9647,257.879,217.488,101.9372,96.8,,15.8100004196167,1462.300048828125,59.41999816894531,7.230000000000004,13.5200004196167,0.21999999999999997,1,Pre-COVID,0,0,0
2019-12-03,51.03581237792969,87.8196029663086,46.92296600341797,33.837345123291016,56.99608612060547,,6.307887077331543,29.053606033325195,6.572721004486084,77.39140319824219,281.5036315917969,56.15,62.95,2.42,15.96,35.05,1.55,1.53,1.72,1.63,116.8898,257.879,217.488,101.9372,96.8,,15.770000457763672,1478.199951171875,64.62000274658203,6.800000000000004,13.350000457763672,0.18999999999999995,1,Pre-COVID,0,0,0
2019-12-04,51.61473846435547,88.61528778076172,48.30937957763672,34.22005081176758,56.78584289550781,,6.419896125793457,29.010408401489258,6.532362937927246,77.3998794555664,283.2406005859375,58.46,65.25,2.43,14.8,32.21,1.55,1.58,1.77,1.66,116.692,257.879,217.488,101.9372,96.8,,15.880000114440918,1474.0,63.0099983215332,6.789999999999999,13.450000114440918,0.18999999999999995,1,Pre-COVID,0,0,0
2019-12-05,51.434303283691406,88.15303802490234,47.6799201965332,33.8017463684082,56.709388732910156,,6.319676876068115,29.088159561157227,6.688031196594238,77.41679382324219,283.7498779296875,58.42,65.67,2.42,14.52,30.41,1.55,1.58,1.8,1.67,116.3838,257.879,217.488,101.9372,96.8,,15.414999961853027,1476.9000244140625,63.72999954223633,7.25,12.994999961853027,0.21999999999999997,1,Pre-COVID,0,0,0
2019-12-06,52.26133346557617,89.42610168457031,49.377079010009766,34.718441009521484,57.751075744628906,,6.596750736236572,30.470428466796875,6.630375862121582,77.41679382324219,286.3416748046875,59.2,66.5,2.31,13.62,30.02,1.55,1.61,1.84,1.69,116.5381,257.879,217.488,101.9372,96.8,,15.140000343322754,1459.0999755859375,64.06999969482422,7.299999999999997,12.830000343322753,0.22999999999999998,1,Pre-COVID,0,0,0
2019-12-09,52.37411880493164,88.88806915283203,49.265541076660156,33.9190559387207,57.35924530029297,,6.779502868652344,31.558961868286133,6.797575950622559,77.42526245117188,285.44140625,58.99,66.44,2.17,15.86,30.02,1.55,1.63,1.83,1.69,116.3283,257.879,217.488,101.9372,96.8,,14.890000343322754,1459.300048828125,67.29000091552734,7.449999999999996,12.720000343322754,0.20000000000000018,1,Pre-COVID,0,0,0
2019-12-10,51.92299270629883,89.33515930175781,49.209747314453125,34.12799835205078,57.559940338134766,,6.833025932312012,31.3343505859375,6.941715717315674,77.42526245117188,285.1230773925781,59.22,66.57,2.18,15.68,27.94,1.55,1.65,1.85,1.71,116.2542,257.879,217.488,101.9372,96.8,,14.529999732971191,1462.5999755859375,67.08999633789062,7.349999999999994,12.349999732971192,0.20000000000000018,1,Pre-COVID,0,0,0
2019-12-11,51.84780502319336,88.07726287841797,49.1460075378418,34.10072708129883,56.92919158935547,,6.702193737030029,30.99741554260254,7.010900974273682,77.42526245117188,285.9324645996094,58.74,65.37,2.28,14.99,27.81,1.55,1.61,1.79,1.69,116.1478,257.879,217.488,101.9372,96.8,,14.045000076293945,1469.4000244140625,61.29999923706055,6.630000000000003,11.765000076293946,0.17999999999999994,1,Pre-COVID,0,0,0
2019-12-12,52.885379791259766,90.03231811523438,49.87109375,34.745689392089844,56.824073791503906,,6.6070427894592285,30.57410430908203,7.2876482009887695,77.44219207763672,288.39703369140625,59.18,66.67,2.28,13.94,27.44,1.55,1.66,1.9,1.72,115.8741,257.879,217.488,101.9372,96.8,,14.770000457763672,1466.699951171875,61.630001068115234,7.490000000000002,12.490000457763673,0.24,1,Pre-COVID,0,0,0
2019-12-13,52.05082321166992,89.38821411132812,49.958736419677734,34.25515365600586,58.28624725341797,,6.725981712341309,30.539546966552734,7.339540004730225,77.42526245117188,288.5697326660156,60.11,67.44,2.28,12.63,26.76,1.55,1.61,1.82,1.7,115.6967,257.879,217.488,101.9372,96.8,,13.805000305175781,1475.5999755859375,56.439998626708984,7.329999999999998,11.525000305175782,0.20999999999999996,1,Pre-COVID,0,0,0
2019-12-16,52.62974166870117,90.4490966796875,50.054351806640625,34.80927276611328,58.50605010986328,,6.791398525238037,30.790084838867188,7.37989616394043,77.44219207763672,290.55218505859375,60.21,68.04,2.34,12.14,26.51,1.56,1.65,1.89,1.73,115.555,257.879,217.488,101.9372,96.8,,13.890000343322754,1475.0,56.130001068115234,7.830000000000005,11.550000343322754,0.24,1,Pre-COVID,0,0,0
2019-12-17,52.38914489746094,89.87319946289062,50.61211013793945,34.80927276611328,58.792747497558594,,6.725981712341309,30.703685760498047,7.276116371154785,77.43373107910156,290.61578369140625,60.88,68.99,2.3,12.29,26.33,1.55,1.63,1.89,1.75,115.5553,257.879,217.488,101.9372,96.8,,14.460000038146973,1474.5999755859375,55.380001068115234,8.109999999999992,12.160000038146972,0.26,1,Pre-COVID,0,0,0
2019-12-18,52.53200912475586,89.83531951904297,50.35713577270508,35.127201080322266,58.821414947509766,,6.928177356719971,31.29979133605957,7.466379165649414,77.45067596435547,290.63409423828125,60.93,69.12,2.26,12.58,26.77,1.55,1.63,1.92,1.76,115.6618,257.879,217.488,101.9372,96.8,,14.949999809265137,1472.5999755859375,53.40999984741211,8.190000000000005,12.689999809265137,0.29000000000000004,1,Pre-COVID,0,0,0
2019-12-19,52.171112060546875,89.51702880859375,50.349159240722656,35.15445327758789,58.7545166015625,,7.201735496520996,32.440162658691406,7.449082851409912,77.45911407470703,291.8254089355469,61.3,69.7,2.21,12.5,24.8,1.55,1.62,1.92,1.77,115.5988,257.879,217.488,101.9372,96.8,,15.005000114440918,1478.199951171875,53.70000076293945,8.400000000000006,12.795000114440917,0.2999999999999998,1,Pre-COVID,0,0,0
2019-12-20,52.58462905883789,90.69159698486328,50.771461486816406,35.43605422973633,58.49649429321289,,7.14226770401001,31.939090728759766,7.535567283630371,77.46334075927734,293.104736328125,60.43,68.66,2.27,12.51,25.54,1.55,1.63,1.92,1.77,115.7598,257.879,217.488,101.9372,96.8,,14.234999656677246,1474.699951171875,54.189998626708984,8.229999999999997,11.964999656677247,0.29000000000000004,1,Pre-COVID,0,0,0
2019-12-23,52.847774505615234,91.18416595458984,51.4726448059082,36.07193374633789,59.824867248535156,,7.392037391662598,32.993072509765625,7.524035453796387,77.46334075927734,293.55255126953125,60.51,67.49,2.17,12.61,25.11,1.55,1.64,1.93,1.75,115.8059,257.879,217.488,101.9372,96.8,,13.024999618530273,1482.5,55.310001373291016,6.979999999999997,10.854999618530274,0.29000000000000004,1,Pre-COVID,0,0,0
2019-12-24,52.64476776123047,91.19172668457031,51.528404235839844,36.23542785644531,59.17502212524414,,7.415826320648193,33.338645935058594,7.535567283630371,77.47179412841797,293.5617980957031,61.17,69.26,2.11,12.67,25.46,1.55,1.62,1.9,1.75,,257.879,217.488,101.9372,96.8,,12.604999542236328,1499.0999755859375,58.31999969482422,8.090000000000003,10.494999542236329,0.2799999999999998,1,Pre-COVID,0,0,0
2019-12-26,52.72747039794922,91.38877868652344,51.791351318359375,36.47161865234375,59.09856414794922,,7.5228705406188965,33.26952362060547,7.575924873352051,77.48030090332031,295.1243896484375,61.72,69.26,2.09,12.65,24.08,1.55,1.64,1.9,1.74,115.634,257.879,217.488,101.9372,96.8,,12.604999542236328,1509.300048828125,56.41999816894531,7.540000000000006,10.514999542236328,0.26,1,Pre-COVID,0,0,0
2019-12-27,52.54702377319336,91.16142272949219,51.775428771972656,36.48070526123047,58.56338882446289,,7.374197006225586,32.699344635009766,7.489441871643066,77.47179412841797,295.0513000488281,61.76,68.91,1.75,13.43,25.16,1.55,1.59,1.88,1.73,115.22,257.879,217.488,101.9372,96.8,,12.765000343322754,1513.800048828125,55.29999923706055,7.149999999999999,11.015000343322754,0.2899999999999998,1,Pre-COVID,0,0,0
2019-12-30,52.2387809753418,90.8204345703125,51.48060989379883,36.97123336791992,58.295806884765625,,7.564498424530029,33.684207916259766,7.328006267547607,77.48030090332031,293.4246826171875,61.66,68.3,2.06,14.82,25.86,1.55,1.58,1.9,1.75,114.9631,257.879,217.488,101.9372,96.8,,12.295000076293945,1514.5,59.630001068115234,6.640000000000001,10.235000076293945,0.31999999999999984,1,Pre-COVID,0,0,0
2019-12-31,52.46433639526367,91.32057189941406,51.815250396728516,37.43450164794922,58.36269760131836,,7.647756576538086,33.986568450927734,7.397193908691406,77.48030090332031,294.137451171875,61.14,67.77,2.09,13.78,28.3,1.55,1.58,1.92,1.77,114.669,257.879,217.488,101.9372,96.8,,12.050000190734863,1519.5,58.279998779296875,6.6299999999999955,9.960000190734863,0.33999999999999986,1,Pre-COVID,0,0,0
2020-01-02,53.3064079284668,92.01774597167969,52.157867431640625,38.67898941040039,59.55729293823242,,7.69533109664917,34.28895568847656,7.691235542297363,77.50575256347656,296.88824462890625,61.17,67.05,2.05,12.47,28.75,1.55,1.58,1.88,1.8,114.9745,257.879,217.488,101.9372,96.8,,12.074999809265137,1524.5,57.20000076293945,5.8799999999999955,10.024999809265136,0.2999999999999998,1,Pre-COVID,0,0,0
2020-01-03,52.87784194946289,91.69945526123047,52.3491096496582,39.614620208740234,59.85354232788086,,7.838057994842529,34.055694580078125,7.81231164932251,77.50575256347656,294.6401672363281,63.0,69.08,2.06,14.02,31.92,1.55,1.53,1.8,1.77,114.9867,257.879,217.488,101.9372,96.8,,12.984999656677246,1549.199951171875,60.119998931884766,6.079999999999998,10.924999656677246,0.27,1,Pre-COVID,0,0,0
2020-01-06,53.28384780883789,91.38877868652344,52.970611572265625,40.92269515991211,60.16891860961914,,7.665596961975098,33.37320327758789,7.887265682220459,77.49724578857422,295.7641296386719,63.27,70.25,2.1,13.85,32.32,1.55,1.54,1.81,1.75,114.9557,257.879,217.488,101.9372,96.8,,12.279999732971191,1566.199951171875,62.790000915527344,6.979999999999997,10.179999732971192,0.27,1,Pre-COVID,0,0,0
2020-01-07,52.847774505615234,90.22178649902344,52.970611572265625,41.12254333496094,60.780548095703125,,7.713173866271973,33.761966705322266,7.8584370613098145,77.49724578857422,294.93255615234375,62.7,68.74,2.17,13.79,31.8,1.55,1.54,1.83,1.74,115.1477,257.879,217.488,101.9372,96.8,,11.930000305175781,1571.800048828125,62.630001068115234,6.039999999999992,9.760000305175781,0.29000000000000004,1,Pre-COVID,0,0,0
2020-01-08,52.05082321166992,89.19117736816406,51.74355697631836,40.85910415649414,59.24191665649414,,7.564498424530029,31.8267822265625,7.691235542297363,77.51416778564453,296.5044250488281,59.65,67.31,2.09,13.45,32.6,1.55,1.58,1.87,1.75,115.1328,257.879,217.488,101.9372,96.8,,11.96500015258789,1557.4000244140625,60.4900016784668,7.660000000000004,9.87500015258789,0.29000000000000004,1,Pre-COVID,0,0,0
2020-01-09,52.44929122924805,89.0472183227539,52.64391326904297,41.21335983276367,60.44606399536133,,7.81427001953125,33.1572151184082,7.743126392364502,77.52267456054688,298.5148620605469,59.56,66.58,2.05,12.54,33.22,1.55,1.58,1.85,1.74,115.2331,257.879,217.488,101.9372,96.8,,12.180000305175781,1551.699951171875,57.65999984741211,7.019999999999996,10.13000030517578,0.27,1,Pre-COVID,0,0,0
2020-01-10,51.983150482177734,88.23638153076172,52.12600326538086,41.694820404052734,60.90476989746094,,7.463402271270752,30.41859245300293,7.650876522064209,77.52267456054688,297.65582275390625,59.02,66.77,2.05,12.56,30.38,1.54,1.56,1.83,1.76,115.0677,257.879,217.488,101.9372,96.8,,11.9399995803833,1557.5,53.31999969482422,7.749999999999993,9.8899995803833,0.27,1,Pre-COVID,0,0,0
2020-01-13,52.479366302490234,88.40310668945312,51.89493179321289,42.30344009399414,61.115028381347656,,7.582338809967041,29.57195472717285,7.789250373840332,77.52267456054688,299.7029724121094,58.17,64.14,2.03,12.32,34.25,1.54,1.58,1.85,1.77,115.0342,257.879,217.488,101.9372,96.8,,12.055000305175781,1548.4000244140625,53.27000045776367,5.969999999999999,10.025000305175782,0.27,1,Pre-COVID,0,0,0
2020-01-14,52.028255462646484,88.13029479980469,51.90290451049805,42.912052154541016,61.1341438293457,,7.374197006225586,28.91537094116211,7.818078994750977,77.52267456054688,299.2459411621094,58.34,64.45,2.15,12.39,33.62,1.54,1.58,1.82,1.77,115.0239,257.879,217.488,101.9372,96.8,,11.305000305175781,1542.4000244140625,52.349998474121094,6.109999999999999,9.155000305175781,0.24,1,Pre-COVID,0,0,0
2020-01-15,51.94556427001953,88.00146484375,51.791351318359375,42.930213928222656,62.491180419921875,,7.094691276550293,27.939146041870117,7.783484935760498,77.53115844726562,299.9222717285156,57.86,63.29,2.01,12.42,33.38,1.54,1.56,1.79,1.75,114.9528,257.879,217.488,101.9372,96.8,,11.180000305175781,1552.0999755859375,50.540000915527344,5.43,9.170000305175781,0.22999999999999998,1,Pre-COVID,0,0,0
2020-01-16,51.74256896972656,88.57738494873047,51.84711837768555,42.394283294677734,62.89256286621094,,7.1601080894470215,28.224239349365234,7.829608917236328,77.548095703125,302.4170227050781,58.52,64.63,2.06,12.32,29.79,1.54,1.58,1.81,1.74,115.0006,257.879,217.488,101.9372,96.8,,11.114999771118164,1549.0,50.369998931884766,6.109999999999992,9.054999771118164,0.22999999999999998,1,Pre-COVID,0,0,0
2020-01-17,51.54706954956055,87.5846939086914,51.84711837768555,41.63123321533203,63.07414627075195,,7.362302780151367,28.103288650512695,7.818078994750977,77.53962707519531,303.35845947265625,58.55,64.05,2.07,12.1,28.6,1.55,1.58,1.84,1.75,115.0656,257.879,217.488,101.9372,96.8,,10.930000305175781,1558.800048828125,49.66999816894531,5.5,8.860000305175781,0.26,1,Pre-COVID,0,0,0
2020-01-21,50.81024932861328,85.86450958251953,51.01847839355469,40.25957489013672,61.564186096191406,,7.0768513679504395,27.325761795043945,7.541332721710205,77.548095703125,302.76434326171875,58.25,63.66,1.98,12.85,27.66,1.55,1.53,1.78,1.74,115.1876,257.879,217.488,101.9372,96.8,,10.774999618530273,1556.4000244140625,53.41999816894531,5.409999999999997,8.794999618530273,0.25,1,Pre-COVID,0,0,0
2020-01-22,50.51704788208008,85.5538330078125,50.20573806762695,39.32394790649414,60.532066345214844,,7.136319160461426,26.669189453125,7.328006267547607,77.548095703125,302.8009033203125,56.76,62.11,1.89,12.91,30.7,1.55,1.53,1.77,1.72,115.2273,257.879,217.488,101.9372,96.8,,10.454999923706055,1555.300048828125,51.310001373291016,5.350000000000001,8.564999923706054,0.24,1,Pre-COVID,0,0,0
2020-01-23,50.20124816894531,85.70537567138672,50.309322357177734,38.624488830566406,60.063785552978516,,6.708139896392822,26.643266677856445,7.489441871643066,77.55655670166016,303.148193359375,55.51,61.26,1.95,12.98,31.95,1.55,1.51,1.74,1.7,115.5545,257.879,217.488,101.9372,96.8,,10.430000305175781,1564.5999755859375,55.34000015258789,5.75,8.480000305175782,0.22999999999999998,1,Pre-COVID,0,0,0
2020-01-24,49.8629264831543,84.75817108154297,49.89499282836914,38.35197448730469,58.439151763916016,,6.428635120391846,25.070932388305664,7.351067543029785,77.55655670166016,300.4522399902344,54.09,59.34,1.91,14.56,34.55,1.55,1.49,1.7,1.68,115.5556,257.879,217.488,101.9372,96.8,,10.454999923706055,1571.0999755859375,59.939998626708984,5.25,8.544999923706055,0.20999999999999996,1,Pre-COVID,0,0,0
2020-01-27,48.674991607666016,83.65179443359375,48.63605880737305,37.46175003051758,56.91008377075195,,6.2383317947387695,23.00616455078125,7.270351886749268,77.5650405883789,295.63623046875,53.09,58.54,2.03,18.23,37.72,1.55,1.44,1.61,1.63,115.8004,257.879,217.488,101.9372,96.8,,10.524999618530273,1576.800048828125,66.7300033569336,5.449999999999996,8.494999618530274,0.17000000000000015,1,Pre-COVID,0,0,0
2020-01-28,48.60731887817383,84.20497131347656,48.74761962890625,37.425411224365234,57.10121154785156,,6.095605850219727,22.729707717895508,7.374131679534912,77.5650405883789,298.7342529296875,53.33,59.37,1.96,16.28,36.42,1.55,1.45,1.65,1.65,115.7239,257.879,217.488,101.9372,96.8,,10.789999961853027,1569.199951171875,65.5999984741211,6.039999999999999,8.829999961853026,0.19999999999999996,1,Pre-COVID,0,0,0
2020-01-29,48.20132827758789,83.63665008544922,48.197837829589844,36.76228713989258,56.26979064941406,,6.006402492523193,23.058002471923828,7.408725738525391,77.57353210449219,298.4874572753906,53.29,59.46,1.93,16.39,35.73,1.55,1.42,1.6,1.64,115.7003,257.879,217.488,101.9372,96.8,,10.149999618530273,1569.800048828125,66.16999816894531,6.170000000000002,8.219999618530274,0.18000000000000016,1,Pre-COVID,0,0,0
2020-01-30,48.712581634521484,84.41716003417969,48.51654815673828,36.87130355834961,57.18722152709961,,5.637691974639893,21.416553497314453,7.36836576461792,77.57353210449219,299.4561462402344,52.19,57.72,1.94,15.49,37.49,1.6,1.41,1.57,1.64,115.8077,257.879,217.488,101.9372,96.8,,9.779999732971191,1583.5,71.06999969482422,5.530000000000001,7.839999732971192,0.16000000000000014,1,Pre-COVID,0,0,0
2020-01-31,46.705135345458984,81.1889877319336,47.353248596191406,36.08100891113281,56.613834381103516,,5.2095136642456055,20.163869857788086,7.258819580078125,77.57353210449219,294.01861572265625,51.58,57.77,1.91,18.84,40.35,1.59,1.33,1.51,1.65,115.7345,257.879,217.488,101.9372,96.8,,9.755000114440918,1582.9000244140625,72.9800033569336,6.190000000000005,7.845000114440918,0.17999999999999994,1,Pre-COVID,0,0,0
2020-02-03,45.660057067871094,80.53728485107422,47.15403747558594,36.40803146362305,56.13599395751953,,5.108415603637695,20.207069396972656,7.37989616394043,77.58029174804688,296.2028503417969,50.06,54.0,1.9,17.97,41.81,1.59,1.36,1.54,1.63,116.1172,257.879,217.488,101.9372,96.8,,9.210000038146973,1577.199951171875,72.80999755859375,3.9399999999999977,7.310000038146972,0.17999999999999994,1,Pre-COVID,1,0,0
2020-02-04,45.088653564453125,80.96925354003906,45.010677337646484,36.78955078125,56.594722747802734,,5.114363670349121,20.777252197265625,7.426021575927734,77.58029174804688,300.71734619140625,49.59,53.9,1.89,16.05,39.44,1.59,1.41,1.61,1.64,115.9291,257.879,217.488,101.9372,96.8,,9.364999771118164,1550.4000244140625,68.16999816894531,4.309999999999995,7.474999771118164,0.20000000000000018,1,Pre-COVID,0,0,0
2020-02-05,47.163761138916016,83.56845092773438,46.835323333740234,38.261131286621094,57.03431701660156,,5.221406936645508,20.94139862060547,7.495207786560059,77.5972900390625,304.1899719238281,50.87,55.36,1.89,15.15,37.88,1.59,1.44,1.66,1.66,116.009,257.879,217.488,101.9372,96.8,,9.3149995803833,1557.800048828125,64.06999969482422,4.490000000000002,7.424999580383301,0.21999999999999997,1,Pre-COVID,0,0,0
2020-02-06,46.52469253540039,82.96977233886719,46.54050827026367,38.261131286621094,55.094322204589844,,4.822962284088135,19.490020751953125,7.504065036773682,77.60574340820312,305.2135314941406,50.94,55.18,1.86,14.96,36.44,1.59,1.44,1.65,1.67,116.1518,257.879,217.488,101.9372,96.8,,9.149999618530273,1565.0999755859375,61.2400016784668,4.240000000000002,7.289999618530273,0.20999999999999996,1,Pre-COVID,0,0,0
2020-02-07,46.2164306640625,82.55301666259766,46.20586395263672,38.05220031738281,54.27244186401367,,4.638607978820801,18.77296257019043,7.415502548217773,77.60574340820312,303.58685302734375,50.34,54.53,1.93,15.47,37.51,1.58,1.41,1.59,1.66,116.5086,257.879,217.488,101.9372,96.8,,9.069999694824219,1568.5999755859375,65.58999633789062,4.189999999999998,7.139999694824219,0.18000000000000016,1,Pre-COVID,0,0,0
2020-02-10,45.72833251953125,83.19711303710938,46.110233306884766,36.78955078125,52.122188568115234,,4.7872819900512695,19.109891891479492,7.197050094604492,77.5972900390625,305.8532409667969,49.59,53.39,1.85,15.04,39.01,1.58,1.37,1.56,1.66,116.5711,257.879,217.488,101.9372,96.8,,8.645000457763672,1574.699951171875,68.12999725341797,3.799999999999997,6.795000457763672,0.18999999999999995,1,Pre-COVID,0,0,0
2020-02-11,46.163047790527344,84.2731704711914,46.779541015625,37.39816665649414,52.53311538696289,,4.953794479370117,20.552642822265625,7.303325176239014,77.60574340820312,306.3832702636719,50.0,54.0,1.85,15.18,37.52,1.58,1.41,1.59,1.65,116.3585,257.879,217.488,101.9372,96.8,,8.555000305175781,1565.5999755859375,64.88999938964844,4.0,6.705000305175782,0.18000000000000016,1,Pre-COVID,0,0,0
2020-02-12,46.72740173339844,84.90213775634766,47.61618423461914,38.597232818603516,52.73381042480469,,4.965688228607178,20.50079917907715,7.574912071228027,77.6142349243164,308.35723876953125,51.13,55.54,1.91,13.74,35.58,1.58,1.44,1.62,1.66,116.2794,257.879,217.488,101.9372,96.8,,8.720000267028809,1567.4000244140625,63.52000045776367,4.409999999999997,6.8100002670288085,0.18000000000000016,1,Pre-COVID,0,0,0
2020-02-13,46.468109130859375,84.61418151855469,47.198909759521484,38.18845748901367,52.332427978515625,,4.8764848709106445,20.060205459594727,7.563105583190918,77.62273406982422,308.0282897949219,51.41,56.34,1.95,14.15,35.84,1.58,1.44,1.61,1.67,116.3999,257.879,217.488,101.9372,96.8,,8.890000343322754,1575.0999755859375,63.5099983215332,4.930000000000007,6.940000343322754,0.17000000000000015,1,Pre-COVID,0,0,0
2020-02-14,46.25456237792969,84.39185333251953,47.03843307495117,37.78877258300781,52.54267883300781,,4.8645920753479,19.71463394165039,7.509967803955078,77.62273406982422,308.5217590332031,52.03,57.37,1.93,13.68,35.93,1.58,1.42,1.59,1.66,116.4223,257.879,217.488,101.9372,96.8,,8.880000114440918,1582.699951171875,62.380001068115234,5.339999999999996,6.950000114440918,0.17000000000000015,1,Pre-COVID,0,0,0
2020-02-18,45.667320251464844,84.5145263671875,46.78165054321289,37.752437591552734,52.7816047668457,,4.8645920753479,19.576406478881836,7.498158931732178,77.63121032714844,307.7266845703125,52.1,57.35,2.04,14.83,33.47,1.59,1.41,1.55,1.65,116.6039,257.879,217.488,101.9372,96.8,,9.380000114440918,1600.0,67.66000366210938,5.25,7.340000114440918,0.14000000000000012,1,Pre-COVID,0,0,0
2020-02-19,46.01813507080078,84.8978271484375,47.551979064941406,38.615394592285156,52.896270751953125,,4.995423316955566,20.15523338317871,7.486351013183594,77.63121032714844,309.1980285644531,53.31,59.72,2.01,14.38,32.27,1.59,1.42,1.56,1.65,116.7829,257.879,217.488,101.9372,96.8,,9.569999694824219,1607.5,68.04000091552734,6.409999999999997,7.559999694824219,0.14000000000000012,1,Pre-COVID,0,0,0
2020-02-20,45.65207290649414,84.18486785888672,47.2470588684082,39.03325653076172,52.43755340576172,,4.8645920753479,18.893911361694336,7.4036946296691895,77.63121032714844,307.927734375,53.77,59.57,1.98,15.56,33.16,1.59,1.39,1.52,1.63,117.2454,257.879,217.488,101.9372,96.8,,9.5649995803833,1616.5999755859375,69.5999984741211,5.799999999999997,7.5849995803833,0.13000000000000012,2,COVID,0,0,1
2020-02-21,45.095340728759766,83.571533203125,46.89399337768555,38.261131286621094,51.30986022949219,,4.834856033325195,17.166078567504883,7.167531967163086,77.6481704711914,304.7566223144531,53.36,58.6,1.96,17.08,35.87,1.58,1.34,1.46,1.61,117.0473,257.879,217.488,101.9372,96.8,,9.40999984741211,1644.5999755859375,74.54000091552734,5.240000000000002,7.449999847412109,0.11999999999999988,2,COVID,0,0,1
2020-02-24,42.982810974121094,80.27497863769531,45.24097442626953,35.86299514770508,49.608768463134766,,4.406676769256592,15.662858009338379,6.819190979003906,77.63969421386719,294.6493225097656,51.36,56.71,1.94,25.03,39.53,1.58,1.26,1.38,1.59,117.4018,257.879,217.488,101.9372,96.8,,9.045000076293945,1672.4000244140625,86.91999816894531,5.350000000000001,7.105000076293946,0.11999999999999988,2,COVID,0,1,1
2020-02-25,41.335479736328125,77.20841979980469,43.194801330566406,32.87440490722656,47.649654388427734,,4.258004188537598,15.049469947814941,6.624358654022217,77.63969421386719,285.72064208984375,49.78,55.29,1.93,27.85,42.5,1.58,1.2,1.33,1.53,117.2425,257.879,217.488,101.9372,96.8,,9.005000114440918,1646.9000244140625,87.37999725341797,5.509999999999998,7.075000114440918,0.13000000000000012,2,COVID,1,1,1
2020-02-26,40.42793273925781,75.16148376464844,41.060333251953125,31.08489418029785,46.13013458251953,,4.35315465927124,15.300008773803711,6.364578723907471,77.65664672851562,284.6697692871094,48.67,54.96,1.96,27.56,43.4,1.58,1.16,1.33,1.54,117.405,257.879,217.488,101.9372,96.8,,9.069999694824219,1640.0,87.0,6.289999999999999,7.109999694824219,0.17000000000000015,2,COVID,1,1,1
2020-02-27,37.995086669921875,72.1639175415039,37.818511962890625,28.89569091796875,45.75742721557617,,4.5315632820129395,16.414464950561523,6.346867561340332,77.67364501953125,271.8847351074219,47.17,52.19,1.78,39.16,49.42,1.58,1.11,1.3,1.53,117.3678,257.879,217.488,101.9372,96.8,,8.869999885559082,1640.0,92.58999633789062,5.019999999999996,7.089999885559082,0.18999999999999995,2,COVID,1,1,1
2020-02-28,39.23057556152344,71.55828857421875,38.85363006591797,29.7404842376709,49.016258239746094,,4.870537757873535,17.178733825683594,6.541701793670654,77.66514587402344,270.7423400878906,44.83,51.31,1.79,40.11,51.25,1.58,0.86,1.13,1.41,117.6568,257.879,217.488,101.9372,96.8,,8.875,1564.0999755859375,109.66999816894531,6.480000000000004,7.085,0.2699999999999999,2,COVID,1,1,1
2020-03-02,41.09144973754883,74.04987335205078,39.50360870361328,29.93124771118164,49.77123260498047,,4.870537757873535,16.67500877380371,6.984505653381348,77.68805694580078,282.4673767089844,46.78,52.52,1.75,33.42,48.33,1.59,0.84,1.1,1.41,116.8144,257.879,217.488,101.9372,96.8,,8.885000228881836,1592.300048828125,104.88999938964844,5.740000000000002,7.135000228881836,0.2600000000000001,2,COVID,1,1,1
2020-03-03,39.123809814453125,72.36325073242188,38.612918853759766,29.967580795288086,48.299503326416016,,4.632660865783691,15.311479568481445,6.819190979003906,77.70507049560547,274.3796691894531,47.27,52.24,1.78,36.82,50.8,1.59,0.71,1.02,1.45,116.4958,257.879,217.488,101.9372,96.8,,9.170000076293945,1642.0999755859375,102.97000122070312,4.969999999999999,7.390000076293945,0.31000000000000005,2,COVID,1,1,1
2020-03-04,39.97797775268555,75.53714752197266,39.664093017578125,29.9130859375,47.25782775878906,,4.543456077575684,15.806523323059082,6.813287258148193,77.739013671875,285.9126281738281,46.78,51.86,1.83,31.99,50.59,1.09,0.67,1.02,1.46,116.7802,257.879,217.488,101.9372,96.8,,8.90999984741211,1641.0999755859375,89.58999633789062,5.079999999999998,7.079999847412109,0.35,2,COVID,1,1,1
2020-03-05,38.21625518798828,74.50984191894531,38.27588653564453,28.595922470092773,43.9416618347168,,3.9844448566436768,14.364827156066895,6.642069339752197,77.75603485107422,276.40838623046875,45.9,51.29,1.89,39.62,52.58,1.09,0.59,0.92,1.4,116.7901,257.879,217.488,101.9372,96.8,,8.850000381469727,1666.4000244140625,96.95999908447266,5.390000000000001,6.960000381469727,0.33000000000000007,2,COVID,1,1,1
2020-03-06,36.37065505981445,73.07622528076172,36.374141693115234,24.399188995361328,43.502037048339844,,4.18664026260376,14.243237495422363,6.028048038482666,77.75603485107422,271.8390808105469,41.14,45.6,1.76,41.94,65.02,1.09,0.49,0.74,1.31,116.7106,257.879,217.488,101.9372,96.8,,8.645000457763672,1670.800048828125,125.20999908447266,4.460000000000001,6.885000457763672,0.25,2,COVID,1,1,1
2020-03-09,31.92441749572754,61.84494400024414,27.338777542114258,11.708244323730469,35.62733840942383,,4.495881080627441,13.122888565063477,4.351294040679932,77.78998565673828,250.60995483398438,31.05,35.33,1.74,54.46,115.92,1.09,0.38,0.54,0.99,117.1871,257.879,217.488,101.9372,96.8,,8.625,1674.5,163.6999969482422,4.279999999999998,6.885,0.16000000000000003,2,COVID,1,1,1
2020-03-10,33.10651397705078,65.14915466308594,27.988740921020508,13.420960426330566,37.86360168457031,,5.738790512084961,16.822654724121094,4.504800319671631,77.77301788330078,263.57781982421875,34.47,35.57,1.91,47.3,92.93,1.09,0.5,0.76,1.0,117.9027,257.879,217.488,101.9372,96.8,,8.994999885559082,1659.0999755859375,123.72000122070312,1.1000000000000014,7.084999885559082,0.26,2,COVID,1,1,1
2020-03-11,32.01594161987305,63.654212951660156,26.12711524963379,11.043745994567871,37.596012115478516,,5.45928430557251,15.276739120483398,4.162364482879639,77.78998565673828,250.7287139892578,33.13,34.45,1.96,53.9,105.25,1.09,0.5,0.82,0.96,118.2505,257.879,217.488,101.9372,96.8,,9.369999885559082,1641.4000244140625,127.83999633789062,1.3200000000000003,7.409999885559082,0.31999999999999995,2,COVID,1,1,1
2020-03-12,28.3552303314209,58.464054107666016,22.62851905822754,11.127979278564453,33.792457580566406,,5.5774245262146,15.528602600097656,3.719559669494629,77.7984848022461,226.7397003173828,31.56,31.02,1.82,75.47,123.45,1.1,0.5,0.88,0.92,120.4883,257.879,217.488,101.9372,96.8,,9.324999809265137,1589.300048828125,152.6199951171875,-0.5399999999999991,7.504999809265136,0.38,2,COVID,1,1,1
2020-03-13,29.072114944458008,63.953189849853516,25.18024253845215,13.346085548400879,33.8306884765625,,5.81370210647583,17.80405044555664,3.9734349250793457,77.81547546386719,246.1228485107422,31.72,32.25,1.94,57.83,118.48,1.1,0.49,0.94,0.9,120.4388,257.879,217.488,101.9372,96.8,,9.28499984741211,1515.699951171875,138.39999389648438,0.5300000000000011,7.34499984741211,0.44999999999999996,2,COVID,1,1,1
2020-03-16,26.303707122802734,53.43488693237305,20.927358627319336,11.249646186828613,33.70643997192383,,4.831279277801514,13.83504867553711,3.3948357105255127,77.823974609375,219.19114685058594,28.96,27.98,1.89,82.69,128.5,0.25,0.36,0.73,0.73,120.9352,257.879,217.488,101.9372,96.8,,8.739999771118164,1485.9000244140625,124.52999877929688,-0.9800000000000004,6.849999771118164,0.37,2,COVID,1,1,1
2020-03-17,28.07305908203125,54.19385528564453,21.063777923583984,10.613226890563965,33.0374755859375,,4.638525485992432,13.244473457336426,3.099632978439331,77.823974609375,231.02574157714844,26.96,27.97,1.89,75.91,133.32,0.25,0.47,1.02,0.63,122.4816,257.879,217.488,101.9372,96.8,,8.470000267028809,1524.9000244140625,109.8499984741211,1.009999999999998,6.580000267028809,0.55,2,COVID,1,1,1
2020-03-18,25.258874893188477,42.20359420776367,18.191082000732422,9.85513973236084,28.498043060302734,,3.9856503009796143,11.307743072509766,2.6922526359558105,77.8409423828125,219.3282012939453,20.48,22.79,1.73,76.45,166.79,0.25,0.54,1.18,0.63,124.1623,257.879,217.488,101.9372,96.8,,8.265000343322754,1477.300048828125,124.13999938964844,2.3099999999999987,6.5350003433227535,0.6399999999999999,2,COVID,1,1,1
2020-03-19,26.257949829101562,43.997528076171875,20.534168243408203,10.135913848876953,30.390274047851562,,4.321414470672607,13.201051712036133,3.2177138328552246,77.823974609375,219.79429626464844,25.09,23.98,1.68,72.0,164.06,0.2,0.44,1.12,0.5,125.0587,257.879,217.488,101.9372,96.8,,8.545000076293945,1478.5999755859375,141.1300048828125,-1.1099999999999994,6.865000076293946,0.6800000000000002,2,COVID,1,1,1
2020-03-20,24.969078063964844,45.530799865722656,21.537212371826172,9.57436466217041,33.48664474487305,,3.9669971466064453,12.237025260925293,3.099632978439331,77.84943389892578,210.3224639892578,19.48,25.55,1.76,66.04,190.08,0.15,0.37,0.92,0.75,124.9362,257.879,217.488,101.9372,96.8,,8.295000076293945,1484.0,133.3699951171875,6.07,6.5350000762939455,0.55,2,COVID,1,1,1
2020-03-23,23.985260009765625,41.567283630371094,19.69965171813965,9.068973541259766,28.574499130249023,,4.172186851501465,13.878473281860352,2.828045606613159,77.83247375488281,204.9449005126953,23.33,23.75,1.7,61.59,185.68,0.15,0.28,0.76,0.8,126.1262,257.879,217.488,101.9372,96.8,,7.849999904632568,1567.0,135.3800048828125,0.4200000000000017,6.149999904632568,0.48,2,COVID,1,1,1
2020-03-24,27.028215408325195,51.019962310791016,24.66669273376465,10.032960891723633,32.091365814208984,,4.675833225250244,14.53852653503418,2.8339502811431885,77.83247375488281,223.51358032226562,21.03,24.5,1.73,61.67,170.86,0.12,0.38,0.84,0.97,125.5001,257.879,217.488,101.9372,96.8,,7.909999847412109,1660.199951171875,111.08999633789062,3.469999999999999,6.179999847412109,0.45999999999999996,2,COVID,1,1,1
2020-03-25,28.43912696838379,53.10521697998047,24.827171325683594,11.230927467346191,31.83333396911621,,4.8001909255981445,14.199814796447754,2.9047985076904297,77.83247375488281,226.85960388183594,20.75,25.62,1.8,63.95,144.03,0.1,0.34,0.88,1.07,124.7916,257.879,217.488,101.9372,96.8,,7.744999885559082,1632.300048828125,87.13999938964844,4.870000000000001,5.944999885559082,0.54,2,COVID,1,1,1
2020-03-26,29.60596466064453,58.5560417175293,25.74996566772461,12.007734298706055,33.18083572387695,,5.39088773727417,15.5372896194458,2.9992635250091553,77.83247375488281,240.1058807373047,16.6,23.55,1.73,61.0,150.06,0.1,0.3,0.83,1.07,122.4308,257.879,217.488,101.9372,96.8,,7.574999809265137,1650.0999755859375,88.4800033569336,6.949999999999999,5.844999809265136,0.53,2,COVID,1,1,1
2020-03-27,28.179828643798828,52.72956848144531,23.4710693359375,10.865921974182129,32.02445983886719,,5.838574409484863,16.414464950561523,2.816237688064575,77.81547546386719,232.95420837402344,15.48,22.39,1.7,65.54,175.88,0.1,0.25,0.72,0.94,122.4007,257.879,217.488,101.9372,96.8,,7.21999979019165,1623.9000244140625,88.33000183105469,6.91,5.51999979019165,0.47,2,COVID,1,1,1
2020-03-30,28.59927749633789,55.159820556640625,23.503164291381836,10.304377555847168,31.097469329833984,,6.553628444671631,17.951690673828125,2.6745402812957764,77.81547546386719,240.51953125,14.1,19.19,1.65,57.08,174.22,0.09,0.23,0.7,0.95,123.2883,257.879,217.488,101.9372,96.8,,6.894999980926514,1622.0,90.69999694824219,5.090000000000002,5.244999980926513,0.47,2,COVID,1,1,1
2020-03-31,28.957727432250977,55.55080795288086,24.714834213256836,10.837844848632812,32.01490783691406,,5.975366115570068,16.605533599853516,2.7158682346343994,77.823974609375,236.93447875976562,20.51,14.85,1.71,53.54,170.55,0.08,0.23,0.7,0.87,122.5301,257.879,217.488,101.9372,96.8,,6.900000095367432,1583.4000244140625,83.87000274658203,-5.660000000000002,5.190000095367432,0.47,2,COVID,1,1,1
2020-04-01,28.622146606445312,52.5609130859375,23.767967224121094,10.051679611206055,30.581401824951172,,6.2240824699401855,16.84870719909668,2.9697437286376953,77.8171615600586,226.27127075195312,20.28,14.97,1.69,57.06,158.98,0.06,0.23,0.62,0.91,123.7933,256.032,182.586,84.5619,71.8,,6.824999809265137,1578.199951171875,83.12999725341797,-5.3100000000000005,5.134999809265137,0.39,2,COVID,1,1,1
2020-04-02,30.810951232910156,58.35671615600586,27.170272827148438,11.951581954956055,32.416282653808594,,5.235441207885742,13.756882667541504,3.0819201469421387,77.82565307617188,231.49256896972656,25.18,20.24,1.55,50.91,162.65,0.05,0.23,0.63,1.03,123.5916,256.032,182.586,84.5619,71.8,,6.934999942779541,1625.699951171875,71.98999786376953,-4.940000000000001,5.384999942779541,0.4,2,COVID,1,1,1
2020-04-03,29.903396606445312,57.58241653442383,26.407960891723633,12.166840553283691,30.772537231445312,,4.905893802642822,12.905763626098633,3.229522466659546,77.8001708984375,228.1465301513672,28.36,24.33,1.5,46.8,141.68,0.05,0.23,0.62,1.08,124.4152,256.032,182.586,84.5619,71.8,,6.920000076293945,1633.699951171875,65.01000213623047,-4.030000000000001,5.420000076293945,0.39,2,COVID,1,1,1
2020-04-06,30.86433982849121,61.630287170410156,26.319692611694336,12.578639030456543,32.65520477294922,,5.2230048179626465,14.295347213745117,3.270850896835327,77.80864715576172,243.47024536132812,26.21,22.58,1.64,45.24,144.19,0.05,0.27,0.67,1.14,124.16,256.032,182.586,84.5619,71.8,,7.284999847412109,1677.0,66.27999877929688,-3.6300000000000026,5.64499984741211,0.4,2,COVID,1,1,1
2020-04-07,31.451576232910156,62.03658676147461,26.69683265686035,12.953003883361816,32.215599060058594,,5.048905372619629,14.495099067687988,3.294466495513916,77.79167175292969,243.71852111816406,23.54,22.1,1.83,46.7,139.13,0.05,0.28,0.75,1.17,123.0956,256.032,182.586,84.5619,71.8,,7.284999847412109,1664.800048828125,72.20999908447266,-1.4399999999999977,5.454999847412109,0.47,2,COVID,1,1,1
2020-04-08,33.44207763671875,65.91580200195312,28.630687713623047,14.56276798248291,34.89147186279297,,4.968072891235352,14.859862327575684,3.3357949256896973,77.8001708984375,251.89979553222656,24.97,25.22,1.86,43.35,141.46,0.05,0.27,0.77,1.19,123.2216,256.032,182.586,84.5619,71.8,,7.260000228881836,1665.4000244140625,75.70999908447266,0.25,5.400000228881836,0.5,2,COVID,1,1,1
2020-04-09,32.89297866821289,64.635498046875,27.868379592895508,14.375588417053223,36.86970901489258,,5.459283351898193,15.120414733886719,3.430260419845581,77.78317260742188,255.7329864501953,22.9,20.23,1.74,41.67,129.88,0.05,0.23,0.73,1.23,122.476,256.032,182.586,84.5619,71.8,,7.28000020980835,1736.199951171875,74.38999938964844,-2.669999999999998,5.540000209808349,0.5,2,COVID,1,1,1
2020-04-13,32.61080551147461,65.09550476074219,27.523334503173828,14.34751033782959,36.56388854980469,,5.471720218658447,14.764331817626953,3.5188212394714355,77.8001708984375,253.39808654785156,22.36,,1.86,41.17,114.44,0.05,0.25,0.76,1.26,122.5203,256.032,182.586,84.5619,71.8,,7.28000020980835,1744.800048828125,75.8499984741211,,5.420000209808349,0.51,2,COVID,1,1,1
2020-04-14,32.3591194152832,64.86551666259766,27.346799850463867,13.945068359375,37.88270950317383,,5.471720218658447,15.346219062805176,3.625094413757324,77.80864715576172,260.87152099609375,20.15,21.74,1.76,37.76,115.48,0.05,0.23,0.76,1.29,122.1121,256.032,182.586,84.5619,71.8,,6.875,1756.699951171875,69.5199966430664,1.5899999999999999,5.115,0.53,2,COVID,1,1,1
2020-04-15,30.87197494506836,63.24020767211914,25.83823013305664,12.73774242401123,37.901824951171875,,5.4655022621154785,15.74573040008545,3.477492570877075,77.8001708984375,255.3285675048828,19.96,19.8,1.68,40.84,120.38,0.05,0.2,0.63,1.19,123.0752,256.032,182.586,84.5619,71.8,,6.650000095367432,1727.199951171875,70.5,-0.16000000000000014,4.970000095367432,0.43,2,COVID,1,1,1
2020-04-16,29.85765266418457,61.3236198425293,24.931486129760742,11.418109893798828,36.68812942504883,,5.801266193389893,16.822654724121094,3.3594114780426025,77.79167175292969,256.560302734375,19.82,18.69,1.59,40.11,115.1,0.05,0.2,0.61,1.03,123.4615,256.032,182.586,84.5619,71.8,,6.90500020980835,1720.4000244140625,69.93000030517578,-1.129999999999999,5.31500020980835,0.41,2,COVID,1,1,1
2020-04-17,32.96162033081055,66.82810974121094,28.293670654296875,12.756461143493652,39.497798919677734,,5.969150066375732,17.14399528503418,3.6369030475616455,77.80864715576172,263.49139404296875,18.31,19.75,1.71,38.15,95.91,0.05,0.2,0.65,1.01,122.871,256.032,182.586,84.5619,71.8,,6.994999885559082,1689.199951171875,69.83999633789062,1.4400000000000013,5.284999885559082,0.45,2,COVID,1,1,1
2020-04-20,31.40581703186035,64.06819152832031,27.739988327026367,11.78311538696289,39.813167572021484,,6.727727890014648,20.3052978515625,3.5896694660186768,77.8001708984375,258.8492126464844,-36.98,17.36,1.78,43.83,226.13,0.05,0.2,0.63,0.94,123.1033,256.032,182.586,84.5619,71.8,,6.619999885559082,1701.5999755859375,70.5999984741211,54.339999999999996,4.839999885559082,0.43,2,COVID,1,1,1
2020-04-21,31.238033294677734,62.58858871459961,26.632640838623047,11.549139976501465,39.469120025634766,,6.640678882598877,20.670063018798828,3.625094413757324,77.8001708984375,250.98974609375,8.91,9.12,1.92,45.41,325.15,0.05,0.2,0.58,0.96,123.9116,256.032,182.586,84.5619,71.8,,6.315000057220459,1678.199951171875,73.83000183105469,0.20999999999999908,4.395000057220459,0.37999999999999995,2,COVID,1,1,1
2020-04-22,32.130340576171875,64.73516845703125,28.068984985351562,12.18555736541748,38.95306396484375,,6.808560371398926,21.85120964050293,3.8258326053619385,77.8001708984375,256.560302734375,13.64,13.77,1.9,41.98,236.8,0.05,0.22,0.63,1.06,123.9256,256.032,182.586,84.5619,71.8,,6.224999904632568,1728.699951171875,72.29000091552734,0.129999999999999,4.324999904632568,0.41000000000000003,2,COVID,1,1,1
2020-04-23,33.137020111083984,66.54443359375,29.031909942626953,12.981082916259766,39.37356948852539,,6.609589099884033,21.868581771850586,4.162364482879639,77.80864715576172,256.5418701171875,15.06,15.06,1.86,41.38,211.0,0.04,0.22,0.61,1.05,123.7542,256.032,182.586,84.5619,71.8,,6.054999828338623,1733.300048828125,67.25,0.0,4.194999828338623,0.39,2,COVID,1,1,1
2020-04-24,33.350563049316406,66.7054443359375,28.959693908691406,12.9249267578125,40.01385498046875,,6.590936660766602,21.712255477905273,4.245021820068359,77.8001708984375,260.1177062988281,15.99,15.87,1.81,35.93,173.53,0.05,0.22,0.6,1.11,124.1615,256.032,182.586,84.5619,71.8,,5.769999980926514,1723.5,66.08999633789062,-0.120000000000001,3.9599999809265136,0.38,2,COVID,1,0,1
2020-04-27,33.510711669921875,68.77537536621094,29.81026268005371,13.243136405944824,40.90263366699219,,6.702857971191406,23.13657569885254,4.268637180328369,77.8001708984375,263.8682861328125,12.17,15.17,1.68,33.29,185.47,0.04,0.24,0.67,1.17,123.8843,256.032,182.586,84.5619,71.8,,5.940000057220459,1711.9000244140625,62.70000076293945,3.0,4.260000057220459,0.43000000000000005,2,COVID,1,0,1
2020-04-28,34.2962532043457,68.92868041992188,30.877490997314453,14.19776725769043,41.17021560668945,,6.51010274887085,22.797866821289062,4.280444145202637,77.8001708984375,262.6549072265625,12.4,15.6,1.8,33.57,198.77,0.04,0.2,0.62,1.14,123.3693,256.032,182.586,84.5619,71.8,,6.144999980926514,1710.5,58.88999938964844,3.1999999999999993,4.344999980926514,0.42,2,COVID,1,0,1
2020-04-29,36.19525146484375,72.53958892822266,33.87055206298828,15.704584121704102,43.664512634277344,,5.7639594078063965,19.228370666503906,4.805907249450684,77.79167175292969,269.5307312011719,15.04,17.86,1.73,31.23,195.59,0.04,0.2,0.63,1.14,122.7782,256.032,182.586,84.5619,71.8,,6.014999866485596,1703.4000244140625,57.150001525878906,2.8200000000000003,4.284999866485595,0.43,2,COVID,1,0,1
2020-04-30,35.440223693847656,70.5309829711914,33.782283782958984,15.536120414733887,44.620182037353516,,5.819920539855957,19.011249542236328,4.95941162109375,77.80864715576172,267.021240234375,19.23,18.11,1.63,34.15,104.98,0.05,0.2,0.64,1.07,122.327,256.032,182.586,84.5619,71.8,,6.21999979019165,1684.199951171875,53.59000015258789,-1.120000000000001,4.5899997901916505,0.44,2,COVID,0,0,1
2020-05-01,32.900596618652344,68.56836700439453,31.407094955444336,14.263278007507324,41.332679748535156,,5.627166748046875,17.969057083129883,4.611073017120361,77.79505157470703,259.9522399902344,19.72,18.49,1.69,37.19,110.18,0.05,0.2,0.64,1.06,123.1492,255.802,180.04,85.9604,72.3,,5.84499979019165,1694.5,48.11000061035156,-1.2300000000000004,4.154999790191651,0.44,2,COVID,0,0,1
2020-05-04,34.22761917114258,70.10167694091797,32.38605880737305,14.525333404541016,41.36134719848633,,5.639602184295654,20.26187515258789,4.776388168334961,77.79505157470703,260.6692810058594,20.47,20.4,1.78,35.97,97.42,0.05,0.19,0.64,1.07,123.2117,255.802,180.04,85.9604,72.3,,5.739999771118164,1706.9000244140625,49.25,-0.07000000000000028,3.959999771118164,0.45,2,COVID,0,0,1
2020-05-05,34.189483642578125,71.21327209472656,32.83543395996094,14.338152885437012,40.262332916259766,,5.061341762542725,18.455413818359375,4.853140354156494,77.79505157470703,263.0777282714844,24.56,25.46,1.93,33.61,97.27,0.05,0.19,0.66,1.1,122.803,255.802,180.04,85.9604,72.3,,5.675000190734863,1704.4000244140625,49.650001525878906,0.9000000000000021,3.7450001907348636,0.47000000000000003,2,COVID,0,0,1
2020-05-06,33.548866271972656,69.03602600097656,32.490379333496094,12.541203498840332,40.61593246459961,,4.619873046875,16.53605842590332,4.647731781005859,77.80357360839844,261.2944641113281,23.88,24.2,1.9,34.12,115.39,0.05,0.17,0.72,1.1,123.609,255.802,180.04,85.9604,72.3,,5.764999866485596,1684.199951171875,51.310001373291016,0.3200000000000003,3.864999866485596,0.5499999999999999,2,COVID,1,0,1
2020-05-07,33.739524841308594,71.02162170410156,34.03907012939453,12.99044132232666,41.294456481933594,,4.887240886688232,16.883441925048828,4.5925469398498535,77.79505157470703,264.4473571777344,23.68,24.23,1.84,31.44,110.62,0.05,0.13,0.63,1.08,123.1249,255.802,180.04,85.9604,72.3,,5.84499979019165,1721.800048828125,54.93000030517578,0.5500000000000007,4.0049997901916505,0.5,2,COVID,0,0,1
2020-05-08,35.21905517578125,73.19123077392578,34.914363861083984,14.057379722595215,42.52727127075195,,5.017816543579102,16.874767303466797,4.684521198272705,77.79505157470703,268.82293701171875,24.73,,1.74,27.98,98.7,0.05,0.16,0.69,1.12,122.5379,255.802,180.04,85.9604,72.3,,5.829999923706055,1709.9000244140625,57.400001525878906,,4.0899999237060545,0.5299999999999999,2,COVID,0,0,1
2020-05-11,34.88349151611328,71.58128356933594,34.25788116455078,14.066740036010742,42.47948455810547,,4.793972969055176,15.32884693145752,4.715179443359375,77.80357360839844,268.878173828125,24.02,25.53,1.7,27.57,109.72,0.05,0.17,0.73,1.13,123.2333,255.802,180.04,85.9604,72.3,,5.704999923706055,1695.300048828125,61.599998474121094,1.5100000000000016,4.0049999237060545,0.5599999999999999,2,COVID,0,0,1
2020-05-12,34.3004150390625,69.84101104736328,33.69866943359375,13.645576477050781,41.77228927612305,,4.582565784454346,14.929342269897461,4.604811191558838,77.80357360839844,263.51898193359375,25.76,26.67,1.61,33.04,86.86,0.05,0.17,0.69,1.09,123.0592,255.802,180.04,85.9604,72.3,,5.315000057220459,1704.4000244140625,61.2599983215332,0.9100000000000001,3.7050000572204587,0.5199999999999999,2,COVID,0,0,1
2020-05-13,32.59783172607422,68.00106811523438,32.32901382446289,12.578639030456543,38.61857986450195,,4.738012313842773,16.232078552246094,4.255310535430908,77.80357360839844,258.8584289550781,25.37,27.89,1.56,35.28,82.83,0.05,0.16,0.64,1.07,123.5408,255.802,180.04,85.9604,72.3,,5.119999885559082,1713.9000244140625,57.560001373291016,2.5199999999999996,3.559999885559082,0.48,2,COVID,0,0,1
2020-05-14,32.88547897338867,69.03602600097656,32.36142349243164,12.878132820129395,39.92784881591797,,4.495514869689941,14.581951141357422,4.249178886413574,77.81204986572266,261.956298828125,27.4,29.87,1.6,32.61,80.05,0.05,0.16,0.63,1.06,123.6429,255.802,180.04,85.9604,72.3,,5.264999866485596,1738.0999755859375,59.04999923706055,2.4700000000000024,3.6649998664855956,0.47,2,COVID,0,0,1
2020-05-15,32.65226364135742,68.35372161865234,33.12324905395508,12.934284210205078,39.44046401977539,,4.694487571716309,14.581951141357422,4.414731502532959,77.79505157470703,263.160400390625,29.44,30.95,1.66,31.89,76.39,0.05,0.16,0.64,1.09,123.5991,255.802,180.04,85.9604,72.3,,5.21999979019165,1753.4000244140625,56.529998779296875,1.509999999999998,3.5599997901916502,0.48,2,COVID,0,0,1
2020-05-18,35.248878479003906,71.9942626953125,35.33579635620117,14.104172706604004,41.59070587158203,,4.731794834136963,14.859862327575684,4.78875732421875,77.79505157470703,271.17620849609375,31.83,33.3,1.77,29.3,76.14,0.05,0.18,0.73,1.17,122.7968,255.802,180.04,85.9604,72.3,,4.920000076293945,1731.800048828125,58.70000076293945,1.4699999999999989,3.1500000762939453,0.55,2,COVID,0,0,1
2020-05-19,34.16046905517578,69.71504974365234,34.582069396972656,13.449037551879883,41.2180061340332,,4.887240886688232,14.50378704071045,4.874599456787109,77.79505157470703,268.3910217285156,32.3,33.06,1.85,30.53,73.22,0.05,0.17,0.7,1.15,122.5655,255.802,180.04,85.9604,72.3,,4.610000133514404,1744.199951171875,60.09000015258789,0.7600000000000051,2.760000133514404,0.5299999999999999,2,COVID,0,0,1
2020-05-20,35.2722053527832,72.34430694580078,35.78154373168945,14.029300689697266,43.731414794921875,,4.9307661056518555,15.198577880859375,5.083072662353516,77.79505157470703,272.9504089355469,33.56,34.76,1.83,27.99,73.62,0.05,0.16,0.68,1.16,122.1007,255.802,180.04,85.9604,72.3,,4.460000038146973,1750.5999755859375,58.849998474121094,1.1999999999999957,2.6300000381469726,0.52,2,COVID,0,0,1
2020-05-21,34.64249038696289,71.59754180908203,35.43305206298828,13.336727142333984,42.7088508605957,,5.048905372619629,14.955399513244629,5.015625953674316,77.80357360839844,271.06585693359375,34.3,34.78,1.75,29.53,89.06,0.05,0.17,0.68,1.14,122.0914,255.802,180.04,85.9604,72.3,,3.825000047683716,1720.5,55.619998931884766,0.480000000000004,2.075000047683716,0.51,2,COVID,0,0,1
2020-05-22,34.673583984375,70.22844696044922,35.076446533203125,13.224417686462402,43.82697677612305,,5.017816543579102,14.74696159362793,5.027889251708984,77.79505157470703,271.58074951171875,33.49,33.8,1.7,28.16,84.98,0.05,0.17,0.66,1.12,122.3211,255.802,180.04,85.9604,72.3,,3.890000104904175,1734.5999755859375,51.66999816894531,0.30999999999999517,2.1900001049041746,0.49,2,COVID,0,0,1
2020-05-26,35.69202423095703,72.57769012451172,35.39252471923828,13.477115631103516,43.95121383666992,,5.310055732727051,15.858633041381836,5.162784099578857,77.80357360839844,274.9267883300781,34.7,33.95,1.79,28.01,75.47,0.05,0.18,0.69,1.13,121.3864,255.802,180.04,85.9604,72.3,,4.125,1704.800048828125,52.220001220703125,-0.75,2.335,0.51,2,COVID,0,0,1
2020-05-27,35.94858169555664,73.04444885253906,36.2029914855957,13.495832443237305,43.03376770019531,,5.652039051055908,16.83133888244629,5.06467866897583,77.79505157470703,279.0173034667969,32.8,32.73,1.78,27.62,73.89,0.05,0.19,0.68,1.14,121.5677,255.802,180.04,85.9604,72.3,,3.694999933242798,1710.300048828125,52.97999954223633,-0.07000000000000028,1.9149999332427978,0.49000000000000005,2,COVID,0,0,1
2020-05-28,35.01564407348633,70.68740844726562,34.85762023925781,12.765823364257812,42.3170166015625,,5.652039051055908,15.719672203063965,5.0708112716674805,77.79505157470703,278.5027160644531,33.67,33.98,1.79,28.59,72.98,0.05,0.17,0.7,1.18,121.0138,255.802,180.04,85.9604,72.3,,3.509999990463257,1713.300048828125,50.56999969482422,0.30999999999999517,1.7199999904632568,0.5299999999999999,2,COVID,0,0,1
2020-05-29,35.34994888305664,71.33306121826172,34.18494415283203,12.120043754577637,42.38391876220703,,5.676909446716309,15.4926118850708,5.003362655639648,77.79505157470703,279.74359130859375,35.57,34.15,1.7,27.51,69.23,0.05,0.16,0.65,1.15,120.9458,255.802,180.04,85.9604,72.3,,4.385000228881836,1736.9000244140625,51.54999923706055,-1.4200000000000017,2.6850002288818358,0.49,2,COVID,0,0,1
2020-06-01,35.97966384887695,72.18096160888672,35.165592193603516,12.9249267578125,42.73752212524414,,5.745306491851807,15.326681137084961,5.03402042388916,77.80357360839844,280.8741149902344,35.49,36.74,1.59,28.23,64.38,0.05,0.14,0.66,1.18,120.2686,257.042,188.734,91.5934,78.1,,4.054999828338623,1737.800048828125,55.06999969482422,1.25,2.464999828338623,0.52,2,COVID,0,0,1
2020-06-02,36.78042984008789,73.6589584350586,35.82205581665039,13.80468463897705,45.193580627441406,,5.645819664001465,14.54069709777832,5.0953369140625,77.80357360839844,283.1998596191406,36.88,37.72,1.58,26.84,64.71,0.06,0.17,0.68,1.18,119.6854,257.042,188.734,91.5934,78.1,,4.849999904632568,1725.199951171875,55.349998474121094,0.8399999999999963,3.2699999046325683,0.51,2,COVID,0,0,1
2020-06-03,38.28087615966797,75.595947265625,36.56767654418945,14.459820747375488,47.33428192138672,,5.3830671310424805,14.7677583694458,5.230230808258057,77.80357360839844,286.96881103515625,37.33,37.98,1.84,25.66,65.73,0.06,0.19,0.77,1.21,119.2556,257.042,188.734,91.5934,78.1,,5.329999923706055,1697.800048828125,61.2400016784668,0.6499999999999986,3.489999923706055,0.5800000000000001,2,COVID,0,0,1
2020-06-04,38.17203903198242,74.89582061767578,36.235389709472656,14.553409576416016,46.302154541015625,,5.356119155883789,14.252503395080566,5.408045768737793,77.80357360839844,286.2150573730469,37.42,38.41,1.68,25.81,65.13,0.06,0.19,0.82,1.22,119.3014,257.042,188.734,91.5934,78.1,,5.389999866485596,1718.9000244140625,61.18000030517578,0.9899999999999949,3.709999866485596,0.6299999999999999,2,COVID,0,0,1
2020-06-05,41.266231536865234,78.41969299316406,39.37995529174805,19.457584381103516,48.45241165161133,,5.497600078582764,15.038484573364258,5.616519451141357,77.78656768798828,293.55059814453125,39.49,41.0,1.8,24.52,64.2,0.07,0.22,0.91,1.27,118.8138,257.042,188.734,91.5934,78.1,,5.710000038146973,1676.199951171875,61.970001220703125,1.509999999999998,3.910000038146973,0.6900000000000001,2,COVID,0,0,1
2020-06-08,42.55677032470703,80.30996704101562,40.7739372253418,22.836219787597656,48.97803497314453,,6.056792259216309,16.61918830871582,5.726888179779053,77.79505157470703,297.0988464355469,38.17,39.66,1.68,25.81,67.24,0.07,0.22,0.88,1.28,118.6621,257.042,188.734,91.5934,78.1,,5.25,1698.300048828125,62.77000045776367,1.4899999999999949,3.5700000000000003,0.66,2,COVID,0,0,1
2020-06-09,41.60829544067383,78.97978210449219,39.412376403808594,21.69441032409668,48.74866485595703,,5.92878532409668,16.051530838012695,5.487757682800293,77.79505157470703,294.883544921875,38.98,40.45,1.68,27.57,67.76,0.07,0.2,0.84,1.26,118.5893,257.042,188.734,91.5934,78.1,,4.804999828338623,1714.699951171875,62.939998626708984,1.470000000000006,3.1249998283386233,0.6399999999999999,2,COVID,0,0,1
2020-06-10,39.3770637512207,75.90708923339844,37.20794677734375,19.42951011657715,46.50284194946289,,5.551498889923096,14.933690071105957,5.3773884773254395,77.80357360839844,293.23797607421875,39.54,41.18,1.72,27.57,63.06,0.08,0.17,0.75,1.27,118.5231,257.042,188.734,91.5934,78.1,,4.800000190734863,1713.300048828125,60.02000045776367,1.6400000000000006,3.0800001907348635,0.58,2,COVID,0,0,1
2020-06-11,35.90193176269531,69.52056121826172,34.13632583618164,16.294208526611328,44.10411834716797,,5.059678554534912,13.824577331542969,4.801021099090576,77.78656768798828,276.33319091796875,36.43,37.76,1.77,40.79,69.96,0.08,0.19,0.66,1.21,119.2347,257.042,188.734,91.5934,78.1,,4.989999771118164,1732.0,56.470001220703125,1.3299999999999983,3.219999771118164,0.47000000000000003,2,COVID,0,1,1
2020-06-12,36.67158889770508,71.86980438232422,35.44114685058594,17.324296951293945,44.05632781982422,,5.356119155883789,14.322366714477539,4.764232635498047,77.80357360839844,279.6424560546875,36.24,38.54,1.67,36.09,70.22,0.08,0.19,0.71,1.21,119.6645,257.042,188.734,91.5934,78.1,,5.275000095367432,1729.300048828125,55.810001373291016,2.299999999999997,3.6050000953674317,0.52,2,COVID,0,0,1
2020-06-15,36.64826583862305,70.96744537353516,35.133174896240234,17.839344024658203,44.96422576904297,,5.443702220916748,14.287433624267578,4.991100311279297,77.80357360839844,282.2530517578125,37.07,39.44,1.64,34.4,68.11,0.09,0.19,0.71,1.23,119.9539,257.042,188.734,91.5934,78.1,,5.514999866485596,1720.300048828125,58.09000015258789,2.3699999999999974,3.874999866485596,0.52,2,COVID,0,0,1
2020-06-16,37.47235107421875,73.14556121826172,36.559574127197266,19.00054168701172,46.53152084350586,,5.335906982421875,13.745981216430664,5.058547019958496,77.80357360839844,287.685791015625,38.26,40.75,1.43,33.67,66.63,0.09,0.21,0.75,1.27,119.567,257.042,188.734,91.5934,78.1,,5.260000228881836,1729.5999755859375,60.4900016784668,2.490000000000002,3.830000228881836,0.54,2,COVID,0,0,1
2020-06-17,36.25178146362305,71.20860290527344,35.67616653442383,17.829984664916992,45.93899917602539,,5.1337890625,12.95999526977539,4.960442543029785,77.80357360839844,286.4907531738281,37.91,40.47,1.55,33.47,61.45,0.09,0.19,0.74,1.26,119.9105,257.042,188.734,91.5934,78.1,,5.210000038146973,1729.199951171875,58.15999984741211,2.5600000000000023,3.660000038146973,0.55,2,COVID,0,0,1
2020-06-18,36.47722625732422,71.5197525024414,36.02468490600586,18.419939041137695,46.26393508911133,,5.302220344543457,13.265658378601074,4.942048072814941,77.79505157470703,286.60107421875,38.79,41.75,1.51,32.94,61.35,0.09,0.19,0.71,1.28,120.2173,257.042,188.734,91.5934,78.1,,5.449999809265137,1724.800048828125,55.150001525878906,2.960000000000001,3.939999809265137,0.52,2,COVID,0,0,1
2020-06-19,35.74644470214844,70.50071716308594,35.41682434082031,18.45740509033203,46.73221206665039,,5.120314121246338,13.003663063049316,4.8868632316589355,77.79505157470703,284.96319580078125,39.72,42.33,1.49,35.12,58.73,0.09,0.19,0.7,1.3,120.2186,257.042,188.734,91.5934,78.1,,5.614999771118164,1745.9000244140625,53.45000076293945,2.6099999999999994,4.124999771118164,0.51,2,COVID,0,0,1
2020-06-22,36.08850860595703,71.24750518798828,35.303375244140625,18.64469337463379,46.74177169799805,,4.972095489501953,12.785333633422852,4.862337112426758,77.79505157470703,286.79132080078125,40.6,43.2,1.64,31.77,56.76,0.08,0.19,0.71,1.34,119.7532,257.042,188.734,91.5934,78.1,,5.494999885559082,1756.699951171875,53.93000030517578,2.6000000000000014,3.8549998855590824,0.52,2,COVID,0,0,1
2020-06-23,36.30619812011719,71.13082885742188,35.5059928894043,18.532318115234375,45.59496307373047,,5.059678554534912,12.83773136138916,4.831678867340088,77.79505157470703,288.1115417480469,40.4,42.72,1.61,31.37,58.83,0.08,0.18,0.72,1.38,119.3285,257.042,188.734,91.5934,78.1,,5.829999923706055,1772.0999755859375,54.040000915527344,2.3200000000000003,4.219999923706054,0.54,2,COVID,0,0,1
2020-06-24,34.5958366394043,68.17481231689453,33.220497131347656,16.85607147216797,44.55327606201172,,5.046204566955566,12.112882614135742,4.586416721343994,77.79505157470703,280.7622375488281,37.91,40.4,1.64,33.84,64.96,0.08,0.19,0.69,1.33,119.9744,257.042,188.734,91.5934,78.1,,5.664999961853027,1765.800048828125,54.88999938964844,2.490000000000002,4.024999961853028,0.49999999999999994,2,COVID,0,0,1
2020-06-25,35.11671829223633,69.39610290527344,34.087703704833984,17.36175537109375,45.36560821533203,,4.965357780456543,11.746089935302734,4.543495178222656,77.80357360839844,283.77215576171875,38.66,41.18,1.53,32.22,62.69,0.08,0.17,0.68,1.33,120.2997,257.042,188.734,91.5934,78.1,,5.255000114440918,1762.0999755859375,51.56999969482422,2.520000000000003,3.7250001144409177,0.51,2,COVID,0,0,1
2020-06-26,33.91169738769531,67.25688171386719,32.70180892944336,16.565776824951172,42.98598098754883,,4.716078758239746,11.222098350524902,4.328889846801758,77.79505157470703,277.03216552734375,38.53,40.97,1.42,34.73,63.69,0.08,0.17,0.64,1.32,120.533,257.042,188.734,91.5934,78.1,,5.105000019073486,1772.5,51.209999084472656,2.4399999999999977,3.6850000190734864,0.47,2,COVID,0,0,1
2020-06-29,34.45590591430664,68.19815063476562,33.47175598144531,16.7249698638916,44.37171173095703,,4.790189743041992,11.56269359588623,4.30436372756958,77.79505157470703,281.10382080078125,39.67,41.58,1.67,31.78,60.04,0.08,0.16,0.64,1.34,120.6658,257.042,188.734,91.5934,78.1,,5.840000152587891,1774.800048828125,52.959999084472656,1.9099999999999966,4.170000152587891,0.48,2,COVID,0,0,1
2020-06-30,34.76688003540039,69.41167449951172,34.05527114868164,17.13701057434082,46.17792892456055,,4.7026047706604,11.187169075012207,4.3656792640686035,77.79505157470703,284.70465087890625,39.27,41.64,1.76,30.43,57.66,0.08,0.16,0.66,1.34,120.4649,257.042,188.734,91.5934,78.1,,6.164999961853027,1793.0,54.130001068115234,2.3699999999999974,4.404999961853028,0.5,2,COVID,0,0,1
2020-07-01,33.981666564941406,68.15924072265625,33.01789093017578,16.30357551574707,45.93899917602539,,5.005781173706055,11.955682754516602,4.34728479385376,77.79505157470703,286.698974609375,39.88,42.18,1.69,28.62,53.43,0.08,0.17,0.69,1.37,120.0808,258.352,191.966,95.0256,72.5,,5.864999771118164,1773.199951171875,53.279998779296875,2.299999999999997,4.174999771118165,0.5199999999999999,3,Recovery,0,0,0
2020-07-02,34.269317626953125,68.69599914550781,33.86075973510742,16.65005874633789,46.63664245605469,,4.69586706161499,11.39676284790039,4.316627502441406,77.80357360839844,288.27777099609375,40.57,43.19,1.58,27.68,51.29,0.09,0.16,0.68,1.41,119.8555,258.352,191.966,95.0256,72.5,,5.945000171661377,1784.0,50.959999084472656,2.6199999999999974,4.365000171661377,0.52,3,Recovery,0,0,0
2020-07-06,34.51032257080078,68.89824676513672,33.739192962646484,17.02463150024414,48.404624938964844,,5.005781173706055,11.868354797363281,3.783179521560669,77.79505157470703,292.72802734375,40.51,42.73,1.71,27.94,50.73,0.09,0.16,0.69,1.45,119.2852,258.352,191.966,95.0256,72.5,,6.09499979019165,1788.5,52.029998779296875,2.219999999999999,4.38499979019165,0.5299999999999999,3,Recovery,0,0,0
2020-07-07,33.616275787353516,67.14019775390625,32.93684768676758,16.060089111328125,48.30906677246094,,4.783452033996582,11.457894325256348,3.8690223693847656,77.79505157470703,289.7089538574219,40.59,43.28,1.76,29.43,51.39,0.09,0.16,0.65,1.43,119.5717,258.352,191.966,95.0256,72.5,,6.125,1804.199951171875,50.97999954223633,2.6899999999999977,4.365,0.49,3,Recovery,0,0,0
2020-07-08,33.53852081298828,67.17131042480469,33.26103210449219,16.18183135986328,48.270835876464844,,4.985569477081299,11.667491912841797,4.010047912597656,77.79505157470703,291.9247131347656,40.91,43.67,1.78,28.08,48.85,0.09,0.16,0.67,1.42,119.5525,258.352,191.966,95.0256,72.5,,5.934999942779541,1815.5,49.79999923706055,2.760000000000005,4.154999942779541,0.51,3,Recovery,0,0,0
2020-07-09,32.154701232910156,64.36312866210938,31.080913543701172,15.245383262634277,47.60186767578125,,4.871035099029541,10.986303329467773,3.8874168395996094,77.79505157470703,290.2628479003906,39.64,42.35,1.88,29.26,53.77,0.09,0.16,0.62,1.39,119.5129,258.352,191.966,95.0256,72.5,,5.755000114440918,1799.199951171875,50.06999969482422,2.710000000000001,3.875000114440918,0.45999999999999996,3,Recovery,0,0,0
2020-07-10,33.157588958740234,66.30007934570312,32.16691970825195,15.64805793762207,46.43595886230469,,5.086628437042236,11.615091323852539,3.94873309135437,77.80357360839844,293.22662353515625,40.56,43.27,1.79,27.29,49.71,0.09,0.16,0.65,1.41,119.3509,258.352,191.966,95.0256,72.5,,5.474999904632568,1798.199951171875,49.189998626708984,2.710000000000001,3.6849999046325683,0.49,3,Recovery,0,0,0
2020-07-13,33.16535568237305,66.43232727050781,32.14260482788086,15.133009910583496,46.73221206665039,,4.978832721710205,11.178434371948242,3.8996801376342773,77.80357360839844,290.6875915527344,40.06,42.85,1.75,32.19,53.41,0.09,0.16,0.64,1.42,119.1891,258.352,191.966,95.0256,72.5,,5.110000133514404,1811.0,49.54999923706055,2.789999999999999,3.3600001335144043,0.48,3,Recovery,0,0,0
2020-07-14,34.26154327392578,68.72710418701172,33.47984313964844,15.619962692260742,47.20048522949219,,5.09336519241333,11.134769439697266,3.8996801376342773,77.80357360839844,294.4546203613281,40.3,42.97,1.74,29.52,53.04,0.09,0.14,0.63,1.41,119.3901,258.352,191.966,95.0256,72.5,,5.085000038146973,1810.5999755859375,50.810001373291016,2.6700000000000017,3.3450000381469724,0.49,3,Recovery,0,0,0
2020-07-15,34.6969108581543,69.14716339111328,33.7310905456543,16.088186264038086,48.36640167236328,,5.228110313415527,11.344361305236816,4.059101104736328,77.80357360839844,297.1598205566406,41.2,43.96,1.76,27.76,47.05,0.1,0.16,0.64,1.41,119.0331,258.352,191.966,95.0256,72.5,,5.224999904632568,1811.4000244140625,47.08000183105469,2.759999999999998,3.4649999046325686,0.48,3,Recovery,0,0,0
2020-07-16,34.4248046875,68.73489379882812,33.70677947998047,15.92899227142334,48.299503326416016,,5.127052307128906,11.038702011108398,4.040705680847168,77.79505157470703,296.18109130859375,40.74,43.71,1.79,28.0,46.12,0.1,0.16,0.62,1.41,118.9275,258.352,191.966,95.0256,72.5,,5.059999942779541,1798.699951171875,46.43000030517578,2.969999999999999,3.269999942779541,0.45999999999999996,3,Recovery,0,0,0
2020-07-17,33.83395004272461,67.82473754882812,32.716129302978516,15.245383262634277,47.63053894042969,,5.154001235961914,11.29196548461914,3.9671266078948975,77.80357360839844,297.039794921875,40.55,43.53,1.79,25.68,40.22,0.09,0.14,0.64,1.46,119.124,258.352,191.966,95.0256,72.5,,5.114999771118164,1808.300048828125,45.68000030517578,2.980000000000004,3.324999771118164,0.5,3,Recovery,0,0,0
2020-07-20,33.040977478027344,66.3311767578125,32.20032501220703,14.692880630493164,45.91988754272461,,5.147263050079346,11.536495208740234,3.973259449005127,77.80357360839844,299.4402770996094,40.83,43.3,1.71,24.46,42.59,0.1,0.16,0.62,1.46,119.0483,258.352,191.966,95.0256,72.5,,4.730000019073486,1815.9000244140625,46.81999969482422,2.469999999999999,3.0200000190734864,0.45999999999999996,3,Recovery,0,0,0
2020-07-21,34.71245574951172,71.09191131591797,34.10795593261719,16.30357551574707,48.30906677246094,,5.046204566955566,11.230831146240234,4.132678508758545,77.80357360839844,300.0773620605469,41.76,44.31,1.66,24.84,41.1,0.1,0.14,0.61,1.48,118.4042,258.352,191.966,95.0256,72.5,,4.789999961853027,1842.4000244140625,46.45000076293945,2.5500000000000043,3.129999961853027,0.47,3,Recovery,0,0,0
2020-07-22,33.903926849365234,70.81964111328125,33.47753143310547,15.872811317443848,47.25782775878906,,5.086628437042236,11.388030052185059,4.040705680847168,77.79505157470703,301.7853698730469,41.88,43.98,1.69,24.32,41.3,0.09,0.14,0.6,1.48,118.1337,258.352,191.966,95.0256,72.5,,4.829999923706055,1864.0999755859375,45.31999969482422,2.0999999999999943,3.1399999237060547,0.45999999999999996,3,Recovery,0,0,0
2020-07-23,33.97389602661133,70.79631805419922,33.125484466552734,15.75106430053711,47.79299545288086,,5.17421293258667,11.580158233642578,4.059101104736328,77.80357360839844,298.1846923828125,40.99,42.96,1.75,26.08,43.83,0.09,0.16,0.59,1.49,118.0613,258.352,191.966,95.0256,72.5,,4.985000133514404,1889.0999755859375,43.93000030517578,1.9699999999999989,3.2350001335144043,0.42999999999999994,3,Recovery,0,0,0
2020-07-24,33.76398468017578,70.11175537109375,32.97811508178711,15.6761474609375,46.81821823120117,,5.17421293258667,11.623824119567871,4.07749605178833,77.79505157470703,296.26416015625,41.23,43.29,1.77,25.84,42.35,0.09,0.14,0.59,1.51,118.1329,258.352,191.966,95.0256,72.5,,5.010000228881836,1897.300048828125,42.47999954223633,2.0600000000000023,3.240000228881836,0.44999999999999996,3,Recovery,0,0,0
2020-07-27,34.26154327392578,70.81964111328125,32.56055450439453,15.63869857788086,46.512413024902344,,5.241585731506348,11.370563507080078,3.9119434356689453,77.79505157470703,298.4246826171875,41.46,43.39,1.85,24.74,41.37,0.1,0.15,0.62,1.52,117.3869,258.352,191.966,95.0256,72.5,,4.784999847412109,1931.0,42.61000061035156,1.9299999999999997,2.9349998474121093,0.47,3,Recovery,0,0,0
2020-07-28,33.85728073120117,69.31831359863281,31.897396087646484,15.310934066772461,46.37860870361328,,5.335906982421875,11.527761459350586,3.8261005878448486,77.80357360839844,296.5319519042969,40.89,43.11,1.83,25.44,41.09,0.1,0.14,0.59,1.51,117.3189,258.352,191.966,95.0256,72.5,,4.960000038146973,1944.699951171875,41.27000045776367,2.219999999999999,3.1300000381469726,0.44999999999999996,3,Recovery,0,0,0
2020-07-29,34.230445861816406,70.0650863647461,32.69975662231445,15.94772720336914,46.913780212402344,,5.598659992218018,12.139079093933105,4.08975887298584,77.80357360839844,300.17889404296875,41.13,43.51,1.77,24.1,39.58,0.1,0.12,0.58,1.53,117.2126,258.352,191.966,95.0256,72.5,,5.175000190734863,1953.5,41.630001068115234,2.3799999999999955,3.4050001907348633,0.45999999999999996,3,Recovery,0,0,0
2020-07-30,32.55117416381836,67.10908508300781,30.816694259643555,14.767794609069824,46.990234375,,5.416753768920898,11.623824119567871,3.9977850914001465,77.79505157470703,299.1078796386719,39.85,42.98,1.81,24.76,42.06,0.1,0.11,0.55,1.52,117.4008,258.352,191.966,95.0256,72.5,,5.224999904632568,1942.300048828125,40.65999984741211,3.1299999999999955,3.4149999046325683,0.44000000000000006,3,Recovery,0,0,0
2020-07-31,32.714454650878906,65.29659271240234,30.612016677856445,14.739700317382812,47.28649139404297,,5.389805316925049,11.545225143432617,4.01617956161499,77.80357360839844,301.4715881347656,40.1,43.13,1.83,24.46,44.43,0.1,0.11,0.55,1.55,117.2082,258.352,191.966,95.0256,72.5,,6.025000095367432,1962.800048828125,41.97999954223633,3.030000000000001,4.195000095367432,0.44000000000000006,3,Recovery,0,0,0
2020-08-03,32.84661102294922,65.97335815429688,30.055280685424805,14.280841827392578,47.783447265625,,5.342644214630127,11.222098350524902,4.132678508758545,77.79505157470703,303.56744384765625,40.83,43.76,1.95,24.28,41.56,0.1,0.11,0.56,1.58,117.8074,258.352,191.966,95.0256,72.5,,6.800000190734863,1966.0,43.130001068115234,2.9299999999999997,4.850000190734863,0.45000000000000007,3,Recovery,0,0,0
2020-08-04,33.79507827758789,67.28021240234375,30.816694259643555,14.739700317382812,49.79990768432617,,5.497600078582764,11.440427780151367,4.236915588378906,77.80357360839844,304.74005126953125,41.67,43.99,2.07,23.76,40.28,0.1,0.11,0.52,1.57,117.7833,258.352,191.966,95.0256,72.5,,7.355000019073486,2001.199951171875,44.11000061035156,2.3200000000000003,5.285000019073486,0.41000000000000003,3,Recovery,0,0,0
2020-08-05,34.09050750732422,67.83253479003906,31.127803802490234,14.92699146270752,49.88591766357422,,5.5784478187561035,11.737354278564453,4.384073257446289,77.79505157470703,306.6326599121094,42.25,44.92,2.23,22.99,37.12,0.1,0.11,0.55,1.61,116.8736,258.352,191.966,95.0256,72.5,,7.320000171661377,2031.0999755859375,41.75,2.6700000000000017,5.0900001716613765,0.44000000000000006,3,Recovery,0,0,0
2020-08-06,33.927249908447266,68.04255676269531,31.152353286743164,14.468130111694336,50.7651252746582,,5.497600078582764,11.388030052185059,4.246370792388916,77.79505157470703,308.6824035644531,41.93,45.04,2.26,22.65,37.59,0.1,0.11,0.55,1.63,117.0422,258.352,191.966,95.0256,72.5,,7.940000057220459,2051.5,42.599998474121094,3.1099999999999994,5.680000057220459,0.44000000000000006,3,Recovery,0,0,0
2020-08-07,33.771766662597656,67.52135467529297,31.357053756713867,14.468130111694336,50.97538375854492,,5.52454948425293,10.986303329467773,4.118274688720703,77.80357360839844,308.904052734375,41.16,44.07,2.15,22.21,37.43,0.1,0.13,0.57,1.61,117.6239,258.352,191.966,95.0256,72.5,,7.929999828338623,2010.0999755859375,41.459999084472656,2.9100000000000037,5.779999828338623,0.43999999999999995,3,Recovery,0,0,0
2020-08-10,34.603607177734375,69.80059814453125,32.454139709472656,15.432672500610352,52.36109924316406,,5.52454948425293,10.602046012878418,4.169513702392578,77.80357360839844,309.8272705078125,41.94,44.19,2.18,22.13,35.74,0.1,0.14,0.59,1.61,117.5821,258.352,191.966,95.0256,72.5,,7.590000152587891,2024.4000244140625,42.209999084472656,2.25,5.410000152587891,0.44999999999999996,3,Recovery,0,0,0
2020-08-11,34.96123504638672,69.71504974365234,32.51144027709961,14.19655990600586,51.24296951293945,,5.672769546508789,10.654444694519043,4.182323455810547,77.79505157470703,307.269775390625,41.53,43.68,2.19,24.03,37.5,0.1,0.16,0.64,1.63,117.3781,258.352,191.966,95.0256,72.5,,7.414999961853027,1932.5999755859375,45.2599983215332,2.1499999999999986,5.224999961853028,0.48,3,Recovery,0,0,0
2020-08-12,34.953304290771484,70.57073974609375,34.10795593261719,13.97181224822998,51.013607025146484,,5.827725887298584,11.064901351928711,4.195132732391357,77.79505157470703,311.5538635253906,42.6,45.09,2.05,22.28,34.74,0.1,0.16,0.69,1.67,117.2559,258.352,191.966,95.0256,72.5,,7.170000076293945,1934.9000244140625,44.22999954223633,2.490000000000002,5.1200000762939455,0.5299999999999999,3,Recovery,0,0,0
2020-08-13,34.09711456298828,69.87061309814453,33.26466751098633,13.672148704528809,51.2334098815918,,5.699717998504639,10.968836784362793,4.195132732391357,77.80357360839844,310.9906311035156,42.26,44.87,2.19,22.13,34.87,0.1,0.16,0.71,1.67,117.1193,258.352,191.966,95.0256,72.5,,7.309999942779541,1956.699951171875,45.08000183105469,2.6099999999999994,5.1199999427795415,0.5499999999999999,3,Recovery,0,0,0
2020-08-14,34.247737884521484,70.28290557861328,33.42023849487305,13.709607124328613,51.84503936767578,,5.8142523765563965,11.658758163452148,4.239966869354248,77.79505157470703,310.9998779296875,42.05,44.86,2.23,22.05,35.1,0.1,0.14,0.71,1.65,116.9395,258.352,191.966,95.0256,72.5,,8.020000457763672,1937.0,43.09000015258789,2.8100000000000023,5.7900004577636714,0.57,3,Recovery,0,0,0
2020-08-17,33.803794860839844,70.60960388183594,33.32197952270508,13.026002883911133,51.57745361328125,,5.847938060760498,11.545225143432617,4.220751762390137,77.79505157470703,311.9877624511719,42.89,44.91,2.32,21.35,32.43,0.1,0.14,0.69,1.66,116.749,258.352,191.966,95.0256,72.5,,8.180000305175781,1985.0,45.810001373291016,2.019999999999996,5.860000305175781,0.5499999999999999,3,Recovery,0,0,0
2020-08-18,33.63731002807617,69.14974975585938,33.01905059814453,13.063459396362305,50.5357666015625,,5.753616809844971,11.073634147644043,4.156703948974609,77.80357360839844,312.66180419921875,42.89,45.34,2.45,21.51,31.7,0.09,0.14,0.67,1.68,116.5593,258.352,191.966,95.0256,72.5,,8.550000190734863,1999.4000244140625,46.060001373291016,2.450000000000003,6.100000190734863,0.53,3,Recovery,0,0,0
2020-08-19,33.26469421386719,68.1712875366211,32.462318420410156,12.941719055175781,49.38896560668945,,5.632346153259277,10.733043670654297,4.175919055938721,77.80357360839844,311.3599548339844,42.91,45.21,2.43,22.54,32.85,0.09,0.14,0.68,1.67,116.567,258.352,191.966,95.0256,72.5,,8.354999542236328,1958.699951171875,44.599998474121094,2.3000000000000043,5.924999542236328,0.54,3,Recovery,0,0,0
2020-08-20,32.75732421875,66.92447662353516,31.741849899291992,12.548410415649414,48.81557083129883,,5.639082908630371,10.933907508850098,4.259181499481201,77.80357360839844,312.32940673828125,42.62,44.56,2.35,22.72,32.83,0.09,0.13,0.65,1.62,116.8126,258.352,191.966,95.0256,72.5,,8.149999618530273,1933.800048828125,44.58000183105469,1.9400000000000048,5.799999618530274,0.52,3,Recovery,0,0,0
2020-08-21,32.51156234741211,67.13753509521484,31.242427825927734,12.323665618896484,49.36030197143555,,5.625608444213867,10.602046012878418,4.259181499481201,77.80357360839844,313.4373474121094,42.32,43.94,2.39,22.54,33.68,0.09,0.16,0.64,1.64,117.0572,258.352,191.966,95.0256,72.5,,7.619999885559082,1934.5999755859375,45.13999938964844,1.6199999999999974,5.2299998855590815,0.48,3,Recovery,0,0,0
2020-08-24,33.4708251953125,68.81045532226562,31.823713302612305,12.75442886352539,50.9371452331543,,5.625608444213867,10.759241104125977,4.2335615158081055,77.80357360839844,316.61346435546875,42.44,44.43,2.57,22.37,32.25,0.09,0.14,0.65,1.67,116.912,258.352,191.966,95.0256,72.5,,8.359999656677246,1927.699951171875,46.33000183105469,1.990000000000002,5.789999656677246,0.51,3,Recovery,0,0,0
2020-08-25,32.408512115478516,67.96607971191406,31.807340621948242,12.651420593261719,50.30641174316406,,5.639082908630371,10.9164400100708,4.207942485809326,77.79505157470703,317.7213134765625,43.17,46.01,2.54,22.03,33.03,0.09,0.15,0.69,1.7,116.8206,258.352,191.966,95.0256,72.5,,8.864999771118164,1911.800048828125,47.88999938964844,2.8399999999999963,6.324999771118164,0.5399999999999999,3,Recovery,0,0,0
2020-08-26,31.71879768371582,66.90080261230469,30.75119400024414,12.136374473571777,48.76778030395508,,5.57171106338501,10.663178443908691,4.137489318847656,77.79505157470703,320.9068298339844,43.21,45.79,2.52,23.27,33.79,0.09,0.16,0.69,1.72,116.6243,258.352,191.966,95.0256,72.5,,9.149999618530273,1940.699951171875,47.9900016784668,2.5799999999999983,6.629999618530274,0.5299999999999999,3,Recovery,0,0,0
2020-08-27,31.504758834838867,67.0033950805664,31.234233856201172,12.211289405822754,49.65656280517578,,5.234847068786621,9.929594039916992,4.182323455810547,77.79505157470703,321.6083679199219,42.88,44.84,2.52,24.47,33.74,0.08,0.16,0.74,1.73,116.649,258.352,191.966,95.0256,72.5,,8.869999885559082,1921.5999755859375,49.290000915527344,1.9600000000000009,6.3499998855590825,0.58,3,Recovery,0,0,0
2020-08-28,32.25788497924805,67.57154846191406,31.422544479370117,12.295571327209473,50.05792999267578,,5.275271892547607,10.243987083435059,4.227156639099121,77.80357360839844,323.6858825683594,42.96,45.22,2.46,22.96,32.06,0.09,0.14,0.74,1.77,115.9374,258.352,191.966,95.0256,72.5,,11.170000076293945,1964.5999755859375,48.189998626708984,2.259999999999998,8.710000076293944,0.6,3,Recovery,0,0,0
2020-08-31,31.66330337524414,66.23007202148438,31.0213680267334,11.930356979370117,49.7425651550293,,5.362855434417725,10.34005069732666,4.111870765686035,77.80357360839844,322.5133361816406,42.61,,2.3,26.41,32.59,0.09,0.14,0.72,1.8,115.7586,258.352,191.966,95.0256,72.5,,11.239999771118164,1967.5999755859375,47.02000045776367,,8.939999771118163,0.58,3,Recovery,0,0,0
2020-09-01,31.258983612060547,65.55931091308594,30.423694610595703,11.686881065368652,51.35764694213867,,5.241585731506348,9.92086124420166,4.028608798980713,77.80357360839844,325.5509033203125,42.76,45.72,2.22,26.12,31.74,0.09,0.13,0.68,1.76,115.5687,259.997,196.705,95.9669,80.4,,11.295000076293945,1968.199951171875,44.29999923706055,2.960000000000001,9.075000076293945,0.55,3,Recovery,0,0,0
2020-09-02,31.068716049194336,65.64611053466797,29.785106658935547,11.61196517944336,51.87370300292969,,5.052941799163818,9.719998359680176,4.035012722015381,77.80357360839844,330.2596130371094,42.76,42.7,2.15,26.57,35.49,0.09,0.14,0.66,1.73,116.0304,259.997,196.705,95.9669,80.4,,11.109999656677246,1934.4000244140625,44.86000061035156,-0.05999999999999517,8.959999656677246,0.52,3,Recovery,0,0,0
2020-09-03,31.00530242919922,64.92802429199219,29.465805053710938,11.789887428283691,50.66000747680664,,4.965357780456543,9.519134521484375,3.9837756156921387,77.79505157470703,318.8940124511719,41.39,42.72,2.32,33.6,41.28,0.09,0.13,0.63,1.65,116.0685,259.997,196.705,95.9669,80.4,,11.734999656677246,1927.5999755859375,45.7599983215332,1.3299999999999983,9.414999656677246,0.5,3,Recovery,0,0,0
2020-09-04,30.981523513793945,64.65184020996094,29.359371185302734,11.47149658203125,49.7425651550293,,5.1337890625,10.130456924438477,4.002989292144775,77.80357360839844,316.2903137207031,39.69,41.1,1.8,30.75,44.02,0.09,0.14,0.72,1.7,116.0347,259.997,196.705,95.9669,80.4,,11.680000305175781,1923.9000244140625,47.040000915527344,1.4100000000000037,9.88000030517578,0.58,3,Recovery,0,0,0
2020-09-08,30.268024444580078,62.31605911254883,27.885669708251953,10.357121467590332,47.56364440917969,,5.214635372161865,11.346110343933105,3.8748934268951416,77.80357360839844,307.64825439453125,36.87,38.53,2.35,31.46,55.9,0.09,0.14,0.69,1.68,116.4618,259.997,196.705,95.9669,80.4,,10.800000190734863,1933.0,50.68000030517578,1.6600000000000037,8.450000190734864,0.5499999999999999,3,Recovery,0,0,0
2020-09-09,30.085689544677734,63.152523040771484,28.213163375854492,10.366486549377441,47.143150329589844,,5.282008647918701,11.169926643371582,3.881298780441284,77.79505157470703,313.7235107421875,38.05,39.98,2.21,28.81,49.42,0.09,0.14,0.71,1.71,116.1291,259.997,196.705,95.9669,80.4,,10.734999656677246,1944.699951171875,48.81999969482422,1.9299999999999997,8.524999656677245,0.57,3,Recovery,0,0,0
2020-09-10,29.332555770874023,61.66898727416992,26.952327728271484,9.542410850524902,46.86600875854492,,5.289205551147461,11.284446716308594,3.8172507286071777,77.79505157470703,308.2762451171875,37.25,39.27,2.13,29.71,52.16,0.09,0.14,0.68,1.69,115.8806,259.997,196.705,95.9669,80.4,,10.515000343322754,1954.199951171875,45.209999084472656,2.020000000000003,8.385000343322755,0.54,3,Recovery,0,0,0
2020-09-11,29.25328254699707,61.30601119995117,27.107879638671875,9.570505142211914,46.856449127197266,,5.389951705932617,11.733708381652832,3.7532031536102295,77.78656768798828,308.4331359863281,37.33,38.8,1.93,26.87,50.13,0.09,0.13,0.67,1.65,116.0866,259.997,196.705,95.9669,80.4,,10.494999885559082,1937.800048828125,43.119998931884766,1.4699999999999989,8.564999885559082,0.54,3,Recovery,0,0,0
2020-09-14,29.063011169433594,60.9903450012207,27.44355583190918,9.533008575439453,47.362945556640625,,5.598642349243164,12.077263832092285,3.7916319370269775,77.80357360839844,312.49560546875,37.23,38.57,2.18,25.85,49.41,0.09,0.14,0.68,1.65,115.6428,259.997,196.705,95.9669,80.4,,10.704999923706055,1953.0999755859375,44.209999084472656,1.3400000000000034,8.524999923706055,0.54,3,Recovery,0,0,0
2020-09-15,28.753835678100586,60.24859619140625,27.67279624938965,10.039186477661133,46.13013458251953,,5.332381248474121,11.8394193649292,3.7403929233551025,77.78656768798828,314.0743713378906,38.29,39.54,2.19,25.59,45.19,0.09,0.14,0.68,1.67,115.5908,259.997,196.705,95.9669,80.4,,10.895000457763672,1956.300048828125,43.060001373291016,1.25,8.705000457763672,0.54,3,Recovery,0,0,0
2020-09-16,29.974702835083008,61.992530822753906,28.72076988220215,10.910937309265137,48.26127243041992,,5.332381248474121,11.689664840698242,3.8941075801849365,77.80357360839844,312.8279724121094,40.17,41.23,2.06,26.04,41.13,0.09,0.14,0.69,1.68,115.3537,259.997,196.705,95.9669,80.4,,11.319999694824219,1960.199951171875,42.43000030517578,1.0599999999999952,9.259999694824218,0.5499999999999999,3,Recovery,0,0,0
2020-09-17,29.96677589416504,62.17402267456055,29.54768180847168,11.117158889770508,48.5766487121582,,5.282008647918701,11.663236618041992,3.8684890270233154,77.80357360839844,310.0765686035156,40.99,42.35,1.65,26.46,38.73,0.09,0.13,0.69,1.66,115.4392,259.997,196.705,95.9669,80.4,,11.119999885559082,1940.0,38.45000076293945,1.3599999999999994,9.469999885559082,0.5599999999999999,3,Recovery,0,0,0
2020-09-18,29.483184814453125,61.716365814208984,29.367549896240234,10.92031192779541,48.280391693115234,,5.166869163513184,11.319684028625488,3.842869997024536,77.78656768798828,306.50677490234375,41.09,42.16,1.56,25.83,39.07,0.09,0.14,0.7,1.67,115.2395,259.997,196.705,95.9669,80.4,,11.475000381469727,1952.0999755859375,37.2400016784668,1.0699999999999932,9.915000381469726,0.5599999999999999,3,Recovery,0,0,0
2020-09-21,28.880678176879883,60.20915222167969,28.131275177001953,10.582860946655273,47.43939208984375,,4.771079063415527,10.755900382995605,3.7788217067718506,77.78656768798828,303.095458984375,39.26,40.37,1.33,27.78,42.89,0.09,0.14,0.68,1.62,116.378,259.997,196.705,95.9669,80.4,,11.494999885559082,1901.199951171875,38.630001068115234,1.1099999999999994,10.164999885559082,0.54,3,Recovery,0,0,0
2020-09-22,28.167179107666016,59.601524353027344,28.082164764404297,10.38601303100586,48.16571807861328,,4.785470962524414,10.024744987487793,3.727583169937134,77.78656768798828,306.18231201171875,39.55,40.84,1.49,26.86,41.28,0.09,0.13,0.68,1.62,116.5438,259.997,196.705,95.9669,80.4,,11.704999923706055,1898.5999755859375,39.349998474121094,1.2900000000000063,10.214999923706054,0.55,3,Recovery,0,0,0
2020-09-23,27.263425827026367,56.7765007019043,26.952327728271484,9.757976531982422,46.34994125366211,,4.4832305908203125,9.469772338867188,3.5610597133636475,77.78656768798828,299.0816650390625,39.92,41.09,1.74,28.58,44.64,0.09,0.14,0.68,1.6,117.2526,259.997,196.705,95.9669,80.4,,12.020000457763672,1859.9000244140625,38.630001068115234,1.1700000000000017,10.280000457763672,0.54,3,Recovery,0,0,0
2020-09-24,27.207927703857422,56.65815734863281,27.509048461914062,9.973573684692383,46.808658599853516,,4.555192470550537,9.44334602355957,3.535439968109131,77.79505157470703,299.8788146972656,40.11,41.24,1.93,28.51,42.88,0.09,0.14,0.67,1.58,117.5473,259.997,196.705,95.9669,80.4,,11.635000228881836,1868.300048828125,37.220001220703125,1.1300000000000026,9.705000228881836,0.53,3,Recovery,0,0,0
2020-09-25,27.46160888671875,56.68183517456055,27.590930938720703,9.579877853393555,47.44896697998047,,4.627155303955078,9.795709609985352,3.516225576400757,77.78656768798828,304.7269592285156,40.06,40.91,1.9,26.38,41.41,0.09,0.12,0.66,1.58,117.8679,259.997,196.705,95.9669,80.4,,11.664999961853027,1857.699951171875,36.970001220703125,0.8499999999999943,9.764999961853027,0.54,3,Recovery,0,0,0
2020-09-28,27.992774963378906,58.338951110839844,27.59911346435547,9.692361831665039,47.143150329589844,,4.583977222442627,9.707619667053223,3.554655075073242,77.79505157470703,309.7882995605469,40.47,41.59,1.83,26.19,40.64,0.09,0.14,0.67,1.61,117.6178,259.997,196.705,95.9669,80.4,,12.350000381469727,1872.800048828125,37.400001525878906,1.1200000000000045,10.520000381469726,0.53,3,Recovery,0,0,0
2020-09-29,27.17621421813965,56.737056732177734,26.575712203979492,9.36428451538086,46.3881721496582,,4.562389373779297,9.645954132080078,3.5866780281066895,77.79505157470703,308.1011657714844,39.03,40.33,1.74,26.27,46.13,0.09,0.11,0.66,1.64,117.526,259.997,196.705,95.9669,80.4,,12.279999732971191,1894.300048828125,36.619998931884766,1.2999999999999972,10.539999732971191,0.55,3,Recovery,0,0,0
2020-09-30,27.215852737426758,56.81596755981445,26.88682746887207,9.383031845092773,44.21879959106445,,4.677528381347656,9.751664161682129,3.471393346786499,77.78656768798828,310.4371643066406,40.05,40.3,1.66,26.37,44.0,0.09,0.13,0.69,1.63,116.946,259.997,196.705,95.9669,80.4,,13.28499984741211,1887.5,39.209999084472656,0.25,11.62499984741211,0.5599999999999999,3,Recovery,0,0,0
2020-10-01,26.2645320892334,55.569175720214844,26.5511474609375,9.073699951171875,44.28569793701172,,4.684724807739258,9.90141773223877,3.471393346786499,77.78656768798828,312.43023681640625,38.51,39.75,1.6,26.7,49.35,0.09,0.14,0.68,1.63,116.7227,260.319,196.113,96.7394,81.8,,13.180000305175781,1908.4000244140625,38.650001525878906,1.240000000000002,11.580000305175782,0.54,3,Recovery,0,0,0
2020-10-02,26.145612716674805,56.176780700683594,27.075136184692383,9.251797676086426,44.925987243652344,,4.691920280456543,9.857373237609863,3.477797746658325,77.78656768798828,309.4638977050781,36.9,38.0,1.41,27.63,55.51,0.09,0.13,0.7,1.64,116.7321,260.319,196.113,96.7394,81.8,,13.024999618530273,1900.199951171875,39.970001220703125,1.1000000000000014,11.614999618530273,0.57,3,Recovery,0,0,0
2020-10-05,26.74812126159668,57.36833572387695,28.06578826904297,9.851716041564941,45.422943115234375,,4.879022121429443,9.954273223876953,3.535439968109131,77.78656768798828,314.9515686035156,39.12,39.78,1.92,27.96,49.44,0.09,0.14,0.78,1.68,116.1767,260.319,196.113,96.7394,81.8,,13.420000076293945,1912.5,39.810001373291016,0.6600000000000037,11.500000076293945,0.64,3,Recovery,0,0,0
2020-10-06,26.47064971923828,57.05269241333008,27.26344108581543,9.495514869689941,44.5341682434082,,4.807059288024902,9.848564147949219,3.4521777629852295,77.79505157470703,310.4742736816406,40.52,41.27,1.86,29.48,46.6,0.09,0.14,0.76,1.66,116.2681,260.319,196.113,96.7394,81.8,,13.305000305175781,1901.0999755859375,57.75,0.75,11.445000305175782,0.62,3,Recovery,0,0,0
2020-10-07,26.5578556060791,58.2205924987793,28.106719970703125,9.636122703552246,44.27614212036133,,4.771079063415527,9.619528770446777,3.516225576400757,77.78656768798828,315.87860107421875,39.82,40.62,2.01,28.06,45.5,0.09,0.16,0.81,1.71,116.3447,260.319,196.113,96.7394,81.8,,13.710000038146973,1883.5999755859375,56.97999954223633,0.7999999999999972,11.700000038146973,0.65,3,Recovery,0,0,0
2020-10-08,27.9531307220459,59.35689926147461,29.089187622070312,10.47974967956543,46.1970329284668,,4.936591148376465,10.165693283081055,3.7916319370269775,77.78656768798828,318.67803955078125,41.04,42.0,1.49,26.36,41.15,0.09,0.13,0.78,1.72,116.1657,260.319,196.113,96.7394,81.8,,13.899999618530273,1888.5999755859375,57.310001373291016,0.9600000000000009,12.409999618530273,0.65,3,Recovery,0,0,0
2020-10-09,27.540895462036133,58.39418029785156,28.761703491210938,10.142297744750977,46.149253845214844,,4.864629745483398,9.989509582519531,3.772416591644287,77.78656768798828,321.5238952636719,40.44,41.63,2.25,25.0,42.38,0.09,0.16,0.79,1.73,115.2757,260.319,196.113,96.7394,81.8,,13.755000114440918,1919.5,57.52000045776367,1.1900000000000048,11.505000114440918,0.63,3,Recovery,0,0,0
2020-10-12,27.45368766784668,58.79664611816406,29.138309478759766,10.132925033569336,46.856449127197266,,4.8862175941467285,9.531436920166016,3.8748934268951416,77.79505157470703,326.6964416503906,39.22,40.5,2.31,25.07,44.04,0.09,,,,,260.319,196.113,96.7394,81.8,,13.84000015258789,1922.5,,1.2800000000000011,11.53000015258789,,3,Recovery,0,0,0
2020-10-13,27.12864875793457,57.920711517333984,28.55701446533203,9.861087799072266,47.649654388427734,,4.799863815307617,9.37287425994873,3.9261324405670166,77.78656768798828,324.5644226074219,40.03,41.34,2.14,26.07,46.07,0.09,0.16,0.74,1.7,115.9107,260.319,196.113,96.7394,81.8,,13.595000267028809,1888.5,55.59000015258789,1.3100000000000023,11.455000267028808,0.58,3,Recovery,0,0,0
2020-10-14,27.073156356811523,57.56562423706055,28.27046775817871,9.79547119140625,47.31516647338867,,4.879022121429443,9.971888542175293,4.028608798980713,77.78656768798828,322.52490234375,40.86,41.81,2.02,26.4,43.53,0.09,0.14,0.73,1.69,115.6872,260.319,196.113,96.7394,81.8,,13.869999885559082,1901.300048828125,53.5,0.9500000000000028,11.849999885559082,0.59,3,Recovery,0,0,0
2020-10-15,27.31098175048828,58.00752258300781,28.982763290405273,9.945452690124512,48.633995056152344,,4.879022121429443,10.095216751098633,4.028608798980713,77.78656768798828,322.1264343261719,40.84,41.61,2.23,26.97,43.83,0.09,0.14,0.74,1.69,116.0964,260.319,196.113,96.7394,81.8,,14.239999771118164,1903.199951171875,55.619998931884766,0.769999999999996,12.009999771118164,0.6,3,Recovery,0,0,0
2020-10-16,27.033512115478516,57.518287658691406,27.988203048706055,9.458022117614746,47.82167053222656,,4.799863815307617,9.86618423461914,3.8556785583496094,77.79505157470703,321.9317932128906,40.7,41.34,2.16,27.41,44.06,0.09,0.14,0.76,1.71,115.7679,260.319,196.113,96.7394,81.8,,14.5,1900.800048828125,57.25,0.6400000000000006,12.34,0.62,3,Recovery,0,0,0
2020-10-19,26.49443244934082,56.247802734375,27.101404190063477,9.204930305480957,46.827781677246094,,4.749489784240723,9.505009651184082,3.766012191772461,77.79505157470703,317.0372314453125,40.69,41.29,2.3,29.18,43.35,0.09,0.16,0.78,1.71,115.4031,260.319,196.113,96.7394,81.8,,14.720000267028809,1906.4000244140625,61.15999984741211,0.6000000000000014,12.420000267028808,0.62,3,Recovery,0,0,0
2020-10-20,26.716411590576172,56.56344223022461,27.001951217651367,9.439273834228516,47.62097930908203,,4.6991167068481445,9.522628784179688,3.7916319370269775,77.78656768798828,318.3072509765625,41.37,41.62,2.57,29.35,43.85,0.09,0.14,0.81,1.72,115.2485,260.319,196.113,96.7394,81.8,,14.895000457763672,1910.4000244140625,60.41999816894531,0.25,12.325000457763672,0.67,3,Recovery,0,0,0
2020-10-21,26.288311004638672,55.92427062988281,25.39409828186035,9.05495548248291,47.362945556640625,,4.54080057144165,9.51381778717041,3.7339885234832764,77.78656768798828,317.70477294921875,39.88,40.09,2.95,28.65,47.58,0.09,0.14,0.83,1.74,114.9108,260.319,196.113,96.7394,81.8,,14.864999771118164,1924.5999755859375,59.06999969482422,0.21000000000000085,11.914999771118165,0.69,3,Recovery,0,0,0
2020-10-22,27.63602638244629,57.920711517333984,26.4466609954834,9.533008575439453,47.668766021728516,,4.641547679901123,9.63714599609375,4.002989292144775,77.79505157470703,319.4473876953125,40.46,41.28,2.99,28.11,46.61,0.09,0.16,0.87,1.76,115.1158,260.319,196.113,96.7394,81.8,,15.255000114440918,1901.0999755859375,59.72999954223633,0.8200000000000003,12.265000114440918,0.71,3,Recovery,0,0,0
2020-10-23,27.081085205078125,57.2657585144043,26.968793869018555,9.392407417297363,46.541072845458984,,4.454445838928223,9.434538841247559,4.035012722015381,77.79505157470703,320.5320129394531,39.73,40.71,2.91,27.55,46.32,0.09,0.18,0.85,1.75,115.0126,260.319,196.113,96.7394,81.8,,15.40999984741211,1902.0,58.459999084472656,0.980000000000004,12.49999984741211,0.6699999999999999,3,Recovery,0,0,0
2020-10-26,26.43893814086914,55.9795036315918,25.128887176513672,8.867481231689453,45.518516540527344,,4.3896803855896,8.941230773925781,3.958155393600464,77.79505157470703,314.6086730957031,38.39,39.06,3.14,32.46,53.05,0.09,0.16,0.81,1.72,115.2797,260.319,196.113,96.7394,81.8,,14.864999771118164,1902.699951171875,58.95000076293945,0.6700000000000017,11.724999771118163,0.65,3,Recovery,0,0,0
2020-10-27,26.01876449584961,54.8510856628418,25.07915496826172,8.689380645751953,45.7669792175293,,4.346502780914307,8.606483459472656,3.6187021732330322,77.78656768798828,313.5240478515625,39.34,39.72,3.07,33.35,50.22,0.09,0.16,0.79,1.71,115.0131,260.319,196.113,96.7394,81.8,,14.744999885559082,1908.800048828125,57.880001068115234,0.37999999999999545,11.674999885559082,0.63,3,Recovery,0,0,0
2020-10-28,25.027807235717773,52.775718688964844,23.860837936401367,8.323808670043945,45.32737731933594,,4.065851211547852,7.822475910186768,3.3753204345703125,77.78656768798828,302.80804443359375,37.27,37.86,3.14,40.28,59.61,0.09,0.16,0.79,1.7,115.8023,260.319,196.113,96.7394,81.8,,14.484999656677246,1876.199951171875,57.130001068115234,0.5899999999999963,11.344999656677246,0.63,3,Recovery,0,1,0
2020-10-29,26.137683868408203,54.29081344604492,24.1674861907959,8.558148384094238,45.96766662597656,,4.1234211921691895,7.866519451141357,3.3881306648254395,77.79505157470703,305.88568115234375,35.94,36.56,3.06,37.59,63.38,0.09,0.16,0.85,1.71,116.3069,260.319,196.113,96.7394,81.8,,14.21500015258789,1865.5999755859375,61.29999923706055,0.6200000000000045,11.15500015258789,0.69,3,Recovery,0,1,0
2020-10-30,25.860212326049805,54.84319305419922,23.719947814941406,8.558148384094238,45.74787139892578,,3.8931422233581543,7.769618511199951,3.2984635829925537,77.79505157470703,302.6969299316406,35.64,36.33,3.03,38.02,68.84,0.09,0.14,0.88,1.7,116.1354,260.319,196.113,96.7394,81.8,,14.0600004196167,1877.4000244140625,61.90999984741211,0.6899999999999977,11.0300004196167,0.74,3,Recovery,0,1,0
2020-11-02,26.946313858032227,56.934322357177734,25.05428695678711,9.04557991027832,44.96422576904297,,4.02987003326416,7.884135723114014,3.3112728595733643,77.79505157470703,306.08966064453125,36.6,37.78,3.03,37.13,66.73,0.09,0.16,0.87,1.71,116.2361,260.319,196.113,96.7394,81.8,,13.654999732971191,1890.4000244140625,63.560001373291016,1.1799999999999997,10.624999732971192,0.71,3,Recovery,0,1,0
2020-11-03,26.48650360107422,56.61078643798828,24.291810989379883,9.083075523376465,45.891231536865234,,4.058655738830566,7.875327110290527,3.522630453109741,77.79505157470703,311.4939880371094,37.44,38.17,2.88,35.55,63.63,0.09,0.17,0.9,1.72,115.4802,260.319,196.113,96.7394,81.8,,13.664999961853027,1908.5,64.37000274658203,0.730000000000004,10.784999961853028,0.73,3,Recovery,0,0,0
2020-11-04,26.34380531311035,56.63447570800781,25.17860984802246,9.19555950164795,46.08235549926758,,4.022675037384033,7.760810375213623,3.426558017730713,77.78656768798828,318.4555969238281,38.97,39.68,2.63,29.57,54.53,0.09,0.14,0.78,1.64,115.1677,260.319,196.113,96.7394,81.8,,13.885000228881836,1894.5999755859375,47.7400016784668,0.7100000000000009,11.255000228881837,0.64,3,Recovery,0,0,0
2020-11-05,26.296236038208008,56.92644119262695,24.96312713623047,9.81421947479248,47.305606842041016,,4.1234211921691895,8.615290641784668,3.5340301990509033,77.79505157470703,324.6662902832031,38.56,39.47,2.69,27.58,53.69,0.09,0.14,0.79,1.66,114.4556,260.319,196.113,96.7394,81.8,,14.454999923706055,1945.300048828125,43.7599983215332,0.9099999999999966,11.764999923706055,0.65,3,Recovery,0,0,0
2020-11-06,25.987056732177734,56.14521408081055,24.19235610961914,9.383031845092773,47.76433563232422,,4.051459312438965,8.183645248413086,3.3691976070404053,77.78656768798828,324.5921630859375,36.97,38.08,2.67,24.86,55.75,0.09,0.16,0.83,1.65,113.9919,260.319,196.113,96.7394,81.8,,13.899999618530273,1950.300048828125,39.880001068115234,1.1099999999999994,11.229999618530274,0.6699999999999999,3,Recovery,0,0,0
2020-11-09,29.277053833007812,62.655372619628906,27.664981842041016,11.463980674743652,49.5036506652832,,4.476034164428711,9.364065170288086,3.692270040512085,77.79505157470703,328.6708984375,40.05,40.93,2.63,25.75,52.2,0.09,0.17,0.96,1.73,114.0895,260.319,196.113,96.7394,81.8,,13.854999542236328,1853.199951171875,44.939998626708984,0.8800000000000026,11.22499954223633,0.7899999999999999,3,Recovery,0,0,0
2020-11-10,29.926572799682617,65.55142211914062,29.44687271118164,11.60459041595459,49.21695327758789,,4.713509559631348,9.73404598236084,3.5867772102355957,77.78656768798828,328.18890380859375,41.18,42.25,2.74,24.8,49.64,0.09,0.19,0.98,1.76,114.0757,260.319,196.113,96.7394,81.8,,14.03499984741211,1875.4000244140625,46.189998626708984,1.0700000000000003,11.29499984741211,0.79,3,Recovery,0,0,0
2020-11-11,29.61806297302246,65.07007598876953,29.239683151245117,11.154651641845703,51.520103454589844,,4.684724807739258,9.63714599609375,3.5274362564086914,77.78656768798828,330.6268615722656,41.23,42.5,2.75,23.45,49.24,0.09,,,,,260.319,196.113,96.7394,81.8,,14.095000267028809,1860.699951171875,,1.2700000000000031,11.345000267028809,,3,Recovery,0,0,0
2020-11-12,28.603191375732422,63.657554626464844,28.187110900878906,10.601608276367188,49.21695327758789,,4.447249889373779,8.897181510925293,3.4944708347320557,77.78656768798828,327.4195251464844,40.9,42.16,2.81,25.35,50.9,0.09,0.17,0.88,1.71,114.2843,260.319,196.113,96.7394,81.8,,14.0,1872.5999755859375,44.16999816894531,1.259999999999998,11.19,0.71,3,Recovery,0,0,0
2020-11-13,29.293302536010742,65.51985168457031,29.305984497070312,11.06091594696045,49.76167678833008,,4.533604621887207,9.29359245300293,3.5340301990509033,77.79505157470703,331.9524230957031,39.93,41.51,2.82,23.1,48.24,0.09,0.17,0.89,1.72,114.2397,260.319,196.113,96.7394,81.8,,14.239999771118164,1885.699951171875,42.95000076293945,1.5799999999999983,11.419999771118164,0.72,3,Recovery,0,0,0
2020-11-16,30.9820499420166,70.19928741455078,31.56029510498047,11.904544830322266,50.55488586425781,,4.871825695037842,9.76047420501709,3.5867772102355957,77.79505157470703,336.0959777832031,41.14,42.71,2.62,22.45,46.89,0.09,0.19,0.91,1.72,113.8312,260.319,196.113,96.7394,81.8,,14.494999885559082,1887.300048828125,42.4900016784668,1.5700000000000003,11.874999885559081,0.72,3,Recovery,0,0,0
2020-11-17,31.396121978759766,69.69483947753906,32.19845962524414,12.176380157470703,51.73036193847656,,4.785470962524414,9.883801460266113,3.712050676345825,77.79505157470703,334.2884521484375,41.24,42.54,2.55,22.71,45.08,0.09,0.18,0.87,1.7,113.682,260.319,196.113,96.7394,81.8,,13.970000267028809,1884.5,43.08000183105469,1.2999999999999972,11.420000267028808,0.69,3,Recovery,0,0,0
2020-11-18,30.21074676513672,67.48482513427734,32.471961975097656,12.063897132873535,50.99449157714844,,4.785470962524414,9.566672325134277,3.7252368927001953,77.79505157470703,330.26531982421875,41.64,42.91,2.37,23.84,46.06,0.09,0.16,0.88,1.7,113.46,260.319,196.113,96.7394,81.8,,13.680000305175781,1873.5,43.619998931884766,1.269999999999996,11.31000030517578,0.72,3,Recovery,0,0,0
2020-11-19,30.364999771118164,68.6458969116211,32.71229934692383,12.523207664489746,52.81982421875,,4.936591148376465,9.936656951904297,4.035124778747559,77.79505157470703,331.6557922363281,41.57,43.09,2.19,23.11,46.34,0.08,0.18,0.86,1.7,113.694,260.319,196.113,96.7394,81.8,,13.020000457763672,1861.0999755859375,43.529998779296875,1.5200000000000031,10.830000457763672,0.6799999999999999,3,Recovery,0,0,0
2020-11-20,29.991535186767578,68.69392395019531,32.86149215698242,12.645065307617188,52.026607513427734,,4.9941606521606445,10.034421920776367,4.0087504386901855,77.79505157470703,329.3847351074219,41.99,43.79,2.22,23.7,43.94,0.08,0.16,0.83,1.69,113.489,260.319,196.113,96.7394,81.8,,12.895000457763672,1872.5999755859375,42.310001373291016,1.7999999999999972,10.675000457763671,0.6699999999999999,3,Recovery,0,0,0
2020-11-23,31.95631980895996,72.88970947265625,35.3975715637207,14.772887229919434,53.813720703125,,5.21724271774292,10.683236122131348,4.239516735076904,77.79505157470703,331.3592224121094,42.91,45.0,2.23,22.66,42.79,0.08,0.16,0.86,1.71,113.7548,260.319,196.113,96.7394,81.8,,13.53499984741211,1837.800048828125,43.040000915527344,2.0900000000000034,11.304999847412109,0.7,3,Recovery,0,0,0
2020-11-24,34.08350372314453,76.56503295898438,36.80652618408203,15.729002952575684,56.355796813964844,,5.325185775756836,11.003201484680176,4.424130916595459,77.79505157470703,336.6986083984375,44.71,46.63,2.47,21.64,42.84,0.08,0.16,0.88,1.74,113.4316,260.319,196.113,96.7394,81.8,,13.899999618530273,1804.800048828125,42.380001068115234,1.9200000000000017,11.429999618530273,0.72,3,Recovery,0,0,0
2020-11-25,33.133583068847656,73.77850341796875,36.160057067871094,15.672757148742676,56.871849060058594,,4.864629745483398,10.718789100646973,4.279077529907227,77.78656768798828,336.17950439453125,45.58,47.3,2.47,21.25,43.56,0.08,0.17,0.88,1.75,113.1823,260.319,196.113,96.7394,81.8,,13.930000305175781,1805.699951171875,39.619998931884766,1.7199999999999989,11.46000030517578,0.71,3,Recovery,0,0,0
2020-11-27,32.63019561767578,73.11392974853516,35.45559310913086,15.522778511047363,56.17421340942383,,4.756686210632324,10.852106094360352,4.19336462020874,77.79505157470703,337.11572265625,,46.88,,20.84,46.21,0.08,0.16,0.84,1.75,,260.319,196.113,96.7394,81.8,,14.484999656677246,1781.9000244140625,39.63999938964844,,,0.6799999999999999,3,Recovery,0,0,0
2020-11-30,30.95768928527832,69.80693817138672,32.78689956665039,14.772887229919434,54.176876068115234,,4.497623443603516,10.256620407104492,4.074683666229248,77.78656768798828,335.6231994628906,45.2,46.84,2.89,20.57,47.37,0.09,0.16,0.84,1.77,113.2256,260.319,196.113,96.7394,81.8,,15.140000343322754,1775.699951171875,40.84000015258789,1.6400000000000006,12.250000343322753,0.6799999999999999,3,Recovery,0,0,0
2020-12-01,31.25809097290039,70.02312469482422,32.54654312133789,14.182345390319824,54.22465515136719,,4.418464660644531,9.838890075683594,4.068090438842773,77.78063201904297,339.29412841796875,44.54,47.03,2.89,20.77,47.81,0.09,0.17,0.92,1.81,112.8063,262.045,205.67,98.363,80.7,,14.90999984741211,1814.0999755859375,41.529998779296875,2.490000000000002,12.019999847412109,0.75,3,Recovery,0,0,0
2020-12-02,32.42721939086914,71.96088409423828,33.126705169677734,14.894742012023926,54.83628845214844,,4.396876335144043,10.389937400817871,4.173583984375,77.78911590576172,340.0079345703125,45.23,47.8,2.75,21.17,45.68,0.09,0.16,0.95,1.85,112.6115,262.045,205.67,98.363,80.7,,14.904999732971191,1825.699951171875,43.91999816894531,2.5700000000000003,12.154999732971191,0.7899999999999999,3,Recovery,0,0,0
2020-12-03,32.646446228027344,71.90482330322266,34.1461067199707,15.363423347473145,55.734615325927734,,4.440053939819336,10.105525970458984,4.318637847900391,77.78911590576172,339.9152526855469,45.65,48.37,2.46,21.28,40.95,0.09,0.16,0.92,1.86,112.0236,262.045,205.67,98.363,80.7,,14.145000457763672,1836.800048828125,42.529998779296875,2.719999999999999,11.685000457763671,0.76,3,Recovery,0,0,0
2020-12-04,33.83993148803711,74.69132232666016,36.690486907958984,17.425636291503906,57.14899826049805,,4.771079063415527,11.154294967651367,4.569183826446533,77.797607421875,342.844482421875,46.23,49.1,2.48,20.79,38.34,0.09,0.16,0.97,1.89,111.7778,262.045,205.67,98.363,80.7,,14.645000457763672,1835.9000244140625,43.88999938964844,2.8700000000000045,12.165000457763671,0.8099999999999999,3,Recovery,0,0,0
2020-12-07,33.20665740966797,72.67351531982422,35.48874282836914,17.05068588256836,57.206336975097656,,4.756686210632324,10.949873924255371,4.417537689208984,77.78063201904297,342.13995361328125,45.72,48.63,2.39,21.3,37.68,0.09,0.14,0.94,1.88,111.8385,262.045,205.67,98.363,80.7,,14.354999542236328,1861.800048828125,49.66999816894531,2.9100000000000037,11.964999542236328,0.7999999999999999,3,Recovery,0,0,0
2020-12-08,34.29459762573242,73.29808044433594,35.372711181640625,17.931806564331055,58.46782684326172,,4.6991167068481445,10.754340171813965,4.443910598754883,77.78063201904297,343.14111328125,45.64,48.84,2.36,20.68,37.7,0.09,0.14,0.92,1.89,111.8639,262.045,205.67,98.363,80.7,,14.444999694824219,1870.800048828125,49.099998474121094,3.200000000000003,12.08499969482422,0.78,3,Recovery,0,0,0
2020-12-09,34.7492561340332,72.41729736328125,35.3892936706543,18.185029983520508,57.770179748535156,,4.663136005401611,10.647686958312988,4.279077529907227,77.78063201904297,340.06353759765625,45.48,48.81,2.45,22.27,39.52,0.09,0.16,0.95,1.91,112.0305,262.045,205.67,98.363,80.7,,14.734999656677246,1834.5999755859375,48.47999954223633,3.3300000000000054,12.284999656677247,0.7899999999999999,3,Recovery,0,0,0
2020-12-10,35.731658935546875,74.74737548828125,36.466712951660156,19.9857120513916,58.697181701660156,,4.929394721984863,11.367605209350586,4.496658802032471,77.78063201904297,339.9522705078125,46.76,50.33,2.45,22.52,39.7,0.09,0.14,0.92,1.88,111.9788,262.045,205.67,98.363,80.7,,15.539999961853027,1833.5999755859375,47.150001525878906,3.5700000000000003,13.089999961853028,0.78,3,Recovery,0,0,0
2020-12-11,35.561153411865234,74.02672576904297,36.03574752807617,19.591814041137695,57.84663772583008,,4.850236415863037,11.216511726379395,4.621932506561279,77.78911590576172,339.55364990234375,46.59,50.01,2.54,23.31,39.51,0.09,0.11,0.9,1.87,112.1417,262.045,205.67,98.363,80.7,,15.960000038146973,1839.800048828125,47.52000045776367,3.4199999999999946,13.420000038146974,0.79,3,Recovery,0,0,0
2020-12-14,34.27834701538086,71.61656188964844,35.0743522644043,17.97869873046875,56.55648422241211,,4.807059288024902,10.79878044128418,4.582372188568115,77.78063201904297,338.0334167480469,47.02,50.27,2.69,24.72,39.96,0.09,0.13,0.9,1.88,112.1708,262.045,205.67,98.363,80.7,,16.604999542236328,1828.699951171875,49.220001220703125,3.25,13.914999542236329,0.77,3,Recovery,0,0,0
2020-12-15,34.94411087036133,71.56050872802734,35.47217559814453,18.6070613861084,57.90398406982422,,4.807059288024902,10.807666778564453,4.6087446212768555,77.78063201904297,342.6034240722656,47.58,50.77,2.63,22.89,39.34,0.09,0.11,0.92,1.91,111.8601,262.045,205.67,98.363,80.7,,17.225000381469727,1852.300048828125,48.13999938964844,3.190000000000005,14.595000381469728,0.81,3,Recovery,0,0,0
2020-12-16,35.4799690246582,71.0160140991211,35.0743522644043,18.241294860839844,56.432247161865234,,4.835844039916992,10.754340171813965,4.5296244621276855,77.78911590576172,343.14111328125,47.86,50.83,2.73,22.5,38.68,0.09,0.13,0.92,1.92,111.7157,262.045,205.67,98.363,80.7,,16.3799991607666,1856.0999755859375,46.959999084472656,2.969999999999999,13.649999160766601,0.79,3,Recovery,0,0,0
2020-12-17,35.30134582519531,70.79183197021484,34.78427505493164,17.98807716369629,56.34623336791992,,4.792667388916016,10.541030883789062,4.53621768951416,77.78911590576172,345.05999755859375,48.34,51.2,2.7,21.93,36.86,0.09,0.13,0.94,1.94,111.2226,262.045,205.67,98.363,80.7,,15.9399995803833,1887.199951171875,44.150001525878906,2.8599999999999994,13.239999580383301,0.8099999999999999,3,Recovery,0,0,0
2020-12-18,34.69242477416992,69.8149185180664,33.963783264160156,17.369098663330078,55.57215118408203,,4.648744106292725,10.2921724319458,4.470285415649414,77.78911590576172,343.6822204589844,49.04,52.17,2.73,21.57,37.15,0.09,0.13,0.95,1.95,111.6071,262.045,205.67,98.363,80.7,,15.885000228881836,1885.699951171875,44.63999938964844,3.1300000000000026,13.155000228881836,0.82,3,Recovery,0,0,0
2020-12-21,34.05914306640625,68.93413543701172,33.35047912597656,16.384347915649414,55.20899963378906,,4.54080057144165,9.75889778137207,4.351604461669922,77.78911590576172,342.4533996582031,47.79,50.61,2.68,25.16,41.56,0.09,0.13,0.95,1.95,111.9415,262.045,205.67,98.363,80.7,,16.795000076293945,1879.199951171875,46.65999984741211,2.8200000000000003,14.115000076293946,0.82,3,Recovery,0,0,0
2020-12-22,33.482696533203125,67.54889678955078,32.34763717651367,15.868524551391602,55.02742004394531,,4.432856559753418,9.616692543029785,4.2592973709106445,77.78911590576172,341.8761291503906,47.02,49.88,2.76,24.23,42.06,0.09,0.13,0.93,1.94,112.1947,262.045,205.67,98.363,80.7,,17.635000228881836,1866.5999755859375,43.56999969482422,2.8599999999999994,14.875000228881836,0.8,3,Recovery,0,0,0
2020-12-23,33.91299819946289,68.61386108398438,33.21786880493164,16.778242111206055,55.629486083984375,,4.576781749725342,10.149964332580566,4.298858165740967,77.78063201904297,342.1834716796875,47.94,51.05,2.76,23.31,39.89,0.09,0.13,0.96,1.97,111.9807,262.045,205.67,98.363,80.7,,17.5049991607666,1874.699951171875,42.7400016784668,3.1099999999999994,14.744999160766602,0.83,3,Recovery,0,0,0
2020-12-24,33.77497100830078,68.32559967041016,32.72887420654297,16.571914672851562,55.333229064941406,,4.627155303955078,10.212178230285645,4.246111869812012,77.78911590576172,343.5146789550781,48.18,50.88,2.68,21.53,39.41,0.09,0.13,0.94,1.97,,262.045,205.67,98.363,80.7,,17.649999618530273,1879.9000244140625,42.11000061035156,2.700000000000003,14.969999618530274,0.8099999999999999,3,Recovery,0,0,0
2020-12-28,33.888648986816406,67.98127746582031,32.571407318115234,16.31869125366211,56.39401626586914,,4.5120158195495605,10.034421920776367,4.107651710510254,77.78911590576172,346.4657287597656,47.5,50.88,2.39,21.7,39.67,0.09,0.13,0.94,1.97,111.9752,262.045,205.67,98.363,80.7,,19.149999618530273,1877.199951171875,45.2599983215332,3.3800000000000026,16.759999618530273,0.8099999999999999,3,Recovery,0,0,0
2020-12-29,33.507057189941406,67.74907684326172,32.380794525146484,16.16864013671875,57.14899826049805,,4.4832305908203125,10.194403648376465,4.0878705978393555,77.78911590576172,345.8047180175781,47.85,50.44,2.4,23.08,38.64,0.09,0.12,0.94,1.96,111.5172,262.045,205.67,98.363,80.7,,18.774999618530273,1879.699951171875,46.099998474121094,2.5899999999999963,16.374999618530275,0.82,3,Recovery,0,0,0
2020-12-30,33.77497100830078,68.32559967041016,33.159847259521484,16.79700469970703,58.104671478271484,,4.447249889373779,10.096637725830078,4.061498165130615,77.78063201904297,346.298095703125,48.24,50.74,2.36,22.77,38.01,0.09,0.12,0.93,1.96,111.3084,262.045,205.67,98.363,80.7,,19.0,1891.0,47.189998626708984,2.5,16.64,0.81,3,Recovery,0,0,0
2020-12-31,33.466468811035156,67.6209487915039,33.14326858520508,16.234285354614258,57.368804931640625,,4.476034164428711,9.945542335510254,4.074683666229248,77.78911590576172,348.0575256347656,48.35,51.22,2.39,22.75,37.83,0.09,0.13,0.93,1.99,111.3169,262.045,205.67,98.363,80.7,,19.125,1893.0999755859375,48.97999954223633,2.8699999999999974,16.735,0.8,3,Recovery,0,0,0
2021-01-04,33.69378662109375,67.82915496826172,32.79517364501953,16.365591049194336,56.2984619140625,,4.605566501617432,10.221065521240234,4.021937370300293,77.78911590576172,343.3191223144531,47.47,50.37,2.6,26.97,42.12,0.09,0.11,0.93,2.01,111.2075,262.045,205.67,98.363,80.7,,19.844999313354492,1944.699951171875,49.59000015258789,2.8999999999999986,17.24499931335449,0.8200000000000001,3,Recovery,0,0,0
2021-01-05,35.317596435546875,69.66279602050781,34.67653274536133,18.01621437072754,58.80229949951172,,4.691920280456543,10.025535583496094,4.2592973709106445,77.78063201904297,345.6837158203125,49.78,53.16,2.77,25.34,40.39,0.09,0.13,0.96,2.03,110.9574,262.045,205.67,98.363,80.7,,18.0049991607666,1952.699951171875,48.95000076293945,3.3799999999999955,15.234999160766602,0.83,3,Recovery,0,0,0
2021-01-06,36.21879959106445,71.90482330322266,36.06061935424805,18.75712013244629,59.80575942993164,,4.562389373779297,10.167738914489746,4.3647918701171875,77.78911590576172,347.7503662109375,50.45,53.8,2.76,25.07,39.31,0.09,0.14,1.04,2.06,110.8502,262.045,205.67,98.363,80.7,,17.565000534057617,1906.9000244140625,44.63999938964844,3.3499999999999943,14.805000534057617,0.9,3,Recovery,0,0,0
2021-01-07,36.50295639038086,72.24113464355469,37.046871185302734,19.291698455810547,61.90822982788086,,4.605566501617432,11.163182258605957,4.3845720291137695,77.78911590576172,352.9170227050781,50.63,53.7,2.81,22.37,36.06,0.09,0.14,1.08,2.09,111.3042,262.045,205.67,98.363,80.7,,19.30500030517578,1912.300048828125,45.20000076293945,3.0700000000000003,16.495000305175783,0.9400000000000001,3,Recovery,0,0,0
2021-01-08,36.908905029296875,72.92976379394531,37.046871185302734,18.8321533203125,61.344390869140625,,4.749489784240723,12.11418628692627,4.437318325042725,77.78063201904297,354.9278869628906,52.14,55.51,2.77,21.56,36.65,0.09,0.14,1.13,2.06,111.2847,262.045,205.67,98.363,80.7,,20.1200008392334,1834.0999755859375,44.810001373291016,3.3699999999999974,17.3500008392334,0.9899999999999999,3,Recovery,0,0,0
2021-01-11,38.029319763183594,73.34611511230469,37.593868255615234,18.8321533203125,64.09671783447266,,4.583977222442627,11.243176460266113,4.503251075744629,77.78911590576172,352.5354309082031,52.15,54.84,2.71,24.08,35.31,0.09,0.14,1.15,2.06,111.8257,262.045,205.67,98.363,80.7,,22.125,1849.5999755859375,47.77000045776367,2.690000000000005,19.415,1.0099999999999998,3,Recovery,0,0,0
2021-01-12,38.873714447021484,74.73938751220703,39.301185607910156,21.21430778503418,64.02981567382812,,4.756686210632324,11.927541732788086,4.707644939422607,77.78063201904297,352.6097717285156,53.08,55.98,2.89,23.33,33.85,0.09,0.14,1.15,2.08,111.5501,262.045,205.67,98.363,80.7,,26.155000686645508,1842.9000244140625,50.119998931884766,2.8999999999999986,23.265000686645507,1.0099999999999998,3,Recovery,0,0,0
2021-01-13,39.3121337890625,74.66731262207031,38.97794723510742,20.94232749938965,62.758785247802734,,4.677528381347656,11.71423053741455,4.773578643798828,77.78063201904297,353.55938720703125,52.81,55.52,2.82,22.21,36.79,0.09,0.14,1.1,2.06,111.3622,262.045,205.67,98.363,80.7,,21.5,1853.5999755859375,45.599998474121094,2.710000000000001,18.68,0.9600000000000001,3,Recovery,0,0,0
2021-01-14,40.84661865234375,76.46094512939453,39.674129486083984,22.733627319335938,63.07414627075195,,4.742293834686279,13.047415733337402,4.701051712036133,77.78911590576172,352.3212585449219,53.47,55.76,2.82,23.25,37.95,0.09,0.16,1.15,2.09,111.1567,262.045,205.67,98.363,80.7,,21.334999084472656,1850.300048828125,46.22999954223633,2.289999999999999,18.514999084472656,0.9899999999999999,3,Recovery,0,0,0
2021-01-15,38.88180923461914,73.73847961425781,37.394954681396484,20.99859619140625,63.332176208496094,,4.526407718658447,12.247503280639648,4.621932506561279,77.78911590576172,349.7518310546875,52.25,54.8,2.86,24.34,40.39,0.09,0.13,1.11,2.1,111.5106,262.045,205.67,98.363,80.7,,20.200000762939453,1829.300048828125,45.13999938964844,2.549999999999997,17.340000762939454,0.9800000000000001,3,Recovery,0,0,0
2021-01-19,39.65311813354492,75.67622375488281,38.124305725097656,21.63633918762207,64.63188171386719,,4.461642265319824,11.376493453979492,4.516438007354736,77.78911590576172,352.4981384277344,52.87,55.38,2.65,23.24,35.37,0.09,0.14,1.1,2.1,111.4527,262.045,205.67,98.363,80.7,,20.325000762939453,1839.5,45.22999954223633,2.510000000000005,17.675000762939455,0.9600000000000001,3,Recovery,0,0,0
2021-01-20,40.21332931518555,76.37284851074219,37.593868255615234,21.589441299438477,64.04891967773438,,4.440053939819336,11.492033958435059,4.503251075744629,77.78911590576172,357.376220703125,53.16,55.66,2.57,21.58,35.67,0.09,0.13,1.1,2.12,,262.045,205.67,98.363,80.7,,20.260000228881836,1865.9000244140625,42.529998779296875,2.5,17.690000228881836,0.9700000000000001,3,Recovery,0,0,0
2021-01-21,39.0604362487793,73.67440795898438,35.79539489746094,20.201416015625,63.78133773803711,,4.447249889373779,11.074305534362793,4.3647918701171875,77.78911590576172,357.7020263671875,53.0,55.68,2.49,21.32,35.05,0.08,0.13,1.12,2.1,111.1973,262.045,205.67,98.363,80.7,,20.065000534057617,1865.300048828125,43.0099983215332,2.6799999999999997,17.575000534057615,0.9900000000000001,3,Recovery,0,0,0
2021-01-22,38.50833511352539,73.45022583007812,35.381004333496094,20.154525756835938,63.07414627075195,,4.447249889373779,10.736562728881836,4.285670757293701,77.78063201904297,356.4359436035156,52.28,55.22,2.45,21.91,36.25,0.08,0.13,1.1,2.09,111.5516,262.045,205.67,98.363,80.7,,21.485000610351562,1855.699951171875,43.09000015258789,2.9399999999999977,19.035000610351563,0.9700000000000001,3,Recovery,0,0,0
2021-01-25,38.078033447265625,72.78560638427734,35.28984832763672,20.17328453063965,62.05157470703125,,4.360895156860352,10.834330558776855,4.33182430267334,77.78911590576172,357.8417053222656,52.78,55.44,2.63,23.19,38.02,0.08,0.13,1.05,2.08,111.8676,262.045,205.67,98.363,80.7,,20.15999984741211,1854.9000244140625,43.08000183105469,2.6599999999999966,17.52999984741211,0.92,3,Recovery,0,0,0
2021-01-26,37.24178695678711,71.5525131225586,34.5439338684082,19.113502502441406,57.97087097167969,,4.353699684143066,10.869880676269531,4.3647918701171875,77.78063201904297,357.283203125,52.61,55.26,2.73,23.02,37.13,0.08,0.11,1.05,2.08,111.6572,262.045,205.67,98.363,80.7,,19.510000228881836,1850.699951171875,43.13999938964844,2.6499999999999986,16.780000228881836,0.9400000000000001,3,Recovery,0,0,0
2021-01-27,36.819602966308594,70.6236572265625,33.690277099609375,19.301076889038086,56.871849060058594,,4.252952575683594,10.896546363830566,4.265890598297119,77.78063201904297,348.55096435546875,52.81,55.07,2.77,37.21,40.21,0.08,0.12,1.04,2.08,112.0782,262.045,205.67,98.363,80.7,,19.700000762939453,1844.9000244140625,44.15999984741211,2.259999999999998,16.930000762939454,0.92,3,Recovery,0,1,0
2021-01-28,37.39604187011719,71.2802505493164,34.07151794433594,19.64808464050293,60.33137512207031,,4.180990695953369,10.994314193725586,4.22633171081543,77.78911590576172,351.548583984375,52.26,54.87,2.76,30.21,40.45,0.07,0.12,1.07,2.13,112.0059,262.045,205.67,98.363,80.7,,20.90999984741211,1837.9000244140625,45.529998779296875,2.6099999999999994,18.14999984741211,0.9500000000000001,3,Recovery,0,0,0
2021-01-29,36.4055290222168,68.22151184082031,33.17643356323242,18.81339454650879,60.522518157958984,,4.24575662612915,11.056526184082031,4.134024620056152,77.78911590576172,344.5107116699219,52.16,55.25,2.68,33.09,40.2,0.07,0.11,1.11,2.13,111.9511,262.045,205.67,98.363,80.7,,19.81999969482422,1847.300048828125,47.40999984741211,3.0900000000000034,17.13999969482422,1.0,3,Recovery,0,0,0
2021-02-01,36.47047424316406,69.19036865234375,33.74000930786133,19.122892379760742,60.436500549316406,,4.30332612991333,11.172072410583496,4.19336462020874,77.78911590576172,350.2452087402344,53.55,56.42,2.88,30.24,39.16,0.08,0.11,1.09,2.11,112.4189,263.579,219.242,95.6149,76.8,,18.139999389648438,1860.800048828125,46.279998779296875,2.8700000000000045,15.259999389648438,0.9800000000000001,3,Recovery,0,0,0
2021-02-02,37.04692840576172,69.7108383178711,33.95548629760742,19.441757202148438,61.62153244018555,,4.353699684143066,11.492033958435059,4.3054518699646,77.78063201904297,355.1977844238281,54.77,57.62,3.24,25.56,38.62,0.08,0.11,1.12,2.15,112.2862,263.579,219.242,95.6149,76.8,,18.25,1830.5,45.90999984741211,2.8499999999999943,15.01,1.01,3,Recovery,0,0,0
2021-02-03,38.50022506713867,71.23221588134766,35.81197738647461,20.651592254638672,62.54853820800781,,4.476034164428711,12.336383819580078,4.397758483886719,77.78063201904297,355.47711181640625,55.67,58.61,3.01,22.91,37.11,0.08,0.11,1.15,2.19,112.2567,263.579,219.242,95.6149,76.8,,17.854999542236328,1832.199951171875,46.93000030517578,2.9399999999999977,14.844999542236328,1.0399999999999998,3,Recovery,0,0,0
2021-02-04,39.23905944824219,71.26423645019531,36.47500991821289,20.9141902923584,62.02292251586914,,4.461642265319824,12.283056259155273,4.450504779815674,77.78911590576172,359.51739501953125,56.19,58.98,2.99,21.77,35.37,0.08,0.11,1.15,2.17,112.7469,263.579,219.242,95.6149,76.8,,18.1200008392334,1788.9000244140625,47.25,2.789999999999999,15.130000839233398,1.0399999999999998,3,Recovery,0,0,0
2021-02-05,40.5543327331543,71.47242736816406,36.814815521240234,21.15803337097168,63.44685745239258,,4.670332431793213,12.976309776306152,4.533483982086182,77.78911590576172,360.9324035644531,56.8,59.48,3.49,20.87,34.94,0.08,0.09,1.19,2.21,112.2379,263.579,219.242,95.6149,76.8,,18.3799991607666,1810.9000244140625,47.20000076293945,2.6799999999999997,14.889999160766601,1.0999999999999999,3,Recovery,0,0,0
2021-02-08,42.2999153137207,73.25000762939453,38.770748138427734,23.868436813354492,64.15403747558594,,4.799863815307617,13.260724067687988,4.762856483459473,77.78911590576172,363.5390625,57.95,60.17,3.4,21.24,34.48,0.07,0.11,1.19,2.22,112.0428,263.579,219.242,95.6149,76.8,,20.18000030517578,1831.9000244140625,48.45000076293945,2.219999999999999,16.780000305175783,1.0799999999999998,3,Recovery,0,0,0
2021-02-09,41.80451202392578,72.83364868164062,38.85362243652344,23.11815071105957,63.829132080078125,,4.7782745361328125,12.869656562805176,4.5739617347717285,77.78911590576172,363.2969055175781,58.34,60.74,3.35,21.63,33.54,0.08,0.11,1.18,2.22,111.7675,263.579,219.242,95.6149,76.8,,19.045000076293945,1835.300048828125,46.75,2.3999999999999986,15.695000076293946,1.0699999999999998,3,Recovery,0,0,0
2021-02-10,42.209075927734375,74.0827865600586,39.16028594970703,24.009113311767578,64.54586791992188,,4.95098352432251,13.758444786071777,4.607692241668701,77.78063201904297,363.13873291015625,58.69,61.17,3.76,21.99,33.77,0.08,0.11,1.15,2.21,111.5834,263.579,219.242,95.6149,76.8,,18.559999465942383,1840.5999755859375,46.27000045776367,2.480000000000004,14.799999465942383,1.0399999999999998,3,Recovery,0,0,0
2021-02-11,41.15221405029297,73.68242645263672,38.84245681762695,23.427648544311523,65.10016632080078,,4.864629745483398,14.149511337280273,4.5739617347717285,77.78911590576172,363.7252197265625,58.22,61.09,6.5,21.25,34.33,0.08,0.11,1.16,2.2,111.5272,263.579,219.242,95.6149,76.8,,17.375,1824.9000244140625,45.95000076293945,2.8700000000000045,10.875,1.0499999999999998,3,Recovery,0,0,0
2021-02-12,41.713680267333984,74.10679626464844,39.44466018676758,23.81216812133789,64.62232208251953,,5.13088846206665,14.638344764709473,4.60094690322876,77.78063201904297,365.52191162109375,59.5,62.47,6.12,19.97,34.25,0.08,0.11,1.2,2.21,111.4889,263.579,219.242,95.6149,76.8,,17.6200008392334,1821.5999755859375,47.0099983215332,2.969999999999999,11.500000839233397,1.0899999999999999,3,Recovery,0,0,0
2021-02-16,42.96871566772461,75.62531280517578,40.85817337036133,24.815675735473633,65.55889129638672,,5.476306438446045,14.68278694152832,4.695394992828369,77.78911590576172,365.2054138183594,60.07,63.96,11.32,21.46,35.13,0.08,0.13,1.3,2.24,111.7879,263.579,219.242,95.6149,76.8,,16.71500015258789,1797.199951171875,56.779998779296875,3.8900000000000006,5.39500015258789,1.17,3,Recovery,0,0,0
2021-02-17,43.63751983642578,77.89089965820312,41.28474807739258,25.068891525268555,66.21829223632812,,5.42593240737915,14.096186637878418,4.648169994354248,77.78911590576172,365.2890930175781,61.09,65.02,23.86,21.5,36.9,0.08,0.11,1.29,2.21,112.0204,263.579,219.242,95.6149,76.8,,16.540000915527344,1771.0999755859375,55.970001220703125,3.9299999999999926,-7.319999084472656,1.18,3,Recovery,0,0,0
2021-02-18,42.952205657958984,77.14383697509766,39.88795471191406,23.708999633789062,64.32605743408203,,5.188457489013672,14.069520950317383,4.5739617347717285,77.78063201904297,363.73455810546875,60.4,64.09,8.56,22.49,37.9,0.07,0.11,1.29,2.16,112.1603,263.579,219.242,95.6149,76.8,,17.329999923706055,1773.4000244140625,56.119998931884766,3.690000000000005,8.769999923706054,1.18,3,Recovery,0,0,0
2021-02-19,43.24119567871094,77.79346466064453,40.49850845336914,23.840301513671875,66.03671264648438,,5.310793876647949,15.038297653198242,4.722378253936768,77.78911590576172,363.0921936035156,59.12,62.84,4.96,22.05,37.76,0.07,0.11,1.34,2.14,111.7058,263.579,219.242,95.6149,76.8,,16.55500030517578,1775.800048828125,60.43000030517578,3.720000000000006,11.59500030517578,1.23,3,Recovery,0,0,0
2021-02-22,44.83477020263672,79.89665222167969,42.55607223510742,24.825048446655273,65.69268035888672,,5.13808536529541,14.256166458129883,5.039451599121094,77.78063201904297,360.29937744140625,61.67,64.73,3.16,23.45,38.57,0.07,0.11,1.37,2.16,111.918,263.579,219.242,95.6149,76.8,,15.960000038146973,1806.699951171875,62.41999816894531,3.0600000000000023,12.800000038146973,1.26,3,Recovery,0,0,0
2021-02-23,45.45403289794922,80.90357971191406,43.57647705078125,24.44053077697754,66.40941619873047,,5.001357078552246,13.936203956604004,5.208108425140381,77.78063201904297,360.7369689941406,61.66,65.16,2.94,23.11,39.75,0.07,0.11,1.37,2.16,111.8981,263.579,219.242,95.6149,76.8,,16.25,1804.4000244140625,61.72999954223633,3.5,13.31,1.26,3,Recovery,0,0,0
2021-02-24,46.8164176940918,83.89187622070312,45.72603225708008,26.4100284576416,66.94461059570312,,5.022945880889893,14.202838897705078,5.477959156036377,77.77210998535156,364.71197509765625,63.21,66.85,2.8,21.34,39.58,0.07,0.12,1.38,2.17,111.7212,263.579,219.242,95.6149,76.8,,16.3799991607666,1796.4000244140625,61.91999816894531,3.6399999999999935,13.5799991607666,1.2599999999999998,3,Recovery,0,0,0
2021-02-25,46.040260314941406,83.11233520507812,44.35433578491211,25.087650299072266,65.26262664794922,,5.1021037101745605,14.016195297241211,5.4374823570251465,77.78063201904297,355.9239196777344,63.43,66.69,2.72,28.89,40.58,0.07,0.17,1.54,2.14,111.9253,263.579,219.242,95.6149,76.8,,15.9350004196167,1774.4000244140625,74.16000366210938,3.259999999999998,13.215000419616699,1.37,3,Recovery,0,0,0
2021-02-26,44.89257049560547,81.20404815673828,43.50120162963867,24.95635223388672,64.40252685546875,,4.871825695037842,13.118518829345703,5.154138565063477,77.78063201904297,354.0899963378906,61.55,65.86,2.66,27.95,42.49,0.07,0.14,1.44,2.15,112.8306,263.579,219.242,95.6149,76.8,,15.694999694824219,1728.0999755859375,75.66000366210938,4.310000000000002,13.034999694824219,1.2999999999999998,3,Recovery,0,0,0
2021-03-01,46.5687141418457,82.86871337890625,44.0030403137207,25.922340393066406,65.24352264404297,,5.015749454498291,13.870192527770996,5.477959156036377,77.77210998535156,362.6732177734375,60.54,64.56,2.7,23.35,42.56,0.07,0.13,1.45,2.16,112.5263,264.961,229.617,98.3856,84.9,,16.079999923706055,1722.5,68.7300033569336,4.020000000000003,13.379999923706055,1.3199999999999998,3,Recovery,0,0,0
2021-03-02,46.29623794555664,83.18540954589844,43.72701644897461,26.091156005859375,66.141845703125,,5.13088846206665,14.27287769317627,5.383512020111084,77.77210998535156,359.8432312011719,59.7,63.17,2.87,24.1,40.96,0.07,0.13,1.42,2.2,112.5342,264.961,229.617,98.3856,84.9,,15.869999885559082,1733.0999755859375,57.70000076293945,3.469999999999999,12.999999885559081,1.29,3,Recovery,0,0,0
2021-03-03,46.667789459228516,84.11927032470703,44.88126754760742,26.878952026367188,66.0176010131836,,5.296400547027588,15.364595413208008,5.309303283691406,77.78063201904297,355.0768127441406,61.33,64.7,2.86,26.67,39.83,0.07,0.14,1.47,2.21,112.7617,264.961,229.617,98.3856,84.9,,15.524999618530273,1715.300048828125,65.83000183105469,3.3700000000000045,12.664999618530274,1.33,3,Recovery,0,0,0
2021-03-04,48.476051330566406,84.85823059082031,46.520606994628906,28.041894912719727,70.0218505859375,,5.1093010902404785,14.237080574035645,5.423988342285156,77.78063201904297,350.682861328125,63.81,67.32,2.79,28.57,37.27,0.07,0.14,1.54,2.2,112.7037,264.961,229.617,98.3856,84.9,,15.930000305175781,1700.199951171875,68.12999725341797,3.509999999999991,13.140000305175782,1.4,3,Recovery,0,0,0
2021-03-05,50.30907440185547,88.51241302490234,48.79562759399414,29.289241790771484,69.42935180664062,,5.094907760620117,14.147598266601562,5.49819803237915,77.78063201904297,357.1341857910156,66.08,69.95,2.72,24.66,36.61,0.07,0.14,1.56,2.22,113.7487,264.961,229.617,98.3856,84.9,,16.364999771118164,1698.0,69.37000274658203,3.8700000000000045,13.644999771118163,1.42,3,Recovery,0,0,0
2021-03-08,50.259521484375,89.1214370727539,49.163639068603516,27.91997528076172,69.95497131347656,,5.094907760620117,14.138650894165039,5.464468002319336,77.77210998535156,355.3561096191406,65.03,68.0,2.67,25.47,38.89,0.07,0.17,1.59,2.21,114.2678,264.961,229.617,98.3856,84.9,,16.149999618530273,1677.699951171875,71.6500015258789,2.969999999999999,13.479999618530274,1.4200000000000002,3,Recovery,0,0,0
2021-03-09,49.48338317871094,88.91841888427734,48.4276008605957,26.878602981567383,68.18696594238281,,5.066122531890869,14.800840377807617,5.430736541748047,77.77210998535156,360.4297180175781,64.02,67.03,2.62,24.03,37.97,0.07,0.17,1.55,2.21,113.928,264.961,229.617,98.3856,84.9,,16.924999237060547,1716.5999755859375,67.44000244140625,3.010000000000005,14.304999237060546,1.3800000000000001,3,Recovery,0,0,0
2021-03-10,51.00265121459961,90.43695831298828,49.698936462402344,27.544706344604492,70.719482421875,,5.339578151702881,16.644229888916016,5.788287162780762,77.77210998535156,362.6732177734375,64.45,67.53,2.62,22.56,37.56,0.07,0.16,1.53,2.26,113.5881,264.961,229.617,98.3856,84.9,,17.6299991607666,1721.5,63.189998626708984,3.0799999999999983,15.0099991607666,1.37,3,Recovery,0,0,0
2021-03-11,50.62283706665039,90.290771484375,50.0418586730957,29.064542770385742,70.78639221191406,,5.577053546905518,16.447359085083008,5.639869689941406,77.78063201904297,366.35040283203125,66.02,69.34,2.7,21.91,37.86,0.07,0.14,1.54,2.28,112.9214,264.961,229.617,98.3856,84.9,,18.125,1722.300048828125,63.900001525878906,3.3200000000000074,15.425,1.4,3,Recovery,0,0,0
2021-03-12,51.16778564453125,90.59123229980469,49.50656509399414,28.736183166503906,71.80896759033203,,5.533875465393066,16.939529418945312,5.720823764801025,77.77210998535156,366.8438415527344,65.59,68.87,2.65,20.69,37.51,0.07,0.14,1.64,2.26,113.0269,264.961,229.617,98.3856,84.9,,18.450000762939453,1719.5,70.83000183105469,3.280000000000001,15.800000762939453,1.5,3,Recovery,0,0,0
2021-03-15,49.86320114135742,89.52745056152344,48.64507293701172,27.488414764404297,72.75508117675781,,5.78574275970459,17.422752380371094,5.606138706207275,77.77210998535156,369.03155517578125,65.36,68.78,2.58,20.03,39.38,0.07,0.14,1.62,2.27,113.1928,264.961,229.617,98.3856,84.9,,17.93000030517578,1728.9000244140625,70.79000091552734,3.4200000000000017,15.350000305175781,1.48,3,Recovery,0,0,0
2021-03-16,48.806331634521484,87.40802764892578,47.323551177978516,26.428285598754883,71.62739562988281,,5.577053546905518,16.590539932250977,5.45772123336792,77.77210998535156,368.5660705566406,64.82,67.95,2.5,19.79,39.1,0.07,0.15,1.62,2.3,112.9839,264.961,229.617,98.3856,84.9,,17.65999984741211,1730.5999755859375,70.80999755859375,3.1300000000000097,15.15999984741211,1.4700000000000002,3,Recovery,0,0,0
2021-03-17,49.020999908447266,87.72472381591797,47.53265380859375,27.244497299194336,70.83418273925781,,5.605837821960449,17.10060691833496,5.491452693939209,77.78063201904297,369.8227844238281,64.55,67.73,2.6,19.23,37.4,0.07,0.13,1.63,2.3,113.1589,264.961,229.617,98.3856,84.9,,17.969999313354492,1726.800048828125,66.75,3.180000000000007,15.369999313354493,1.5,3,Recovery,0,0,0
2021-03-18,46.90724182128906,84.54965209960938,44.647056579589844,24.974119186401367,68.31119537353516,,5.613033771514893,16.82320213317871,5.241840839385986,77.77210998535156,364.4419860839844,59.95,62.11,2.45,21.58,48.44,0.07,0.16,1.71,2.27,112.7744,264.961,229.617,98.3856,84.9,,17.760000228881836,1732.199951171875,70.4800033569336,2.1599999999999966,15.310000228881837,1.55,3,Recovery,0,0,0
2021-03-19,46.64302444458008,83.94873809814453,43.99467849731445,26.36261749267578,68.1009750366211,,5.613033771514893,17.771745681762695,5.383512020111084,77.77210998535156,363.7677307128906,61.43,64.0,2.53,20.95,44.38,0.07,0.16,1.74,2.31,112.9756,264.961,229.617,98.3856,84.9,,17.264999389648438,1741.4000244140625,68.80000305175781,2.5700000000000003,14.734999389648438,1.58,3,Recovery,0,0,0
2021-03-22,46.164119720458984,83.26663208007812,43.693572998046875,25.762182235717773,69.42935180664062,,5.598642349243164,17.288522720336914,5.464468002319336,77.77210998535156,366.67230224609375,61.48,63.89,2.55,18.88,40.28,0.07,0.15,1.69,2.33,113.0023,264.961,229.617,98.3856,84.9,,18.045000076293945,1737.800048828125,67.62000274658203,2.4100000000000037,15.495000076293945,1.54,3,Recovery,0,0,0
2021-03-23,45.594398498535156,82.80374145507812,43.25027084350586,24.94597053527832,67.74736022949219,,5.231636047363281,16.28629493713379,5.208108425140381,77.78063201904297,363.786376953125,57.75,59.96,2.56,20.3,48.62,0.07,0.15,1.63,2.29,113.2916,264.961,229.617,98.3856,84.9,,18.389999389648438,1724.699951171875,60.77000045776367,2.210000000000001,15.829999389648437,1.48,3,Recovery,0,0,0
2021-03-24,46.51917266845703,85.02062225341797,44.504886627197266,25.386913299560547,68.76038360595703,,5.353970527648926,16.357879638671875,5.147393226623535,77.77210998535156,361.93707275390625,61.12,63.7,2.56,21.2,64.91,0.07,0.14,1.62,2.31,113.6565,264.961,229.617,98.3856,84.9,,18.59000015258789,1732.9000244140625,60.709999084472656,2.5800000000000054,16.030000152587892,1.48,3,Recovery,0,0,0
2021-03-25,46.387062072753906,85.32108306884766,44.80598831176758,25.04917335510254,69.25733184814453,,5.490699291229248,17.333269119262695,5.23509407043457,77.77210998535156,363.97320556640625,58.47,61.21,2.52,19.81,49.88,0.07,0.14,1.63,2.32,114.0016,264.961,229.617,98.3856,84.9,,18.364999771118164,1724.9000244140625,59.540000915527344,2.740000000000002,15.844999771118164,1.4899999999999998,3,Recovery,0,0,0
2021-03-26,47.65035629272461,87.27810668945312,46.035491943359375,26.043630599975586,70.76728057861328,,5.821723937988281,17.691205978393555,5.349781036376953,77.77210998535156,369.8385314941406,60.93,63.77,2.52,18.86,44.93,0.07,0.14,1.67,2.34,113.7406,264.961,229.617,98.3856,84.9,,18.700000762939453,1732.199951171875,61.4900016784668,2.8400000000000034,16.180000762939454,1.5299999999999998,3,Recovery,0,0,0
2021-03-29,47.39439010620117,86.82334899902344,45.031822204589844,25.330623626708984,70.05052947998047,,5.246027946472168,16.366832733154297,5.275571823120117,77.77210998535156,369.6518249511719,61.49,64.06,2.58,20.74,44.16,0.07,0.14,1.73,2.36,113.9314,264.961,229.617,98.3856,84.9,,18.44499969482422,1712.0999755859375,65.95999908447266,2.5700000000000003,15.864999694824219,1.5899999999999999,3,Recovery,0,0,0
2021-03-30,46.80815887451172,86.01943969726562,44.68889617919922,25.640216827392578,68.99928283691406,,5.123692512512207,16.715816497802734,5.23509407043457,77.78063201904297,368.6711120605469,60.55,63.28,2.55,19.61,41.46,0.07,0.16,1.73,2.35,114.203,264.961,229.617,98.3856,84.9,,18.80500030517578,1683.9000244140625,67.44000244140625,2.730000000000004,16.25500030517578,1.57,3,Recovery,0,0,0
2021-03-31,46.09808349609375,85.09371948242188,44.30414962768555,24.974119186401367,68.8177261352539,,5.1452813148498535,16.518951416015625,5.18112325668335,77.77210998535156,370.16546630859375,59.19,63.52,2.52,19.4,45.65,0.06,0.16,1.74,2.37,113.8234,264.961,229.617,98.3856,84.9,,18.9950008392334,1713.800048828125,71.2699966430664,4.330000000000005,16.4750008392334,1.58,3,Recovery,0,0,0
2021-04-01,47.386146545410156,85.87327575683594,45.182373046875,25.687122344970703,68.6170425415039,,5.289205551147461,16.671079635620117,5.295810222625732,77.78063201904297,374.1628723144531,61.41,63.85,2.52,17.33,40.15,0.07,0.17,1.69,2.35,113.7389,266.614,227.255,98.5587,88.3,,19.170000076293945,1726.5,64.98999786376953,2.440000000000005,16.650000076293946,1.52,3,Recovery,0,0,0
2021-04-05,46.65128707885742,84.86634826660156,43.668487548828125,23.74510955810547,68.1009750366211,,5.317990303039551,16.724767684936523,5.275571823120117,77.77210998535156,379.5333557128906,58.73,,2.43,17.91,42.0,0.07,0.17,1.73,2.35,113.394,266.614,227.255,98.5587,88.3,,19.170000076293945,1727.0,61.790000915527344,,16.740000076293946,1.56,3,Recovery,0,0,0
2021-04-06,46.51917266845703,84.11114501953125,43.97795867919922,23.782644271850586,67.59447479248047,,5.389951705932617,16.68002700805664,5.268825054168701,77.76362609863281,379.30914306640625,59.34,61.47,2.44,18.12,42.41,0.07,0.16,1.67,2.32,113.1464,266.614,227.255,98.5587,88.3,,19.780000686645508,1741.5,60.290000915527344,2.1299999999999955,17.340000686645507,1.51,3,Recovery,0,0,0
2021-04-07,46.7255973815918,84.60650634765625,43.8106689453125,23.735727310180664,70.39456939697266,,5.512287139892578,16.653181076049805,5.262079238891602,77.76362609863281,379.74810791015625,59.77,61.86,2.43,17.16,41.27,0.07,0.16,1.68,2.34,113.2436,266.614,227.255,98.5587,88.3,,19.28499984741211,1740.0999755859375,62.540000915527344,2.0899999999999963,16.85499984741211,1.52,3,Recovery,0,0,0
2021-04-08,46.238433837890625,83.65640258789062,42.857181549072266,23.200971603393555,69.716064453125,,5.4619140625,16.11627197265625,5.316049575805664,77.77210998535156,381.5506896972656,59.61,62.09,2.47,16.95,40.7,0.07,0.14,1.64,2.33,113.0917,266.614,227.255,98.5587,88.3,,18.989999771118164,1756.800048828125,60.08000183105469,2.480000000000004,16.519999771118165,1.5,3,Recovery,0,0,0
2021-04-09,46.13109588623047,83.57520294189453,42.848812103271484,23.069629669189453,69.8785171508789,,5.303597450256348,15.749382972717285,5.423988342285156,77.76362609863281,384.3245849609375,59.29,61.89,2.48,16.69,39.19,0.07,0.16,1.67,2.31,113.2028,266.614,227.255,98.5587,88.3,,18.940000534057617,1743.300048828125,61.209999084472656,2.6000000000000014,16.460000534057617,1.51,3,Recovery,0,0,0
2021-04-12,45.82559585571289,82.64947509765625,42.53934860229492,22.731887817382812,68.99928283691406,,4.871825695037842,15.078242301940918,5.444228172302246,77.76362609863281,384.4646911621094,59.7,62.38,2.5,16.91,37.04,0.07,0.18,1.69,2.33,113.1815,266.614,227.255,98.5587,88.3,,19.649999618530273,1731.199951171875,63.5,2.6799999999999997,17.149999618530273,1.51,3,Recovery,0,0,0
2021-04-13,45.99897766113281,83.02301788330078,42.48080062866211,22.78818130493164,69.2859878540039,,4.799863815307617,15.167731285095215,5.397005558013916,77.76362609863281,385.60418701171875,60.2,62.83,2.57,16.65,35.2,0.07,0.16,1.64,2.33,113.0391,266.614,227.255,98.5587,88.3,,19.510000228881836,1746.199951171875,61.20000076293945,2.6299999999999955,16.940000228881836,1.48,3,Recovery,0,0,0
2021-04-14,47.328338623046875,84.67145538330078,44.069969177246094,23.97027015686035,70.48057556152344,,4.986964702606201,15.883609771728516,5.410496711730957,77.76362609863281,384.2873229980469,63.15,66.11,2.65,16.99,35.7,0.07,0.16,1.64,2.33,112.7849,266.614,227.255,98.5587,88.3,,19.68000030517578,1734.9000244140625,60.08000183105469,2.960000000000001,17.030000305175783,1.48,3,Recovery,0,0,0
2021-04-15,47.04761505126953,83.98120880126953,43.409202575683594,23.32293701171875,71.27378845214844,,5.030141353607178,16.10732078552246,5.4374823570251465,77.77210998535156,388.4154357910156,63.42,66.13,2.62,16.57,34.2,0.07,0.16,1.56,2.33,112.6181,266.614,227.255,98.5587,88.3,,20.260000228881836,1765.4000244140625,59.04999923706055,2.7099999999999937,17.640000228881835,1.4000000000000001,3,Recovery,0,0,0
2021-04-16,46.783390045166016,83.60768127441406,42.731719970703125,22.872615814208984,70.69083404541016,,5.066122531890869,16.402618408203125,5.309303283691406,77.77210998535156,389.7137145996094,63.16,65.98,2.63,16.25,32.79,0.07,0.16,1.59,2.36,112.4814,266.614,227.255,98.5587,88.3,,20.540000915527344,1779.0,62.56999969482422,2.8200000000000074,17.910000915527345,1.4300000000000002,3,Recovery,0,0,0
2021-04-19,46.634769439697266,83.85128021240234,42.5644416809082,23.022724151611328,71.34068298339844,,5.339578151702881,16.814254760742188,5.423988342285156,77.76362609863281,387.79901123046875,63.33,66.54,2.75,17.29,35.07,0.07,0.16,1.61,2.34,112.1835,266.614,227.255,98.5587,88.3,,20.940000534057617,1769.4000244140625,63.959999084472656,3.210000000000008,18.190000534057617,1.4500000000000002,3,Recovery,0,0,0
2021-04-20,45.652191162109375,82.28404998779297,40.69089889526367,21.76557159423828,69.97407531738281,,5.224438667297363,16.035734176635742,5.349781036376953,77.76362609863281,384.95977783203125,62.61,65.34,2.76,18.68,35.68,0.07,0.15,1.58,2.32,112.2354,266.614,227.255,98.5587,88.3,,21.065000534057617,1777.300048828125,64.3499984741211,2.730000000000004,18.30500053405762,1.4300000000000002,3,Recovery,0,0,0
2021-04-21,46.238433837890625,83.4209213256836,41.85348892211914,22.93828773498535,70.27989959716797,,5.3683624267578125,16.62633514404297,5.383512020111084,77.76362609863281,388.60223388671875,61.34,64.02,2.72,17.5,42.44,0.07,0.15,1.57,2.33,112.1771,266.614,227.255,98.5587,88.3,,21.110000610351562,1792.300048828125,62.27000045776367,2.6799999999999926,18.390000610351564,1.4200000000000002,3,Recovery,0,0,0
2021-04-22,45.63568878173828,81.97547149658203,41.36838150024414,22.60993003845215,69.4962387084961,,5.289205551147461,16.143117904663086,5.4374823570251465,77.77210998535156,385.05322265625,61.45,65.07,2.77,18.71,39.39,0.07,0.16,1.57,2.33,112.2297,266.614,227.255,98.5587,88.3,,21.3700008392334,1781.199951171875,59.619998931884766,3.6199999999999903,18.6000008392334,1.4100000000000001,3,Recovery,0,0,0
2021-04-23,45.883392333984375,82.46269989013672,41.585845947265625,23.12592124938965,70.90107727050781,,5.325185775756836,16.026784896850586,5.525183200836182,77.77210998535156,389.2280578613281,62.18,65.75,2.79,17.33,38.7,0.07,0.16,1.58,2.34,112.0889,266.614,227.255,98.5587,88.3,,20.045000076293945,1777.0,59.97999954223633,3.5700000000000003,17.255000076293946,1.4200000000000002,3,Recovery,0,0,0
2021-04-26,45.974212646484375,82.43834686279297,42.02913284301758,23.36046028137207,71.29289245605469,,5.289205551147461,16.205751419067383,5.518436908721924,77.76362609863281,390.0406188964844,62.02,65.5,2.73,17.64,41.23,0.07,0.18,1.58,2.36,111.8109,266.614,227.255,98.5587,88.3,,20.0,1779.199951171875,60.97999954223633,3.479999999999997,17.27,1.4000000000000001,3,Recovery,0,0,0
2021-04-27,46.576969146728516,83.39654541015625,42.90736389160156,23.53871726989746,71.2068862915039,,5.202849864959717,15.847811698913574,5.673600196838379,77.77210998535156,389.9565734863281,63.03,66.25,2.91,17.56,38.44,0.07,0.17,1.63,2.39,111.9097,266.614,227.255,98.5587,88.3,,21.405000686645508,1778.0,60.150001525878906,3.219999999999999,18.495000686645508,1.46,3,Recovery,0,0,0
2021-04-28,47.98063659667969,85.44288635253906,44.362701416015625,24.486270904541016,72.93665313720703,,5.382755279541016,16.339982986450195,5.801779270172119,77.76362609863281,389.8445739746094,63.81,67.08,2.98,17.28,36.42,0.07,0.17,1.63,2.41,111.7909,266.614,227.255,98.5587,88.3,,21.55500030517578,1773.199951171875,60.310001373291016,3.269999999999996,18.57500030517578,1.46,3,Recovery,0,0,0
2021-04-29,48.665958404541016,86.80712127685547,44.43796920776367,24.336162567138672,73.58651733398438,,5.54107141494751,16.518951416015625,5.963690280914307,77.76362609863281,392.32891845703125,65.0,68.26,2.91,17.61,36.37,0.06,0.16,1.65,2.42,111.7464,266.614,227.255,98.5587,88.3,,22.5,1768.0999755859375,59.02000045776367,3.260000000000005,19.59,1.49,3,Recovery,0,0,0
2021-04-30,47.26227951049805,83.6969985961914,42.773536682128906,23.792024612426758,74.08345031738281,,5.497894287109375,16.232603073120117,5.808525562286377,77.77210998535156,389.7510986328125,63.5,67.73,2.86,18.61,38.39,0.05,0.16,1.65,2.41,112.0839,266.614,227.255,98.5587,88.3,,23.28499984741211,1767.300048828125,58.130001068115234,4.230000000000004,20.42499984741211,1.49,3,Recovery,0,0,0
2021-05-03,48.566871643066406,85.6946029663086,44.11178207397461,24.523794174194336,75.30671691894531,,5.728172779083252,17.44959831237793,5.822018146514893,77.77210998535156,390.5917053222656,64.46,,2.96,18.31,40.15,0.06,0.16,1.63,2.42,112.005,266.614,227.255,98.5587,88.3,,23.815000534057617,1791.4000244140625,57.33000183105469,,20.855000534057616,1.47,3,Recovery,0,0,0
2021-05-04,48.872379302978516,86.16561126708984,43.969581604003906,24.2611083984375,76.02346801757812,,5.5698561668396,16.501056671142578,5.943450927734375,77.76362609863281,388.1820068359375,65.72,68.91,3.0,19.48,37.15,0.06,0.16,1.61,2.42,112.2896,266.614,227.255,98.5587,88.3,,23.049999237060547,1775.800048828125,58.5099983215332,3.1899999999999977,20.049999237060547,1.4500000000000002,3,Recovery,0,0,0
2021-05-05,50.342105865478516,88.47992706298828,46.37005615234375,25.377531051635742,77.4091796875,,5.6562113761901855,16.00888442993164,6.037899017333984,77.77210998535156,388.3033447265625,65.63,69.71,2.99,19.15,38.33,0.06,0.16,1.59,2.47,112.1514,266.614,227.255,98.5587,88.3,,23.959999084472656,1784.0999755859375,56.93000030517578,4.079999999999998,20.969999084472654,1.4300000000000002,3,Recovery,0,0,0
2021-05-06,50.82099533081055,88.52864837646484,46.5875244140625,25.002262115478516,76.85489654541016,,5.620230197906494,16.11627197265625,6.206553936004639,77.77210998535156,391.40423583984375,64.73,68.62,2.9,18.39,37.74,0.06,0.16,1.58,2.45,111.8401,266.614,227.255,98.5587,88.3,,24.329999923706055,1815.5,57.75,3.8900000000000006,21.429999923706056,1.4200000000000002,3,Recovery,0,0,0
2021-05-07,51.54759979248047,89.34069061279297,47.758487701416016,25.696508407592773,78.98603057861328,,5.728172779083252,17.56592559814453,6.638314723968506,77.76362609863281,394.2528991699219,64.96,68.73,2.9,16.69,37.63,0.06,0.14,1.6,2.49,111.0249,266.614,227.255,98.5587,88.3,,23.940000534057617,1831.0999755859375,54.130001068115234,3.7700000000000102,21.04000053405762,1.46,3,Recovery,0,0,0
2021-05-10,51.67145919799805,88.97525787353516,47.67485046386719,24.98349952697754,78.05903625488281,,5.78574275970459,17.861225128173828,6.70889949798584,77.76362609863281,390.3488464355469,64.92,68.61,2.93,19.66,37.99,0.06,0.16,1.63,2.54,110.7905,266.614,227.255,98.5587,88.3,,25.190000534057617,1837.5,55.47999954223633,3.6899999999999977,22.260000534057617,1.47,3,Recovery,0,0,0
2021-05-11,50.02833938598633,86.64470672607422,46.60425567626953,23.01333999633789,78.48908996582031,,5.7065839767456055,17.41380500793457,6.530727386474609,77.76362609863281,386.86505126953125,65.31,68.83,2.91,21.84,37.93,0.06,0.16,1.64,2.53,110.8921,266.614,227.255,98.5587,88.3,,25.80500030517578,1835.9000244140625,58.0099983215332,3.519999999999996,22.89500030517578,1.48,3,Recovery,0,0,0
2021-05-12,50.296409606933594,87.18878936767578,46.57915115356445,23.566858291625977,78.269287109375,,5.649014949798584,17.073760986328125,6.544432640075684,77.75511169433594,378.6460266113281,65.96,69.62,2.91,27.59,36.94,0.06,0.16,1.69,2.54,111.5636,266.614,227.255,98.5587,88.3,,26.420000076293945,1822.5999755859375,58.470001220703125,3.660000000000011,23.510000076293945,1.53,3,Recovery,0,0,0
2021-05-13,49.67648696899414,86.62847137451172,45.71940231323242,22.244037628173828,78.6993408203125,,5.6706037521362305,17.682254791259766,6.839102745056152,77.75511169433594,383.19464111328125,63.82,67.36,2.95,23.13,37.94,0.06,0.16,1.66,2.51,111.5955,266.614,227.255,98.5587,88.3,,26.25,1823.800048828125,56.59000015258789,3.539999999999999,23.3,1.5,3,Recovery,0,0,0
2021-05-14,50.90793991088867,88.8940658569336,47.64122772216797,23.548095703125,80.11372375488281,,5.677799224853516,18.183372497558594,6.928188800811768,77.75511169433594,389.07861328125,65.32,69.24,2.95,18.81,36.46,0.06,0.16,1.63,2.51,111.1353,266.614,227.255,98.5587,88.3,,26.829999923706055,1837.9000244140625,54.9900016784668,3.9200000000000017,23.879999923706055,1.47,3,Recovery,0,0,0
2021-05-17,52.097496032714844,89.98218536376953,49.141605377197266,24.758333206176758,80.37173461914062,,5.6921916007995605,18.77397346496582,7.133772850036621,77.76362609863281,388.0886535644531,66.24,69.62,2.99,19.72,36.42,0.06,0.16,1.64,2.54,111.079,266.614,227.255,98.5587,88.3,,26.309999465942383,1867.5,58.59000015258789,3.3800000000000097,23.31999946594238,1.48,3,Recovery,0,0,0
2021-05-18,50.623130798339844,87.27787780761719,48.290260314941406,24.270490646362305,79.98949432373047,,5.814526557922363,19.203502655029297,7.106362819671631,77.76362609863281,384.7449645996094,65.49,69.01,2.96,21.34,37.01,0.06,0.16,1.64,2.52,110.8317,266.614,227.255,98.5587,88.3,,24.809999465942383,1867.800048828125,57.18000030517578,3.5200000000000102,21.849999465942382,1.48,3,Recovery,0,0,0
2021-05-19,49.408424377441406,84.82837677001953,46.84889221191406,23.51995277404785,79.88436889648438,,5.972843647003174,18.988739013671875,6.887073516845703,77.75511169433594,383.73626708984375,63.28,66.88,2.88,22.18,38.82,0.06,0.16,1.68,2.48,110.8807,266.614,227.255,98.5587,88.3,,22.665000915527344,1881.300048828125,57.310001373291016,3.5999999999999943,19.785000915527345,1.52,3,Recovery,0,0,0
2021-05-20,49.29115676879883,85.12430572509766,46.68873977661133,23.40736961364746,80.25707244873047,,6.1527485847473145,19.501224517822266,6.86651611328125,77.75511169433594,387.864501953125,61.95,65.18,2.86,20.67,39.43,0.06,0.15,1.63,2.41,110.8605,266.614,227.255,98.5587,88.3,,24.684999465942383,1881.800048828125,55.040000915527344,3.230000000000004,21.824999465942383,1.48,3,Recovery,0,0,0
2021-05-21,49.35816192626953,85.58460235595703,46.90789794921875,23.566858291625977,79.77925872802734,,6.40461540222168,20.445266723632812,6.983010768890381,77.76362609863281,387.5469055175781,63.61,66.72,2.84,20.15,39.34,0.06,0.17,1.63,2.43,111.0576,266.614,227.255,98.5587,88.3,,24.795000076293945,1876.699951171875,54.59000015258789,3.1099999999999994,21.955000076293945,1.46,3,Recovery,0,0,0
2021-05-24,49.93619155883789,86.80113220214844,47.287208557128906,23.86707305908203,80.93560791015625,,6.40461540222168,20.3553524017334,7.051538944244385,77.75511169433594,391.4976501464844,66.13,68.59,2.78,18.4,35.54,0.06,0.15,1.61,2.44,110.9118,266.614,227.255,98.5587,88.3,,24.760000228881836,1884.5999755859375,54.939998626708984,2.460000000000008,21.980000228881835,1.4600000000000002,3,Recovery,0,0,0
2021-05-25,48.80527114868164,85.37911224365234,46.25886154174805,23.0977783203125,80.85914611816406,,6.2462992668151855,19.429298400878906,6.777425289154053,77.75511169433594,390.62896728515625,66.27,68.8,2.87,18.84,36.23,0.06,0.15,1.56,2.42,110.842,266.614,227.255,98.5587,88.3,,26.190000534057617,1898.0999755859375,53.720001220703125,2.530000000000001,23.320000534057616,1.4100000000000001,3,Recovery,0,0,0
2021-05-26,49.37491989135742,85.58460235595703,46.71402359008789,23.72635269165039,80.75402069091797,,6.123964309692383,20.00471305847168,6.893924236297607,77.75511169433594,391.40423583984375,66.41,68.93,2.91,17.36,33.89,0.06,0.14,1.58,2.4,110.8677,266.614,227.255,98.5587,88.3,,26.424999237060547,1901.300048828125,52.81999969482422,2.5200000000000102,23.514999237060547,1.44,3,Recovery,0,0,0
2021-05-27,49.05659103393555,84.6722183227539,46.806739807128906,24.45812225341797,80.44822692871094,,5.936861515045166,19.609107971191406,6.859661102294922,77.76362609863281,391.6097717285156,66.87,69.43,2.85,16.74,33.63,0.06,0.14,1.61,2.42,110.8688,266.614,227.255,98.5587,88.3,,25.200000762939453,1895.699951171875,53.470001220703125,2.5600000000000023,22.35000076293945,1.4700000000000002,3,Recovery,0,0,0
2021-05-28,48.897430419921875,85.31336975097656,46.9837532043457,24.35492706298828,81.13629150390625,,6.131160736083984,20.12158966064453,6.784279823303223,77.76362609863281,392.31024169921875,66.31,69.36,2.91,16.76,33.54,0.05,0.14,1.58,2.42,110.7576,266.614,227.255,98.5587,88.3,,24.93000030517578,1902.5,52.040000915527344,3.049999999999997,22.02000030517578,1.44,3,Recovery,0,0,0
2021-06-01,50.648250579833984,87.66421508789062,49.11631393432617,26.709732055664062,81.53767395019531,,6.303868770599365,20.445266723632812,7.030982494354248,77.75511169433594,391.9646301269531,67.8,70.03,3.02,17.9,33.43,0.06,0.16,1.62,2.46,110.5046,270.654,233.603,99.7987,85.5,,25.975000381469727,1902.9000244140625,54.9900016784668,2.230000000000004,22.955000381469727,1.4600000000000002,3,Recovery,0,0,0
2021-06-02,51.05034255981445,88.83965301513672,49.723209381103516,27.422744750976562,82.98074340820312,,6.188729286193848,19.725990295410156,7.174891471862793,77.75511169433594,392.5810546875,68.79,70.6,3.09,17.48,32.77,0.06,0.13,1.59,2.44,110.5799,270.654,233.603,99.7987,85.5,,25.725000381469727,1907.5,55.209999084472656,1.809999999999988,22.635000381469727,1.46,3,Recovery,0,0,0
2021-06-03,51.25140380859375,88.43685150146484,50.127811431884766,27.469648361206055,83.35343933105469,,6.066394329071045,19.71700096130371,7.188594341278076,77.75511169433594,391.1240539550781,68.81,70.71,3.01,18.04,33.89,0.06,0.16,1.63,2.42,111.1782,270.654,233.603,99.7987,85.5,,25.704999923706055,1871.199951171875,53.959999084472656,1.8999999999999915,22.694999923706057,1.47,3,Recovery,0,0,0
2021-06-04,51.47759246826172,89.14376831054688,50.44810104370117,27.338308334350586,83.4776840209961,,6.030413627624512,19.213512420654297,7.387328147888184,77.76362609863281,394.70123291015625,69.57,71.3,3.01,16.42,31.76,0.06,0.14,1.56,2.4,110.7521,270.654,233.603,99.7987,85.5,,25.795000076293945,1889.800048828125,49.779998779296875,1.730000000000004,22.785000076293947,1.42,3,Recovery,0,0,0
2021-06-07,51.14250183105469,88.56838989257812,50.41438674926758,27.35706901550293,84.88249969482422,,6.181533336639404,19.672048568725586,7.476412296295166,77.74662017822266,394.3182373046875,69.21,70.89,2.98,16.42,31.7,0.06,0.16,1.57,2.39,110.5155,270.654,233.603,99.7987,85.5,,26.489999771118164,1896.800048828125,49.54999923706055,1.6800000000000068,23.509999771118164,1.4100000000000001,3,Recovery,0,0,0
2021-06-08,52.04722595214844,89.37393951416016,50.97072219848633,27.385215759277344,85.51325225830078,,6.159944534301758,19.896821975708008,7.449001312255859,77.74662017822266,394.4023132324219,70.11,71.39,3.11,17.07,31.95,0.06,0.14,1.53,2.36,110.649,270.654,233.603,99.7987,85.5,,27.799999237060547,1892.199951171875,49.93000030517578,1.2800000000000011,24.689999237060547,1.3900000000000001,3,Recovery,0,0,0
2021-06-09,52.48283767700195,88.59304809570312,50.3048210144043,26.606273651123047,84.3091049194336,,6.145552635192871,19.64508056640625,7.449001312255859,77.74662017822266,393.8138122558594,69.9,71.31,3.13,17.89,31.79,0.06,0.16,1.5,2.32,110.5707,270.654,233.603,99.7987,85.5,,28.299999237060547,1893.199951171875,52.84000015258789,1.4099999999999966,25.169999237060548,1.34,3,Recovery,0,0,0
2021-06-10,52.56661605834961,89.11090850830078,50.71784210205078,26.587499618530273,84.09886169433594,,6.3254570960998535,20.103612899780273,7.572352886199951,77.74662017822266,395.6445617675781,70.34,71.65,3.13,16.1,33.03,0.06,0.14,1.45,2.35,110.5456,270.654,233.603,99.7987,85.5,,28.684999465942383,1894.199951171875,48.2599983215332,1.3100000000000023,25.554999465942384,1.31,3,Recovery,0,0,0
2021-06-11,52.080745697021484,88.69990539550781,50.54927062988281,26.587499618530273,84.71048736572266,,6.38302755355835,19.9417724609375,7.743673324584961,77.75511169433594,396.2983703613281,71.0,72.05,3.23,15.65,32.55,0.06,0.16,1.47,2.32,111.0933,270.654,233.603,99.7987,85.5,,27.844999313354492,1877.4000244140625,50.849998474121094,1.0499999999999972,24.61499931335449,1.31,3,Recovery,0,0,0
2021-06-14,51.99696731567383,88.74922180175781,50.835853576660156,26.540578842163086,84.88249969482422,,6.2822794914245605,19.384342193603516,7.6408796310424805,77.74662017822266,397.18560791015625,70.94,72.27,3.36,16.39,33.13,0.06,0.16,1.51,2.36,110.9659,270.654,233.603,99.7987,85.5,,28.809999465942383,1864.0,54.029998779296875,1.3299999999999983,25.449999465942383,1.35,3,Recovery,0,0,0
2021-06-15,53.890201568603516,90.66443634033203,51.560752868652344,27.40398597717285,84.54804229736328,,6.2462992668151855,19.16855812072754,7.688849449157715,77.74662017822266,396.4571533203125,72.06,73.38,3.31,17.02,31.56,0.06,0.16,1.51,2.38,111.3507,270.654,233.603,99.7987,85.5,,28.135000228881836,1854.5,52.91999816894531,1.3199999999999932,24.825000228881837,1.35,3,Recovery,0,0,0
2021-06-16,53.69752883911133,90.1465835571289,51.527034759521484,28.66156768798828,84.68181610107422,,6.296672344207764,19.833885192871094,7.777937412261963,77.75511169433594,394.2435607910156,72.03,73.88,3.25,18.15,33.83,0.06,0.21,1.57,2.32,111.1165,270.654,233.603,99.7987,85.5,,28.030000686645508,1859.5,54.279998779296875,1.8499999999999943,24.780000686645508,1.36,3,Recovery,0,0,0
2021-06-17,51.92995071411133,88.00943756103516,49.74007034301758,26.48426628112793,82.56979370117188,,6.109572410583496,19.159563064575195,7.311945915222168,77.74662017822266,394.1128234863281,71.06,72.92,3.24,17.75,36.84,0.1,0.23,1.52,2.27,112.5772,270.654,233.603,99.7987,85.5,,28.309999465942383,1773.800048828125,54.90999984741211,1.8599999999999994,25.06999946594238,1.29,3,Recovery,0,0,0
2021-06-18,50.597984313964844,84.68864440917969,48.492557525634766,26.26841163635254,79.5594253540039,,5.8864898681640625,19.267457962036133,7.23656702041626,77.75511169433594,388.79608154296875,71.64,73.1,3.23,20.7,33.95,0.1,0.26,1.45,2.24,113.0408,270.654,233.603,99.7987,85.5,,29.405000686645508,1767.9000244140625,60.45000076293945,1.4599999999999937,26.175000686645507,1.19,3,Recovery,0,0,0
2021-06-21,52.43258285522461,87.17101287841797,50.953857421875,27.68553924560547,81.46121215820312,,6.123964309692383,19.60011863708496,7.544940948486328,77.74662017822266,394.3620910644531,73.64,74.49,3.15,17.89,35.01,0.1,0.27,1.5,2.25,112.8391,270.654,233.603,99.7987,85.5,,29.614999771118164,1781.800048828125,61.86000061035156,0.8499999999999943,26.464999771118165,1.23,3,Recovery,0,0,0
2021-06-22,53.43783187866211,87.45870971679688,51.24045181274414,28.164167404174805,82.98074340820312,,6.1527485847473145,20.283428192138672,7.496971607208252,77.74662017822266,396.4703369140625,73.15,74.92,3.21,16.66,34.28,0.1,0.25,1.48,2.31,112.9174,270.654,233.603,99.7987,85.5,,30.735000610351562,1776.300048828125,58.63999938964844,1.769999999999996,27.52500061035156,1.23,3,Recovery,0,0,0
2021-06-23,53.831573486328125,87.35188293457031,51.215152740478516,29.055734634399414,83.64012145996094,,6.2606916427612305,20.804899215698242,7.414737224578857,77.74662017822266,395.9925231933594,73.11,75.22,3.36,16.32,34.68,0.1,0.26,1.5,2.34,112.3819,270.654,233.603,99.7987,85.5,,31.545000076293945,1782.300048828125,55.599998474121094,2.1099999999999994,28.185000076293946,1.24,3,Recovery,0,0,0
2021-06-24,54.04936981201172,88.06697082519531,51.74618911743164,29.787765502929688,83.62103271484375,,6.332653999328613,21.551143646240234,7.490119934082031,77.75511169433594,398.3350830078125,73.31,75.95,3.3,15.97,32.05,0.1,0.26,1.49,2.3,112.326,270.654,233.603,99.7987,85.5,,32.01499938964844,1775.5999755859375,54.83000183105469,2.6400000000000006,28.714999389648437,1.23,3,Recovery,0,0,0
2021-06-25,54.166656494140625,88.1985092163086,51.67876052856445,30.885791778564453,83.5636978149414,,6.361438274383545,21.79389762878418,7.346210956573486,77.75511169433594,399.7500305175781,74.21,76.45,3.4,15.62,31.3,0.1,0.28,1.54,2.34,111.9655,270.654,233.603,99.7987,85.5,,32.3849983215332,1776.5999755859375,55.58000183105469,2.240000000000009,28.984998321533205,1.26,3,Recovery,0,0,0
2021-06-28,52.784423828125,85.47773742675781,50.22895431518555,29.31851577758789,82.62713623046875,,6.188729286193848,20.553157806396484,7.106362819671631,77.74662017822266,400.55584716796875,72.98,74.78,3.62,15.76,31.86,0.1,0.25,1.49,2.33,112.0248,270.654,233.603,99.7987,85.5,,32.28900146484375,1779.5999755859375,56.33000183105469,1.7999999999999972,28.66900146484375,1.24,3,Recovery,0,0,0
2021-06-29,52.45771026611328,85.28868865966797,49.77377700805664,29.37482261657715,82.40733337402344,,6.181533336639404,20.094619750976562,7.229712963104248,77.74662017822266,400.7713928222656,73.14,75.38,3.75,16.02,31.99,0.1,0.27,1.49,2.32,112.2613,270.654,233.603,99.7987,85.5,,33.486000061035156,1762.800048828125,56.79999923706055,2.239999999999995,29.736000061035156,1.22,3,Recovery,0,0,0
2021-06-30,52.84305953979492,86.09422302246094,51.333160400390625,29.34667205810547,82.89472198486328,,6.4765777587890625,19.82489013671875,7.284535884857178,77.74662017822266,401.1087646484375,73.52,76.94,3.79,15.83,32.74,0.08,0.25,1.45,2.32,112.5533,270.654,233.603,99.7987,85.5,,34.62200164794922,1770.800048828125,57.27000045776367,3.4200000000000017,30.83200164794922,1.2,3,Recovery,0,0,0
2021-07-01,52.99385070800781,87.30253601074219,53.002132415771484,30.8388729095459,83.15274810791016,,6.2606916427612305,19.420299530029297,7.3325042724609375,77.75511169433594,403.3295593261719,75.33,76.69,3.76,15.48,32.47,0.1,0.25,1.48,2.35,112.74,271.903,236.488,100.2519,81.2,,36.143001556396484,1775.9000244140625,57.52000045776367,1.3599999999999994,32.383001556396486,1.23,3,Recovery,0,0,0
2021-07-02,52.918453216552734,87.18744659423828,52.89255142211914,30.576093673706055,83.78349304199219,,6.426203727722168,19.258468627929688,7.339356899261475,77.74662017822266,406.4123229980469,75.37,77.51,3.67,15.07,32.87,0.1,0.24,1.44,2.33,112.5425,271.903,236.488,100.2519,81.2,,35.82699966430664,1782.5999755859375,52.40999984741211,2.1400000000000006,32.15699966430664,1.2,3,Recovery,0,0,0
2021-07-06,51.41057205200195,85.47773742675781,50.81055450439453,28.633413314819336,84.05105590820312,,6.38302755355835,19.17755126953125,7.305094242095947,77.7381362915039,405.6720275878906,73.62,75.81,3.68,16.44,37.59,0.1,0.22,1.37,2.31,112.9516,271.903,236.488,100.2519,81.2,,34.10499954223633,1793.5,56.54999923706055,2.1899999999999977,30.42499954223633,1.1500000000000001,3,Recovery,0,0,0
2021-07-07,50.606361389160156,84.6064453125,49.74007034301758,27.666767120361328,83.6974868774414,,6.296672344207764,17.90084457397461,7.174891471862793,77.7381362915039,407.10577392578125,72.22,74.31,3.66,16.2,42.01,0.1,0.22,1.33,2.28,113.1048,271.903,236.488,100.2519,81.2,,32.3380012512207,1801.5,60.650001525878906,2.0900000000000034,28.678001251220703,1.11,3,Recovery,0,0,0
2021-07-08,50.38018035888672,84.3351821899414,49.90864944458008,27.8356990814209,83.50634765625,,6.159944534301758,17.76597785949707,7.106362819671631,77.74662017822266,403.78863525390625,72.98,75.07,3.56,19.0,38.8,0.1,0.19,1.3,2.22,113.0776,271.903,236.488,100.2519,81.2,,33.3120002746582,1799.5999755859375,61.68000030517578,2.089999999999989,29.752000274658204,1.11,3,Recovery,0,0,0
2021-07-09,51.29328918457031,85.54348754882812,50.68412399291992,28.380020141601562,84.1084213256836,,6.2462992668151855,18.233510971069336,7.2571234703063965,77.74662017822266,408.0989990234375,74.56,77.14,3.71,16.18,37.02,0.1,0.23,1.37,2.28,112.8375,271.903,236.488,100.2519,81.2,,36.63199996948242,1810.0,59.91999816894531,2.5799999999999983,32.92199996948242,1.1400000000000001,3,Recovery,0,0,0
2021-07-12,51.243019104003906,85.71611785888672,50.40597152709961,28.14539909362793,82.85648345947266,,6.188729286193848,17.595155715942383,7.168037414550781,77.74662017822266,409.5608215332031,74.21,76.77,3.7,16.17,38.73,0.1,0.23,1.38,2.33,112.7611,271.903,236.488,100.2519,81.2,,34.64899826049805,1805.5,60.779998779296875,2.5600000000000023,30.948998260498048,1.15,3,Recovery,0,0,0
2021-07-13,51.000083923339844,85.42842102050781,50.119380950927734,28.22986602783203,80.1614990234375,,5.879293441772461,16.273494720458984,7.044687271118164,77.74662017822266,408.16455078125,75.24,77.5,3.78,17.12,35.4,0.1,0.26,1.42,2.36,113.0063,271.903,236.488,100.2519,81.2,,35.4630012512207,1809.4000244140625,60.79999923706055,2.260000000000005,31.683001251220702,1.16,3,Recovery,0,0,0
2021-07-14,49.869171142578125,83.81732177734375,48.610572814941406,26.118253707885742,79.73146057128906,,6.001628875732422,16.246524810791016,6.90762996673584,77.7381362915039,408.7736511230469,73.06,75.74,3.8,16.33,38.2,0.1,0.23,1.37,2.34,112.8801,271.903,236.488,100.2519,81.2,,34.775001525878906,1824.300048828125,57.310001373291016,2.6799999999999926,30.975001525878906,1.1400000000000001,3,Recovery,0,0,0
2021-07-15,49.383296966552734,83.26660919189453,48.113258361816406,25.555158615112305,79.38743591308594,,5.864901065826416,15.770003318786621,6.70889949798584,77.74662017822266,407.37750244140625,71.67,74.53,3.68,17.01,38.04,0.1,0.23,1.31,2.32,113.0041,271.903,236.488,100.2519,81.2,,33.797000885009766,1828.4000244140625,56.97999954223633,2.8599999999999994,30.117000885009766,1.08,3,Recovery,0,0,0
2021-07-16,48.017826080322266,81.063720703125,46.78144836425781,24.34450340270996,79.85569763183594,,5.7065839767456055,14.834954261779785,6.633518218994141,77.74662017822266,404.1822814941406,71.76,74.46,3.7,18.45,37.15,0.1,0.25,1.31,2.33,113.0428,271.903,236.488,100.2519,81.2,,34.84199905395508,1814.5,58.2400016784668,2.6999999999999886,31.14199905395508,1.06,3,Recovery,0,0,0
2021-07-19,46.367523193359375,78.87723541259766,45.26422119140625,23.29339027404785,77.24671936035156,,5.562661170959473,14.861928939819336,6.379964828491211,77.7381362915039,398.2132263183594,66.45,69.33,3.75,22.5,46.36,0.1,0.21,1.19,2.24,113.5472,271.903,236.488,100.2519,81.2,,35.64899826049805,1808.699951171875,67.58000183105469,2.8799999999999955,31.898998260498047,0.98,3,Recovery,0,0,0
2021-07-20,46.8785285949707,79.34577178955078,45.91326904296875,23.809558868408203,79.8939208984375,,5.634623050689697,14.951834678649902,6.695194244384766,77.7381362915039,403.9198913574219,67.32,70.03,3.82,19.73,52.26,0.1,0.2,1.23,2.26,113.7502,271.903,236.488,100.2519,81.2,,35.165000915527344,1810.9000244140625,69.30999755859375,2.710000000000008,31.345000915527343,1.03,3,Recovery,0,0,0
2021-07-21,48.38642120361328,82.05008697509766,48.062679290771484,25.508230209350586,80.62024688720703,,5.944059371948242,15.698076248168945,6.832250595092773,77.7381362915039,407.1901550292969,70.26,72.54,3.94,17.91,42.91,0.1,0.22,1.3,2.28,113.3926,271.903,236.488,100.2519,81.2,,35.94900131225586,1802.9000244140625,65.27999877929688,2.280000000000001,32.00900131225586,1.08,3,Recovery,0,0,0
2021-07-22,47.84191131591797,81.22810363769531,47.767662048339844,25.34868812561035,80.63934326171875,,5.78574275970459,15.050734519958496,6.811690807342529,77.74662017822266,408.0428771972656,72.15,74.25,4.02,17.69,36.44,0.1,0.2,1.27,2.28,113.4695,271.903,236.488,100.2519,81.2,,36.12900161743164,1805.0,64.95999908447266,2.0999999999999943,32.109001617431645,1.07,3,Recovery,0,0,0
2021-07-23,47.78325653076172,81.26099395751953,47.00324630737305,24.94513511657715,80.17105865478516,,5.778545379638672,14.76302719116211,6.852807998657227,77.7381362915039,412.2407531738281,72.24,74.86,4.11,17.2,34.05,0.1,0.22,1.3,2.35,113.4398,271.903,236.488,100.2519,81.2,,35.52299880981445,1801.4000244140625,65.27999877929688,2.6200000000000045,31.412998809814454,1.08,3,Recovery,0,0,0
2021-07-26,48.98957061767578,82.97891998291016,48.302757263183594,25.45192527770996,81.55679321289062,,5.857705593109131,15.014772415161133,6.87336540222168,77.74662017822266,413.2527160644531,72.15,74.79,4.09,17.58,35.59,0.1,0.22,1.29,2.4,113.2238,271.903,236.488,100.2519,81.2,,36.91400146484375,1798.699951171875,69.02999877929688,2.6400000000000006,32.82400146484375,1.07,3,Recovery,0,0,0
2021-07-27,48.44506072998047,82.69943237304688,47.844112396240234,24.64482307434082,80.87825775146484,,5.684996604919434,14.772019386291504,6.681488037109375,77.7381362915039,411.369384765625,71.68,74.87,4.15,19.36,35.14,0.1,0.2,1.25,2.38,113.2227,271.903,236.488,100.2519,81.2,,37.59000015258789,1799.5,70.06999969482422,3.1899999999999977,33.44000015258789,1.05,3,Recovery,0,0,0
2021-07-28,48.77177047729492,83.16797637939453,48.17534637451172,25.245450973510742,81.39431762695312,,5.728172779083252,15.005780220031738,6.818545341491699,77.7381362915039,411.2006530761719,72.37,75.09,4.1,18.31,34.62,0.1,0.2,1.26,2.41,113.1807,271.903,236.488,100.2519,81.2,,39.698001861572266,1799.5,62.400001525878906,2.719999999999999,35.598001861572264,1.06,3,Recovery,0,0,0
2021-07-29,49.36654281616211,84.310546875,48.48112487792969,25.132835388183594,82.9998550415039,,5.742565155029297,15.014772415161133,6.832250595092773,77.74662017822266,412.90594482421875,73.62,76.3,4.03,17.7,33.36,0.1,0.2,1.28,2.43,112.4834,271.903,236.488,100.2519,81.2,,41.15399932861328,1831.199951171875,62.08000183105469,2.6799999999999926,37.12399932861328,1.08,3,Recovery,0,0,0
2021-07-30,48.227256774902344,83.6858139038086,47.614776611328125,24.49466323852539,81.16496276855469,,5.728172779083252,14.700088500976562,6.756868839263916,77.7381362915039,410.9007568359375,73.93,77.72,3.94,18.24,32.85,0.07,0.19,1.24,2.4,112.6714,271.903,236.488,100.2519,81.2,,40.75600051879883,1812.5999755859375,61.189998626708984,3.789999999999992,36.81600051879883,1.05,3,Recovery,0,0,0
2021-08-02,48.235626220703125,83.53787231445312,47.03721618652344,24.203733444213867,81.13629150390625,,5.69938850402832,14.816972732543945,6.647223472595215,77.7381362915039,410.0386962890625,71.31,73.91,4.02,19.46,36.23,0.1,0.17,1.2,2.37,112.6691,271.903,236.488,100.2519,81.2,,42.15299987792969,1818.0999755859375,64.29000091552734,2.5999999999999943,38.13299987792969,1.03,3,Recovery,0,0,0
2021-08-03,48.75502014160156,84.3351821899414,48.1074104309082,24.804367065429688,82.3404312133789,,5.641819000244141,14.565227508544922,6.65407657623291,77.7381362915039,413.37457275390625,70.64,73.24,4.06,18.04,37.55,0.1,0.17,1.19,2.38,112.8228,271.903,236.488,100.2519,81.2,,41.24300003051758,1810.0999755859375,65.41999816894531,2.5999999999999943,37.183000030517576,1.02,3,Recovery,0,0,0
2021-08-04,47.615718841552734,82.44462585449219,46.65501022338867,24.10987663269043,81.66190338134766,,5.4619140625,13.809993743896484,6.352553367614746,77.7381362915039,411.3411865234375,68.19,70.99,4.2,17.97,42.27,0.1,0.17,1.19,2.35,112.8953,271.903,236.488,100.2519,81.2,,42.25299835205078,1810.5,62.66999816894531,2.799999999999997,38.05299835205078,1.02,3,Recovery,0,0,0
2021-08-05,47.917293548583984,83.20907592773438,47.5213508605957,24.579126358032227,82.10151672363281,,5.389951705932617,12.506314277648926,6.35464334487915,77.7381362915039,413.9461669921875,69.1,72.14,4.27,17.28,39.09,0.1,0.21,1.23,2.33,112.7674,271.903,236.488,100.2519,81.2,,42.89899826049805,1805.0999755859375,63.56999969482422,3.0400000000000063,38.62899826049805,1.02,3,Recovery,0,0,0
2021-08-06,48.47018814086914,83.8009033203125,47.988494873046875,24.766820907592773,80.88783264160156,,5.454717636108398,13.42338752746582,6.459161758422852,77.74662017822266,414.63018798828125,68.26,71.02,4.21,16.15,39.31,0.1,0.21,1.31,2.37,113.3088,271.903,236.488,100.2519,81.2,,43.11800003051758,1760.0,62.63999938964844,2.759999999999991,38.90800003051758,1.1,3,Recovery,0,0,0
2021-08-09,47.917293548583984,82.40353393554688,47.0966796875,24.03480339050293,80.1614990234375,,5.21724271774292,12.946869850158691,6.431289196014404,77.74662017822266,414.2928771972656,66.56,69.65,4.24,16.72,43.28,0.1,0.23,1.33,2.37,113.4521,271.903,236.488,100.2519,81.2,,42.7859992980957,1723.4000244140625,65.72000122070312,3.0900000000000034,38.5459992980957,1.1,3,Recovery,0,0,0
2021-08-10,48.73826599121094,83.90776824951172,47.97149658203125,24.64482307434082,83.78349304199219,,5.21724271774292,13.351459503173828,6.549742221832275,77.7381362915039,414.8081970214844,68.33,71.14,4.12,16.79,39.28,0.1,0.24,1.36,2.4,113.4973,271.903,236.488,100.2519,81.2,,44.654998779296875,1728.800048828125,66.55000305175781,2.8100000000000023,40.53499877929688,1.12,3,Recovery,0,0,0
2021-08-11,48.88066864013672,84.54068756103516,48.57455062866211,25.18914222717285,82.67493438720703,,5.505091190338135,14.043755531311035,6.647291660308838,77.7381362915039,415.8389892578125,69.3,71.99,4.07,16.06,38.32,0.1,0.23,1.35,2.42,113.282,271.903,236.488,100.2519,81.2,,45.986000061035156,1750.4000244140625,60.65999984741211,2.6899999999999977,41.916000061035156,1.12,3,Recovery,0,0,0
2021-08-12,48.77012252807617,84.3680648803711,48.447147369384766,25.217300415039062,84.22311401367188,,5.389951705932617,14.097702980041504,6.772712707519531,77.7381362915039,417.0851745605469,69.12,71.79,4.1,15.59,36.5,0.1,0.23,1.36,2.41,113.2691,271.903,236.488,100.2519,81.2,,45.87099838256836,1749.0,57.38999938964844,2.6700000000000017,41.77099838256836,1.1300000000000001,3,Recovery,0,0,0
2021-08-13,48.276885986328125,83.80912780761719,47.538326263427734,24.203733444213867,83.26741027832031,,5.325185775756836,13.818984031677246,6.626389026641846,77.74662017822266,417.8443298339844,68.36,70.9,3.95,15.45,35.91,0.1,0.23,1.29,2.37,113.0615,271.903,236.488,100.2519,81.2,,44.62799835205078,1775.199951171875,55.45000076293945,2.5400000000000063,40.67799835205078,1.06,3,Recovery,0,0,0
2021-08-16,47.57106399536133,82.95427703857422,46.553096771240234,23.265233993530273,81.23186492919922,,5.325185775756836,13.836967468261719,6.626389026641846,77.72962951660156,418.8280944824219,67.44,70.07,3.93,16.12,38.84,0.1,0.21,1.26,2.36,113.1698,271.903,236.488,100.2519,81.2,,47.987998962402344,1786.9000244140625,59.400001525878906,2.6299999999999955,44.057998962402344,1.05,3,Recovery,0,0,0
2021-08-17,47.2479133605957,82.7980728149414,46.3067741394043,22.598909378051758,82.2544174194336,,5.389951705932617,13.82797622680664,6.493999481201172,77.72962951660156,416.08258056640625,66.5,69.4,3.92,17.91,39.5,0.1,0.23,1.26,2.33,113.6174,271.903,236.488,100.2519,81.2,,46.94900131225586,1785.0,60.279998779296875,2.9000000000000057,43.02900131225586,1.03,3,Recovery,0,0,0
2021-08-18,46.25294876098633,80.5571517944336,45.46590805053711,22.007658004760742,82.07283020019531,,5.418736934661865,13.53127670288086,6.340707778930664,77.72962951660156,411.5285339355469,65.36,68.61,3.86,21.57,40.86,0.09,0.23,1.27,2.32,113.6959,271.903,236.488,100.2519,81.2,,45.3849983215332,1781.5999755859375,58.04999923706055,3.25,41.524998321533204,1.04,3,Recovery,0,0,0
2021-08-19,44.8412971496582,78.54946899414062,44.54011535644531,20.731304168701172,79.35872650146484,,5.238831520080566,12.991823196411133,6.236191749572754,77.74662017822266,412.1658020019531,63.69,66.8,3.83,21.67,40.98,0.09,0.22,1.24,2.28,114.1106,271.903,236.488,100.2519,81.2,,40.39500045776367,1780.199951171875,59.380001068115234,3.1099999999999994,36.565000457763674,1.02,3,Recovery,0,0,0
2021-08-20,44.84980010986328,78.55780792236328,44.820411682128906,20.599918365478516,79.7887954711914,,5.210046291351318,13.072742462158203,6.284965515136719,77.74662017822266,415.4454040527344,62.25,65.51,3.94,18.56,40.67,0.09,0.23,1.26,2.27,114.5009,271.903,236.488,100.2519,81.2,,41.944000244140625,1781.0,59.95000076293945,3.260000000000005,38.00400024414063,1.03,3,Recovery,0,0,0
2021-08-23,46.69515609741211,80.58212280273438,46.53609085083008,22.026424407958984,81.99639129638672,,5.353970527648926,13.765039443969727,6.41735315322876,77.72962951660156,419.0998840332031,65.65,69.07,3.93,17.15,38.67,0.09,0.23,1.25,2.27,113.9418,271.903,236.488,100.2519,81.2,,41.68000030517578,1803.199951171875,62.22999954223633,3.4199999999999875,37.75000030517578,1.02,3,Recovery,0,0,0
2021-08-24,47.077823638916016,81.50682067871094,47.06269073486328,22.88045310974121,83.05718231201172,,5.418736934661865,13.872929573059082,6.5009684562683105,77.72962951660156,419.76513671875,67.5,71.21,3.95,17.22,36.79,0.09,0.24,1.29,2.3,113.6795,271.903,236.488,100.2519,81.2,,44.869998931884766,1805.5999755859375,63.029998779296875,3.7099999999999937,40.91999893188476,1.05,3,Recovery,0,0,0
2021-08-25,47.162872314453125,82.06498718261719,47.5807991027832,23.11507797241211,84.6053695678711,,5.404343605041504,13.854948997497559,6.605484962463379,77.72962951660156,420.64593505859375,68.54,72.12,4.03,16.79,35.6,0.09,0.23,1.35,2.35,113.6322,271.903,236.488,100.2519,81.2,,45.28499984741211,1788.199951171875,64.51000213623047,3.5799999999999983,41.25499984741211,1.12,3,Recovery,0,0,0
2021-08-26,46.52507400512695,80.99032592773438,46.82487869262695,22.52383041381836,84.02241516113281,,5.476306438446045,13.603202819824219,6.410386085510254,77.7381362915039,418.1628112792969,67.42,70.42,4.07,18.84,36.33,0.09,0.25,1.34,2.33,113.7883,271.903,236.488,100.2519,81.2,,45.78799819946289,1792.199951171875,63.40999984741211,3.0,41.71799819946289,1.09,3,Recovery,0,0,0
2021-08-27,47.42650604248047,82.17327880859375,48.19233322143555,24.08172607421875,85.72350311279297,,5.303597450256348,14.169628143310547,6.612452983856201,77.7381362915039,421.9016418457031,68.84,72.26,4.35,16.39,34.93,0.08,0.22,1.31,2.39,113.3404,271.903,236.488,100.2519,81.2,,47.805999755859375,1816.5999755859375,57.97999954223633,3.4200000000000017,43.455999755859374,1.09,3,Recovery,0,0,0
2021-08-30,46.90775680541992,81.96501922607422,47.73368835449219,23.696941375732422,85.00675964355469,,5.238831520080566,14.142656326293945,6.4800639152526855,77.7381362915039,423.75689697265625,69.28,,4.25,16.19,35.27,0.08,0.2,1.29,2.37,113.246,271.903,236.488,100.2519,81.2,,49.67900085449219,1809.0,60.13999938964844,,45.42900085449219,1.09,3,Recovery,0,0,0
2021-08-31,46.36350631713867,80.6154556274414,47.164615631103516,24.10987663269043,83.5827865600586,,5.19565486907959,14.574217796325684,6.4800639152526855,77.72962951660156,423.129150390625,68.43,73.45,4.33,16.48,34.28,0.06,0.2,1.3,2.33,113.1076,271.903,236.488,100.2519,81.2,,50.3380012512207,1815.0,59.540000915527344,5.019999999999996,46.008001251220705,1.1,3,Recovery,0,0,0
2021-09-01,45.725704193115234,79.732421875,46.41719055175781,23.537397384643555,84.37601470947266,,5.483502388000488,15.455323219299316,6.5776143074035645,77.72962951660156,423.35400390625,68.63,71.99,4.45,16.11,36.13,0.08,0.2,1.31,2.34,112.8732,273.91,245.302,98.8579,72.8,,50.231998443603516,1813.0999755859375,58.09000015258789,3.3599999999999994,45.78199844360351,1.11,3,Recovery,0,0,0
2021-09-02,46.8397331237793,81.39854431152344,48.073421478271484,24.94513511657715,85.77127075195312,,5.591444969177246,15.54523754119873,6.737873554229736,77.74662017822266,424.6565246582031,70.07,73.56,4.65,16.41,31.35,0.08,0.2,1.29,2.32,112.7863,273.91,245.302,98.8579,72.8,,51.91600036621094,1808.699951171875,55.79999923706055,3.490000000000009,47.26600036621094,1.09,3,Recovery,0,0,0
2021-09-03,46.66114044189453,81.21525573730469,47.76766586303711,24.325733184814453,85.9337387084961,,5.519484043121338,15.401381492614746,6.723937511444092,77.72962951660156,424.553466796875,69.34,73.07,4.77,16.41,36.91,0.08,0.21,1.33,2.34,112.5476,273.91,245.302,98.8579,72.8,,51.505001068115234,1830.9000244140625,53.2599983215332,3.7299999999999898,46.73500106811524,1.12,3,Recovery,0,0,0
2021-09-07,46.38901901245117,80.8570327758789,47.54682922363281,24.08172607421875,85.8572998046875,,5.677799224853516,15.725045204162598,6.619420051574707,77.72962951660156,423.035400390625,68.49,71.52,4.71,18.14,32.91,0.08,0.22,1.38,2.36,112.9795,273.91,245.302,98.8579,72.8,,53.90800094604492,1795.9000244140625,57.04999923706055,3.030000000000001,49.19800094604492,1.16,3,Recovery,0,0,0
2021-09-08,45.96381378173828,80.29889678955078,46.95227813720703,23.377857208251953,85.9910888671875,,5.5698561668396,14.811751365661621,6.5776143074035645,77.72962951660156,422.52008056640625,69.36,72.36,4.66,17.96,31.91,0.08,0.22,1.35,2.38,113.2319,273.91,245.302,98.8579,72.8,,55.28799819946289,1790.699951171875,57.02000045776367,3.0,50.627998199462894,1.1300000000000001,3,Recovery,0,0,0
2021-09-09,45.99783706665039,79.97399139404297,47.207088470458984,23.53746223449707,83.6783676147461,,5.78574275970459,15.028772354125977,6.493999481201172,77.72962951660156,420.7115783691406,68.26,71.32,4.97,18.8,33.87,0.08,0.23,1.3,2.38,113.043,273.91,245.302,98.8579,72.8,,56.58100128173828,1797.4000244140625,52.61000061035156,3.059999999999988,51.61100128173828,1.07,3,Recovery,0,0,0
2021-09-10,45.904296875,80.03231048583984,47.33449172973633,23.452964782714844,84.14665985107422,,5.613033771514893,14.55855941772461,6.4800639152526855,77.7381362915039,417.3944091796875,69.82,72.44,5.13,20.95,33.54,0.08,0.23,1.35,2.4,112.9425,273.91,245.302,98.8579,72.8,,57.91600036621094,1789.5999755859375,51.72999954223633,2.6200000000000045,52.786000366210935,1.12,3,Recovery,0,0,0
2021-09-13,47.08633041381836,81.6151351928711,48.914283752441406,25.020875930786133,86.80340576171875,,5.591444969177246,14.866004943847656,6.507936477661133,77.7381362915039,418.462646484375,70.54,72.97,5.21,19.37,32.74,0.08,0.21,1.33,2.37,113.0341,273.91,245.302,98.8579,72.8,,61.27899932861328,1792.0,53.099998474121094,2.4299999999999926,56.06899932861328,1.12,3,Recovery,0,0,0
2021-09-14,46.41453170776367,80.14064025878906,48.36219787597656,24.67349624633789,84.61492156982422,,5.555464267730713,14.404834747314453,6.4800639152526855,77.72962951660156,416.2044372558594,70.53,73.05,5.39,19.46,33.63,0.08,0.21,1.28,2.33,113.0061,273.91,245.302,98.8579,72.8,,65.76399993896484,1804.699951171875,51.72999954223633,2.519999999999996,60.37399993896484,1.07,3,Recovery,0,0,0
2021-09-15,47.97925567626953,81.8400650024414,50.383670806884766,26.175687789916992,88.0075454711914,,5.6921916007995605,14.820792198181152,6.43825626373291,77.72962951660156,419.68084716796875,72.59,74.84,5.66,18.18,32.38,0.08,0.21,1.31,2.35,112.9773,273.91,245.302,98.8579,72.8,,70.70700073242188,1792.4000244140625,53.93000030517578,2.25,65.04700073242188,1.1,3,Recovery,0,0,0
2021-09-16,47.469017028808594,81.07363891601562,50.30723190307617,25.659305572509766,86.67915344238281,,5.7065839767456055,14.739410400390625,6.368579864501953,77.7381362915039,419.0155334472656,72.69,75.14,5.52,18.69,33.16,0.08,0.23,1.34,2.35,113.3036,273.91,245.302,98.8579,72.8,,63.250999450683594,1754.5999755859375,53.70000076293945,2.450000000000003,57.7309994506836,1.11,3,Recovery,0,0,0
2021-09-17,46.90775680541992,80.60713195800781,50.04392623901367,25.293149948120117,83.07627868652344,,5.720976829528809,14.540472984313965,6.340707778930664,77.72962951660156,414.9338684082031,72.09,74.64,5.32,20.81,32.32,0.08,0.23,1.37,2.33,113.5989,273.91,245.302,98.8579,72.8,,65.10299682617188,1749.4000244140625,56.060001373291016,2.549999999999997,59.782996826171875,1.1400000000000001,3,Recovery,0,0,0
2021-09-20,45.65766906738281,78.95767974853516,48.472625732421875,23.922399520874023,81.48989868164062,,5.310793876647949,13.401107788085938,6.0828986167907715,77.7381362915039,408.0152282714844,70.41,73.59,5.25,25.71,35.23,0.08,0.23,1.31,2.29,113.9422,273.91,245.302,98.8579,72.8,,75.31700134277344,1761.800048828125,59.58000183105469,3.180000000000007,70.06700134277344,1.08,3,Recovery,0,0,0
2021-09-21,45.615150451660156,79.01597595214844,50.39216613769531,23.875457763671875,83.85038757324219,,5.584249019622803,13.654298782348633,6.166512966156006,77.72962951660156,407.62982177734375,70.51,73.65,4.96,24.36,34.45,0.08,0.22,1.33,2.29,113.8179,273.91,245.302,98.8579,72.8,,73.78199768066406,1776.0,59.20000076293945,3.1400000000000006,68.82199768066407,1.11,3,Recovery,0,0,0
2021-09-22,46.95027542114258,81.34021759033203,52.88077163696289,25.114763259887695,85.9337387084961,,5.8864898681640625,14.29632568359375,6.445225715637207,77.72962951660156,411.60614013671875,72.37,75.5,4.92,20.87,32.43,0.08,0.25,1.32,2.28,113.6223,273.91,245.302,98.8579,72.8,,71.69200134277344,1776.699951171875,55.91999816894531,3.1299999999999955,66.77200134277344,1.07,3,Recovery,0,0,0
2021-09-23,48.54051208496094,83.35624694824219,54.112327575683594,26.250795364379883,89.63219451904297,,5.828919887542725,14.278237342834473,6.612452983856201,77.7381362915039,416.6071472167969,73.43,76.44,4.94,18.63,32.3,0.08,0.27,1.41,2.31,113.513,273.91,245.302,98.8579,72.8,,69.68399810791016,1747.699951171875,56.790000915527344,3.009999999999991,64.74399810791016,1.14,3,Recovery,0,0,0
2021-09-24,48.974212646484375,83.80610656738281,55.2249870300293,26.382244110107422,90.47318267822266,,6.08078670501709,14.929303169250488,6.466128826141357,77.72962951660156,417.2933349609375,74.18,77.42,5.1,17.75,34.01,0.08,0.29,1.47,2.34,113.7597,273.91,245.302,98.8579,72.8,,70.23999786376953,1749.699951171875,58.459999084472656,3.239999999999995,65.13999786376954,1.18,3,Recovery,0,0,0
2021-09-27,50.428382873535156,85.78044128417969,56.660396575927734,28.34447479248047,91.75376892089844,,6.390222549438477,16.26760482788086,6.710002422332764,77.72962951660156,416.09954833984375,75.54,78.85,5.53,18.76,34.98,0.08,0.31,1.48,2.35,113.7432,273.91,245.302,98.8579,72.8,,76.50700378417969,1750.0,60.5,3.309999999999988,70.97700378417969,1.17,3,Recovery,0,0,0
2021-09-28,50.95562744140625,86.10533905029297,57.58618927001953,28.07219886779785,92.63298034667969,,6.311065196990967,16.48462677001953,6.626389026641846,77.72962951660156,407.7143249511719,75.44,78.3,5.94,23.25,36.1,0.08,0.31,1.54,2.38,114.2469,273.91,245.302,98.8579,72.8,,78.56500244140625,1735.800048828125,62.709999084472656,2.8599999999999994,72.62500244140625,1.23,3,Recovery,0,0,0
2021-09-29,50.92161560058594,86.08036041259766,57.79003143310547,28.19425392150879,93.26373291015625,,6.498166084289551,16.457500457763672,6.675164699554443,77.7381362915039,408.40057373046875,75.06,77.86,5.73,22.56,35.26,0.08,0.3,1.55,2.37,114.7092,273.91,245.302,98.8579,72.8,,86.60900115966797,1721.5,61.209999084472656,2.799999999999997,80.87900115966796,1.25,3,Recovery,0,0,0
2021-09-30,50.020198822021484,84.51419830322266,57.56069564819336,27.771766662597656,93.3401870727539,,6.7428364753723145,16.764949798583984,6.675164699554443,77.7381362915039,403.4090576171875,75.22,77.81,5.58,23.14,38.68,0.06,0.28,1.52,2.37,114.6403,273.91,245.302,98.8579,72.8,,97.77400207519531,1755.300048828125,61.06999969482422,2.5900000000000034,92.19400207519531,1.24,3,Recovery,0,0,0
2021-10-01,51.81453323364258,86.91342163085938,59.539710998535156,29.24578857421875,94.4487533569336,,6.944330215454102,17.560693740844727,6.793614864349365,77.7381362915039,408.20318603515625,76.01,79.4,5.61,21.15,37.38,0.08,0.27,1.48,2.38,114.3798,276.55,254.756,100.1861,71.7,,93.625,1757.0,57.380001068115234,3.3900000000000006,88.015,1.21,3,Recovery,0,0,0
2021-10-04,52.48634338378906,87.2383041381836,60.72029495239258,29.86544418334961,97.76493072509766,,6.620501518249512,16.936756134033203,7.023551940917969,77.72112274169922,402.9389953613281,77.68,81.44,5.8,22.96,37.27,0.08,0.27,1.49,2.38,114.2739,276.55,254.756,100.1861,71.7,,96.6520004272461,1766.199951171875,60.61000061035156,3.759999999999991,90.8520004272461,1.22,3,Recovery,0,0,0
2021-10-05,52.401302337646484,88.18800354003906,60.92414855957031,30.76676368713379,95.98737335205078,,6.699659824371338,17.262292861938477,6.870261192321777,77.72962951660156,407.131591796875,79.17,82.72,6.37,21.3,37.2,0.08,0.28,1.54,2.45,114.3654,276.55,254.756,100.1861,71.7,,116.0199966430664,1759.5999755859375,62.83000183105469,3.549999999999997,109.6499966430664,1.26,3,Recovery,0,0,0
2021-10-06,51.44035720825195,87.41323852539062,60.99210739135742,30.043827056884766,94.42008209228516,,6.59171724319458,16.710689544677734,6.563677787780762,77.72962951660156,408.8236389160156,77.66,81.39,6.0,21.0,41.02,0.08,0.3,1.53,2.43,114.7185,276.55,254.756,100.1861,71.7,,108.19100189208984,1760.5,60.650001525878906,3.730000000000004,102.19100189208984,1.23,3,Recovery,0,0,0
2021-10-07,51.58491897583008,88.03804779052734,60.73729705810547,30.494483947753906,95.62422943115234,,6.5485405921936035,16.620271682739258,6.716969966888428,77.72962951660156,412.35821533203125,78.46,82.34,5.71,19.54,46.15,0.08,0.32,1.58,2.46,114.5044,276.55,254.756,100.1861,71.7,,96.58399963378906,1757.9000244140625,60.90999984741211,3.8800000000000097,90.87399963378907,1.26,3,Recovery,0,0,0
2021-10-08,52.87752151489258,90.01242065429688,63.63359451293945,31.574193954467773,95.25151062011719,,6.361438274383545,16.367076873779297,6.926003456115723,77.72962951660156,411.60614013671875,79.55,82.17,5.46,18.77,38.0,0.08,0.32,1.61,2.5,114.5986,276.55,254.756,100.1861,71.7,,87.60600280761719,1756.300048828125,59.650001525878906,2.6200000000000045,82.1460028076172,1.29,3,Recovery,0,0,0
2021-10-11,52.350284576416016,89.24600219726562,62.82668685913086,31.348854064941406,97.1246337890625,,6.512558937072754,16.249521255493164,6.919036865234375,77.72962951660156,408.626220703125,80.64,83.75,5.46,20.0,38.51,0.08,,,,,276.55,254.756,100.1861,71.7,,85.21600341796875,1754.5999755859375,,3.1099999999999994,79.75600341796876,,3,Recovery,0,0,0
2021-10-12,52.07815170288086,89.26264953613281,62.351070404052734,30.99207878112793,97.97517395019531,,6.4477925300598145,16.150053024291992,6.898133277893066,77.72962951660156,407.6203918457031,80.75,83.53,5.34,19.85,37.1,0.08,0.35,1.59,2.49,114.7542,276.55,254.756,100.1861,71.7,,85.697998046875,1758.300048828125,62.95000076293945,2.780000000000001,80.357998046875,1.2400000000000002,3,Recovery,0,0,0
2021-10-13,51.93358612060547,89.79581451416016,62.198177337646484,30.306713104248047,100.35481262207031,,6.224709987640381,15.987284660339355,6.939940452575684,77.72962951660156,409.0868225097656,80.67,83.53,5.56,18.64,36.05,0.08,0.37,1.56,2.52,114.4705,276.55,254.756,100.1861,71.7,,93.61599731445312,1793.699951171875,60.84000015258789,2.8599999999999994,88.05599731445312,1.19,3,Recovery,0,0,0
2021-10-14,52.724456787109375,90.64551544189453,62.72479248046875,30.034439086914062,101.27223205566406,,6.3686347007751465,15.15536880493164,6.926003456115723,77.72112274169922,415.9679260253906,81.43,83.86,5.92,16.86,36.98,0.08,0.36,1.52,2.52,114.2053,276.55,254.756,100.1861,71.7,,102.1719970703125,1796.699951171875,59.349998474121094,2.4299999999999926,96.2519970703125,1.1600000000000001,3,Recovery,0,0,0
2021-10-15,53.22618865966797,91.3119888305664,62.97111129760742,29.724613189697266,105.59186553955078,,6.490970134735107,15.019730567932129,6.960842609405518,77.72962951660156,419.1358337402344,82.39,84.67,5.44,16.3,34.05,0.08,0.41,1.59,2.56,114.0905,276.55,254.756,100.1861,71.7,,93.64800262451172,1767.199951171875,62.70000076293945,2.280000000000001,88.20800262451172,1.1800000000000002,3,Recovery,0,0,0
2021-10-18,53.20066833496094,91.27033233642578,63.276859283447266,30.916980743408203,106.566650390625,,6.606110095977783,15.81547737121582,7.002650737762451,77.72112274169922,420.3767395019531,82.62,84.13,5.01,16.31,35.02,0.08,0.44,1.59,2.54,113.9899,276.55,254.756,100.1861,71.7,,93.93299865722656,1764.800048828125,70.7699966430664,1.509999999999991,88.92299865722656,1.1500000000000001,3,Recovery,0,0,0
2021-10-19,54.00004196166992,93.0530776977539,63.97331619262695,30.92636489868164,103.48938751220703,,6.937136173248291,16.46654510498047,7.0165863037109375,77.72112274169922,423.619873046875,83.19,85.02,4.81,15.7,35.14,0.08,0.41,1.65,2.54,113.647,276.55,254.756,100.1861,71.7,,89.93199920654297,1769.699951171875,68.25,1.8299999999999983,85.12199920654297,1.24,3,Recovery,0,0,0
2021-10-20,54.29767990112305,94.26936340332031,64.56787109375,31.320688247680664,99.5329360961914,,6.829191207885742,16.511754989624023,7.1001996994018555,77.72112274169922,425.2837219238281,84.4,85.76,4.87,15.49,35.16,0.08,0.4,1.65,2.57,113.5083,276.55,254.756,100.1861,71.7,,93.45099639892578,1784.0999755859375,65.47000122070312,1.3599999999999994,88.58099639892578,1.25,3,Recovery,0,0,0
2021-10-21,53.311222076416016,93.0864028930664,63.35331344604492,30.794923782348633,101.20533752441406,,6.62769889831543,15.46281623840332,6.891165256500244,77.72112274169922,426.39300537109375,82.64,84.58,4.94,15.01,36.55,0.08,0.45,1.68,2.64,113.6188,276.55,254.756,100.1861,71.7,,88.46299743652344,1781.199951171875,69.41999816894531,1.9399999999999977,83.52299743652344,1.23,3,Recovery,0,0,0
2021-10-22,53.67689895629883,93.9694595336914,64.31307983398438,31.85584259033203,100.60326385498047,,6.67087459564209,15.616540908813477,6.884197235107422,77.72112274169922,425.9511413574219,84.53,85.43,5.1,15.43,36.87,0.08,0.48,1.66,2.64,113.67,276.55,254.756,100.1861,71.7,,87.33799743652344,1795.5,72.04000091552734,0.9000000000000057,82.23799743652344,1.18,3,Recovery,0,0,0
2021-10-25,54.72288513183594,94.84416961669922,64.99256134033203,33.06698989868164,103.2122573852539,,6.706855297088623,15.743135452270508,6.95387601852417,77.72962951660156,428.23541259765625,84.64,84.85,5.72,15.24,36.07,0.08,0.47,1.64,2.66,113.605,276.55,254.756,100.1861,71.7,,88.64299774169922,1806.0,68.95999908447266,0.20999999999999375,82.92299774169922,1.17,3,Recovery,0,0,0
2021-10-26,55.989952087402344,95.05243682861328,65.42572784423828,33.198421478271484,102.42860412597656,,6.570128440856934,14.775581359863281,6.870261192321777,77.71263122558594,428.620849609375,85.64,85.11,5.59,15.98,35.5,0.08,0.47,1.63,2.69,113.674,276.55,254.756,100.1861,71.7,,88.49299621582031,1792.699951171875,66.69999694824219,-0.5300000000000011,82.90299621582031,1.16,3,Recovery,0,0,0
2021-10-27,54.535789489746094,93.36131286621094,63.597198486328125,31.264358520507812,101.16712188720703,,6.4765777587890625,14.269196510314941,6.779679775238037,77.71263122558594,426.7220153808594,82.66,84.12,5.91,16.98,37.63,0.08,0.5,1.54,2.65,113.6218,276.55,254.756,100.1861,71.7,,86.81900024414062,1797.9000244140625,70.05999755859375,1.460000000000008,80.90900024414063,1.04,3,Recovery,0,0,0
2021-10-28,54.68885803222656,94.23603057861328,64.21239471435547,31.761960983276367,99.93429565429688,,6.440596580505371,14.594727516174316,6.744841575622559,77.72962951660156,430.8393859863281,82.78,83.4,5.68,16.53,37.23,0.08,0.5,1.57,2.57,113.4389,276.55,254.756,100.1861,71.7,,77.03199768066406,1801.5999755859375,71.95999908447266,0.6200000000000045,71.35199768066406,1.07,3,Recovery,0,0,0
2021-10-29,54.82493209838867,95.3773422241211,63.64845657348633,31.480295181274414,98.81617736816406,,6.339850425720215,14.486217498779297,6.626389026641846,77.72962951660156,431.7135314941406,83.5,83.1,5.49,16.26,37.92,0.07,0.48,1.55,2.51,114.1349,276.55,254.756,100.1861,71.7,,64.86399841308594,1783.0,75.44999694824219,-0.4000000000000057,59.373998413085936,1.07,3,Recovery,0,0,0
2021-11-01,55.81137466430664,95.41065979003906,63.73390579223633,32.68204879760742,100.670166015625,,6.570128440856934,15.245794296264648,6.919036865234375,77.72962951660156,432.4562072753906,84.08,84.51,5.22,16.41,36.74,0.08,0.5,1.58,2.5,114.2067,278.919,263.798,100.8654,67.4,,65.61900329589844,1795.0999755859375,78.33999633789062,0.4300000000000068,60.39900329589844,1.08,3,Recovery,0,0,0
2021-11-02,55.12256622314453,94.82752990722656,62.400970458984375,32.25956726074219,101.20701599121094,,6.440596580505371,14.658026695251465,6.849359035491943,77.71263122558594,434.2047424316406,83.91,84.42,5.33,16.03,35.56,0.08,0.46,1.56,2.51,114.2847,278.919,263.798,100.8654,67.4,,67.60600280761719,1788.699951171875,71.04000091552734,0.5100000000000051,62.27600280761719,1.1,3,Recovery,0,0,0
2021-11-03,54.3657112121582,94.14439392089844,62.15314483642578,31.78074073791504,101.27412414550781,,6.526950836181641,15.363348007202148,6.744841575622559,77.71263122558594,436.8556213378906,80.82,81.1,5.59,15.1,39.44,0.08,0.47,1.6,2.53,114.3593,278.919,263.798,100.8654,67.4,,76.54199981689453,1763.5999755859375,71.22000122070312,0.28000000000000114,70.95199981689453,1.1300000000000001,3,Recovery,0,0,0
2021-11-04,54.77390670776367,94.56092834472656,62.640193939208984,31.686847686767578,101.20701599121094,,6.462184429168701,15.281962394714355,6.534574508666992,77.72112274169922,438.9143371582031,78.88,80.15,5.73,15.44,38.56,0.08,0.41,1.53,2.56,114.3558,278.919,263.798,100.8654,67.4,,73.3759994506836,1793.0,64.61000061035156,1.2700000000000102,67.64599945068359,1.12,3,Recovery,0,0,0
2021-11-05,55.29264450073242,95.5855941772461,64.4687271118164,31.37702751159668,103.36400604248047,,6.203122138977051,15.119194030761719,6.584131717681885,77.72112274169922,440.437255859375,81.25,82.43,5.51,16.48,37.84,0.08,0.39,1.45,2.54,114.0732,278.919,263.798,100.8654,67.4,,74.0270004272461,1816.4000244140625,66.9000015258789,1.1800000000000068,68.51700042724609,1.06,3,Recovery,0,0,0
2021-11-08,55.88792037963867,95.92715454101562,64.87886047363281,32.19384002685547,103.56533813476562,,6.109572410583496,14.639944076538086,6.61953067779541,77.72962951660156,440.8132019042969,81.96,83.22,5.53,17.22,37.71,0.08,0.45,1.51,2.62,113.8256,278.919,263.798,100.8654,67.4,,79.0739974975586,1827.4000244140625,70.97000122070312,1.2600000000000051,73.54399749755859,1.06,3,Recovery,0,0,0
2021-11-09,56.432167053222656,96.63525390625,64.72509002685547,31.677465438842773,102.50121307373047,,6.087982654571533,14.829837799072266,6.626610279083252,77.71263122558594,439.35614013671875,84.12,84.52,5.08,17.78,36.33,0.08,0.41,1.46,2.63,113.762,278.919,263.798,100.8654,67.4,,72.58699798583984,1830.199951171875,73.0199966430664,0.3999999999999915,67.50699798583985,1.05,3,Recovery,0,0,0
2021-11-10,55.32041931152344,95.09408569335938,62.37533187866211,29.87483024597168,100.26751708984375,,5.958451271057129,14.124513626098633,6.428377628326416,77.71263122558594,435.8215637207031,81.23,82.91,4.56,18.73,37.09,0.08,0.51,1.56,2.7,114.1484,278.919,263.798,100.8654,67.4,,70.12300109863281,1847.5999755859375,78.30999755859375,1.6799999999999926,65.56300109863281,1.05,3,Recovery,0,0,0
2021-11-11,55.42383575439453,95.10242462158203,61.64048385620117,30.156494140625,99.9128189086914,,6.095179557800293,15.81547737121582,6.492094039916992,77.72112274169922,435.9625549316406,81.47,83.4,4.81,17.66,36.2,0.08,,,,,278.919,263.798,100.8654,67.4,,74.79000091552734,1863.199951171875,,1.9300000000000068,69.98000091552734,,3,Recovery,0,0,0
2021-11-12,55.00155258178711,95.16073608398438,61.82847595214844,30.11893653869629,99.99908447265625,,6.052001953125,16.53888702392578,6.4637770652771,77.72112274169922,439.2527160644531,80.87,82.9,4.97,16.29,36.1,0.08,0.53,1.58,2.73,114.5144,278.919,263.798,100.8654,67.4,,75.67500305175781,1867.9000244140625,78.61000061035156,2.030000000000001,70.70500305175781,1.05,3,Recovery,0,0,0
2021-11-15,55.475555419921875,97.31835174560547,62.13607406616211,30.025053024291992,99.126708984375,,5.74976110458374,15.092071533203125,6.577052593231201,77.72112274169922,439.40313720703125,80.85,81.94,4.77,16.49,36.42,0.08,0.53,1.63,2.76,114.5876,278.919,263.798,100.8654,67.4,,79.9469985961914,1866.0999755859375,81.58999633789062,1.0900000000000034,75.17699859619141,1.0999999999999999,3,Recovery,0,0,0
2021-11-16,56.035736083984375,97.70158386230469,62.06771469116211,29.89361000061035,101.84932708740234,,5.555464267730713,14.920263290405273,6.541652679443359,77.71263122558594,441.1423034667969,80.76,82.85,5.11,16.37,34.69,0.08,0.54,1.63,2.73,115.136,278.919,263.798,100.8654,67.4,,94.18900299072266,1853.5999755859375,81.58000183105469,2.089999999999989,89.07900299072266,1.0899999999999999,3,Recovery,0,0,0
2021-11-17,55.42383575439453,97.26338958740234,61.4952278137207,28.879627227783203,100.55512237548828,,5.469109058380127,14.594727516174316,6.357581615447998,77.71263122558594,440.070556640625,78.32,80.67,4.82,17.11,33.75,0.08,0.52,1.6,2.7,115.0263,278.919,263.798,100.8654,67.4,,95.00399780273438,1869.699951171875,81.58000183105469,2.3500000000000085,90.18399780273438,1.08,3,Recovery,0,0,0
2021-11-18,54.82056427001953,96.44596862792969,62.13607406616211,28.766965866088867,102.77924346923828,,5.361166477203369,14.314409255981445,6.2867841720581055,77.72112274169922,441.5652770996094,78.92,82.45,4.95,17.59,37.68,0.08,0.52,1.59,2.73,115.0678,278.919,263.798,100.8654,67.4,,95.16699981689453,1861.0,74.51000213623047,3.530000000000001,90.21699981689453,1.07,3,Recovery,0,0,0
2021-11-19,52.28680419921875,94.3055419921875,59.47871017456055,27.339887619018555,99.9223861694336,,5.21724271774292,13.690471649169922,6.159348964691162,77.72112274169922,440.775634765625,76.11,80.24,4.9,17.91,37.13,0.08,0.52,1.54,2.65,115.2187,278.919,263.798,100.8654,67.4,,87.125,1851.199951171875,73.38999938964844,4.1299999999999955,82.225,1.02,3,Recovery,0,0,0
2021-11-22,53.01073455810547,95.99092102050781,61.42686462402344,28.175477981567383,98.59943389892578,,5.116497039794922,13.572916030883789,6.24430513381958,77.72112274169922,439.5347900390625,76.74,80.97,4.83,19.17,36.61,0.08,0.63,1.63,2.61,115.6481,278.919,263.798,100.8654,67.4,,84.01699829101562,1806.0,79.20999908447266,4.230000000000004,79.18699829101563,0.9999999999999999,3,Recovery,0,0,0
2021-11-23,54.40689468383789,98.00493621826172,63.04179000854492,29.968721389770508,100.51676940917969,,5.058927059173584,13.373980522155762,6.33634090423584,77.71263122558594,440.1175231933594,78.32,83.43,4.95,19.38,35.1,0.08,0.6,1.67,2.62,116.0118,278.919,263.798,100.8654,67.4,,90.927001953125,1783.5,80.56999969482422,5.110000000000014,85.977001953125,1.0699999999999998,3,Recovery,0,0,0
2021-11-24,54.70853042602539,98.75494384765625,63.9389762878418,30.0532169342041,104.35145568847656,,5.188457489013672,13.853236198425293,6.400059223175049,77.72112274169922,441.2926330566406,78.32,82.37,4.93,18.58,34.79,0.08,0.64,1.64,2.61,116.2711,278.919,263.798,100.8654,67.4,,93.98400115966797,1784.0999755859375,83.1500015258789,4.050000000000011,89.05400115966796,0.9999999999999999,3,Recovery,0,0,0
2021-11-26,52.78665542602539,96.49653625488281,61.07655715942383,27.884428024291992,102.47246551513672,,4.89341402053833,13.030362129211426,6.2584662437438965,77.71263122558594,431.4504089355469,,72.37,,28.62,65.72,0.08,0.5,1.48,2.55,116.5103,278.919,263.798,100.8654,67.4,,87.77200317382812,1785.300048828125,89.44999694824219,,,0.98,3,Recovery,1,0,0
2021-11-29,53.07968521118164,96.78303527832031,61.6490364074707,28.22241973876953,102.1944351196289,,4.771079063415527,12.73195743560791,6.095630645751953,77.72112274169922,436.7427978515625,69.88,73.34,4.9,22.96,63.34,0.08,0.51,1.52,2.54,116.581,278.919,263.798,100.8654,67.4,,93.14600372314453,1782.300048828125,89.41000366210938,3.460000000000008,88.24600372314453,1.01,3,Recovery,0,0,0
2021-11-30,51.571495056152344,95.1145248413086,59.92302322387695,27.837482452392578,100.47843933105469,,4.929394721984863,12.578229904174805,5.961117267608643,77.71263122558594,428.24481201171875,66.14,70.86,4.52,27.19,75.23,0.07,0.52,1.43,2.5,116.2071,278.919,263.798,100.8654,67.4,,92.51300048828125,1773.5999755859375,84.04000091552734,4.719999999999999,87.99300048828125,0.9099999999999999,3,Recovery,1,0,0
2021-12-01,51.52840805053711,94.46565246582031,59.12837600708008,27.18027687072754,97.57366180419922,,4.612761974334717,11.411739349365234,5.777044773101807,77.72112274169922,423.48828125,65.44,69.53,4.31,31.12,78.18,0.08,0.56,1.43,2.44,115.889,280.845,267.899,100.5726,70.6,,95.67500305175781,1781.5999755859375,82.97000122070312,4.090000000000003,91.36500305175781,0.8699999999999999,3,Recovery,1,0,0
2021-12-02,52.81251907348633,97.0274429321289,60.8885612487793,27.837482452392578,100.67975616455078,,4.92219877243042,11.639610290527344,5.890320301055908,77.72112274169922,429.9745788574219,66.6,70.56,4.08,27.95,57.27,0.08,0.63,1.44,2.47,116.018,280.845,267.899,100.5726,70.6,,94.83000183105469,1760.699951171875,82.55000305175781,3.960000000000008,90.75000183105469,0.8099999999999999,3,Recovery,0,0,0
2021-12-03,52.47640609741211,96.41226196289062,60.76040267944336,27.377439498901367,99.2321548461914,,4.756686210632324,10.664325714111328,5.826602935791016,77.71263122558594,426.2331237792969,66.39,70.71,3.79,30.67,64.55,0.08,0.6,1.35,2.43,116.2377,280.845,267.899,100.5726,70.6,,89.47799682617188,1782.0,79.13999938964844,4.319999999999993,85.68799682617187,0.7500000000000001,3,Recovery,0,0,0
2021-12-06,53.071067810058594,97.92066955566406,62.21296310424805,28.0158748626709,101.0152816772461,,4.958179473876953,11.265901565551758,5.79120397567749,77.71263122558594,431.28125,69.62,73.38,3.66,27.18,56.21,0.08,0.65,1.43,2.44,116.1538,280.845,267.899,100.5726,70.6,,89.9280014038086,1777.5,87.88999938964844,3.759999999999991,86.2680014038086,0.7799999999999999,3,Recovery,0,0,0
2021-12-07,53.66572189331055,99.3701171875,63.7168083190918,29.21762466430664,102.15609741210938,,5.224438667297363,11.976858139038086,5.918639183044434,77.71263122558594,440.2021179199219,71.94,75.54,3.6,21.89,48.15,0.08,0.7,1.48,2.47,115.8555,280.845,267.899,100.5726,70.6,,95.88300323486328,1782.5999755859375,88.13999938964844,3.6000000000000085,92.28300323486329,0.78,3,Recovery,0,0,0
2021-12-08,53.82084655761719,99.81671905517578,63.32374954223633,28.889020919799805,101.12074279785156,,5.332381248474121,12.487285614013672,6.031915187835693,77.72112274169922,441.3677978515625,72.43,75.94,3.79,19.9,45.22,0.08,0.68,1.52,2.52,115.4418,280.845,267.899,100.5726,70.6,,101.50199890136719,1783.4000244140625,80.29000091552734,3.509999999999991,97.71199890136718,0.84,3,Recovery,0,0,0
2021-12-09,53.958744049072266,99.55550384521484,61.990821838378906,28.40064811706543,97.94752502441406,,5.1093010902404785,12.405254364013672,6.067312240600586,77.71263122558594,438.3879699707031,70.87,74.1,3.67,21.58,47.43,0.08,0.7,1.49,2.47,115.7784,280.845,267.899,100.5726,70.6,,100.44499969482422,1774.5999755859375,79.54000091552734,3.2299999999999898,96.77499969482422,0.79,3,Recovery,0,0,0
2021-12-10,54.303466796875,99.7240219116211,62.794002532958984,28.898408889770508,98.78157043457031,,5.123692512512207,12.423482894897461,6.003593921661377,77.72112274169922,442.5146484375,71.71,74.98,3.65,18.69,46.23,0.08,0.67,1.48,2.44,115.5732,280.845,267.899,100.5726,70.6,,105.7760009765625,1782.9000244140625,74.36000061035156,3.2700000000000102,102.1260009765625,0.8099999999999999,3,Recovery,0,0,0
2021-12-13,53.11415481567383,97.6510009765625,60.68349838256836,27.45208168029785,98.12008666992188,,4.929394721984863,11.466428756713867,5.826602935791016,77.72112274169922,438.5946960449219,71.19,74.12,4.05,20.31,45.88,0.08,0.66,1.42,2.4,115.842,280.845,267.899,100.5726,70.6,,116.08399963378906,1786.300048828125,76.41000366210938,2.930000000000007,112.03399963378907,0.7599999999999999,3,Recovery,0,0,0
2021-12-14,53.03659439086914,97.9375228881836,60.39299011230469,26.99188232421875,97.86125183105469,,4.756686210632324,11.338821411132812,5.840761661529541,77.72112274169922,435.5771789550781,70.57,73.37,3.71,21.89,54.76,0.08,0.67,1.44,2.37,116.2397,280.845,267.899,100.5726,70.6,,128.30099487304688,1770.4000244140625,78.9800033569336,2.8000000000000114,124.59099487304688,0.7699999999999999,3,Recovery,0,0,0
2021-12-15,52.80390167236328,97.38136291503906,60.418601989746094,26.78527069091797,97.25727844238281,,4.763882160186768,11.903939247131348,5.918639183044434,77.72112274169922,442.3830871582031,70.89,73.71,3.79,19.29,56.53,0.08,0.69,1.47,2.39,116.4219,280.845,267.899,100.5726,70.6,,132.28399658203125,1762.5999755859375,74.05999755859375,2.819999999999993,128.49399658203126,0.78,3,Recovery,0,0,0
2021-12-16,52.89008331298828,98.29145050048828,61.264522552490234,26.653779983520508,96.69166564941406,,4.835844039916992,11.311476707458496,6.010674476623535,77.71263122558594,438.48193359375,72.34,74.64,3.67,20.57,49.97,0.08,0.64,1.44,2.42,115.7146,280.845,267.899,100.5726,70.6,,142.76499938964844,1796.5999755859375,69.0999984741211,2.299999999999997,139.09499938964845,0.7999999999999999,3,Recovery,0,0,0
2021-12-17,51.73524475097656,95.72968292236328,58.6242561340332,26.334463119506836,96.2602767944336,,4.814255714416504,11.366167068481445,5.911559104919434,77.72112274169922,433.815185546875,70.93,72.97,3.71,21.57,48.31,0.08,0.66,1.41,2.38,115.791,280.845,267.899,100.5726,70.6,,136.91299438476562,1803.800048828125,72.45999908447266,2.039999999999992,133.20299438476562,0.7499999999999999,3,Recovery,0,0,0
2021-12-20,50.98544692993164,95.77183532714844,58.61570739746094,25.33893585205078,96.94094848632812,,4.907807350158691,11.220329284667969,5.840761661529541,77.71263122558594,429.2022705078125,68.69,70.51,3.91,22.87,60.24,0.08,0.65,1.43,2.39,116.0092,280.845,267.899,100.5726,70.6,,146.92599487304688,1793.699951171875,77.0199966430664,1.8200000000000074,143.01599487304688,0.7799999999999999,3,Recovery,0,0,0
2021-12-21,52.140296936035156,97.30551147460938,60.39299011230469,26.860403060913086,101.20701599121094,,4.915002822875977,11.885708808898926,5.79120397567749,77.7041244506836,436.82452392578125,71.1,72.85,3.96,21.01,52.31,0.08,0.7,1.48,2.44,116.1089,280.845,267.899,100.5726,70.6,,180.26699829101562,1787.9000244140625,79.5199966430664,1.75,176.30699829101562,0.78,3,Recovery,0,0,0
2021-12-22,52.56259536743164,97.86168670654297,60.73476028442383,27.160934448242188,99.39512634277344,,5.116497039794922,12.241188049316406,5.812443256378174,77.7041244506836,441.19207763671875,72.82,74.69,3.95,18.63,46.0,0.08,0.68,1.46,2.47,115.7485,280.845,267.899,100.5726,70.6,,172.875,1801.5999755859375,76.8499984741211,1.8700000000000045,168.925,0.7799999999999999,3,Recovery,0,0,0
2021-12-23,52.58843231201172,98.09764099121094,60.8287467956543,27.09519386291504,99.65396118164062,,5.094907760620117,12.06800651550293,5.819522857666016,77.7041244506836,443.9372253417969,73.89,76.26,3.56,17.96,43.71,0.08,0.71,1.5,2.47,115.5337,280.845,267.899,100.5726,70.6,,132.57899475097656,1811.199951171875,77.29000091552734,2.3700000000000045,129.01899475097656,0.79,3,Recovery,0,0,0
2021-12-27,53.338218688964844,100.10324096679688,62.55474853515625,27.837141036987305,99.15545654296875,,5.0805158615112305,11.703413009643555,5.876160144805908,77.71263122558594,450.2198791503906,75.49,,3.45,17.68,43.58,0.08,0.76,1.48,2.5,115.4684,280.845,267.899,100.5726,70.6,,106.89299774169922,1808.0999755859375,80.12000274658203,,103.44299774169922,0.72,3,Recovery,0,0,0
2021-12-28,53.16586685180664,99.90943145751953,62.477848052978516,27.686874389648438,99.51016235351562,,5.166869163513184,11.949512481689453,5.854922294616699,77.7041244506836,449.8520202636719,76.01,,3.32,17.54,41.23,0.08,0.74,1.49,2.5,115.4192,280.845,267.899,100.5726,70.6,,106.58999633789062,1810.199951171875,77.5199966430664,,103.26999633789063,0.75,3,Recovery,0,0,0
2021-12-29,52.700477600097656,99.39537811279297,62.30696105957031,27.480260848999023,99.17462158203125,,5.022945880889893,11.63049602508545,5.769964694976807,77.7041244506836,450.427490234375,76.58,78.63,3.4,16.95,40.24,0.08,0.75,1.55,2.53,115.3678,280.845,267.899,100.5726,70.6,,96.47599792480469,1805.0999755859375,78.0,2.049999999999997,93.07599792480468,0.8,3,Recovery,0,0,0
2021-12-30,52.39022445678711,98.95719146728516,61.760101318359375,27.207895278930664,97.13265228271484,,5.073319435119629,11.484659194946289,5.777044773101807,77.71263122558594,449.1822509765625,76.83,78.61,3.82,17.33,40.2,0.08,0.73,1.52,2.58,115.283,280.845,267.899,100.5726,70.6,,87.0270004272461,1812.699951171875,77.62000274658203,1.7800000000000011,83.2070004272461,0.79,3,Recovery,0,0,0
2021-12-31,52.734947204589844,98.88976287841797,61.84578323364258,27.2266788482666,97.228515625,,5.087711811065674,11.676069259643555,5.826602935791016,77.71263122558594,448.0502624511719,75.33,77.24,3.82,17.22,42.62,0.07,0.73,1.52,2.56,,280.845,267.899,100.5726,70.6,,70.34300231933594,1827.5,77.0999984741211,1.9099999999999966,66.52300231933594,0.79,3,Recovery,0,0,0
2022-01-03,54.76023483276367,100.49931335449219,63.208168029785156,29.170764923095703,98.25430297851562,,5.447521209716797,12.715158462524414,6.166429042816162,77.7041244506836,450.6444396972656,75.99,78.25,3.74,16.6,37.57,0.08,0.78,1.63,2.6,115.4101,280.845,267.899,100.5726,70.6,,80.43399810791016,1799.4000244140625,84.08000183105469,2.260000000000005,76.69399810791016,0.8499999999999999,3,Recovery,0,0,0
2022-01-04,56.81998825073242,102.32796478271484,65.94999694824219,31.34964942932129,100.41130828857422,,5.361166477203369,12.578435897827148,6.3151021003723145,77.71263122558594,450.4934997558594,77.0,79.39,3.73,16.91,39.48,0.08,0.77,1.66,2.57,115.3103,280.845,267.899,100.5726,70.6,,88.74099731445312,1814.0,83.11000061035156,2.3900000000000006,85.01099731445312,0.8899999999999999,3,Recovery,0,0,0
2022-01-05,57.52668762207031,102.99366760253906,64.8189926147461,29.875150680541992,100.90023803710938,,5.231636047363281,11.84013557434082,6.237226486206055,77.71263122558594,441.84307861328125,77.83,80.6,3.78,19.73,44.49,0.08,0.83,1.71,2.53,115.137,280.845,267.899,100.5726,70.6,,91.52200317382812,1824.5999755859375,78.68000030517578,2.769999999999996,87.74200317382812,0.88,3,Recovery,0,0,0
2022-01-06,58.87974548339844,103.87007904052734,67.25236511230469,30.767366409301758,105.0321273803711,,5.289205551147461,11.694296836853027,6.428377628326416,77.71263122558594,441.4279479980469,79.47,81.99,3.94,19.61,36.86,0.08,0.88,1.73,2.46,115.4046,280.845,267.899,100.5726,70.6,,96.50199890136719,1788.699951171875,77.7300033569336,2.519999999999996,92.56199890136719,0.85,3,Recovery,0,0,0
2022-01-07,59.36237335205078,105.36162567138672,69.09455871582031,31.18999481201172,104.03509521484375,,5.382755279541016,11.967742919921875,6.541652679443359,77.71263122558594,439.6827697753906,79.0,82.28,3.83,18.76,37.0,0.08,0.87,1.76,2.48,115.0451,280.845,267.899,100.5726,70.6,,88.17400360107422,1797.0,74.69000244140625,3.280000000000001,84.34400360107422,0.89,3,Recovery,0,0,0
2022-01-10,59.00901794433594,105.4290542602539,69.42870330810547,30.410478591918945,103.48865509033203,,5.346774578094482,11.712529182434082,6.456697463989258,77.7041244506836,439.1356506347656,78.11,81.56,4.16,19.4,37.65,0.08,0.92,1.78,2.48,115.2216,280.845,267.899,100.5726,70.6,,84.60700225830078,1798.4000244140625,78.12000274658203,3.450000000000003,80.44700225830078,0.86,3,Recovery,0,0,0
2022-01-11,61.491065979003906,107.83914184570312,71.62220764160156,32.5893669128418,106.5755844116211,,5.591444969177246,12.18649959564209,6.605371952056885,77.69563293457031,443.1354064941406,81.17,84.98,4.16,18.41,34.31,0.08,0.9,1.75,2.54,114.8332,280.845,267.899,100.5726,70.6,,78.73600006103516,1818.5999755859375,77.8499984741211,3.8100000000000023,74.57600006103516,0.85,3,Recovery,0,0,0
2022-01-12,61.310081481933594,107.2998275756836,72.31621551513672,32.63633346557617,109.57621002197266,,5.627425670623779,12.131810188293457,6.81776237487793,77.7041244506836,444.3334655761719,82.51,85.83,4.62,17.62,34.39,0.08,0.92,1.74,2.48,114.355,280.845,267.899,100.5726,70.6,,75.15299987792969,1827.199951171875,74.55000305175781,3.319999999999993,70.53299987792968,0.82,3,Recovery,0,0,0
2022-01-13,60.87055587768555,106.85318756103516,71.64791107177734,32.07281494140625,108.05193328857422,,5.483502388000488,11.730758666992188,6.6832475662231445,77.71263122558594,438.211181640625,81.97,85.8,4.78,20.31,37.11,0.08,0.91,1.7,2.43,114.177,280.845,267.899,100.5726,70.6,,85.45999908447266,1821.199951171875,72.56999969482422,3.8299999999999983,80.67999908447266,0.7899999999999999,3,Recovery,0,0,0
2022-01-14,61.93922424316406,108.67342376708984,74.32119750976562,33.350093841552734,108.32994079589844,,5.433128833770752,11.858366966247559,6.7894439697265625,77.71263122558594,438.390380859375,83.82,87.17,4.37,19.19,41.18,0.08,0.99,1.78,2.44,114.3825,280.845,267.899,100.5726,70.6,,86.97000122070312,1816.5,76.58999633789062,3.3500000000000085,82.60000122070312,0.79,3,Recovery,0,0,0
2022-01-18,62.98204040527344,109.02734375,74.98095703125,33.838470458984375,107.67804718017578,,5.210046291351318,11.347935676574707,6.8673200607299805,77.69563293457031,430.62677001953125,85.42,88.83,4.55,22.79,42.28,0.08,1.06,1.87,2.46,114.7373,280.845,267.899,100.5726,70.6,,78.33399963378906,1812.300048828125,84.62999725341797,3.4099999999999966,73.78399963378907,0.81,3,Recovery,0,0,0
2022-01-19,63.007869720458984,108.63127899169922,74.78386688232422,33.650630950927734,103.85294342041016,,5.094907760620117,11.393509864807129,6.7894439697265625,77.71263122558594,426.1552734375,86.84,89.64,4.89,23.85,42.75,0.08,1.04,1.83,2.4,114.6109,280.845,267.899,100.5726,70.6,,75.60199737548828,1843.0999755859375,80.13999938964844,2.799999999999997,70.71199737548828,0.79,3,Recovery,0,0,0
2022-01-20,63.14577102661133,108.24364471435547,73.37010955810547,32.82415771484375,101.89727783203125,,4.900610446929932,11.493775367736816,6.746962547302246,77.71263122558594,421.43853759765625,86.29,89.75,4.45,25.59,41.15,0.08,1.08,1.83,2.33,114.4642,280.845,267.899,100.5726,70.6,,75.2030029296875,1842.5,80.95999908447266,3.4599999999999937,70.7530029296875,0.75,3,Recovery,0,0,0
2022-01-21,62.197757720947266,106.94590759277344,70.87675476074219,31.6971492767334,100.22917175292969,,4.677528381347656,10.746357917785645,6.492094039916992,77.7041244506836,413.1654357910156,85.16,89.75,4.11,28.85,42.57,0.08,1.01,1.75,2.34,114.6125,280.845,267.899,100.5726,70.6,,78.9800033569336,1831.800048828125,81.02999877929688,4.590000000000003,74.8700033569336,0.74,3,Recovery,0,0,0
2022-01-24,62.73211669921875,107.17343139648438,71.13377380371094,31.941329956054688,100.78519439697266,,4.627155303955078,10.855735778808594,6.499175071716309,77.71263122558594,414.9200439453125,84.48,87.74,4.2,29.9,47.84,0.08,0.99,1.75,2.38,115.2034,280.845,267.899,100.5726,70.6,,93.0,1841.699951171875,83.7699966430664,3.259999999999991,88.8,0.76,3,Recovery,0,0,0
2022-01-25,64.57640838623047,111.73236846923828,74.63821411132812,34.5334587097168,105.33889770507812,,4.720705032348633,11.484659194946289,6.577052593231201,77.69563293457031,409.85430908203125,86.61,89.49,4.24,31.16,47.63,0.08,1.02,1.78,2.41,115.1654,280.845,267.899,100.5726,70.6,,93.58200073242188,1852.699951171875,84.56999969482422,2.8799999999999955,89.34200073242188,0.76,3,Recovery,0,0,0
2022-01-26,63.92142105102539,111.81664276123047,74.59538269042969,34.80582046508789,105.70319366455078,,4.684724807739258,11.539345741271973,6.860240936279297,77.7041244506836,408.8260498046875,88.33,91.22,4.43,31.96,45.67,0.08,1.13,1.85,2.38,115.0922,280.845,267.899,100.5726,70.6,,91.83699798583984,1829.9000244140625,85.75,2.8900000000000006,87.40699798583984,0.7200000000000002,3,Recovery,0,1,0
2022-01-27,64.74014282226562,114.07506561279297,76.82315063476562,34.993648529052734,105.6073226928711,,4.742293834686279,12.259416580200195,6.796522617340088,77.71263122558594,406.8072509765625,87.61,90.7,4.43,30.49,46.9,0.08,1.18,1.81,2.4,115.978,280.845,267.899,100.5726,70.6,,92.3010025024414,1793.300048828125,85.62000274658203,3.0900000000000034,87.8710025024414,0.6300000000000001,3,Recovery,0,0,0
2022-01-28,64.8780517578125,110.0638656616211,76.44612884521484,35.2848014831543,108.19574737548828,,4.771079063415527,12.387024879455566,6.725724220275879,77.69563293457031,416.9105224609375,87.67,91.47,5.69,27.66,47.74,0.08,1.15,1.78,2.44,116.0393,280.845,267.899,100.5726,70.6,,92.06199645996094,1784.9000244140625,85.29000091552734,3.799999999999997,86.37199645996094,0.6300000000000001,3,Recovery,0,0,0
2022-01-31,65.46407318115234,110.67058563232422,75.9320297241211,35.37871170043945,107.2754135131836,,4.727901935577393,12.405254364013672,6.775283336639404,77.71263122558594,424.4195556640625,89.16,92.35,5.56,24.83,42.35,0.08,1.18,1.79,2.44,115.566,280.845,267.899,100.5726,70.6,,84.6719970703125,1795.0,85.13999938964844,3.1899999999999977,79.1119970703125,0.6100000000000001,3,Recovery,0,0,0
2022-02-01,69.66117095947266,113.5863037109375,78.43397521972656,36.900184631347656,110.29523468017578,,4.89341402053833,13.28027629852295,6.938118934631348,77.7041244506836,427.2872619628906,88.22,90.24,5.45,21.96,41.31,0.08,1.18,1.81,2.43,115.3685,284.5,275.322,100.8064,62.8,,76.16699981689453,1800.300048828125,85.22000122070312,2.019999999999996,70.71699981689453,0.6300000000000001,3,Recovery,0,0,0
2022-02-02,69.48017883300781,114.1087646484375,79.00804138183594,37.21010971069336,112.29885864257812,,4.958179473876953,13.061521530151367,7.051393985748291,77.71263122558594,431.43798828125,88.16,91.43,6.7,22.09,41.86,0.08,1.16,1.78,2.41,115.1538,284.5,275.322,100.8064,62.8,,77.35099792480469,1809.199951171875,84.8499984741211,3.2700000000000102,70.65099792480468,0.6200000000000001,3,Recovery,0,0,0
2022-02-03,68.6700668334961,113.08910369873047,77.85989379882812,37.56698989868164,110.141845703125,,4.763882160186768,12.642239570617676,7.249624729156494,77.71263122558594,421.2970275878906,90.17,92.99,5.84,24.35,42.15,0.08,1.19,1.82,2.38,114.9065,284.5,275.322,100.8064,62.8,,80.2229995727539,1803.0,85.73999786376953,2.819999999999993,74.3829995727539,0.6300000000000001,3,Recovery,0,0,0
2022-02-04,70.16101837158203,114.50482940673828,78.71670532226562,38.31833267211914,109.65149688720703,,4.9797682762146,12.687813758850098,7.249624729156494,77.69563293457031,423.278076171875,92.27,96.86,5.34,23.22,43.88,0.08,1.31,1.93,2.41,115.1362,284.5,275.322,100.8064,62.8,,82.6520004272461,1806.5999755859375,87.68000030517578,4.590000000000003,77.31200042724609,0.6199999999999999,3,Recovery,0,0,0
2022-02-07,71.0055923461914,116.75481414794922,79.63353729248047,38.50617218017578,112.00701141357422,,5.123692512512207,13.307621002197266,7.152385711669922,77.69563293457031,421.9196472167969,91.25,97.28,4.44,22.86,43.34,0.08,1.3,1.92,2.4,115.0098,284.5,275.322,100.8064,62.8,,79.59500122070312,1820.5999755859375,87.44000244140625,6.030000000000001,75.15500122070313,0.6199999999999999,3,Recovery,0,0,0
2022-02-08,69.16993713378906,114.97671508789062,78.25404357910156,36.95653533935547,110.35332489013672,,5.1093010902404785,13.16178035736084,7.181197166442871,77.7041244506836,425.3911437988281,89.32,96.07,4.3,21.44,41.26,0.08,1.35,1.96,2.42,115.0892,284.5,275.322,100.8064,62.8,,77.30000305175781,1826.5999755859375,82.72000122070312,6.75,73.00000305175782,0.6099999999999999,3,Recovery,0,0,0
2022-02-09,68.83879089355469,116.11437225341797,79.64208221435547,37.848751068115234,111.47823333740234,,5.188457489013672,13.334964752197266,7.1884002685546875,77.69563293457031,431.6171875,89.57,94.95,4.13,19.96,39.4,0.08,1.36,1.94,2.42,114.8232,284.5,275.322,100.8064,62.8,,74.41699981689453,1835.199951171875,81.76000213623047,5.38000000000001,70.28699981689454,0.5799999999999998,3,Recovery,0,0,0
2022-02-10,68.17655181884766,114.6396484375,78.7509994506836,38.205631256103516,111.37247467041016,,5.310793876647949,13.799819946289062,7.202805995941162,77.69563293457031,423.86297607421875,89.83,96.37,4.03,23.91,43.81,0.08,1.61,2.03,2.45,114.5527,284.5,275.322,100.8064,62.8,,74.35299682617188,1836.199951171875,88.5199966430664,6.540000000000006,70.32299682617187,0.4199999999999997,3,Recovery,0,0,0
2022-02-11,69.89315032958984,116.97389221191406,80.53352355957031,40.36573028564453,115.60276794433594,,5.476306438446045,14.209985733032227,7.4188923835754395,77.69563293457031,415.5049133300781,93.1,97.5,4.04,27.36,47.44,0.08,1.5,1.92,2.43,114.8413,284.5,275.322,100.8064,62.8,,77.4260025024414,1840.800048828125,94.02999877929688,4.400000000000006,73.3860025024414,0.41999999999999993,3,Recovery,0,0,0
2022-02-14,68.82138061523438,115.17053985595703,78.83712768554688,38.72217559814453,112.3819808959961,,5.411540508270264,13.936541557312012,7.274835586547852,77.68712615966797,414.14654541015625,95.52,101.66,4.05,28.33,48.83,0.08,1.58,1.98,2.48,115.1946,284.5,275.322,100.8064,62.8,,80.77100372314453,1868.0,102.27999877929688,6.140000000000001,76.72100372314453,0.3999999999999999,3,Recovery,0,0,0
2022-02-15,67.95870208740234,114.32752227783203,77.22677612304688,37.426116943359375,109.59382629394531,,5.4619140625,14.483430862426758,7.325254917144775,77.7041244506836,420.82537841796875,92.07,98.43,4.31,25.7,48.36,0.08,1.58,2.05,2.48,114.93,284.5,275.322,100.8064,62.8,,70.91899871826172,1854.800048828125,94.0,6.360000000000014,66.60899871826172,0.46999999999999975,3,Recovery,0,0,0
2022-02-16,68.27238464355469,114.3615951538086,77.68317413330078,37.23828887939453,110.45911407470703,,5.54107141494751,14.838908195495605,7.296442031860352,77.7041244506836,421.2970275878906,93.83,97.44,4.39,24.29,49.38,0.08,1.52,2.03,2.46,114.6886,284.5,275.322,100.8064,62.8,,69.79499816894531,1870.199951171875,92.73999786376953,3.6099999999999994,65.40499816894531,0.5099999999999998,3,Recovery,0,0,0
2022-02-17,68.16783142089844,113.77401733398438,78.50126647949219,37.43551254272461,111.41094207763672,,5.922470569610596,14.838908195495605,7.361268043518066,77.69563293457031,412.2975158691406,91.78,95.28,4.57,28.11,53.14,0.08,1.49,1.97,2.43,114.6755,284.5,275.322,100.8064,62.8,,74.91400146484375,1900.699951171875,96.16999816894531,3.5,70.34400146484376,0.48,3,Recovery,0,0,0
2022-02-18,67.40974426269531,113.61223602294922,77.18372344970703,37.15375900268555,111.5455322265625,,5.800134658813477,14.30113410949707,7.238821029663086,77.7041244506836,409.6279296875,91.26,96.18,4.61,27.75,52.01,0.08,1.47,1.92,2.41,114.7982,284.5,275.322,100.8064,62.8,,73.76200103759766,1898.5999755859375,94.36000061035156,4.920000000000002,69.15200103759766,0.44999999999999996,3,Recovery,0,0,0
2022-02-22,66.62550354003906,112.7436752319336,75.6336898803711,35.98918914794922,111.2571029663086,,6.087982654571533,14.838908195495605,7.0299391746521,77.7041244506836,405.23187255859375,92.11,98.73,4.48,28.81,50.11,0.08,1.56,1.94,2.45,114.7002,284.5,275.322,100.8064,62.8,,79.78900146484375,1906.0999755859375,95.54000091552734,6.6200000000000045,75.30900146484375,0.3799999999999999,3,Recovery,0,0,0
2022-02-23,66.89561462402344,115.42604064941406,75.97813415527344,36.336673736572266,114.33368682861328,,6.123964309692383,14.456088066101074,7.044344425201416,77.69563293457031,398.0436096191406,92.14,99.29,4.59,31.02,50.51,0.08,1.58,1.99,2.53,114.6668,284.5,275.322,100.8064,62.8,,88.89099884033203,1909.199951171875,95.1500015258789,7.150000000000006,84.30099884033203,0.4099999999999999,3,Recovery,0,0,0
2022-02-24,66.0503921508789,114.82994842529297,75.5475845336914,36.55268859863281,123.06350708007812,,6.462184429168701,15.586320877075195,6.986721992492676,77.69563293457031,404.03387451171875,92.77,101.29,4.78,30.32,49.04,0.08,1.54,1.96,2.55,115.9419,284.5,275.322,100.8064,62.8,,134.3159942626953,1925.0999755859375,100.75,8.52000000000001,129.5359942626953,0.41999999999999993,4,Russia-Ukraine,0,0,1
2022-02-25,67.82798767089844,119.53897094726562,78.59599304199219,36.38364028930664,124.2652816772461,,6.5197553634643555,15.713929176330566,7.051547527313232,77.69563293457031,412.94842529296875,91.68,98.56,4.63,27.59,49.5,0.08,1.55,1.97,2.54,115.2577,284.5,275.322,100.8064,62.8,,94.4219970703125,1886.5,93.33999633789062,6.8799999999999955,89.7919970703125,0.41999999999999993,4,Russia-Ukraine,0,0,1
2022-02-28,68.33338928222656,122.62153625488281,81.6874771118164,41.07011413574219,127.77455139160156,,6.771620750427246,15.850651741027832,7.303647041320801,77.69563293457031,411.8919372558594,96.13,103.08,4.46,30.15,52.5,0.08,1.44,1.83,2.62,115.2224,284.5,275.322,100.8064,62.8,,98.59500122070312,1899.4000244140625,100.4000015258789,6.950000000000003,94.13500122070313,0.3900000000000001,4,Russia-Ukraine,0,0,1
2022-03-01,68.9869155883789,127.4923324584961,83.49586486816406,43.943992614746094,124.23645782470703,,6.857975959777832,16.21735191345215,7.505323886871338,77.71435546875,405.61865234375,103.66,110.93,4.36,33.32,61.43,0.08,1.31,1.72,2.62,115.7962,287.674,303.099,101.3907,59.4,,121.67400360107422,1942.4000244140625,118.26000213623047,7.27000000000001,117.31400360107422,0.4099999999999999,4,Russia-Ukraine,0,1,1
2022-03-02,70.17200469970703,131.256103515625,84.42591094970703,45.427886962890625,128.3129425048828,,6.59171724319458,16.1623477935791,7.55574369430542,77.71435546875,413.08056640625,110.74,118.94,4.65,30.74,61.53,0.08,1.5,1.86,2.71,115.7623,287.674,303.099,101.3907,59.4,,165.54299926757812,1920.9000244140625,110.27999877929688,8.200000000000003,160.89299926757812,0.3600000000000001,4,Russia-Ukraine,0,0,1
2022-03-03,70.61640930175781,133.02732849121094,83.88338470458984,44.84560012817383,128.4571533203125,,6.562931060791016,17.088268280029297,7.469311714172363,77.72283935546875,411.0240173339844,107.69,115.36,4.63,30.48,64.37,0.08,1.53,1.86,2.69,115.9495,287.674,303.099,101.3907,59.4,,160.822998046875,1934.4000244140625,115.18000030517578,7.670000000000002,156.192998046875,0.33000000000000007,4,Russia-Ukraine,1,0,1
2022-03-04,73.27409362792969,135.0965576171875,86.3462142944336,52.73466873168945,134.2449951171875,,6.793209552764893,17.46413230895996,7.51252555847168,77.72283935546875,407.6846008300781,115.77,123.86,4.74,31.98,77.29,0.08,1.5,1.74,2.67,116.6503,287.674,303.099,101.3907,59.4,,192.5500030517578,1965.0999755859375,131.82000732421875,8.090000000000003,187.8100030517578,0.24,4,Russia-Ukraine,1,1,1
2022-03-07,75.91437530517578,137.98324584960938,87.20734405517578,52.011505126953125,133.6488800048828,,7.43367338180542,17.069936752319336,7.447701930999756,77.72283935546875,395.6664123535156,119.26,129.02,4.93,36.45,78.91,0.08,1.55,1.78,2.77,117.3278,287.674,303.099,101.3907,59.4,,227.2010040283203,1993.9000244140625,140.02999877929688,9.760000000000005,222.2710040283203,0.22999999999999998,4,Russia-Ukraine,1,1,1
2022-03-08,76.48948669433594,145.21282958984375,85.0803451538086,51.27894592285156,129.04360961914062,,6.757229328155518,17.106599807739258,7.505323886871338,77.72283935546875,392.66656494140625,123.64,133.18,4.61,35.13,75.82,0.08,1.63,1.86,2.9,117.6176,287.674,303.099,101.3907,59.4,,214.5540008544922,2040.0999755859375,133.3699951171875,9.540000000000006,209.94400085449217,0.2300000000000002,4,Russia-Ukraine,1,1,1
2022-03-09,72.14131164550781,141.58526611328125,82.85000610351562,54.13143539428711,128.851318359375,,6.332653999328613,16.68489646911621,7.332457065582275,77.72283935546875,403.19427490234375,108.81,116.58,4.55,32.45,73.25,0.08,1.68,1.94,2.84,116.5961,287.674,303.099,101.3907,59.4,,155.8800048828125,1985.9000244140625,110.9000015258789,7.769999999999996,151.3300048828125,0.26,4,Russia-Ukraine,1,1,1
2022-03-10,74.3807601928711,145.4597930908203,85.87258911132812,54.72452926635742,127.46688079833984,,6.267887115478516,16.84074592590332,7.426095485687256,77.72283935546875,401.3736267089844,105.93,114.54,4.65,30.23,67.34,0.08,1.72,1.98,2.86,116.7401,287.674,303.099,101.3907,59.4,,126.39900207519531,1998.0999755859375,105.30999755859375,8.61,121.7490020751953,0.26,4,Russia-Ukraine,1,0,1
2022-03-11,73.99732971191406,145.52792358398438,84.74449920654297,54.55506896972656,124.46721649169922,,5.958451271057129,16.574886322021484,7.274835586547852,77.71435546875,396.2701416015625,109.31,118.11,4.79,30.75,68.01,0.08,1.75,2.0,2.94,117.0192,287.674,303.099,101.3907,59.4,,131.22900390625,1982.699951171875,99.02999877929688,8.799999999999997,126.43900390625,0.25,4,Russia-Ukraine,1,0,1
2022-03-14,71.34837341308594,141.96844482421875,83.14279174804688,52.33332824707031,123.53462219238281,,5.78574275970459,15.548126220703125,7.07315731048584,77.72283935546875,393.37408447265625,103.22,110.39,4.59,31.77,65.42,0.08,1.87,2.14,2.93,117.1506,287.674,303.099,101.3907,59.4,,114.52200317382812,1959.5999755859375,105.08000183105469,7.170000000000002,109.93200317382812,0.27,4,Russia-Ukraine,1,0,1
2022-03-15,67.28775787353516,134.781494140625,81.8510971069336,51.33543014526367,121.67903137207031,,5.908078670501709,16.02483367919922,7.022737503051758,77.70582580566406,402.0245361328125,96.42,105.14,4.46,29.83,63.62,0.08,1.85,2.15,2.84,117.246,287.674,303.099,101.3907,59.4,,115.43900299072266,1928.5,101.02999877929688,8.719999999999999,110.97900299072266,0.2999999999999998,4,Russia-Ukraine,0,0,1
2022-03-16,67.03504943847656,134.29611206054688,81.65302276611328,49.885658264160156,121.0252456665039,,6.08078670501709,16.107343673706055,7.08756160736084,77.72283935546875,410.9391174316406,94.85,104.61,4.68,26.67,59.35,0.08,1.95,2.19,2.8,116.8073,287.674,303.099,101.3907,59.4,,102.62300109863281,1908.0,100.56999969482422,9.760000000000005,97.9430010986328,0.24,4,Russia-Ukraine,0,0,1
2022-03-17,68.82138061523438,136.6208038330078,85.1061782836914,54.61155700683594,123.34232330322266,,6.195926189422607,16.68489646911621,7.130777835845947,77.72283935546875,416.0803527832031,102.97,113.5,4.8,25.67,67.78,0.33,1.94,2.2,2.91,116.0467,287.674,303.099,101.3907,59.4,,105.08799743652344,1942.0999755859375,91.76000213623047,10.530000000000001,100.28799743652344,0.26000000000000023,4,Russia-Ukraine,1,0,1
2022-03-18,68.5512466430664,137.7192840576172,85.7692642211914,52.945255279541016,126.77466583251953,,6.2462992668151855,17.629152297973633,7.051547527313232,77.71435546875,420.6375427246094,104.69,114.32,4.87,23.87,69.09,0.33,1.97,2.14,2.86,116.1378,287.674,303.099,101.3907,59.4,,105.04399871826172,1928.199951171875,91.7699966430664,9.629999999999995,100.17399871826171,0.17000000000000015,4,Russia-Ukraine,1,0,1
2022-03-21,71.627197265625,140.19725036621094,88.49044799804688,57.388736724853516,130.5626983642578,,6.131160736083984,18.22504425048828,7.130777835845947,77.71435546875,420.5145568847656,112.14,122.29,4.77,23.53,70.78,0.33,2.14,2.32,2.9,115.9398,287.674,303.099,101.3907,59.4,,96.302001953125,1928.5999755859375,101.94000244140625,10.150000000000006,91.532001953125,0.17999999999999972,4,Russia-Ukraine,1,0,1
2022-03-22,71.31351470947266,139.72889709472656,87.63793182373047,56.14606857299805,129.11094665527344,,6.123964309692383,18.142536163330078,7.346861839294434,77.71435546875,425.4352111816406,111.03,121.53,5.0,22.94,69.56,0.33,2.18,2.38,2.91,116.0824,287.674,303.099,101.3907,59.4,,98.74700164794922,1920.699951171875,105.37999725341797,10.5,93.74700164794922,0.19999999999999973,4,Russia-Ukraine,1,0,1
2022-03-23,72.43759155273438,141.23614501953125,89.87687683105469,56.33435821533203,134.57186889648438,,6.131160736083984,18.729257583618164,7.267632007598877,77.7313232421875,419.9563293457031,114.89,127.52,5.26,23.57,72.59,0.33,2.13,2.32,2.94,116.005,287.674,303.099,101.3907,59.4,,117.0009994506836,1936.5999755859375,105.72000122070312,12.629999999999995,111.74099945068359,0.18999999999999995,4,Russia-Ukraine,1,0,1
2022-03-24,72.65542602539062,141.6107940673828,90.02328491210938,54.36678695678711,136.1101837158203,,5.9512553215026855,18.325883865356445,7.382876873016357,77.7313232421875,426.286865234375,114.2,123.98,5.19,21.67,69.14,0.33,2.13,2.34,2.92,115.9599,287.674,303.099,101.3907,59.4,,111.60800170898438,1961.5999755859375,113.13999938964844,9.780000000000001,106.41800170898438,0.20999999999999996,4,Russia-Ukraine,1,0,1
2022-03-25,74.24132537841797,144.1739501953125,92.5722427368164,55.27055358886719,143.5420379638672,,6.275084495544434,18.921772003173828,7.613366603851318,77.71435546875,428.36865234375,116.2,122.67,5.51,20.81,68.91,0.33,2.3,2.48,2.95,115.7921,287.674,303.099,101.3907,59.4,,101.26899719238281,1953.800048828125,125.2699966430664,6.469999999999999,95.75899719238281,0.18000000000000016,4,Russia-Ukraine,1,0,1
2022-03-28,72.15875244140625,141.65341186523438,89.12770080566406,53.32182312011719,134.74493408203125,,6.0735907554626465,18.665082931518555,7.836652755737305,77.71435546875,431.4156799316406,107.55,114.5,5.52,19.63,67.04,0.33,2.35,2.46,2.95,116.1911,287.674,303.099,101.3907,59.4,,102.54499816894531,1939.5999755859375,129.27999877929688,6.950000000000003,97.02499816894532,0.10999999999999988,4,Russia-Ukraine,1,0,1
2022-03-29,71.77532958984375,139.9247589111328,86.7078857421875,53.46303939819336,133.2450714111328,,6.008824348449707,18.380884170532227,7.959099769592285,77.71435546875,436.752685546875,104.25,112.79,5.32,18.9,62.46,0.33,2.35,2.41,2.86,115.5679,287.674,303.099,101.3907,59.4,,108.38099670410156,1912.0,117.91999816894531,8.540000000000006,103.06099670410157,0.06000000000000005,4,Russia-Ukraine,0,0,1
2022-03-30,73.00397491455078,140.91259765625,87.3211441040039,54.112606048583984,135.8313446044922,,6.303868770599365,19.06845474243164,8.304835319519043,77.7313232421875,434.0557861328125,107.81,115.59,5.32,19.33,61.04,0.33,2.31,2.35,2.86,115.0818,287.674,303.099,101.3907,59.4,,118.97000122070312,1933.5,112.9800033569336,7.780000000000001,113.65000122070313,0.040000000000000036,4,Russia-Ukraine,0,0,1
2022-03-31,71.96703338623047,138.65599060058594,86.37105560302734,53.41596221923828,133.30276489257812,,6.332653999328613,19.600170135498047,8.059940338134766,77.7313232421875,427.3750915527344,100.53,107.29,5.46,20.56,57.66,0.33,2.28,2.32,2.84,115.2218,287.674,303.099,101.3907,59.4,,125.90599822998047,1949.199951171875,106.87999725341797,6.760000000000005,120.44599822998048,0.040000000000000036,4,Russia-Ukraine,0,0,1
2022-04-01,72.42888641357422,139.8396453857422,86.87201690673828,54.70570373535156,136.61012268066406,,6.606110095977783,19.893531799316406,8.297632217407227,77.7313232421875,428.5863037109375,99.32,106.13,5.43,19.63,54.36,0.33,2.44,2.39,2.8,115.4814,288.561,295.455,101.44,65.2,,112.1500015258789,1919.0999755859375,108.33999633789062,6.810000000000002,106.7200015258789,-0.04999999999999982,4,Russia-Ukraine,0,0,1
2022-04-04,72.46373748779297,139.9673309326172,86.8460922241211,54.40445327758789,135.98516845703125,,6.807602405548096,19.76518440246582,8.247212409973145,77.72283935546875,432.2578430175781,103.29,108.15,5.72,18.57,54.31,0.33,2.43,2.42,2.8,115.4112,288.561,295.455,101.44,65.2,,109.52300262451172,1929.199951171875,108.37000274658203,4.859999999999999,103.80300262451172,-0.010000000000000231,4,Russia-Ukraine,0,0,1
2022-04-05,72.08903503417969,139.1072998046875,84.68682861328125,52.45571517944336,135.3313751220703,,6.678070545196533,19.23346710205078,8.059940338134766,77.71435546875,426.79779052734375,101.98,106.6,5.95,21.03,53.8,0.33,2.51,2.54,2.84,115.73,288.561,295.455,101.44,65.2,,108.56400299072266,1922.9000244140625,116.37000274658203,4.61999999999999,102.61400299072265,0.03000000000000025,4,Russia-Ukraine,0,0,1
2022-04-06,72.89069366455078,140.34202575683594,84.24632263183594,52.813453674316406,135.61984252929688,,6.800406455993652,19.389318466186523,7.987912654876709,77.72283935546875,422.5301513671875,96.39,100.81,6.29,22.1,53.15,0.33,2.5,2.61,2.83,115.9995,288.561,295.455,101.44,65.2,,106.79100036621094,1918.4000244140625,123.91999816894531,4.420000000000002,100.50100036621093,0.10999999999999988,4,Russia-Ukraine,0,0,1
2022-04-07,74.11063385009766,142.29208374023438,86.33650207519531,54.30089569091797,138.00416564941406,,6.2822794914245605,19.911865234375,7.951896667480469,77.72283935546875,424.65924072265625,96.05,99.83,6.05,21.55,54.23,0.33,2.47,2.66,2.82,116.3512,288.561,295.455,101.44,65.2,,104.56400299072266,1933.800048828125,122.66999816894531,3.780000000000001,98.51400299072266,0.18999999999999995,4,Russia-Ukraine,0,0,1
2022-04-08,75.67039489746094,144.70191955566406,89.00537109375,58.179527282714844,138.61949157714844,,7.059469223022461,20.13188934326172,8.088752746582031,77.71435546875,423.52374267578125,98.35,101.26,6.38,21.16,53.14,0.33,2.53,2.72,2.87,116.4176,288.561,295.455,101.44,65.2,,103.88200378417969,1941.5999755859375,124.86000061035156,2.910000000000011,97.50200378417969,0.1900000000000004,4,Russia-Ukraine,0,0,1
2022-04-11,73.0649642944336,140.98068237304688,84.6263656616211,54.526832580566406,133.85076904296875,,6.750032424926758,19.84769058227539,7.959099769592285,77.72283935546875,416.2847900390625,94.22,97.92,6.35,24.37,54.81,0.33,2.5,2.79,2.91,116.5401,288.561,295.455,101.44,65.2,,100.13700103759766,1944.300048828125,129.8699951171875,3.700000000000003,93.78700103759766,0.29000000000000004,4,Russia-Ukraine,0,0,1
2022-04-12,74.58988952636719,143.91848754882812,86.37105560302734,55.67536926269531,132.63941955566406,,6.685267925262451,20.278564453125,8.182388305664062,77.72283935546875,414.7423095703125,100.52,104.42,6.59,24.26,55.25,0.33,2.39,2.72,2.86,116.3866,288.561,295.455,101.44,65.2,,102.21900177001953,1972.0999755859375,117.79000091552734,3.9000000000000057,95.62900177001953,0.33000000000000007,4,Russia-Ukraine,0,0,1
2022-04-13,75.64424896240234,146.18360900878906,86.56973266601562,56.12724304199219,131.1876220703125,,6.735640048980713,20.6452693939209,8.326444625854492,77.72283935546875,419.4925842285156,104.26,108.49,6.68,21.82,51.2,0.33,2.37,2.7,2.8,116.2796,288.561,295.455,101.44,65.2,,105.3239974975586,1981.0,116.33000183105469,4.22999999999999,98.64399749755859,0.33000000000000007,4,Russia-Ukraine,0,0,1
2022-04-14,76.53306579589844,146.115478515625,87.55432891845703,55.863643646240234,134.14883422851562,,6.807602405548096,20.81028175354004,8.304835319519043,77.71435546875,414.2691650390625,106.84,110.83,6.94,22.7,53.38,0.33,2.47,2.83,2.89,116.7558,288.561,295.455,101.44,65.2,,95.62000274658203,1970.9000244140625,119.66000366210938,3.989999999999995,88.68000274658203,0.3599999999999999,4,Russia-Ukraine,0,0,1
2022-04-18,77.16044616699219,148.07398986816406,89.3681411743164,57.774723052978516,133.879638671875,,6.721248626708984,20.81945037841797,8.369661331176758,77.72283935546875,414.4394836425781,108.24,,7.48,22.17,50.94,0.33,2.46,2.85,2.92,116.8441,288.561,295.455,101.44,65.2,,95.62000274658203,1982.9000244140625,122.31999969482422,,88.14000274658203,0.3900000000000001,4,Russia-Ukraine,0,0,1
2022-04-19,76.47205352783203,146.31983947753906,87.71844482421875,56.84272003173828,133.7642822265625,,6.462184429168701,20.37940788269043,8.441689491271973,77.71435546875,421.1297302246094,102.54,105.49,7.44,21.37,50.34,0.33,2.61,2.93,2.93,117.1324,288.561,295.455,101.44,65.2,,93.76799774169922,1955.699951171875,122.73999786376953,2.9499999999999886,86.32799774169922,0.3200000000000003,4,Russia-Ukraine,0,0,1
2022-04-20,76.64632415771484,146.91592407226562,88.67715454101562,57.86886215209961,132.66822814941406,,6.390222549438477,20.35190773010254,8.564136505126953,77.7313232421875,420.8173828125,102.56,105.05,7.12,20.32,52.23,0.33,2.6,2.85,2.92,116.7306,288.561,295.455,101.44,65.2,,94.23100280761719,1952.300048828125,125.12000274658203,2.489999999999995,87.11100280761718,0.25,4,Russia-Ukraine,0,0,1
2022-04-21,75.8359603881836,140.14620971679688,85.2223129272461,55.73184585571289,131.3125762939453,,6.203122138977051,19.746850967407227,8.391268730163574,77.7313232421875,414.5246887207031,103.89,107.2,6.88,22.68,49.86,0.33,2.68,2.9,3.02,117.1432,288.561,295.455,101.44,65.2,,100.06099700927734,1944.9000244140625,130.69000244140625,3.3100000000000023,93.18099700927735,0.21999999999999975,4,Russia-Ukraine,0,0,1
2022-04-22,74.18032836914062,137.0550994873047,82.92485809326172,53.3029899597168,130.46653747558594,,6.195926189422607,19.701011657714844,8.124767303466797,77.72283935546875,403.15045166015625,102.86,105.15,6.59,28.21,51.15,0.33,2.72,2.9,2.98,118.0186,288.561,295.455,101.44,65.2,,94.875,1931.0,128.1199951171875,2.2900000000000063,88.285,0.17999999999999972,4,Russia-Ukraine,0,0,1
2022-04-25,71.67948150634766,134.10877990722656,79.16771697998047,51.70259094238281,126.07278442382812,,5.936861515045166,18.88510513305664,8.002318382263184,77.7313232421875,405.4877014160156,99.6,99.27,6.42,27.02,52.86,0.33,2.63,2.81,2.91,118.6271,288.561,295.455,101.44,65.2,,92.83699798583984,1893.199951171875,131.6300048828125,-0.3299999999999983,86.41699798583984,0.18000000000000016,4,Russia-Ukraine,0,0,1
2022-04-26,71.70562744140625,133.29127502441406,78.87405395507812,51.60844421386719,130.2646484375,,5.972843647003174,20.269397735595703,8.117562294006348,77.72283935546875,393.7445373535156,102.62,102.89,6.89,33.52,53.57,0.33,2.54,2.77,2.85,118.9624,288.561,295.455,101.44,65.2,,103.20800018310547,1901.4000244140625,129.27000427246094,0.269999999999996,96.31800018310547,0.22999999999999998,4,Russia-Ukraine,0,1,1
2022-04-27,73.75336456298828,133.04432678222656,80.37690734863281,52.33332824707031,134.86990356445312,,6.109572410583496,21.72703742980957,8.103157043457031,77.72283935546875,394.8515930175781,101.96,103.3,6.91,31.6,53.38,0.33,2.58,2.82,2.88,119.4708,288.561,295.455,101.44,65.2,,107.427001953125,1885.9000244140625,130.11000061035156,1.3400000000000034,100.517001953125,0.23999999999999977,4,Russia-Ukraine,0,1,1
2022-04-28,75.98410034179688,137.7703857421875,84.25495147705078,53.688968658447266,135.97555541992188,,6.1527485847473145,22.62545394897461,8.211198806762695,77.73983001708984,404.8253173828125,105.47,105.78,6.97,29.99,51.94,0.33,2.63,2.85,2.97,120.0675,288.561,295.455,101.44,65.2,,100.14199829101562,1888.699951171875,128.74000549316406,0.3100000000000023,93.17199829101563,0.2200000000000002,4,Russia-Ukraine,0,0,1
2022-04-29,74.284912109375,133.41049194335938,82.50162506103516,51.86262130737305,130.5723114013672,,5.9944329261779785,22.67129135131836,7.980710029602051,77.72283935546875,389.86480712890625,104.59,108.36,6.84,33.4,53.1,0.33,2.7,2.89,2.88,119.4933,288.561,295.455,101.44,65.2,,99.44999694824219,1909.300048828125,128.39999389648438,3.769999999999996,92.60999694824218,0.18999999999999995,4,Russia-Ukraine,0,1,1
2022-05-02,75.29570007324219,136.0332489013672,82.84709930419922,54.88457489013672,130.80303955078125,,5.915274143218994,23.661380767822266,8.124767303466797,77.7313232421875,392.2115783691406,105.18,,7.3,32.34,54.15,0.33,2.73,2.99,2.81,119.8825,288.561,295.455,101.44,65.2,,97.0510025024414,1861.800048828125,135.1699981689453,,89.75100250244141,0.26000000000000023,4,Russia-Ukraine,0,1,1
2022-05-03,76.84674835205078,138.366455078125,85.44688415527344,55.769500732421875,135.0430145263672,,6.08078670501709,24.31227684020996,8.456093788146973,77.72283935546875,394.0094909667969,102.53,104.94,7.84,29.25,54.04,0.33,2.78,2.97,2.83,119.7043,288.561,295.455,101.44,65.2,,99.4260025024414,1868.800048828125,126.45999908447266,2.4099999999999966,91.5860025024414,0.1900000000000004,4,Russia-Ukraine,0,0,1
2022-05-04,79.90528106689453,142.7093048095703,89.70496368408203,57.963008880615234,140.6577606201172,,6.3254570960998535,24.35811424255371,8.70098876953125,77.73983001708984,406.0082092285156,107.84,110.53,8.3,25.42,53.15,0.33,2.66,2.93,2.86,119.5592,288.561,295.455,101.44,65.2,,103.82099914550781,1867.0,121.98999786376953,2.6899999999999977,95.52099914550782,0.27,4,Russia-Ukraine,0,0,1
2022-05-05,78.69407653808594,141.57675170898438,88.84124755859375,58.64082717895508,137.292724609375,,6.195926189422607,24.11975860595703,8.556934356689453,77.73983001708984,391.57757568359375,108.17,112.11,8.42,31.2,54.72,0.83,2.71,3.05,2.87,120.0068,288.561,295.455,101.44,65.2,,106.50800323486328,1874.0,122.72000122070312,3.9399999999999977,98.08800323486328,0.33999999999999986,4,Russia-Ukraine,0,0,1
2022-05-06,79.89657592773438,145.34909057617188,93.01298522949219,61.135581970214844,141.59034729003906,,6.303868770599365,24.495628356933594,8.520303726196289,77.73983001708984,389.2402038574219,109.72,113.86,8.35,30.19,54.82,0.83,2.72,3.12,2.86,119.8577,288.561,295.455,101.44,65.2,,101.70800018310547,1881.199951171875,121.41999816894531,4.140000000000001,93.35800018310547,0.3999999999999999,4,Russia-Ukraine,0,0,1
2022-05-09,73.5965347290039,135.6074981689453,83.95265197753906,54.451515197753906,129.44906616210938,,5.483502388000488,21.99289321899414,7.9342122077941895,77.7313232421875,376.7778015136719,103.08,106.67,8.06,34.75,57.9,0.83,2.61,3.05,2.75,120.4972,288.561,295.455,101.44,65.2,,93.78700256347656,1857.0999755859375,125.22000122070312,3.5900000000000034,85.72700256347656,0.43999999999999995,4,Russia-Ukraine,0,1,1
2022-05-10,74.08448028564453,136.91033935546875,84.64363098144531,55.92953109741211,126.32703399658203,,5.6921916007995605,23.643047332763672,7.8316450119018555,77.7313232421875,377.64837646484375,99.74,102.61,6.78,32.99,56.06,0.83,2.62,2.99,2.65,120.7742,288.561,295.455,101.44,65.2,,98.8010025024414,1839.9000244140625,126.76000213623047,2.8700000000000045,92.0210025024414,0.3700000000000001,4,Russia-Ukraine,0,1,1
2022-05-11,75.62682342529297,138.9369659423828,85.5418930053711,56.579124450683594,127.78205108642578,,5.6562113761901855,24.13809585571289,7.860950946807861,77.7313232421875,371.64910888671875,105.5,107.7,7.53,32.56,53.43,0.83,2.66,2.91,2.7,120.3925,288.561,295.455,101.44,65.2,,94.01200103759766,1852.5999755859375,118.05000305175781,2.200000000000003,86.48200103759766,0.25,4,Russia-Ukraine,0,1,1
2022-05-12,75.97014617919922,140.25686645507812,86.02558135986328,55.75067901611328,127.20384979248047,,5.512287139892578,23.6522159576416,7.809668064117432,77.73983001708984,371.260986328125,106.15,108.06,7.25,31.77,52.71,0.83,2.56,2.84,2.59,121.2796,288.561,295.455,101.44,65.2,,106.70099639892578,1823.800048828125,118.7300033569336,1.9099999999999966,99.45099639892578,0.2799999999999998,4,Russia-Ukraine,0,0,1
2022-05-13,78.2237319946289,142.94775390625,88.88446044921875,60.325965881347656,130.5957489013672,,5.74976110458374,25.98993682861328,8.095386505126953,77.74835205078125,380.1371154785156,110.52,112.12,7.75,28.87,51.22,0.83,2.61,2.93,2.69,120.8442,288.561,295.455,101.44,65.2,,96.88099670410156,1807.4000244140625,114.61000061035156,1.6000000000000085,89.13099670410156,0.3200000000000003,4,Russia-Ukraine,0,0,1
2022-05-16,80.06354522705078,147.3246612548828,91.53059387207031,63.7526969909668,131.7905731201172,,6.174336910247803,27.08087158203125,8.307843208312988,77.73983001708984,378.5946044921875,114.07,114.86,8.07,27.47,51.89,0.83,2.58,2.88,2.68,120.6881,288.561,295.455,101.44,65.2,,92.86000061035156,1813.5,117.94999694824219,0.7900000000000063,84.79000061035157,0.2999999999999998,4,Russia-Ukraine,0,0,1
2022-05-17,81.0846939086914,148.19322204589844,92.84931945800781,63.95982360839844,132.06040954589844,,5.915274143218994,26.39330291748047,8.5935640335083,77.73983001708984,386.3825988769531,112.31,112.89,8.26,26.1,50.34,0.83,2.71,2.98,2.71,119.8871,288.561,295.455,101.44,65.2,,94.17500305175781,1818.199951171875,119.45999908447266,0.5799999999999983,85.91500305175781,0.27,4,Russia-Ukraine,0,0,1
2022-05-18,79.79945373535156,144.28683471679688,90.64566802978516,60.53307342529297,128.12896728515625,,6.188729286193848,26.69583511352539,8.22725772857666,77.73983001708984,370.8068542480469,109.67,110.04,8.53,30.96,51.89,0.83,2.68,2.89,2.72,120.0274,288.561,295.455,101.44,65.2,,94.53800201416016,1815.9000244140625,114.86000061035156,0.37000000000000455,86.00800201416016,0.20999999999999996,4,Russia-Ukraine,0,0,1
2022-05-19,80.23080444335938,143.256591796875,90.75843811035156,60.21298599243164,125.68141174316406,,6.3686347007751465,26.778629302978516,8.102714538574219,77.75684356689453,368.53582763671875,112.21,113.22,8.21,29.35,51.16,0.83,2.63,2.84,2.59,119.4278,288.561,295.455,101.44,65.2,,91.02400207519531,1841.199951171875,115.05000305175781,1.0100000000000051,82.8140020751953,0.20999999999999996,4,Russia-Ukraine,0,0,1
2022-05-20,80.86463165283203,144.080810546875,91.11414337158203,59.55399703979492,125.65251159667969,,6.289475440979004,26.797021865844727,8.139344215393066,77.75684356689453,368.69659423828125,112.63,113.63,7.97,29.43,50.72,0.83,2.6,2.78,2.55,119.3677,288.561,295.455,101.44,65.2,,87.9020004272461,1841.800048828125,111.0999984741211,1.0,79.9320004272461,0.17999999999999972,4,Russia-Ukraine,0,0,1
2022-05-23,82.65164947509766,147.4290771484375,94.58451080322266,61.58746337890625,126.33663940429688,,6.4765777587890625,28.416067123413086,8.256563186645508,77.75684356689453,375.594970703125,110.32,115.13,8.16,28.48,48.63,0.83,2.65,2.86,2.6,118.7169,288.561,295.455,101.44,65.2,,83.28800201416016,1847.800048828125,110.19000244140625,4.810000000000002,75.12800201416016,0.20999999999999996,4,Russia-Ukraine,0,0,1
2022-05-24,83.1005859375,148.21897888183594,94.98358917236328,61.25796127319336,125.7392578125,,6.901154041290283,28.020505905151367,8.183300018310547,77.74835205078125,372.727783203125,112.55,115.77,8.87,29.45,47.04,0.83,2.5,2.76,2.55,118.6245,288.561,295.455,101.44,65.2,,84.50700378417969,1865.0999755859375,111.1500015258789,3.219999999999999,75.63700378417968,0.2599999999999998,4,Russia-Ukraine,0,0,1
2022-05-25,84.77316284179688,150.59713745117188,96.4758529663086,62.500640869140625,131.4726104736328,,7.556008338928223,29.06920623779297,8.381105422973633,77.75684356689453,376.0207824707031,112.88,116.41,9.44,28.37,46.76,0.83,2.48,2.75,2.56,118.9598,288.561,295.455,101.44,65.2,,88.0780029296875,1846.199951171875,105.69000244140625,3.530000000000001,78.6380029296875,0.27,4,Russia-Ukraine,0,0,1
2022-05-26,85.07247161865234,151.61021423339844,98.16764831542969,64.63764190673828,131.13536071777344,,7.807873249053955,29.4279727935791,8.476347923278809,77.77384185791016,383.53424072265625,116.19,119.81,9.19,27.5,46.03,0.83,2.46,2.75,2.62,118.7687,288.561,295.455,101.44,65.2,,85.97100067138672,1847.4000244140625,102.48999786376953,3.6200000000000045,76.78100067138672,0.29000000000000004,4,Russia-Ukraine,0,0,1
2022-05-27,85.90876770019531,153.0611572265625,99.42565155029297,66.70875549316406,133.2937774658203,,8.225255012512207,30.872234344482422,8.534956932067871,77.75684356689453,392.9495544433594,114.96,121.19,8.3,25.72,47.92,0.83,2.47,2.74,2.63,118.2834,288.561,295.455,101.44,65.2,,86.875,1851.300048828125,98.4800033569336,6.230000000000004,78.575,0.27,4,Russia-Ukraine,0,0,1
2022-05-31,84.50907897949219,149.9532470703125,97.48224639892578,65.24956512451172,131.7905731201172,,6.96591854095459,30.403076171875,8.542281150817871,77.74835205078125,390.7448425292969,114.38,125.53,8.46,26.19,49.82,0.83,2.53,2.85,2.64,118.0704,288.561,295.455,101.44,65.2,,94.00399780273438,1842.699951171875,107.12000274658203,11.150000000000006,85.54399780273437,0.3200000000000003,4,Russia-Ukraine,0,0,1
2022-06-01,86.12882995605469,151.37843322753906,100.42337036132812,66.29454040527344,134.88372802734375,,7.2825517654418945,32.03131866455078,8.747413635253906,77.74917602539062,387.5842590332031,115.26,122.2,8.47,25.69,49.14,0.83,2.66,2.94,2.65,118.6954,294.957,330.456,101.018,50.0,,85.5510025024414,1843.300048828125,109.37999725341797,6.939999999999998,77.08100250244141,0.2799999999999998,4,Russia-Ukraine,0,0,1
2022-06-02,85.97917938232422,151.1036834716797,99.73799133300781,65.24016571044922,138.15029907226562,,7.332923412322998,32.3716926574707,8.798697471618652,77.76620483398438,394.9652404785156,116.88,,8.9,24.72,47.8,0.83,2.65,2.92,2.66,118.0658,294.957,330.456,101.018,50.0,,83.94499969482422,1866.5,99.2699966430664,,75.04499969482421,0.27,4,Russia-Ukraine,0,0,1
2022-06-03,87.2292251586914,152.47735595703125,102.47956848144531,66.17216491699219,136.79165649414062,,7.484044551849365,32.748844146728516,8.681477546691895,77.74917602539062,388.48321533203125,118.97,125.68,8.34,24.79,46.23,0.83,2.66,2.96,2.74,118.2153,294.957,330.456,101.018,50.0,,83.10099792480469,1845.4000244140625,97.7300033569336,6.710000000000008,74.76099792480468,0.2999999999999998,4,Russia-Ukraine,0,0,1
2022-06-06,87.00914001464844,151.81625366210938,101.83755493164062,65.5320053100586,134.9126434326172,,7.469653129577637,32.98802947998047,8.688803672790527,77.75767517089844,389.66607666015625,118.41,124.99,9.08,25.07,47.9,0.83,2.73,3.04,2.76,118.3081,294.957,330.456,101.018,50.0,,82.55799865722656,1839.199951171875,102.26000213623047,6.579999999999998,73.47799865722656,0.31000000000000005,4,Russia-Ukraine,0,0,1
2022-06-07,90.99690246582031,154.70956420898438,106.46180725097656,66.41693115234375,140.92543029785156,,7.484044551849365,33.72395706176758,9.01848030090332,77.74917602539062,393.4037780761719,119.55,126.89,9.28,24.02,45.88,0.83,2.75,2.98,2.73,118.4414,294.957,330.456,101.018,50.0,,79.60800170898438,1847.5,102.61000061035156,7.340000000000003,70.32800170898437,0.22999999999999998,4,Russia-Ukraine,0,0,1
2022-06-08,92.07089233398438,155.5080108642578,105.72434997558594,64.9859619140625,137.01327514648438,,7.210590362548828,34.340301513671875,8.981850624084473,77.75767517089844,389.126708984375,121.94,129.2,9.43,23.96,44.37,0.83,2.78,3.03,2.75,118.3951,294.957,330.456,101.018,50.0,,79.40699768066406,1851.9000244140625,105.29000091552734,7.259999999999991,69.97699768066406,0.25,4,Russia-Ukraine,0,0,1
2022-06-09,90.0813980102539,152.40867614746094,102.86129760742188,61.477291107177734,132.3494873046875,,6.685267925262451,32.6844596862793,8.820674896240234,77.76620483398438,379.8721008300781,121.52,128.47,8.16,26.09,43.87,0.83,2.83,3.04,2.75,118.9226,294.957,330.456,101.018,50.0,,84.87999725341797,1848.800048828125,105.29000091552734,6.950000000000003,76.71999725341797,0.20999999999999996,4,Russia-Ukraine,0,0,1
2022-06-10,88.43524169921875,150.58853149414062,101.3603744506836,60.241703033447266,130.509033203125,,6.706855297088623,34.0643196105957,8.527630805969238,77.74917602539062,368.8575134277344,120.73,127.44,8.78,27.75,42.92,0.83,3.06,3.15,2.76,119.9981,294.957,330.456,101.018,50.0,,82.46399688720703,1871.5,114.2300033569336,6.709999999999994,73.68399688720703,0.08999999999999986,4,Russia-Ukraine,0,0,1
2022-06-13,84.37702941894531,143.66012573242188,96.96170043945312,56.431217193603516,123.18569946289062,,6.311065196990967,31.70014762878418,8.102714538574219,77.75767517089844,354.8526306152344,120.92,128.44,9.0,34.02,47.56,0.83,3.4,3.43,2.74,121.1523,294.957,330.456,101.018,50.0,,83.4020004272461,1828.0,139.2100067138672,7.519999999999996,74.4020004272461,0.03000000000000025,4,Russia-Ukraine,0,1,1
2022-06-14,84.59712982177734,143.84898376464844,96.72743225097656,58.562828063964844,125.76812744140625,,6.289475440979004,32.84083938598633,7.926884174346924,77.74917602539062,353.7833251953125,118.92,127.02,7.68,32.69,46.63,0.83,3.45,3.49,2.6,121.6669,294.957,330.456,101.018,50.0,,97.04000091552734,1809.5,144.08999633789062,8.099999999999994,89.36000091552734,0.040000000000000036,4,Russia-Ukraine,0,1,1
2022-06-15,83.53195190429688,141.02438354492188,94.85346984863281,56.85565185546875,125.71996307373047,,6.3686347007751465,33.641170501708984,7.853625297546387,77.75767517089844,358.8270568847656,115.32,124.96,7.72,29.62,47.04,0.83,3.2,3.33,2.7,121.6403,294.957,330.456,101.018,50.0,,120.33200073242188,1815.300048828125,135.92999267578125,9.64,112.61200073242188,0.1299999999999999,4,Russia-Ukraine,0,0,1
2022-06-16,80.45089721679688,133.486328125,88.85841369628906,53.58277893066406,119.63005828857422,,6.145552635192871,32.42688751220703,7.42138147354126,77.77472686767578,346.95123291015625,117.56,125.78,7.88,32.95,46.27,1.58,3.14,3.28,2.62,120.6714,294.957,330.456,101.018,50.0,,124.36399841308594,1845.699951171875,138.10000610351562,8.219999999999999,116.48399841308594,0.13999999999999968,4,Russia-Ukraine,0,1,1
2022-06-17,75.81168365478516,127.39073181152344,81.32775115966797,52.51696014404297,121.39342498779297,,6.001628875732422,31.359790802001953,7.201597690582275,77.76620483398438,347.69921875,109.56,119.22,7.37,31.13,49.19,1.58,3.17,3.25,2.58,121.2369,294.957,330.456,101.018,50.0,,117.73799896240234,1835.5999755859375,133.75,9.659999999999997,110.36799896240234,0.08000000000000007,4,Russia-Ukraine,0,0,1
2022-06-21,80.53011322021484,132.72227478027344,86.13418579101562,54.582557678222656,127.89767456054688,,6.5053629875183105,34.35869216918945,7.604536533355713,77.7832260131836,356.4520263671875,110.49,118.51,6.6,30.19,46.56,1.58,3.21,3.31,2.61,120.6427,294.957,330.456,101.018,50.0,,125.55999755859375,1834.5999755859375,138.91000366210938,8.02000000000001,118.95999755859376,0.10000000000000009,4,Russia-Ukraine,0,0,1
2022-06-22,77.34341430664062,126.95284271240234,80.73779296875,52.601844787597656,122.22212982177734,,6.275084495544434,33.126014709472656,7.326141834259033,77.79170989990234,355.8058166503906,106.22,115.54,6.76,28.95,48.99,1.58,3.06,3.16,2.54,120.5197,294.957,330.456,101.018,50.0,,127.1709976196289,1834.300048828125,129.94000244140625,9.320000000000007,120.4109976196289,0.10000000000000009,4,Russia-Ukraine,0,0,1
2022-06-23,75.0106201171875,122.28234100341797,76.25236511230469,52.90367889404297,120.5936508178711,,6.203122138977051,31.139001846313477,7.172292232513428,77.79170989990234,359.2935791015625,105.75,114.5,6.54,29.05,48.58,1.58,3.01,3.09,2.5,120.7622,294.957,330.456,101.018,50.0,,133.3470001220703,1825.699951171875,125.9800033569336,8.75,126.8070001220703,0.08000000000000007,4,Russia-Ukraine,0,0,1
2022-06-24,76.4983139038086,124.29133605957031,78.8724594116211,54.25244903564453,121.97158813476562,,6.462184429168701,32.03131866455078,7.399405002593994,77.77472686767578,370.7169494628906,109.07,117.36,5.8,27.23,46.99,1.58,3.04,3.13,2.56,120.4853,294.957,330.456,101.018,50.0,,128.5050048828125,1826.5,127.0,8.290000000000006,122.7050048828125,0.08999999999999986,4,Russia-Ukraine,0,0,1
2022-06-27,78.37334442138672,126.6952896118164,80.63860321044922,55.554046630859375,126.24992370605469,,6.807602405548096,33.659568786621094,7.428707599639893,77.77472686767578,369.30096435546875,111.44,119.69,6.09,26.95,46.99,1.58,3.08,3.2,2.55,120.1736,294.957,330.456,101.018,50.0,,129.45899963378906,1820.9000244140625,133.22000122070312,8.25,123.36899963378906,0.1200000000000001,4,Russia-Ukraine,0,0,1
2022-06-28,80.54771423339844,128.73001098632812,83.25281524658203,58.20441436767578,129.9501495361328,,6.7428364753723145,34.5794792175293,7.575230121612549,77.79170989990234,361.7550354003906,113.66,122.21,6.66,28.36,46.59,1.58,3.1,3.2,2.48,120.62,294.957,330.456,101.018,50.0,,129.17599487304688,1817.5,135.22000122070312,8.549999999999997,122.51599487304688,0.10000000000000009,4,Russia-Ukraine,0,0,1
2022-06-29,77.5722885131836,126.188720703125,79.96537780761719,55.742679595947266,129.60325622558594,,6.570128440856934,31.626562118530273,7.45801305770874,77.80020904541016,361.4604797363281,111.65,120.8,6.69,28.16,48.57,1.58,3.06,3.1,2.36,120.9616,294.957,330.456,101.018,50.0,,139.58799743652344,1813.699951171875,130.42999267578125,9.149999999999991,132.89799743652344,0.040000000000000036,4,Russia-Ukraine,0,0,1
2022-06-30,75.38915252685547,124.2999267578125,78.52275848388672,55.535179138183594,128.18673706054688,,6.375831127166748,31.74614143371582,7.311489582061768,77.80872344970703,358.5238037109375,107.76,119.78,6.54,28.71,48.9,1.58,2.92,2.98,2.33,120.9652,294.957,330.456,101.018,50.0,,144.51400756835938,1804.0999755859375,135.5,12.019999999999996,137.97400756835938,0.06000000000000005,4,Russia-Ukraine,0,0,1
2022-07-01,77.0705337524414,125.78521728515625,79.54571533203125,57.006561279296875,127.14605712890625,,6.490970134735107,31.433382034301758,7.340795040130615,77.80277252197266,362.3157958984375,110.3,119.21,5.75,26.7,49.4,1.58,2.84,2.88,2.34,121.5058,294.913,314.345,101.223,51.5,,147.78399658203125,1798.9000244140625,144.1699981689453,8.909999999999997,142.03399658203125,0.040000000000000036,4,Russia-Ukraine,0,0,1
2022-07-05,74.65848541259766,122.47982788085938,74.00251007080078,55.75210952758789,127.17495727539062,,6.361438274383545,30.228294372558594,7.2382283210754395,77.80277252197266,362.9999694824219,101.55,110.49,5.72,27.54,52.61,1.58,2.82,2.82,2.3,122.6203,294.913,314.345,101.223,51.5,,165.072998046875,1761.800048828125,156.16000366210938,8.939999999999998,159.352998046875,0.0,4,Russia-Ukraine,0,0,1
2022-07-06,73.31163024902344,120.86576843261719,72.86590576171875,55.75210952758789,119.89022827148438,,5.879293441772461,26.944211959838867,6.989140033721924,77.80277252197266,364.2259826660156,100.31,108.54,5.65,26.73,54.67,1.58,2.97,2.93,2.29,123.0073,294.913,314.345,101.223,51.5,,170.99899291992188,1734.9000244140625,151.13999938964844,8.230000000000004,165.34899291992187,-0.040000000000000036,4,Russia-Ukraine,0,0,1
2022-07-07,75.65322875976562,123.21819305419922,75.49759674072266,57.978050231933594,127.14605712890625,,6.023216724395752,29.639551162719727,7.230901718139648,77.80277252197266,369.68109130859375,104.62,113.4,5.83,26.08,52.87,1.58,3.03,3.01,2.33,122.7257,294.913,314.345,101.223,51.5,,183.18299865722656,1737.9000244140625,149.7100067138672,8.780000000000001,177.35299865722655,-0.020000000000000018,4,Russia-Ukraine,0,0,1
2022-07-08,75.77647399902344,122.57426452636719,75.5937728881836,57.22349166870117,123.20499420166016,,6.001628875732422,30.36627960205078,7.289511680603027,77.7942123413086,369.376953125,106.78,113.95,6.4,24.64,52.1,1.58,3.12,3.09,2.37,122.4662,294.913,314.345,101.223,51.5,,175.21200561523438,1740.5999755859375,145.25,7.170000000000002,168.81200561523437,-0.03000000000000025,4,Russia-Ukraine,0,0,1
2022-07-11,75.38915252685547,121.49248504638672,74.79814910888672,56.13882064819336,119.43733978271484,,5.821723937988281,29.70394515991211,7.128336429595947,77.80277252197266,365.1573486328125,106.09,114.85,6.82,26.17,53.1,1.58,3.07,2.99,2.32,123.2974,294.913,314.345,101.223,51.5,,164.52000427246094,1730.0,147.72000122070312,8.759999999999991,157.70000427246094,-0.07999999999999963,4,Russia-Ukraine,0,0,1
2022-07-12,74.3855972290039,119.26885986328125,72.96204376220703,54.1109619140625,119.76496124267578,,5.915274143218994,29.400373458862305,7.091706275939941,77.7942123413086,361.9261169433594,97.69,106.98,6.81,27.29,54.4,1.58,3.03,2.96,2.32,123.4524,294.913,314.345,101.223,51.5,,172.60899353027344,1723.300048828125,148.11000061035156,9.290000000000006,165.79899353027344,-0.06999999999999984,4,Russia-Ukraine,0,0,1
2022-07-13,74.68488311767578,118.47044372558594,72.66480255126953,54.714599609375,117.93412780761719,,6.1527485847473145,30.36627960205078,7.223575592041016,77.7942123413086,360.025390625,98.44,107.17,6.68,26.82,51.76,1.58,3.13,2.91,2.31,123.2834,294.913,314.345,101.223,51.5,,180.5050048828125,1734.199951171875,136.10000610351562,8.730000000000004,173.8250048828125,-0.21999999999999975,4,Russia-Ukraine,0,0,1
2022-07-14,73.18838500976562,116.71040344238281,71.35330200195312,53.978912353515625,119.36988067626953,,6.109572410583496,31.258602142333984,7.077053546905518,77.80277252197266,359.15106201171875,97.79,107.74,6.9,26.4,53.03,1.58,3.15,2.96,2.34,124.0622,294.913,314.345,101.223,51.5,,175.0330047607422,1704.5,137.75999450683594,9.949999999999989,168.13300476074218,-0.18999999999999995,4,Russia-Ukraine,0,0,1
2022-07-15,74.4207992553711,118.17853546142578,72.47245025634766,55.37482833862305,119.64932250976562,,6.397419452667236,32.2244987487793,7.194272041320801,77.7942123413086,366.01263427734375,99.59,112.26,6.6,24.23,51.77,1.58,3.13,2.93,2.36,123.4765,294.913,314.345,101.223,51.5,,159.56700134277344,1702.4000244140625,129.85000610351562,12.670000000000002,152.96700134277344,-0.19999999999999973,4,Russia-Ukraine,0,0,1
2022-07-18,75.79407501220703,119.83552551269531,74.37847900390625,56.63871383666992,121.8848648071289,,6.642088413238525,33.61356735229492,7.392077445983887,77.7942123413086,362.9905090332031,104.48,117.27,7.65,25.3,49.66,1.58,3.15,2.96,2.37,122.7727,294.913,314.345,101.223,51.5,,157.25799560546875,1709.199951171875,127.69000244140625,12.789999999999992,149.60799560546874,-0.18999999999999995,4,Russia-Ukraine,0,0,1
2022-07-19,77.7043228149414,124.15399169921875,77.35990142822266,59.2513542175293,127.30024719238281,,6.836387634277344,35.08543014526367,7.641164779663086,77.7942123413086,372.7982177734375,106.12,114.96,7.35,24.5,48.77,1.58,3.23,3.01,2.39,122.4819,294.913,314.345,101.223,51.5,,154.45700073242188,1710.0,124.69999694824219,8.83999999999999,147.10700073242188,-0.2200000000000002,4,Russia-Ukraine,0,0,1
2022-07-20,78.5582275390625,125.79383087158203,79.30963897705078,59.93989181518555,130.81736755371094,,6.786015033721924,35.324607849121094,7.67047119140625,77.7942123413086,375.1741943359375,104.45,115.86,7.58,23.88,47.54,1.58,3.25,3.04,2.38,122.5997,294.913,314.345,101.223,51.5,,155.03799438476562,1699.5,122.9000015258789,11.409999999999997,147.4579943847656,-0.20999999999999996,4,Russia-Ukraine,0,0,1
2022-07-21,77.24657440185547,124.8322525024414,77.75332641601562,58.477935791015625,132.22421264648438,,6.821995258331299,35.46259689331055,7.589883804321289,77.81978607177734,378.99456787109375,98.44,112.81,7.99,23.11,51.1,1.58,3.1,2.91,2.33,122.9032,294.913,314.345,101.223,51.5,,155.60000610351562,1712.699951171875,121.1500015258789,14.370000000000005,147.61000610351562,-0.18999999999999995,4,Russia-Ukraine,0,0,1
2022-07-22,76.65677642822266,123.79339599609375,77.05387878417969,57.59134292602539,129.21780395507812,,6.598911762237549,34.64386749267578,7.509295463562012,77.82830810546875,375.478271484375,97.71,106.77,8.25,23.03,47.84,1.58,2.98,2.77,2.34,122.451,294.913,314.345,101.223,51.5,,159.86399841308594,1727.0999755859375,123.69999694824219,9.060000000000002,151.61399841308594,-0.20999999999999996,4,Russia-Ukraine,0,0,1
2022-07-25,79.20964813232422,127.47653198242188,80.4812240600586,60.75103759765625,134.90296936035156,,6.757229328155518,37.054039001464844,7.765709400177002,77.81978607177734,375.9344177246094,99.83,108.23,8.52,23.36,47.96,1.58,3.0,2.81,2.36,122.4594,294.913,314.345,101.223,51.5,,176.61599731445312,1719.0,128.27000427246094,8.400000000000006,168.09599731445311,-0.18999999999999995,4,Russia-Ukraine,0,0,1
2022-07-26,78.90155792236328,126.48062896728516,79.64186096191406,58.543975830078125,138.9115753173828,,6.721248626708984,37.12763214111328,7.802339553833008,77.81978607177734,371.48675537109375,97.74,107.32,9.46,24.69,47.81,1.58,3.02,2.81,2.36,122.7581,294.913,314.345,101.223,51.5,,199.91799926757812,1717.699951171875,128.5500030517578,9.579999999999998,190.45799926757812,-0.20999999999999996,4,Russia-Ukraine,0,0,1
2022-07-27,80.60934448242188,128.14622497558594,81.54790496826172,59.2136344909668,141.10853576660156,,7.145823955535889,37.983150482177734,8.022125244140625,77.81978607177734,381.1329040527344,100.03,109.64,8.65,23.24,48.99,1.58,2.96,2.78,2.42,122.8169,294.913,314.345,101.223,51.5,,205.22500610351562,1719.0999755859375,117.27999877929688,9.61,196.57500610351562,-0.18000000000000016,4,Russia-Ukraine,0,0,1
2022-07-28,81.55126190185547,129.11636352539062,82.23860168457031,59.081581115722656,140.76165771484375,,6.821995258331299,35.618980407714844,8.19062614440918,77.82830810546875,385.9132385253906,99.11,109.68,8.75,22.33,47.17,2.33,2.85,2.68,2.48,122.1161,294.913,314.345,101.223,51.5,,198.92999267578125,1750.300048828125,119.93000030517578,10.570000000000007,190.17999267578125,-0.16999999999999993,4,Russia-Ukraine,0,0,1
2022-07-29,85.3277587890625,140.6123046875,85.18505859375,62.01491165161133,144.13421630859375,,6.901154041290283,35.517784118652344,8.285866737365723,77.83680725097656,391.5393981933594,101.31,111.51,8.33,21.33,46.19,2.32,2.89,2.67,2.53,121.7678,294.913,314.345,101.223,51.5,,190.9149932861328,1762.9000244140625,116.36000061035156,10.200000000000003,182.5849932861328,-0.2200000000000002,4,Russia-Ukraine,0,0,1
2022-08-01,83.17102813720703,137.80484008789062,83.14789581298828,61.52445983886719,141.6192626953125,,7.275355339050293,37.035640716552734,8.293191909790039,77.84275817871094,390.3799133300781,96.59,106.09,8.2,22.84,49.97,2.33,2.9,2.6,2.51,121.4109,295.097,298.331,101.0963,58.2,,200.79400634765625,1769.0,120.5,9.5,192.59400634765626,-0.2999999999999998,4,Russia-Ukraine,0,0,1
2022-08-02,82.81008911132812,136.62864685058594,82.8069076538086,61.36410903930664,140.6556396484375,,7.448061943054199,36.82406234741211,8.256563186645508,77.85128021240234,387.8044128417969,97.14,106.51,8.01,23.93,52.77,2.33,3.06,2.75,2.48,121.9486,295.097,298.331,101.0963,58.2,,205.1739959716797,1771.0999755859375,129.22999572753906,9.370000000000005,197.1639959716797,-0.31000000000000005,4,Russia-Ukraine,0,0,1
2022-08-03,80.12516021728516,133.38333129882812,79.84298706054688,57.52532196044922,140.0967559814453,,7.419280052185059,35.97774124145508,8.241909980773926,77.84275817871094,393.8772277832031,93.25,101.82,7.81,21.95,50.12,2.33,3.1,2.73,2.5,122.3888,295.097,298.331,101.0963,58.2,,199.19500732421875,1758.0,122.04000091552734,8.569999999999993,191.38500732421875,-0.3700000000000001,4,Russia-Ukraine,0,0,1
2022-08-04,76.75362396240234,129.76031494140625,78.58394622802734,54.19585037231445,138.8826446533203,,7.368905067443848,35.09461975097656,8.139344215393066,77.85980224609375,393.61114501953125,91.29,97.99,8.4,21.44,55.14,2.33,3.03,2.68,2.46,121.8333,295.097,298.331,101.0963,58.2,,199.2480010986328,1788.5,120.56999969482422,6.699999999999989,190.8480010986328,-0.34999999999999964,4,Russia-Ukraine,0,0,1
2022-08-05,77.86280059814453,131.90663146972656,81.18067169189453,55.65779495239258,141.42654418945312,,7.548810958862305,36.078941345214844,8.094457626342773,77.8768081665039,392.9459228515625,91.77,100.31,8.3,21.15,48.76,2.33,3.24,2.83,2.46,122.321,295.097,298.331,101.0963,58.2,,196.32000732421875,1772.9000244140625,122.58000183105469,8.540000000000006,188.02000732421874,-0.41000000000000014,4,Russia-Ukraine,0,0,1
2022-08-08,78.30293273925781,131.70919799804688,81.86266326904297,56.62929153442383,142.65304565429688,,7.815070152282715,36.75046920776367,8.146825790405273,77.8853530883789,392.48974609375,93.52,103.46,7.76,21.29,46.4,2.33,3.21,2.77,2.48,121.8783,295.097,298.331,101.0963,58.2,,193.05499267578125,1786.800048828125,124.12000274658203,9.939999999999998,185.29499267578126,-0.43999999999999995,4,Russia-Ukraine,0,0,1
2022-08-09,79.74665069580078,133.42626953125,83.5063705444336,58.86465072631836,143.86993408203125,,8.016563415527344,39.4918098449707,8.206672668457031,77.8768081665039,390.93109130859375,93.18,103.81,7.87,21.77,46.23,2.33,3.28,2.8,2.47,121.8614,295.097,298.331,101.0963,58.2,,192.1840057373047,1794.0,125.12000274658203,10.629999999999995,184.31400573730468,-0.48,4,Russia-Ukraine,0,0,1
2022-08-10,80.50370025634766,133.7782745361328,83.91731262207031,59.28908920288086,145.60829162597656,,7.865443229675293,38.837135314941406,8.43110466003418,77.8853530883789,399.142333984375,94.68,105.06,7.86,19.74,46.56,2.33,3.23,2.78,2.43,120.7543,295.097,298.331,101.0963,58.2,,205.36700439453125,1795.5999755859375,115.26000213623047,10.379999999999995,197.50700439453124,-0.4500000000000002,4,Russia-Ukraine,0,0,1
2022-08-11,82.83251190185547,137.0407257080078,87.74684143066406,61.95833206176758,149.47134399414062,,8.239645957946777,38.957008361816406,8.595685958862305,77.8853530883789,399.142333984375,97.02,107.19,8.53,20.2,45.37,2.33,3.23,2.87,2.47,120.7163,295.097,298.331,101.0963,58.2,,208.11000061035156,1789.699951171875,111.11000061035156,10.170000000000002,199.58000061035156,-0.3599999999999999,4,Russia-Ukraine,0,0,1
2022-08-12,83.55248260498047,137.23822021484375,89.83645629882812,61.99605941772461,153.2571258544922,,8.189274787902832,38.94779586791992,8.73034381866455,77.90238952636719,405.8992614746094,94.86,103.7,8.73,19.53,44.0,2.33,3.25,2.84,2.47,121.018,295.097,298.331,101.0963,58.2,,206.10800170898438,1798.5999755859375,106.27999877929688,8.840000000000003,197.37800170898439,-0.41000000000000014,4,Russia-Ukraine,0,0,1
2022-08-15,82.0592041015625,134.6282196044922,88.50151062011719,60.68500900268555,152.1754913330078,,8.095722198486328,37.50938034057617,8.663013458251953,77.89385986328125,407.57196044921875,92.24,98.25,8.62,19.95,46.63,2.33,3.2,2.79,2.44,121.4315,295.097,298.331,101.0963,58.2,,220.11000061035156,1781.4000244140625,113.81999969482422,6.010000000000005,211.49000061035156,-0.41000000000000014,4,Russia-Ukraine,0,0,1
2022-08-16,81.2947769165039,134.2848358154297,87.9130859375,59.90216064453125,155.7584686279297,,8.23244857788086,36.190826416015625,8.827596664428711,77.90238952636719,408.3702697753906,89.23,95.36,9.28,19.69,50.25,2.33,3.25,2.82,2.44,121.6807,295.097,298.331,101.0963,58.2,,225.91400146484375,1773.199951171875,116.83000183105469,6.1299999999999955,216.63400146484375,-0.43000000000000016,4,Russia-Ukraine,0,0,1
2022-08-17,81.95252990722656,135.392333984375,89.01969146728516,59.392845153808594,155.9516143798828,,8.793752670288086,36.33836364746094,8.692938804626465,77.90238952636719,405.4717102050781,90.85,97.22,9.51,19.9,51.55,2.33,3.28,2.89,2.46,122.0711,295.097,298.331,101.0963,58.2,,225.8350067138672,1760.300048828125,117.69999694824219,6.3700000000000045,216.3250067138672,-0.3899999999999997,4,Russia-Ukraine,0,0,1
2022-08-18,83.89024353027344,137.76609802246094,92.11113739013672,61.1943359375,161.8234405517578,,8.642631530761719,36.62419509887695,8.924851417541504,77.93647766113281,406.650146484375,93.2,96.35,9.42,19.56,47.41,2.33,3.22,2.88,2.52,122.3627,295.097,298.331,101.0963,58.2,,241.00399780273438,1755.300048828125,120.26000213623047,3.1499999999999915,231.5839978027344,-0.3400000000000003,4,Russia-Ukraine,0,0,1
2022-08-19,83.62360382080078,136.6138916015625,92.3394775390625,67.2402114868164,160.17202758789062,,8.441139221191406,36.34757614135742,8.835078239440918,77.93647766113281,401.185546875,93.55,96.45,9.14,20.6,50.34,2.33,3.25,2.98,2.55,123.0501,295.097,298.331,101.0963,58.2,,244.5500030517578,1747.5999755859375,123.80999755859375,2.9000000000000057,235.41000305175783,-0.27,4,Russia-Ukraine,0,0,1
2022-08-22,83.56135559082031,135.929443359375,92.42729949951172,65.10858154296875,159.58290100097656,,8.462726593017578,37.31574630737305,8.842556953430176,77.94499206542969,392.8318786621094,93.42,95.06,9.85,23.8,50.64,2.33,3.32,3.03,2.57,123.605,295.097,298.331,101.0963,58.2,,276.74798583984375,1734.0,135.88999938964844,1.6400000000000006,266.8979858398437,-0.29000000000000004,4,Russia-Ukraine,0,0,1
2022-08-23,87.10791778564453,140.3391876220703,95.24650573730469,69.59819030761719,165.16500854492188,,8.354784965515137,37.14055252075195,9.111875534057617,77.92796325683594,391.8815002441406,96.46,99.49,9.75,24.11,47.35,2.33,3.29,3.05,2.58,123.0547,295.097,298.331,101.0963,58.2,,269.04901123046875,1746.800048828125,133.85000610351562,3.030000000000001,259.29901123046875,-0.2400000000000002,4,Russia-Ukraine,0,0,1
2022-08-24,87.6234359741211,141.3787841796875,97.06446838378906,70.65455627441406,165.80238342285156,,8.635437965393066,38.06261444091797,9.19416618347168,77.9535140991211,393.135986328125,95.52,99.87,9.27,22.82,48.33,2.33,3.36,3.11,2.62,123.109,295.097,298.331,101.0963,58.2,,292.1499938964844,1747.800048828125,133.1300048828125,4.3500000000000085,282.8799938964844,-0.25,4,Russia-Ukraine,0,0,1
2022-08-25,88.07676696777344,142.61764526367188,98.43455505371094,70.2490005493164,164.1413116455078,,8.462726593017578,37.67534255981445,9.24653434753418,77.96200561523438,398.68609619140625,93.33,98.81,9.47,21.78,48.78,2.33,3.35,3.03,2.6,123.0586,295.097,298.331,101.0963,58.2,,321.41400146484375,1757.699951171875,126.33000183105469,5.480000000000004,311.9440014648437,-0.3200000000000003,4,Russia-Ukraine,0,0,1
2022-08-26,86.99236297607422,141.5693359375,98.46969604492188,69.371826171875,162.01661682128906,,8.556279182434082,37.98884582519531,9.081953048706055,77.96200561523438,385.19097900390625,93.63,101.13,9.48,25.56,47.08,2.33,3.37,3.04,2.57,123.0656,295.097,298.331,101.0963,58.2,,339.1960144042969,1736.0999755859375,122.94999694824219,7.5,329.71601440429686,-0.33000000000000007,4,Russia-Ukraine,0,0,1
2022-08-29,88.99229431152344,142.6262969970703,99.61140441894531,70.98468780517578,159.6215057373047,,8.944872856140137,38.87401580810547,9.201648712158203,77.96200561523438,382.6440124511719,97.4,,9.24,26.21,47.73,2.33,3.42,3.12,2.58,123.4686,295.097,298.331,101.0963,58.2,,272.6029968261719,1736.5999755859375,130.13999938964844,,263.36299682617187,-0.2999999999999998,4,Russia-Ukraine,0,0,1
2022-08-30,85.60572052001953,139.15225219726562,97.04691314697266,67.91930389404297,155.81640625,,8.52029800415039,37.28807830810547,8.835078239440918,77.97050476074219,378.44342041015625,92.08,99.34,9.1,26.21,49.74,2.33,3.46,3.11,2.55,123.6848,295.097,298.331,101.0963,58.2,,252.93699645996094,1723.199951171875,127.69000244140625,7.260000000000005,243.83699645996094,-0.3500000000000001,4,Russia-Ukraine,0,0,1
2022-08-31,84.96575164794922,136.9344024658203,96.12474060058594,66.9666748046875,154.6961212158203,,8.534687995910645,38.357666015625,8.76026725769043,77.98760223388672,375.5638122558594,90.09,96.55,8.93,25.87,52.11,2.33,3.45,3.15,2.48,123.535,295.097,298.331,101.0963,58.2,,239.90699768066406,1712.800048828125,124.83999633789062,6.459999999999994,230.97699768066406,-0.30000000000000027,4,Russia-Ukraine,0,0,1
2022-09-01,83.43693542480469,134.751220703125,94.43852233886719,64.51438903808594,151.383544921875,,8.390766143798828,37.95196533203125,8.775229454040527,78.0038070678711,376.74224853515625,87.09,92.24,9.38,25.56,53.9,2.33,3.51,3.26,2.45,124.4006,296.349,294.103,101.2918,58.6,,243.00399780273438,1696.5999755859375,126.58000183105469,5.1499999999999915,233.62399780273438,-0.25,4,Russia-Ukraine,0,0,1
2022-09-02,84.96575164794922,136.75245666503906,96.83615112304688,64.86334991455078,156.80148315429688,,8.57786750793457,39.43648147583008,8.790194511413574,78.0123291015625,372.7697448730469,87.29,93.09,9.18,25.47,53.9,2.33,3.4,3.2,2.47,123.7743,296.349,294.103,101.2918,58.6,,214.6649932861328,1709.800048828125,120.72000122070312,5.799999999999997,205.4849932861328,-0.19999999999999973,4,Russia-Ukraine,0,0,1
2022-09-06,84.39688873291016,136.12005615234375,95.40457153320312,63.08071517944336,153.15089416503906,,9.347859382629395,38.77259826660156,8.633090019226074,78.0123291015625,371.3631896972656,87.35,91.43,8.52,26.91,50.0,2.33,3.5,3.33,2.48,124.767,296.349,294.103,101.2918,58.6,,239.8419952392578,1700.4000244140625,133.5399932861328,4.0800000000000125,231.3219952392578,-0.16999999999999993,4,Russia-Ukraine,0,0,1
2022-09-07,83.67691802978516,134.3787384033203,93.76225280761719,61.71308517456055,150.3405303955078,,8.671417236328125,38.20092010498047,8.580723762512207,78.02088165283203,378.0347595214844,82.5,86.83,8.12,24.64,53.32,2.33,3.45,3.27,2.45,124.8408,296.349,294.103,101.2918,58.6,,213.88299560546875,1715.300048828125,133.1199951171875,4.329999999999998,205.76299560546875,-0.18000000000000016,4,Russia-Ukraine,0,0,1
2022-09-08,84.36134338378906,135.10643005371094,95.13232421875,60.939674377441406,153.73033142089844,,8.764968872070312,38.60662841796875,8.663013458251953,78.03791046142578,380.505615234375,84.04,87.99,8.27,23.61,51.29,2.33,3.48,3.29,2.41,124.578,296.349,294.103,101.2918,58.6,,220.54100036621094,1708.0,124.13999938964844,3.9499999999999886,212.27100036621093,-0.18999999999999995,4,Russia-Ukraine,0,0,1
2022-09-09,85.77462005615234,138.58914184570312,98.33793640136719,62.00762176513672,155.72947692871094,,9.19674015045166,40.782684326171875,8.90988826751709,78.03791046142578,386.4169616699219,87.27,91.68,8.31,22.79,48.84,2.33,3.56,3.33,2.42,123.7874,296.349,294.103,101.2918,58.6,,207.09100341796875,1716.199951171875,121.54000091552734,4.410000000000011,198.78100341796875,-0.22999999999999998,4,Russia-Ukraine,0,0,1
2022-09-12,86.76124572753906,140.78099060058594,100.46331787109375,63.13230895996094,155.22726440429688,,9.29748821258545,41.160728454589844,9.066988945007324,78.02938842773438,390.5700378417969,88.18,93.45,8.2,23.87,44.15,2.33,3.58,3.37,2.42,123.3332,296.349,294.103,101.2918,58.6,,190.58799743652344,1728.0999755859375,123.06999969482422,5.269999999999996,182.38799743652345,-0.20999999999999996,4,Russia-Ukraine,0,0,1
2022-09-13,84.73465728759766,138.10397338867188,98.65412139892578,61.75244903564453,159.99815368652344,,9.060011863708496,40.838008880615234,8.737824440002441,78.04644012451172,373.58709716796875,87.84,92.04,8.49,27.27,44.81,2.33,3.75,3.42,2.44,124.4242,296.349,294.103,101.2918,58.6,,198.61199951171875,1705.0,128.8699951171875,4.200000000000003,190.12199951171874,-0.33000000000000007,4,Russia-Ukraine,0,0,1
2022-09-14,86.8145751953125,141.44810485839844,103.3791275024414,63.510337829589844,168.20716857910156,,9.549352645874023,41.45578384399414,8.984697341918945,78.04644012451172,375.0126037597656,88.88,92.83,8.7,26.16,45.62,2.33,3.78,3.41,2.46,124.4509,296.349,294.103,101.2918,58.6,,217.8820037841797,1696.5,125.3499984741211,3.950000000000003,209.1820037841797,-0.36999999999999966,4,Russia-Ukraine,0,0,1
2022-09-15,84.29022216796875,139.15225219726562,101.49085998535156,61.51618576049805,166.20803833007812,,9.389226913452148,41.28059387207031,8.99966049194336,78.07203674316406,370.7549743652344,85.72,89.28,8.6,26.27,46.63,2.33,3.87,3.45,2.43,124.8843,296.349,294.103,101.2918,58.6,,214.2830047607422,1665.4000244140625,124.06999969482422,3.5600000000000023,205.6830047607422,-0.41999999999999993,4,Russia-Ukraine,0,0,1
2022-09-16,82.85027313232422,135.53961181640625,99.3567123413086,60.8735237121582,161.52407836914062,,9.309164047241211,39.74075698852539,8.835078239440918,78.07203674316406,367.9265441894531,85.57,89.43,8.11,26.3,47.44,2.33,3.85,3.45,2.38,124.8794,296.349,294.103,101.2918,58.6,,187.79299926757812,1671.699951171875,124.94999694824219,3.8600000000000136,179.6829992675781,-0.3999999999999999,4,Russia-Ukraine,0,0,1
2022-09-19,82.84140014648438,135.929443359375,99.12838745117188,61.12868881225586,162.7312774658203,,10.000617980957031,39.84218978881836,8.902406692504883,78.07203674316406,370.7798156738281,86.15,,7.96,25.76,46.75,2.33,3.95,3.49,2.34,125.0104,296.349,294.103,101.2918,58.6,,182.26199340820312,1666.199951171875,133.7899932861328,,174.30199340820312,-0.45999999999999996,4,Russia-Ukraine,0,0,1
2022-09-20,82.1658706665039,135.392333984375,98.4257583618164,60.75065231323242,162.29669189453125,,9.796821594238281,40.25711441040039,8.924851417541504,78.0634765625,366.5238342285156,84.69,89.62,8.01,27.16,48.23,2.33,3.96,3.57,2.4,125.1248,296.349,294.103,101.2918,58.6,,194.25900268554688,1659.699951171875,134.66000366210938,4.930000000000007,186.24900268554688,-0.3900000000000001,4,Russia-Ukraine,0,0,1
2022-09-21,80.84146118164062,134.2920684814453,97.56505584716797,59.238502502441406,159.82435607910156,,9.578466415405273,39.95283508300781,8.87248420715332,78.08056640625,360.13018798828125,83.38,89.86,7.99,27.99,48.65,2.33,4.02,3.51,2.38,125.7399,296.349,294.103,101.2918,58.6,,189.781005859375,1664.5999755859375,130.5399932861328,6.480000000000004,181.791005859375,-0.5099999999999998,4,Russia-Ukraine,0,0,1
2022-09-22,80.5036849975586,134.1880645751953,96.66049194335938,58.4824333190918,160.5293426513672,,9.389226913452148,40.93943786621094,8.468507766723633,78.11469268798828,357.10516357421875,84.02,90.4,7.76,27.35,47.1,3.08,4.11,3.7,2.41,126.1667,296.349,294.103,101.2918,58.6,,187.46800231933594,1670.800048828125,131.92999267578125,6.38000000000001,179.70800231933595,-0.41000000000000014,4,Russia-Ukraine,0,0,1
2022-09-23,76.21942138671875,125.42064666748047,88.3434066772461,55.50538635253906,149.86729431152344,,8.814226150512695,36.5135498046875,7.8849897384643555,78.11469268798828,351.1219177246094,79.07,84.29,6.75,29.92,50.82,3.08,4.2,3.69,2.37,127.2853,296.349,294.103,101.2918,58.6,,185.4949951171875,1645.300048828125,137.27999877929688,5.220000000000013,178.7449951171875,-0.5100000000000002,4,Russia-Ukraine,0,0,1
2022-09-26,74.6461410522461,122.11994171142578,87.12267303466797,54.70205307006836,143.85055541992188,,8.675936698913574,37.749114990234375,7.6455979347229,78.09764862060547,347.64837646484375,77.17,82.55,6.75,32.26,56.68,3.08,4.27,3.88,2.32,128.4539,296.349,294.103,101.2918,58.6,,173.83399963378906,1623.300048828125,153.61000061035156,5.3799999999999955,167.08399963378906,-0.3899999999999997,4,Russia-Ukraine,0,1,1
2022-09-27,76.21053314208984,122.17192077636719,86.7362289428711,55.31636047363281,147.34666442871094,,8.537646293640137,39.43648147583008,7.847582817077637,78.12323760986328,346.7609558105469,78.91,85.97,6.83,32.6,55.89,3.08,4.3,3.97,2.33,128.4386,296.349,294.103,101.2918,58.6,,186.0989990234375,1626.699951171875,158.1199951171875,7.060000000000002,179.2689990234375,-0.3299999999999996,4,Russia-Ukraine,0,1,1
2022-09-28,78.98377227783203,126.29568481445312,91.76081085205078,58.038230895996094,157.58375549316406,,8.47941780090332,38.938568115234375,8.311406135559082,78.13177490234375,353.58392333984375,82.61,89.55,6.59,30.18,55.02,3.08,4.07,3.72,2.33,128.0884,296.349,294.103,101.2918,58.6,,207.18699645996094,1660.4000244140625,158.99000549316406,6.939999999999998,200.59699645996093,-0.3500000000000001,4,Russia-Ukraine,0,0,1
2022-09-29,78.82376861572266,125.42064666748047,92.34878540039062,58.69980239868164,158.68470764160156,,7.8825836181640625,38.55130386352539,8.206672668457031,78.14883422851562,346.1979064941406,81.78,89.41,6.57,31.84,54.41,3.08,4.16,3.76,2.19,127.5437,296.349,294.103,101.2918,58.6,,187.6649932861328,1658.5,148.13999938964844,7.6299999999999955,181.09499328613282,-0.40000000000000036,4,Russia-Ukraine,0,1,1
2022-09-30,77.60603332519531,124.46773529052734,91.17282104492188,58.07604217529297,160.22996520996094,,7.955369472503662,38.76337814331055,8.251557350158691,78.14883422851562,340.8444519042969,79.91,88.9,6.4,31.62,55.69,3.08,4.22,3.83,2.15,127.5148,296.349,294.103,101.2918,58.6,,188.8000030517578,1662.4000244140625,141.88999938964844,8.990000000000009,182.4000030517578,-0.3899999999999997,4,Russia-Ukraine,0,0,1
2022-10-03,81.70365905761719,131.45045471191406,97.97025299072266,60.5427360534668,161.60134887695312,,7.8825836181640625,38.357666015625,8.483470916748047,78.12742614746094,349.8431701660156,84.05,90.68,5.64,30.1,56.24,3.08,4.12,3.67,2.24,127.0813,296.349,294.103,101.2918,58.6,,169.91200256347656,1692.9000244140625,152.94000244140625,6.63000000000001,164.27200256347658,-0.4500000000000002,4,Russia-Ukraine,0,0,1
2022-10-04,84.68132781982422,136.56190490722656,103.00373840332031,62.53688049316406,164.58555603027344,,7.751570701599121,37.97040557861328,8.775229454040527,78.15312957763672,360.68359375,86.87,93.74,5.4,29.07,59.51,3.08,4.1,3.62,2.24,126.1819,296.349,294.103,101.2918,58.6,,161.9499969482422,1721.0999755859375,151.2100067138672,6.86999999999999,156.54999694824218,-0.47999999999999954,4,Russia-Ukraine,0,0,1
2022-10-05,88.10342407226562,137.34158325195312,103.2799072265625,64.02068328857422,165.57061767578125,,7.518660545349121,36.03407669067383,8.86500072479248,78.15312957763672,359.8438720703125,88.22,94.35,5.84,28.55,54.2,3.08,4.15,3.76,2.22,126.8616,296.349,294.103,101.2918,58.6,,173.6929931640625,1711.4000244140625,152.00999450683594,6.1299999999999955,167.8529931640625,-0.39000000000000057,4,Russia-Ukraine,0,0,1
2022-10-06,90.71664428710938,139.8453369140625,104.81222534179688,66.62913513183594,166.60397338867188,,7.846192836761475,37.83209228515625,8.640573501586914,78.1701889038086,356.1318359375,88.9,95.65,6.91,30.52,53.39,3.08,4.23,3.83,2.22,127.2493,296.349,294.103,101.2918,58.6,,175.71200561523438,1711.699951171875,153.2899932861328,6.75,168.80200561523438,-0.40000000000000036,4,Russia-Ukraine,0,0,1
2022-10-07,89.80113983154297,138.64111328125,105.578369140625,65.96758270263672,168.04298400878906,,7.92625617980957,38.86479949951172,8.633090019226074,78.1701889038086,346.1979064941406,93.07,98.88,6.25,31.36,53.64,3.08,4.3,3.89,2.27,127.3111,296.349,294.103,101.2918,58.6,,156.20700073242188,1700.5,148.4600067138672,5.810000000000002,149.95700073242188,-0.4099999999999997,4,Russia-Ukraine,0,0,1
2022-10-10,87.85454559326172,136.13735961914062,104.05497741699219,62.02652359008789,162.14218139648438,,7.889862537384033,37.564697265625,8.483470916748047,78.17872619628906,343.5545654296875,91.6,97.13,,32.45,51.42,3.08,,,,,296.349,294.103,101.2918,58.6,,154.1179962158203,1667.300048828125,,5.530000000000001,,,4,Russia-Ukraine,0,1,1
2022-10-11,87.10791778564453,136.1633758544922,102.96807098388672,60.51437759399414,162.38360595703125,,7.671507835388184,38.652732849121094,8.6256103515625,78.17872619628906,341.3788757324219,89.75,95.17,6.2,33.63,51.92,3.08,4.3,3.93,2.31,127.6641,296.349,294.103,101.2918,58.6,,156.781005859375,1678.699951171875,155.57000732421875,5.420000000000002,150.581005859375,-0.36999999999999966,4,Russia-Ukraine,0,1,1
2022-10-12,87.49010467529297,136.57057189941406,103.60955047607422,61.53508758544922,165.73483276367188,,7.8680267333984375,40.7181396484375,8.603166580200195,78.17872619628906,340.2528076171875,87.83,93.44,6.6,33.57,51.52,3.08,4.28,3.91,2.29,128.1481,296.349,294.103,101.2918,58.6,,160.19000244140625,1670.300048828125,160.72000122070312,5.609999999999999,153.59000244140626,-0.3700000000000001,4,Russia-Ukraine,0,1,1
2022-10-13,90.54776763916016,143.18939208984375,109.3468017578125,64.26641082763672,172.0702362060547,,8.268342018127441,41.19760513305664,8.76026725769043,78.20437622070312,349.2324523925781,89.59,95.16,6.25,31.94,50.52,3.08,4.47,3.97,2.34,127.7286,296.349,294.103,101.2918,58.6,,153.8090057373047,1670.0,155.0800018310547,5.569999999999993,147.5590057373047,-0.49999999999999956,4,Russia-Ukraine,0,1,1
2022-10-14,88.16565704345703,138.7364044189453,105.08837890625,63.01887893676758,164.71109008789062,,8.675936698913574,42.76511001586914,8.580723762512207,78.20437622070312,341.27386474609375,86.1,92.22,6.1,32.02,50.3,3.08,4.48,4.0,2.41,128.3325,296.349,294.103,101.2918,58.6,,141.9969940185547,1641.699951171875,152.88999938964844,6.1200000000000045,135.8969940185547,-0.4800000000000004,4,Russia-Ukraine,0,1,1
2022-10-17,89.43671417236328,139.7500457763672,105.44474792480469,63.66154098510742,165.7251434326172,,9.09080982208252,43.56730651855469,8.752785682678223,78.20437622070312,350.04364013671875,86.0,91.04,6.08,31.37,50.27,3.08,4.45,4.02,2.45,127.6448,296.349,294.103,101.2918,58.6,,127.97799682617188,1657.0,150.4199981689453,5.040000000000006,121.89799682617188,-0.4300000000000006,4,Russia-Ukraine,0,0,1
2022-10-18,89.5967025756836,140.97157287597656,105.02603912353516,64.05848693847656,162.21945190429688,,9.309164047241211,45.41142272949219,8.820115089416504,78.20437622070312,354.15643310546875,83.29,89.46,6.16,30.5,49.12,3.08,4.43,4.01,2.41,127.9153,296.349,294.103,101.2918,58.6,,113.22200012207031,1649.0,145.7899932861328,6.1699999999999875,107.06200012207032,-0.41999999999999993,4,Russia-Ukraine,0,0,1
2022-10-19,92.25438690185547,145.5458984375,107.8946762084961,64.70114135742188,164.9042510986328,,9.061695098876953,45.217796325683594,8.887442588806152,78.20437622070312,351.6467590332031,86.0,91.34,5.63,30.76,47.78,3.08,4.55,4.14,2.42,128.3968,296.349,294.103,101.2918,58.6,,112.51000213623047,1627.5,147.72999572753906,5.340000000000003,106.88000213623047,-0.41000000000000014,4,Russia-Ukraine,0,0,1
2022-10-20,92.37881469726562,146.37757873535156,108.51827239990234,65.06973266601562,167.94639587402344,,8.850618362426758,44.30494689941406,8.894926071166992,78.23854064941406,348.69805908203125,86.02,91.52,5.1,29.98,47.98,3.08,4.62,4.24,2.51,128.0052,296.349,294.103,101.2918,58.6,,127.14700317382812,1630.800048828125,155.61000061035156,5.5,122.04700317382813,-0.3799999999999999,4,Russia-Ukraine,0,0,1
2022-10-21,94.09430694580078,150.0421905517578,110.9058609008789,67.347412109375,169.77169799804688,,9.05441665649414,43.945350646972656,9.044547080993652,78.2470932006836,357.1719055175781,85.47,91.82,4.45,29.69,47.19,3.08,4.49,4.21,2.52,127.6735,296.349,294.103,101.2918,58.6,,113.57599639892578,1651.0,156.9499969482422,6.349999999999994,109.12599639892578,-0.28000000000000025,4,Russia-Ukraine,0,0,1
2022-10-24,94.75205993652344,149.990234375,111.48491668701172,66.94100952148438,163.10794067382812,,9.258213996887207,43.594966888427734,9.029583930969238,78.23854064941406,361.54241943359375,86.12,91.57,4.81,29.85,47.78,3.08,4.5,4.25,2.59,128.0304,296.349,294.103,101.2918,58.6,,99.16999816894531,1648.699951171875,154.02000427246094,5.449999999999989,94.35999816894531,-0.25,4,Russia-Ukraine,0,0,1
2022-10-25,94.11209106445312,151.54962158203125,110.41585540771484,67.1867446899414,163.4845733642578,,9.309164047241211,44.73831558227539,9.00714111328125,78.23854064941406,367.3157653808594,86.93,91.76,5.17,28.46,47.3,3.08,4.42,4.1,2.51,127.3771,296.349,294.103,101.2918,58.6,,99.79399871826172,1652.800048828125,147.77999877929688,4.829999999999998,94.62399871826172,-0.3200000000000003,4,Russia-Ukraine,0,0,1
2022-10-26,95.2320556640625,153.42095947265625,112.75888061523438,68.5382308959961,163.55221557617188,,9.389226913452148,44.10210418701172,9.186684608459473,78.25565338134766,364.5484619140625,89.39,92.93,5.28,27.28,48.58,3.08,4.39,4.04,2.44,126.4723,296.349,294.103,101.2918,58.6,,104.31999969482422,1664.0,140.1999969482422,3.5400000000000063,99.03999969482422,-0.34999999999999964,4,Russia-Ukraine,0,0,1
2022-10-27,95.59648895263672,154.12269592285156,112.82123565673828,67.9239273071289,168.16854858398438,,9.301885604858398,44.212745666503906,9.306380271911621,78.28129577636719,362.60174560546875,89.06,94.17,5.3,27.39,49.02,3.08,4.3,3.96,2.45,126.7028,296.349,294.103,101.2918,58.6,,107.38400268554688,1660.699951171875,142.77999877929688,5.109999999999999,102.08400268554688,-0.33999999999999986,4,Russia-Ukraine,0,0,1
2022-10-28,98.3963851928711,155.92471313476562,113.29340362548828,67.89556884765625,168.50656127929688,,9.076252937316895,43.20770263671875,9.373709678649902,78.27274322509766,371.22821044921875,87.85,94.64,5.02,25.75,47.81,3.08,4.41,4.02,2.51,127.2135,296.349,294.103,101.2918,58.6,,112.24400329589844,1639.5999755859375,144.60000610351562,6.790000000000006,107.22400329589844,-0.39000000000000057,4,Russia-Ukraine,0,0,1
2022-10-31,98.49414825439453,156.72174072265625,112.33124542236328,68.61383819580078,170.37045288085938,,9.141758918762207,44.203521728515625,9.553254127502441,78.27274322509766,368.54681396484375,86.54,93.3,5.02,25.88,47.41,3.08,4.51,4.1,2.52,127.6219,296.349,294.103,101.2918,58.6,,123.35199737548828,1635.9000244140625,147.9199981689453,6.759999999999991,118.33199737548829,-0.41000000000000014,4,Russia-Ukraine,0,0,1
2022-11-01,99.47187805175781,157.86529541015625,113.83685302734375,69.7479476928711,173.702392578125,,9.622138023376465,47.50449752807617,9.538293838500977,78.27957916259766,366.9341125488281,88.36,95.12,4.57,25.81,47.04,3.08,4.54,4.07,2.51,127.3987,298.786,298.107,100.9552,56.7,,116.19300079345703,1645.0,148.4199981689453,6.760000000000005,111.62300079345704,-0.46999999999999975,4,Russia-Ukraine,0,0,1
2022-11-02,97.42752075195312,154.6425018310547,112.70545196533203,67.19620513916016,172.5048370361328,,9.556631088256836,46.038421630859375,9.24653434753418,78.30528259277344,357.72540283203125,90.06,96.07,4.58,25.86,47.75,3.08,4.61,4.1,2.53,127.3115,298.786,298.107,100.9552,56.7,,125.86299896240234,1645.699951171875,141.1699981689453,6.009999999999991,121.28299896240235,-0.5100000000000007,4,Russia-Ukraine,0,0,1
2022-11-03,98.7519302368164,156.92098999023438,119.21778106689453,68.197998046875,170.9885711669922,,9.571189880371094,47.937870025634766,9.319161415100098,78.33100891113281,354.0419921875,88.14,95.29,4.65,25.3,46.47,3.83,4.71,4.14,2.4,128.1743,298.786,298.107,100.9552,56.7,,125.44499969482422,1627.300048828125,136.27999877929688,7.150000000000006,120.79499969482421,-0.5700000000000003,4,Russia-Ukraine,0,0,1
2022-11-04,99.82743072509766,158.90492248535156,117.8814468383789,69.24705505371094,165.89903259277344,,9.949670791625977,47.35696792602539,9.403254508972168,78.3481216430664,359.1377258300781,92.58,99.53,4.0,24.55,47.5,3.83,4.66,4.17,2.48,127.1468,298.786,298.107,100.9552,56.7,,114.78600311279297,1672.5,128.44000244140625,6.950000000000003,110.78600311279297,-0.4900000000000002,4,Russia-Ukraine,0,0,1
2022-11-07,101.00961303710938,160.8022003173828,120.215576171875,71.79881286621094,165.00360107421875,,9.898719787597656,47.85488510131836,9.472060203552246,78.33956146240234,362.5731201171875,91.8,99.87,4.62,24.35,45.11,3.83,4.72,4.22,2.53,126.3062,298.786,298.107,100.9552,56.7,,109.68299865722656,1676.5,128.3300018310547,8.070000000000007,105.06299865722656,-0.5,4,Russia-Ukraine,0,0,1
2022-11-08,101.32960510253906,160.5682830810547,119.77011108398438,70.72139739990234,167.8204345703125,,10.175302505493164,48.54642868041992,9.38032054901123,78.3481216430664,364.5293884277344,88.8,96.85,4.0,25.54,45.04,3.83,4.67,4.14,2.5,125.633,298.786,298.107,100.9552,56.7,,118.14700317382812,1712.0999755859375,126.33000183105469,8.049999999999997,114.14700317382812,-0.5300000000000002,4,Russia-Ukraine,0,0,1
2022-11-09,96.79643249511719,154.148681640625,111.59182739257812,64.20024871826172,157.6565399169922,,9.702200889587402,46.71152877807617,9.150972366333008,78.39094543457031,357.0193176269531,85.79,93.05,3.46,26.09,45.38,3.83,4.61,4.12,2.42,125.9861,298.786,298.107,100.9552,56.7,,113.14399719238281,1710.0999755859375,124.4000015258789,7.259999999999991,109.68399719238282,-0.4900000000000002,4,Russia-Ukraine,0,0,1
2022-11-10,98.21862030029297,157.0682373046875,115.33354949951172,66.61023712158203,161.96412658691406,,9.593024253845215,45.918556213378906,9.41854476928711,78.39950561523438,376.63897705078125,86.52,94.25,4.8,23.53,43.48,3.83,4.34,3.82,2.39,124.7044,298.786,298.107,100.9552,56.7,,113.4520034790039,1750.300048828125,111.69000244140625,7.730000000000004,108.65200347900391,-0.52,4,Russia-Ukraine,0,0,1
2022-11-11,101.28514862060547,161.5386199951172,119.34249877929688,70.24886322021484,156.5820770263672,,9.753150939941406,45.051815032958984,9.326805114746094,78.39094543457031,380.28424072265625,89.14,96.37,4.8,22.52,42.06,3.83,,,,,298.786,298.107,100.9552,56.7,,97.85299682617188,1766.0,,7.230000000000004,93.05299682617188,,4,Russia-Ukraine,0,0,1
2022-11-14,101.58085632324219,161.61656188964844,118.96692657470703,69.25650024414062,159.23435974121094,,9.862327575683594,44.046783447265625,9.1968412399292,78.39094543457031,377.0492248535156,85.85,93.59,6.24,23.73,44.42,3.83,4.4,3.88,2.37,123.4277,298.786,298.107,100.9552,56.7,,113.7040023803711,1773.5999755859375,119.98999786376953,7.740000000000009,107.4640023803711,-0.5200000000000005,4,Russia-Ukraine,0,0,1
2022-11-15,102.26180267333984,162.91610717773438,119.91486358642578,70.3433609008789,160.0765380859375,,10.313593864440918,45.52206802368164,9.204486846923828,78.40808868408203,380.26513671875,86.87,94.3,5.9,24.54,46.72,3.83,4.37,3.8,2.35,123.039,298.786,298.107,100.9552,56.7,,124.10399627685547,1773.800048828125,128.6199951171875,7.429999999999993,118.20399627685546,-0.5700000000000003,4,Russia-Ukraine,0,0,1
2022-11-16,101.1686782836914,160.26507568359375,115.57755279541016,67.9806137084961,162.2448272705078,,10.218973159790039,44.69053649902344,9.258003234863281,78.41665649414062,377.3642272949219,85.62,92.61,5.88,24.11,45.12,3.83,4.35,3.67,2.29,123.2817,298.786,298.107,100.9552,56.7,,113.9000015258789,1773.0,130.8300018310547,6.989999999999995,108.02000152587891,-0.6799999999999997,4,Russia-Ukraine,0,0,1
2022-11-17,101.30307006835938,160.71905517578125,117.32139587402344,67.53643035888672,160.18301391601562,,10.451882362365723,46.08566665649414,9.135682106018066,78.44234466552734,376.2095642089844,81.69,91.0,6.2,23.93,45.34,3.83,4.43,3.77,2.28,123.977,298.786,298.107,100.9552,56.7,,112.55599975585938,1760.800048828125,132.17999267578125,9.310000000000002,106.35599975585937,-0.6599999999999997,4,Russia-Ukraine,0,0,1
2022-11-18,100.42498016357422,159.75869750976562,114.99625396728516,67.33795928955078,162.3803253173828,,10.408212661743164,47.75797653198242,9.303873062133789,78.44234466552734,377.91766357421875,80.07,88.93,6.1,23.12,45.93,3.83,4.51,3.82,2.25,123.8524,298.786,298.107,100.9552,56.7,,115.50900268554688,1751.9000244140625,129.3300018310547,8.860000000000014,109.40900268554688,-0.69,4,Russia-Ukraine,0,0,1
2022-11-21,99.430419921875,158.2308807373047,112.2239761352539,65.76909637451172,159.26341247558594,,10.502833366394043,49.04224395751953,9.296225547790527,78.45091247558594,376.5435485839844,79.74,88.44,6.23,22.36,47.11,3.83,4.48,3.83,2.31,124.7009,298.786,298.107,100.9552,56.7,,116.12799835205078,1737.4000244140625,132.1300048828125,8.700000000000003,109.89799835205078,-0.6500000000000004,4,Russia-Ukraine,0,0,1
2022-11-22,102.30660247802734,162.29052734375,116.23931121826172,68.77450561523438,166.94924926757812,,10.320870399475098,47.92428970336914,9.548507690429688,78.46803283691406,381.61065673828125,80.83,88.65,6.27,21.29,46.3,3.83,4.47,3.76,2.32,124.2365,298.786,298.107,100.9552,56.7,,119.63899993896484,1738.300048828125,133.52999877929688,7.820000000000007,113.36899993896485,-0.71,4,Russia-Ukraine,0,0,1
2022-11-23,101.7958755493164,160.8500213623047,113.34183502197266,67.21509552001953,167.26869201660156,,10.073403358459473,46.93568801879883,9.502638816833496,78.48516082763672,384.0154724121094,77.93,85.9,6.57,20.35,51.56,3.83,4.46,3.71,2.32,123.7574,298.786,298.107,100.9552,56.7,,129.6199951171875,1744.9000244140625,136.1999969482422,7.969999999999999,123.0499951171875,-0.75,4,Russia-Ukraine,0,0,1
2022-11-25,101.43749237060547,160.37857055664062,113.40442657470703,66.42121124267578,167.53970336914062,,10.015174865722656,48.571044921875,9.449124336242676,78.48516082763672,383.9295349121094,76.45,83.4,6.57,20.5,50.16,3.83,4.42,3.68,2.32,123.3386,298.786,298.107,100.9552,56.7,,124.37000274658203,1753.300048828125,129.60000610351562,6.950000000000003,117.80000274658204,-0.7399999999999998,4,Russia-Ukraine,0,0,1
2022-11-28,98.39103698730469,155.71652221679688,110.74840545654297,64.48377990722656,164.97454833984375,,9.440176963806152,46.436767578125,9.288580894470215,78.49372863769531,377.8031311035156,77.1,83.5,6.0,22.21,50.53,3.83,4.46,3.69,2.26,123.6032,298.786,298.107,100.9552,56.7,,123.28199768066406,1740.0999755859375,131.72999572753906,6.400000000000006,117.28199768066406,-0.77,4,Russia-Ukraine,0,0,1
2022-11-29,99.04512786865234,158.04751586914062,111.11506652832031,65.31546020507812,167.1234893798828,,9.418340682983398,47.18514633178711,9.487350463867188,78.5194320678711,377.154296875,77.96,83.22,6.03,21.89,47.91,3.83,4.48,3.75,2.25,123.6615,298.786,298.107,100.9552,56.7,,132.28599548339844,1748.4000244140625,131.22999572753906,5.260000000000005,126.25599548339844,-0.7300000000000004,4,Russia-Ukraine,0,0,1
2022-11-30,99.76194763183594,160.0380859375,110.45330047607422,65.67462158203125,169.74676513671875,,10.06612491607666,47.138954162597656,9.586732864379883,78.5194320678711,389.0347900390625,80.48,85.61,7.0,20.58,46.15,3.83,4.38,3.68,2.34,123.5175,298.786,298.107,100.9552,56.7,,146.39700317382812,1746.0,127.2699966430664,5.1299999999999955,139.39700317382812,-0.6999999999999997,4,Russia-Ukraine,0,0,1
2022-12-01,99.2780990600586,159.3221893310547,110.05084228515625,65.0224838256836,169.9113006591797,,9.964225769042969,47.02808380126953,9.510285377502441,78.53663635253906,388.7486267089844,81.06,86.28,6.33,19.84,45.61,3.83,4.25,3.53,2.36,122.0045,298.832,286.33,99.7664,59.8,,139.25799560546875,1801.0999755859375,119.7699966430664,5.219999999999999,132.92799560546874,-0.7200000000000002,4,Russia-Ukraine,0,0,1
2022-12-02,98.43584442138672,158.04751586914062,109.2638931274414,64.46487426757812,169.12725830078125,,10.49555492401123,49.799869537353516,9.579086303710938,78.5451889038086,388.3000793457031,79.86,86.54,4.92,19.06,45.76,3.83,4.28,3.51,2.43,122.0102,298.832,286.33,99.7664,59.8,,135.56199645996094,1795.9000244140625,118.62000274658203,6.680000000000007,130.64199645996095,-0.7700000000000005,4,Russia-Ukraine,0,0,1
2022-12-05,95.73883819580078,154.1449737548828,106.75096130371094,62.71644592285156,166.82342529296875,,10.131631851196289,49.05148696899414,9.311516761779785,78.55381774902344,381.3148193359375,76.83,83.36,4.15,20.75,45.41,3.83,4.41,3.6,2.39,122.6384,298.832,286.33,99.7664,59.8,,134.69900512695312,1767.4000244140625,126.5,6.530000000000001,130.54900512695312,-0.81,4,Russia-Ukraine,0,0,1
2022-12-06,93.07768249511719,150.17266845703125,103.388427734375,60.61834716796875,158.48904418945312,,9.556631088256836,47.21286392211914,9.128036499023438,78.57955169677734,375.8183288574219,74.21,79.92,4.58,22.17,46.36,3.83,4.34,3.51,2.31,123.0191,298.832,286.33,99.7664,59.8,,138.48800659179688,1769.300048828125,129.08999633789062,5.710000000000008,133.90800659179686,-0.8300000000000001,4,Russia-Ukraine,0,0,1
2022-12-07,92.87161254882812,150.617919921875,102.735595703125,60.43877029418945,162.99017333984375,,8.959796905517578,46.889495849609375,9.1051025390625,78.57955169677734,375.178955078125,71.93,77.11,4.49,22.68,47.91,3.83,4.26,3.42,2.26,122.7608,298.832,286.33,99.7664,59.8,,149.2449951171875,1785.5,131.10000610351562,5.179999999999993,144.7549951171875,-0.8399999999999999,4,Russia-Ukraine,0,0,1
2022-12-08,93.56153869628906,151.50843811035156,100.69662475585938,60.211952209472656,157.8791961669922,,9.476570129394531,47.94277572631836,8.944559097290039,78.63111877441406,378.11810302734375,71.3,76.02,4.79,22.29,47.17,3.83,4.31,3.48,2.28,122.4152,298.832,286.33,99.7664,59.8,,138.89300537109375,1788.699951171875,129.5399932861328,4.719999999999999,134.10300537109376,-0.8299999999999996,4,Russia-Ukraine,0,0,1
2022-12-09,92.7730484008789,146.67173767089844,98.38938903808594,59.28387451171875,153.45547485351562,,9.338276863098145,48.118324279785156,8.730502128601074,78.62251281738281,375.2934875488281,71.05,76.37,4.98,22.83,46.93,3.83,4.33,3.57,2.26,122.4201,298.832,286.33,99.7664,59.8,,139.11300659179688,1798.0999755859375,132.7899932861328,5.320000000000007,134.13300659179689,-0.7600000000000002,4,Russia-Ukraine,0,0,1
2022-12-12,95.05787658691406,148.19955444335938,99.96333312988281,60.638118743896484,157.28871154785156,,10.35726261138916,50.539024353027344,8.944559097290039,78.63111877441406,380.7041320800781,72.96,78.0,6.73,25.0,44.99,3.83,4.39,3.61,2.28,122.7714,298.832,286.33,99.7664,59.8,,136.58999633789062,1780.5,141.92999267578125,5.040000000000006,129.85999633789064,-0.7799999999999998,4,Russia-Ukraine,0,0,1
2022-12-13,96.09724426269531,151.4996795654297,101.42100524902344,60.8748664855957,159.91197204589844,,10.175302505493164,50.705318450927734,9.1051025390625,78.63111877441406,383.5860595703125,75.44,80.14,7.2,22.55,43.37,3.83,4.22,3.51,2.24,121.8493,298.832,286.33,99.7664,59.8,,137.5290069580078,1813.9000244140625,135.0800018310547,4.700000000000003,130.32900695800782,-0.71,4,Russia-Ukraine,0,0,1
2022-12-14,95.389404296875,150.45204162597656,100.93810272216797,60.30665969848633,157.97596740722656,,9.869606018066406,51.841766357421875,9.0133638381958,78.65686798095703,381.13348388671875,77.14,83.33,6.54,21.14,41.82,3.83,4.23,3.49,2.19,121.8226,298.832,286.33,99.7664,59.8,,131.51100158691406,1807.5,120.26000213623047,6.189999999999998,124.97100158691406,-0.7400000000000002,4,Russia-Ukraine,0,0,1
2022-12-15,94.47547912597656,149.32579040527344,100.65190887451172,59.814205169677734,155.45921325683594,,10.06612491607666,52.53470993041992,8.913979530334473,78.67405700683594,371.81036376953125,75.89,82.34,6.8,22.83,43.7,4.33,4.23,3.44,2.16,122.5519,298.832,286.33,99.7664,59.8,,134.76699829101562,1777.199951171875,111.26000213623047,6.450000000000003,127.96699829101563,-0.7900000000000005,4,Russia-Ukraine,0,0,1
2022-12-16,93.81241607666016,147.3003387451172,98.76497650146484,59.21757125854492,152.56494140625,,9.847771644592285,51.65696716308594,8.913979530334473,78.67405700683594,367.4207458496094,74.19,80.2,6.63,22.62,42.29,4.33,4.17,3.48,2.13,122.6505,298.832,286.33,99.7664,59.8,,115.45099639892578,1790.0,113.6500015258789,6.010000000000005,108.82099639892579,-0.69,4,Russia-Ukraine,0,0,1
2022-12-19,94.23353576660156,148.3130645751953,98.76497650146484,59.103939056396484,147.39585876464844,,9.389226913452148,51.04718017578125,8.837530136108398,78.68353271484375,364.30517578125,75.05,81.66,6.08,22.42,42.47,4.33,4.25,3.57,2.15,122.5275,298.832,286.33,99.7664,59.8,,108.54299926757812,1787.699951171875,118.31999969482422,6.609999999999999,102.46299926757813,-0.6800000000000002,4,Russia-Ukraine,0,0,1
2022-12-20,95.59548950195312,150.7488555908203,100.74134063720703,59.0660514831543,148.78005981445312,,9.534797668457031,50.696083068847656,8.92927074432373,78.69215393066406,364.80364990234375,75.92,79.45,5.28,21.48,41.79,4.33,4.25,3.69,2.24,122.1357,298.832,286.33,99.7664,59.8,,105.68800354003906,1815.9000244140625,119.91999816894531,3.530000000000001,100.40800354003906,-0.56,4,Russia-Ukraine,0,0,1
2022-12-21,96.8230209350586,152.52113342285156,103.98760223388672,60.35401153564453,152.28424072265625,,9.309164047241211,50.067806243896484,9.135682106018066,78.70075988769531,370.2583312988281,78.17,80.25,6.13,20.07,41.18,4.33,4.21,3.68,2.27,122.2828,298.832,286.33,99.7664,59.8,,97.75199890136719,1815.9000244140625,115.0,2.0799999999999983,91.62199890136719,-0.5299999999999998,4,Russia-Ukraine,0,0,1
2022-12-22,94.86971282958984,150.23377990722656,100.96492767333984,58.526248931884766,147.57009887695312,,9.025303840637207,49.94770431518555,9.028654098510742,78.75245666503906,364.9761962890625,77.68,79.58,7.1,21.97,41.8,4.33,4.24,3.67,2.19,122.2419,298.832,286.33,99.7664,59.8,,91.93800354003906,1787.0,112.05000305175781,1.8999999999999915,84.83800354003907,-0.5700000000000003,4,Russia-Ukraine,0,0,1
2022-12-23,97.37855529785156,154.87835693359375,105.32925415039062,60.56235122680664,150.9290313720703,,9.09080982208252,50.5574951171875,9.143327713012695,78.75245666503906,367.07562255859375,79.57,82.45,7.15,20.87,41.21,4.33,4.31,3.75,2.2,121.9743,298.832,286.33,99.7664,59.8,,82.97699737548828,1795.9000244140625,113.16999816894531,2.8800000000000097,75.82699737548828,-0.5599999999999996,4,Russia-Ukraine,0,0,1
2022-12-27,98.73152160644531,156.8252716064453,106.6070785522461,60.922218322753906,150.53213500976562,,9.083531379699707,50.215641021728516,9.097456932067871,78.75245666503906,365.6280212402344,79.45,,4.88,21.65,43.5,4.33,4.32,3.84,2.26,121.7539,298.832,286.33,99.7664,59.8,,80.04299926757812,1814.800048828125,124.88999938964844,,75.16299926757813,-0.4800000000000004,4,Russia-Ukraine,0,0,1
2022-12-28,97.10973358154297,154.51168823242188,103.76351928710938,58.79141616821289,144.67581176757812,,8.675936698913574,48.68191146850586,8.921625137329102,78.77828216552734,361.0841064453125,78.89,81.7,4.06,22.14,43.95,4.33,4.31,3.88,2.28,122.0075,298.832,286.33,99.7664,59.8,,81.35099792480469,1807.9000244140625,120.06999969482422,2.8100000000000023,77.29099792480469,-0.4299999999999997,4,Russia-Ukraine,0,0,1
2022-12-29,97.84447479248047,155.68157958984375,104.73533630371094,58.98081970214844,145.06300354003906,,8.777835845947266,49.36561965942383,9.066879272460938,78.812744140625,367.5836486816406,78.43,80.96,3.78,21.44,42.6,4.33,4.34,3.83,2.27,121.6577,298.832,286.33,99.7664,59.8,,83.83000183105469,1819.5,120.25,2.529999999999987,80.05000183105469,-0.5099999999999998,4,Russia-Ukraine,0,0,1
2022-12-30,98.83009338378906,156.70306396484375,106.18414306640625,59.65321350097656,145.15980529785156,,8.836063385009766,49.67975616455078,9.074522972106934,78.80416870117188,366.6154479980469,80.16,82.82,3.52,21.67,41.26,4.33,4.41,3.88,2.3,121.4256,298.832,286.33,99.7664,59.8,,76.31500244140625,1819.699951171875,121.61000061035156,2.6599999999999966,72.79500244140625,-0.5300000000000002,4,Russia-Ukraine,0,0,1
2023-01-03,95.43419647216797,151.90130615234375,101.79280090332031,57.81597900390625,136.0316619873047,,8.406633377075195,48.64495849609375,8.883401870727539,78.812744140625,365.07208251953125,76.87,80.36,3.64,22.9,44.14,4.33,4.4,3.79,2.26,122.0905,298.832,286.33,99.7664,59.8,,72.31400299072266,1839.699951171875,129.97000122070312,3.489999999999995,68.67400299072266,-0.6100000000000003,5,Normalization,0,0,0
2023-01-04,95.71195983886719,150.2861328125,101.99076080322266,57.87279510498047,140.0585174560547,,7.773407936096191,43.57257843017578,8.913979530334473,78.80416870117188,367.8904724121094,72.82,75.31,3.75,22.01,45.83,4.33,4.36,3.69,2.22,121.5008,298.832,286.33,99.7664,59.8,,65.02200317382812,1852.800048828125,125.77999877929688,2.490000000000009,61.272003173828125,-0.6700000000000004,5,Normalization,0,0,0
2023-01-05,97.85343170166016,152.99261474609375,105.07730102539062,58.92400360107422,140.15525817871094,,8.064545631408691,46.131866455078125,9.120391845703125,78.82998657226562,363.6916198730469,73.61,76.73,3.78,22.46,43.93,4.33,4.45,3.71,2.22,122.1017,298.832,286.33,99.7664,59.8,,72.4219970703125,1834.800048828125,119.52999877929688,3.1200000000000045,68.6419970703125,-0.7400000000000002,5,Normalization,0,0,0
2023-01-06,99.03617095947266,154.1449737548828,106.39111328125,60.37294006347656,138.30641174316406,,8.100936889648438,45.69761276245117,9.288580894470215,78.82135772705078,372.0318298339844,73.77,76.41,3.43,21.13,42.94,4.33,4.24,3.55,2.21,121.0852,298.832,286.33,99.7664,59.8,,69.53399658203125,1864.199951171875,113.87000274658203,2.6400000000000006,66.10399658203124,-0.6900000000000004,5,Normalization,0,0,0
2023-01-09,97.19036865234375,152.94024658203125,105.60822296142578,60.68547058105469,138.89691162109375,,8.246506690979004,45.14326095581055,9.410901069641113,78.8386001586914,371.8209228515625,74.69,77.5,3.65,21.97,42.75,4.33,4.19,3.53,2.22,120.1508,298.832,286.33,99.7664,59.8,,74.302001953125,1872.699951171875,116.66999816894531,2.8100000000000023,70.652001953125,-0.6600000000000006,5,Normalization,0,0,0
2023-01-10,98.64191436767578,153.69102478027344,106.25613403320312,60.75176239013672,141.8202362060547,,10.364542007446289,47.73027420043945,9.472060203552246,78.82998657226562,374.42840576171875,75.11,78.4,3.32,20.58,41.6,4.33,4.24,3.61,2.24,120.2483,298.832,286.33,99.7664,59.8,,70.07099914550781,1871.5999755859375,119.5199966430664,3.2900000000000063,66.75099914550782,-0.6300000000000003,5,Normalization,0,0,0
2023-01-11,99.788818359375,152.9576873779297,106.40010833740234,60.6949348449707,144.67581176757812,,9.556631088256836,46.34436798095703,9.579086303710938,78.82998657226562,379.1641845703125,77.46,81.11,3.41,21.09,41.19,4.33,4.2,3.54,2.23,120.1614,298.832,286.33,99.7664,59.8,,65.34600067138672,1874.5999755859375,115.16999816894531,3.6500000000000057,61.93600067138672,-0.6600000000000001,5,Normalization,0,0,0
2023-01-12,101.44645690917969,154.59901428222656,108.12786102294922,62.257530212402344,148.55746459960938,,10.073403358459473,46.60306930541992,9.663182258605957,78.89029693603516,380.5445556640625,78.32,82.59,3.47,18.83,39.28,4.33,4.12,3.43,2.21,119.4218,298.832,286.33,99.7664,59.8,,66.80899810791016,1895.5,112.33999633789062,4.27000000000001,63.33899810791016,-0.69,5,Normalization,0,0,0
2023-01-13,101.38372039794922,155.01808166503906,109.30667877197266,61.85030746459961,151.50010681152344,,10.277201652526855,47.33297348022461,9.686119079589844,78.89891052246094,382.0209045410156,79.9,83.43,3.43,18.35,38.19,4.33,4.22,3.49,2.18,119.1673,298.832,286.33,99.7664,59.8,,64.81199645996094,1918.4000244140625,113.55000305175781,3.530000000000001,61.38199645996094,-0.7299999999999995,5,Normalization,0,0,0
2023-01-17,101.18659973144531,157.57608032226562,108.19983673095703,61.29156494140625,145.07264709472656,,10.284479141235352,48.58028030395508,9.647892951965332,78.89891052246094,381.3210754394531,80.25,84.38,3.43,19.36,40.1,4.33,4.18,3.53,2.17,119.2121,298.832,286.33,99.7664,59.8,,60.06100082397461,1907.199951171875,122.2699966430664,4.1299999999999955,56.63100082397461,-0.6499999999999999,5,Normalization,0,0,0
2023-01-18,99.10783386230469,154.72994995117188,106.6790542602539,61.0074462890625,146.52467346191406,,9.89144229888916,46.44600296020508,9.563797950744629,78.90753936767578,375.30078125,79.53,83.78,3.2,20.34,39.25,4.33,4.06,3.37,2.12,119.0755,298.832,286.33,99.7664,59.8,,61.70899963378906,1904.4000244140625,112.61000061035156,4.25,58.50899963378906,-0.6899999999999995,5,Normalization,0,0,0
2023-01-19,99.7440185546875,156.27525329589844,107.659912109375,62.19123840332031,145.7696075439453,,9.898719787597656,45.716102600097656,9.63260269165039,78.94198608398438,372.5687255859375,80.31,85.08,2.91,20.52,39.02,4.33,4.09,3.39,2.2,119.6107,298.832,286.33,99.7664,59.8,,60.71699905395508,1922.0999755859375,114.52999877929688,4.769999999999996,57.80699905395508,-0.6999999999999997,5,Normalization,0,0,0
2023-01-20,101.56290435791016,157.93405151367188,109.6036148071289,63.36555862426758,146.87313842773438,,10.23353099822998,45.31880569458008,9.754921913146973,78.9505844116211,379.50927734375,81.27,86.96,3.15,19.85,37.81,4.33,4.14,3.48,2.23,119.3486,298.832,286.33,99.7664,59.8,,66.89800262451172,1926.4000244140625,114.76000213623047,5.689999999999998,63.74800262451172,-0.6599999999999997,5,Normalization,0,0,0
2023-01-23,101.03424835205078,157.72451782226562,108.1008529663086,62.97726821899414,149.95132446289062,,10.080681800842285,43.2307243347168,9.946045875549316,78.9505844116211,384.0628967285156,81.62,87.54,3.43,19.81,37.3,4.33,4.21,3.52,2.28,119.1434,298.832,286.33,99.7664,59.8,,65.9990005493164,1927.0999755859375,114.69000244140625,5.920000000000002,62.56900054931641,-0.69,5,Normalization,0,0,0
2023-01-24,101.97508239746094,157.87294006347656,106.91302490234375,61.01692581176758,146.1858673095703,,9.971504211425781,42.86115264892578,9.991913795471191,78.9592056274414,383.650634765625,79.86,85.25,3.35,19.2,38.26,4.33,4.12,3.46,2.27,119.0958,298.832,286.33,99.7664,59.8,,58.26900100708008,1933.9000244140625,112.76000213623047,5.390000000000001,54.91900100708008,-0.6600000000000001,5,Normalization,0,0,0
2023-01-25,101.43749237060547,156.34507751464844,108.31681823730469,61.10214614868164,144.07565307617188,,9.753150939941406,42.46385955810547,10.053074836730957,78.96783447265625,383.79443359375,79.78,85.08,3.09,19.08,38.54,4.33,4.11,3.46,2.29,118.9686,298.832,286.33,99.7664,59.8,,56.65999984741211,1941.199951171875,107.73999786376953,5.299999999999997,53.569999847412106,-0.6500000000000004,5,Normalization,0,0,0
2023-01-26,105.51435089111328,163.9493408203125,112.16824340820312,63.536014556884766,146.90219116210938,,9.731315612792969,42.21440124511719,10.320646286010742,79.01091003417969,388.01251220703125,80.64,86.29,2.72,18.73,38.12,4.33,4.17,3.49,2.33,119.021,298.832,286.33,99.7664,59.8,,54.814998626708984,1929.0999755859375,104.27999877929688,5.650000000000006,52.094998626708986,-0.6799999999999997,5,Normalization,0,0,0
2023-01-27,103.5879135131836,156.66812133789062,111.23239135742188,63.01515197753906,145.45018005371094,,10.146187782287598,43.86823654174805,10.213616371154785,79.0195083618164,388.904052734375,79.73,85.36,2.83,18.51,38.6,4.33,4.19,3.52,2.33,118.9223,298.832,286.33,99.7664,59.8,,55.42499923706055,1928.5999755859375,100.69999694824219,5.6299999999999955,52.59499923706055,-0.6700000000000004,5,Normalization,0,0,0
2023-01-30,101.75109100341797,152.0846405029297,108.46080780029297,60.732810974121094,143.94981384277344,,9.905998229980469,42.63017272949219,10.014849662780762,79.0195083618164,384.02447509765625,77.97,84.9,2.82,19.94,40.18,4.33,4.25,3.55,2.29,118.8953,298.832,286.33,99.7664,59.8,,55.15599822998047,1922.9000244140625,103.7699966430664,6.930000000000007,52.33599822998047,-0.7000000000000002,5,Normalization,0,0,0
2023-01-31,103.94631958007812,151.927490234375,109.66661834716797,61.35786056518555,147.89920043945312,,10.06612491607666,44.22856521606445,10.152457237243652,79.02812957763672,389.6710205078125,78.95,83.42,2.65,19.4,38.55,4.33,4.21,3.52,2.24,118.9802,298.832,286.33,99.7664,59.8,,57.35200119018555,1929.5,99.54000091552734,4.469999999999999,54.70200119018555,-0.69,5,Normalization,0,0,0
2023-02-01,102.80838012695312,149.60516357421875,105.91417694091797,60.136192321777344,149.0317840576172,,10.539224624633789,45.98403549194336,9.991913795471191,79.03331756591797,393.8123474121094,76.34,81.61,2.65,17.87,37.99,4.33,4.09,3.39,2.25,118.6259,301.45,288.702,100.6416,66.9,,59.527000427246094,1927.800048828125,97.33000183105469,5.269999999999996,56.877000427246095,-0.6999999999999997,5,Normalization,0,0,0
2023-02-02,99.5916976928711,147.55349731445312,100.15503692626953,59.16075134277344,144.5015411376953,,10.568339347839355,45.44815444946289,10.152457237243652,79.06791687011719,399.5450439453125,75.87,80.57,2.67,18.73,38.49,4.58,4.09,3.4,2.22,118.3421,301.45,288.702,100.6416,66.9,,57.040000915527344,1916.300048828125,97.76000213623047,4.699999999999989,54.37000091552734,-0.69,5,Normalization,0,0,0
2023-02-03,100.2816162109375,147.93765258789062,97.28446960449219,57.99591064453125,143.09796142578125,,10.61201000213623,46.33513641357422,10.152457237243652,79.08521270751953,395.2981872558594,73.4,78.85,2.4,18.33,39.48,4.58,4.3,3.53,2.22,119.5095,301.45,288.702,100.6416,66.9,,57.888999938964844,1862.9000244140625,98.98999786376953,5.449999999999989,55.488999938964845,-0.77,5,Normalization,0,0,0
2023-02-06,100.11137390136719,148.10353088378906,96.72654724121094,58.28948974609375,143.98605346679688,,11.121502876281738,47.84114456176758,10.15636920928955,79.09385681152344,392.8824157714844,74.11,80.48,2.17,19.43,38.92,4.58,4.44,3.63,2.25,120.541,301.45,288.702,100.6416,66.9,,58.10900115966797,1866.199951171875,105.62999725341797,6.3700000000000045,55.93900115966797,-0.8100000000000005,5,Normalization,0,0,0
2023-02-07,102.96966552734375,151.98858642578125,100.80293273925781,61.17791748046875,145.51959228515625,,11.24523639678955,50.51129913330078,10.054649353027344,79.10249328613281,398.020751953125,77.17,82.92,2.35,18.66,37.31,4.58,4.47,3.67,2.31,120.3475,301.45,288.702,100.6416,66.9,,55.40299987792969,1871.699951171875,103.1500015258789,5.75,53.052999877929686,-0.7999999999999998,5,Normalization,0,0,0
2023-02-08,102.0736312866211,148.4178009033203,99.69609832763672,60.54341506958008,144.36456298828125,,11.208844184875488,51.17652130126953,9.999876022338867,79.10249328613281,393.6685485839844,78.47,84.17,2.4,19.63,37.02,4.58,4.45,3.63,2.34,120.1436,301.45,288.702,100.6416,66.9,,53.6870002746582,1877.4000244140625,100.75,5.700000000000003,51.287000274658205,-0.8200000000000003,5,Normalization,0,0,0
2023-02-09,102.45893096923828,147.05587768554688,98.9222183227539,59.85208511352539,143.14163208007812,,11.994918823242188,52.959712982177734,9.984228134155273,79.12841796875,390.2557067871094,78.04,83.46,2.4,20.71,35.75,4.57,4.48,3.67,2.33,119.9781,301.45,288.702,100.6416,66.9,,52.73400115966797,1866.199951171875,102.44999694824219,5.4199999999999875,50.33400115966797,-0.8100000000000005,5,Normalization,0,0,0
2023-02-10,106.77770233154297,150.13772583007812,103.53852844238281,62.15335464477539,147.49957275390625,,11.791123390197754,53.20917510986328,10.046825408935547,79.13707733154297,391.16644287109375,79.74,85.46,2.37,20.53,35.89,4.58,4.5,3.74,2.33,120.1419,301.45,288.702,100.6416,66.9,,53.946998596191406,1862.800048828125,109.62999725341797,5.719999999999999,51.57699859619141,-0.7599999999999998,5,Normalization,0,0,0
2023-02-13,106.36237335205078,149.29962158203125,101.51387023925781,61.329444885253906,143.4522705078125,,12.43162727355957,54.67823028564453,10.132896423339844,79.15438079833984,395.75836181640625,80.14,85.98,2.42,20.34,37.77,4.58,4.52,3.72,2.31,119.9828,301.45,288.702,100.6416,66.9,,51.707000732421875,1851.9000244140625,110.66999816894531,5.840000000000003,49.28700073242187,-0.7999999999999994,5,Normalization,0,0,0
2023-02-14,105.11636352539062,150.4433135986328,102.63465118408203,62.82574462890625,144.41314697265625,,12.620867729187012,55.86085891723633,10.242441177368164,79.15438079833984,395.5762939453125,79.08,84.96,2.42,18.91,36.67,4.58,4.6,3.77,2.31,119.9229,301.45,288.702,100.6416,66.9,,52.38600158691406,1854.0,110.58999633789062,5.8799999999999955,49.96600158691406,-0.8299999999999996,5,Normalization,0,0,0
2023-02-15,104.80034637451172,148.85791015625,100.91730499267578,59.567970275878906,146.58721923828125,,12.730045318603516,56.38748550415039,10.281564712524414,79.17166900634766,396.8608093261719,78.57,84.11,2.45,18.23,35.7,4.58,4.62,3.81,2.35,120.4557,301.45,288.702,100.6416,66.9,,54.715999603271484,1834.199951171875,108.63999938964844,5.540000000000006,52.26599960327148,-0.81,5,Normalization,0,0,0
2023-02-16,104.49335479736328,146.70889282226562,97.94355773925781,59.18915939331055,144.42283630371094,,12.635424613952637,58.38318634033203,10.211143493652344,79.21489715576172,391.396484375,78.45,83.84,2.48,20.17,35.03,4.58,4.62,3.86,2.37,120.4651,301.45,288.702,100.6416,66.9,,52.01100158691406,1842.0,111.01000213623047,5.390000000000001,49.531001586914066,-0.7600000000000002,5,Normalization,0,0,0
2023-02-17,100.47543334960938,143.4324188232422,94.11115264892578,57.5129280090332,140.60842895507812,,12.4971342086792,57.431541442871094,10.070298194885254,79.22357177734375,390.418701171875,76.31,81.97,2.28,20.02,36.04,4.58,4.6,3.82,2.36,120.5526,301.45,288.702,100.6416,66.9,,49.047000885009766,1840.4000244140625,110.11000061035156,5.659999999999997,46.767000885009764,-0.7799999999999998,5,Normalization,0,0,0
2023-02-21,100.37610626220703,141.80303955078125,95.1867446899414,56.65113067626953,139.64755249023438,,12.504413604736328,56.304344177246094,9.96857738494873,79.22357177734375,382.5865173339844,76.28,82.14,2.12,22.87,37.05,4.58,4.67,3.95,2.42,120.6256,301.45,288.702,100.6416,66.9,,48.54199981689453,1833.0,119.62000274658203,5.859999999999999,46.421999816894534,-0.7199999999999998,5,Normalization,0,0,0
2023-02-22,99.07592010498047,141.23052978515625,94.07499694824219,55.32529067993164,143.51048278808594,,12.387957572937012,54.27170181274414,10.172019004821777,79.24949645996094,382.059326171875,73.95,79.55,2.07,22.29,38.36,4.58,4.66,3.93,2.41,120.8389,301.45,288.702,100.6416,66.9,,50.56800079345703,1832.0,118.20999908447266,5.599999999999994,48.49800079345703,-0.73,5,Normalization,0,0,0
2023-02-23,99.98786163330078,142.62213134765625,95.29521942138672,56.082923889160156,157.059814453125,,13.06485366821289,56.23043441772461,10.179844856262207,79.27545928955078,384.0915832519531,75.26,82.08,2.17,21.14,36.69,4.58,4.66,3.88,2.39,121.0896,301.45,288.702,100.6416,66.9,,50.779998779296875,1818.0,117.44999694824219,6.819999999999993,48.60999877929687,-0.7800000000000002,5,Normalization,0,0,0
2023-02-24,99.99688720703125,143.04489135742188,95.13253021240234,55.85562515258789,153.1289825439453,,13.130361557006836,56.60000228881836,10.062474250793457,79.28408813476562,379.9886169433594,76.19,82.31,2.36,21.67,37.25,4.58,4.78,3.95,2.38,121.5681,301.45,288.702,100.6416,66.9,,51.01300048828125,1808.800048828125,122.83999633789062,6.1200000000000045,48.65300048828125,-0.8300000000000001,5,Normalization,0,0,0
2023-02-27,99.81631469726562,143.40599060058594,95.68388366699219,55.83668518066406,153.83749389648438,,13.501562118530273,57.11740493774414,9.984228134155273,79.2927474975586,381.2828063964844,75.57,81.24,2.55,20.95,37.55,4.57,4.78,3.92,2.36,121.3941,301.45,288.702,100.6416,66.9,,47.29899978637695,1817.0,120.02999877929688,5.670000000000002,44.748999786376956,-0.8600000000000003,5,Normalization,0,0,0
2023-02-28,99.23844146728516,141.60043334960938,93.4151840209961,55.45787811279297,152.7115936279297,,13.741752624511719,55.768463134765625,9.90598201751709,79.30138397216797,379.8735656738281,76.88,83.21,2.5,20.7,35.42,4.57,4.81,3.92,2.43,121.3341,301.45,288.702,100.6416,66.9,,46.665000915527344,1828.9000244140625,123.5999984741211,6.329999999999998,44.165000915527344,-0.8899999999999997,5,Normalization,0,0,0
2023-03-01,100.12329864501953,142.72781372070312,96.0363998413086,56.54696273803711,156.06008911132812,,13.479728698730469,55.60215759277344,10.007701873779297,79.30572509765625,378.4164123535156,77.57,83.68,2.59,20.58,36.63,4.58,4.89,4.01,2.44,120.6347,301.821,282.868,101.0205,62.0,,47.08399963378906,1837.699951171875,121.08000183105469,6.110000000000014,44.49399963378906,-0.8799999999999999,5,Normalization,0,0,0
2023-03-02,100.58377075195312,143.17698669433594,97.91645050048828,57.077293395996094,158.51568603515625,,13.319602966308594,54.42876434326172,10.132896423339844,79.33174896240234,381.35943603515625,78.05,84.15,2.67,19.59,35.61,4.57,4.89,4.08,2.48,121.1302,301.821,282.868,101.0205,62.0,,46.814998626708984,1833.5,124.12000274658203,6.1000000000000085,44.14499862670898,-0.8099999999999996,5,Normalization,0,0,0
2023-03-03,101.85686492919922,145.29086303710938,98.19664001464844,58.00537872314453,159.54452514648438,,13.81453800201416,54.604312896728516,10.211143493652344,79.34907531738281,387.4756164550781,79.62,85.74,2.66,18.49,35.2,4.57,4.86,3.97,2.52,120.7742,301.821,282.868,101.0205,62.0,,44.97999954223633,1847.699951171875,122.5199966430664,6.11999999999999,42.31999954223633,-0.8900000000000001,5,Normalization,0,0,0
2023-03-06,102.75977325439453,146.35655212402344,99.0282211303711,58.4126091003418,151.94483947753906,,13.254094123840332,54.40962219238281,10.328511238098145,79.35771179199219,387.7440490722656,80.39,85.86,2.46,18.61,33.03,4.57,4.89,3.98,2.49,120.485,301.821,282.868,101.0205,62.0,,42.14899826049805,1847.9000244140625,128.19000244140625,5.469999999999999,39.688998260498046,-0.9099999999999997,5,Normalization,0,0,0
2023-03-07,100.77336883544922,144.47174072265625,97.30181884765625,57.62657165527344,151.1295928955078,,13.224980354309082,56.00418472290039,10.2737398147583,79.35771179199219,381.8004150390625,77.45,83.03,2.52,19.59,33.76,4.57,5.0,3.97,2.38,121.4623,301.821,282.868,101.0205,62.0,,43.369998931884766,1813.9000244140625,133.3300018310547,5.579999999999998,40.84999893188476,-1.0299999999999998,5,Normalization,0,0,0
2023-03-08,99.30164337158203,143.55572509765625,96.92220306396484,58.857704162597656,150.61512756347656,,13.52340030670166,57.552391052246094,10.297213554382324,79.37509155273438,382.423583984375,76.56,82.1,2.5,19.11,33.39,4.57,5.05,3.98,2.32,121.4511,301.821,282.868,101.0205,62.0,,42.3390007019043,1812.699951171875,129.75999450683594,5.539999999999992,39.8390007019043,-1.0699999999999998,5,Normalization,0,0,0
2023-03-09,98.5341796875,141.37142944335938,95.63870239257812,57.518524169921875,148.64486694335938,,13.261374473571777,55.51284408569336,10.093772888183594,79.39244079589844,375.3678894042969,75.6,81.0,2.5,22.61,34.86,4.57,4.9,3.93,2.3,121.4458,301.821,282.868,101.0205,62.0,,43.5989990234375,1829.300048828125,129.27999877929688,5.400000000000006,41.0989990234375,-0.9700000000000002,5,Normalization,0,0,0
2023-03-10,97.31523895263672,140.63157653808594,94.20153045654297,56.853668212890625,149.693115234375,,13.050299644470215,54.947330474853516,9.859034538269043,79.40978240966797,369.95159912109375,76.55,82.3,2.4,24.8,36.76,4.57,4.6,3.7,2.26,121.2421,301.821,282.868,101.0205,62.0,,52.856998443603516,1862.0,140.05999755859375,5.75,50.45699844360352,-0.8999999999999995,5,Normalization,0,0,0
2023-03-13,96.1956558227539,139.7860565185547,91.00183868408203,56.17934036254883,149.42132568359375,,12.780993461608887,53.69578552246094,9.592995643615723,79.4271011352539,369.42431640625,74.68,79.67,2.4,26.52,38.13,4.58,4.03,3.55,2.24,120.8897,301.821,282.868,101.0205,62.0,,49.58399963378906,1911.699951171875,173.58999633789062,4.989999999999995,47.183999633789064,-0.4800000000000004,5,Normalization,0,0,0
2023-03-14,96.55680847167969,141.5916290283203,91.61647033691406,57.16709899902344,145.88839721679688,,12.984793663024902,54.92878341674805,9.655593872070312,79.43577575683594,375.5308837890625,71.18,76.77,2.65,23.73,47.41,4.58,4.2,3.64,2.31,121.0141,301.821,282.868,101.0205,62.0,,44.185001373291016,1906.199951171875,169.64999389648438,5.589999999999989,41.53500137329102,-0.56,5,Normalization,0,0,0
2023-03-15,91.75334930419922,135.46153259277344,86.08476257324219,53.94735336303711,139.8513946533203,,12.504733085632324,51.127811431884766,9.342606544494629,79.47913360595703,373.18218994140625,67.38,74.3,2.45,26.14,49.78,4.58,3.93,3.51,2.29,122.1079,301.821,282.868,101.0205,62.0,,42.904998779296875,1926.5999755859375,169.64999389648438,6.920000000000002,40.45499877929687,-0.4200000000000004,5,Normalization,0,0,0
2023-03-16,91.22062683105469,135.89306640625,87.13325500488281,56.074859619140625,142.55931091308594,,12.24921989440918,50.17292404174805,9.585171699523926,79.51382446289062,379.729736328125,68.15,73.12,2.45,22.99,48.65,4.58,4.14,3.56,2.22,121.7221,301.821,282.868,101.0205,62.0,,44.340999603271484,1919.0,167.9600067138672,4.969999999999999,41.89099960327148,-0.5799999999999996,5,Normalization,0,0,0
2023-03-17,90.14617156982422,134.1755828857422,85.31648254394531,55.54298400878906,139.6378631591797,,12.311162948608398,50.06167984008789,9.381729125976562,79.53116607666016,375.2897033691406,66.61,71.03,2.42,25.51,51.48,4.58,3.81,3.39,2.1,121.5643,301.821,282.868,101.0205,62.0,,42.856998443603516,1969.800048828125,180.11000061035156,4.420000000000002,40.436998443603514,-0.41999999999999993,5,Normalization,0,0,0
2023-03-20,92.50275421142578,136.14849853515625,86.91632843017578,56.01787185668945,141.70521545410156,,12.884133338928223,50.90531539916992,9.264363288879395,79.53984832763672,378.8983459472656,67.56,72.42,2.23,24.15,51.14,4.58,3.92,3.47,2.14,121.0141,301.821,282.868,101.0205,62.0,,39.32500076293945,1979.199951171875,182.63999938964844,4.859999999999999,37.095000762939456,-0.44999999999999973,5,Normalization,0,0,0
2023-03-21,96.6470947265625,140.3145294189453,90.12506866455078,57.21459197998047,144.578125,,13.534533500671387,53.20444107055664,9.475628852844238,79.53984832763672,383.87347412109375,69.4,74.78,1.93,21.38,48.12,4.58,4.17,3.59,2.23,120.8958,301.821,282.868,101.0205,62.0,,42.400001525878906,1938.0,162.30999755859375,5.3799999999999955,40.47000152587891,-0.5800000000000001,5,Normalization,0,0,0
2023-03-22,94.43498229980469,137.4608612060547,88.91388702392578,55.732933044433594,143.09310913085938,,13.178363800048828,52.45351791381836,9.201765060424805,79.55718994140625,377.329833984375,70.71,76.08,2.03,22.26,46.97,4.58,3.96,3.48,2.28,120.6217,301.821,282.868,101.0205,62.0,,39.974998474121094,1946.800048828125,142.83999633789062,5.3700000000000045,37.94499847412109,-0.48,5,Normalization,0,0,0
2023-03-23,93.36955261230469,136.09567260742188,87.1513442993164,55.54298400878906,142.33607482910156,,12.946077346801758,51.378116607666016,9.139168739318848,79.59184265136719,378.349853515625,69.77,74.31,2.08,22.61,46.9,4.83,3.76,3.38,2.19,119.7587,301.821,282.868,101.0205,62.0,,43.18600082397461,1993.800048828125,151.39999389648438,4.540000000000006,41.10600082397461,-0.3799999999999999,5,Normalization,0,0,0
2023-03-24,93.4779052734375,137.45204162597656,86.25650024414062,55.2580451965332,142.99607849121094,,12.628619194030762,50.55302810668945,9.154816627502441,79.60920715332031,380.8325500488281,69.22,73.63,2.04,21.74,48.36,4.83,3.76,3.38,2.22,120.4598,301.821,282.868,101.0205,62.0,,41.09400177001953,1982.0999755859375,173.66000366210938,4.409999999999997,39.05400177001953,-0.3799999999999999,5,Normalization,0,0,0
2023-03-27,95.52751159667969,138.85244750976562,88.10942840576172,56.65422821044922,144.32577514648438,,12.915106773376465,51.582069396972656,9.264363288879395,79.60052490234375,381.5446472167969,72.87,76.8,2.04,20.6,45.41,4.83,3.94,3.53,2.24,120.2541,301.821,282.868,101.0205,62.0,,42.52799987792969,1952.4000244140625,161.6699981689453,3.9299999999999926,40.48799987792969,-0.41000000000000014,5,Normalization,0,0,0
2023-03-28,96.7193374633789,140.4730682373047,89.06439208984375,59.08565139770508,149.00396728515625,,12.969305992126465,52.18465805053711,9.428677558898926,79.61788177490234,380.68817138671875,73.12,78.07,2.02,19.97,44.31,4.83,4.02,3.55,2.31,119.7138,301.821,282.868,101.0205,62.0,,42.75199890136719,1972.4000244140625,155.9600067138672,4.949999999999989,40.731998901367184,-0.46999999999999975,5,Normalization,0,0,0
2023-03-29,98.38067626953125,141.67971801757812,90.71961975097656,58.971675872802734,150.916015625,,12.729278564453125,51.507904052734375,9.546048164367676,79.61788177490234,386.22149658203125,72.95,77.51,1.94,19.12,43.33,4.83,4.08,3.57,2.33,119.7258,301.821,282.868,101.0205,62.0,,42.803001403808594,1966.0999755859375,150.5800018310547,4.560000000000002,40.863001403808596,-0.5100000000000002,5,Normalization,0,0,0
2023-03-30,98.85921478271484,143.02728271484375,90.26488494873047,59.19012451171875,152.2748260498047,,12.636362075805664,50.756988525390625,9.733840942382812,79.6352310180664,388.48297119140625,74.32,78.45,1.95,19.02,42.02,4.83,4.1,3.55,2.34,119.4078,301.821,282.868,101.0205,62.0,,43.60900115966797,1980.300048828125,141.24000549316406,4.13000000000001,41.659001159667966,-0.5499999999999998,5,Normalization,0,0,0
2023-03-31,99.01272583007812,143.70545959472656,90.22850036621094,59.29459762573242,152.96397399902344,,12.82219123840332,52.203208923339844,9.757312774658203,79.61788177490234,393.95843505859375,75.68,79.19,2.1,18.7,40.34,4.83,4.06,3.48,2.32,119.3602,301.821,282.868,101.0205,62.0,,47.845001220703125,1969.0,135.92999267578125,3.509999999999991,45.745001220703124,-0.5799999999999996,5,Normalization,0,0,0
2023-04-03,104.8544921875,149.6858673095703,98.60472869873047,61.90648651123047,153.497802734375,,11.544617652893066,49.867000579833984,10.031177520751953,79.63703918457031,395.45965576171875,80.4,85.81,2.09,18.55,39.49,4.83,3.97,3.43,2.29,119.3204,301.821,282.868,101.0205,62.0,,51.367000579833984,1983.9000244140625,138.1699981689453,5.409999999999997,49.27700057983398,-0.54,5,Normalization,0,0,0
2023-04-04,103.852294921875,148.88436889648438,96.67664337158203,61.57406234741211,148.98458862304688,,11.583331108093262,50.32126235961914,9.976402282714844,79.64572143554688,393.2656555175781,80.7,85.7,2.13,19.0,39.42,4.83,3.84,3.35,2.25,119.142,301.821,282.868,101.0205,62.0,,46.56800079345703,2022.199951171875,147.75,5.0,44.43800079345703,-0.48999999999999977,5,Normalization,0,0,0
2023-04-05,105.63101196289062,149.6241912841797,97.99539184570312,61.327125549316406,151.83807373046875,,11.954989433288574,51.45227813720703,9.984228134155273,79.68927764892578,392.23590087890625,80.69,85.89,2.17,19.08,39.14,4.83,3.79,3.3,2.23,119.2953,301.821,282.868,101.0205,62.0,,44.57500076293945,2020.9000244140625,153.89999389648438,5.200000000000003,42.40500076293945,-0.4900000000000002,5,Normalization,0,0,0
2023-04-06,103.87937927246094,147.66009521484375,96.64026641845703,59.87397003173828,148.64486694335938,,11.544617652893066,50.9794807434082,9.788612365722656,79.69795989990234,393.7659912109375,80.7,86.56,2.18,18.4,34.76,4.83,3.82,3.3,2.24,119.3072,301.821,282.868,101.0205,62.0,,43.125,2011.9000244140625,147.72999572753906,5.859999999999999,40.945,-0.52,5,Normalization,0,0,0
2023-04-10,103.41888427734375,148.2238006591797,96.35832977294922,60.87123107910156,148.97488403320312,,11.583331108093262,51.26686477661133,9.788612365722656,79.70668029785156,394.17010498046875,79.79,,2.15,18.97,34.31,4.83,4.0,3.41,2.27,119.7948,301.821,282.868,101.0205,62.0,,43.125,1989.0999755859375,143.0,,40.975,-0.5899999999999999,5,Normalization,0,0,0
2023-04-11,104.1502456665039,149.0428924560547,97.08590698242188,61.13717269897461,147.81988525390625,,11.676247596740723,51.897274017333984,9.827735900878906,79.71538543701172,394.2760009765625,81.54,87.32,2.19,19.1,34.23,4.83,4.03,3.43,2.29,119.5248,301.821,282.868,101.0205,62.0,,43.69200134277344,2004.800048828125,139.77999877929688,5.779999999999987,41.50200134277344,-0.6000000000000001,5,Normalization,0,0,0
2023-04-12,104.04190826416016,149.5713653564453,97.79529571533203,61.58356475830078,148.5089874267578,,11.730447769165039,51.517181396484375,9.874683380126953,79.73281860351562,392.66900634765625,83.26,88.31,2.22,19.09,33.74,4.83,3.95,3.41,2.27,119.003,301.821,282.868,101.0205,62.0,,42.880001068115234,2010.9000244140625,129.67999267578125,5.049999999999997,40.660001068115236,-0.54,5,Normalization,0,0,0
2023-04-13,104.52947998046875,151.57066345214844,99.1686019897461,61.51708221435547,147.9945831298828,,12.125333786010742,52.06414794921875,9.984228134155273,79.77633666992188,397.8846130371094,82.16,86.51,2.04,17.8,32.78,4.83,3.96,3.45,2.29,118.3915,301.821,282.868,101.0205,62.0,,42.09299850463867,2041.300048828125,119.94999694824219,4.3500000000000085,40.05299850463867,-0.5099999999999998,5,Normalization,0,0,0
2023-04-14,104.78229522705078,151.8789520263672,98.677490234375,61.24164581298828,148.30514526367188,,12.40407657623291,52.62965774536133,10.046825408935547,79.77633666992188,396.9127197265625,82.58,87.31,1.87,17.07,32.51,4.83,4.08,3.52,2.3,118.8567,301.821,282.868,101.0205,62.0,,41.14899826049805,2002.199951171875,118.83999633789062,4.730000000000004,39.27899826049805,-0.56,5,Normalization,0,0,0
2023-04-17,103.56336212158203,150.54019165039062,96.04911804199219,59.77898025512695,145.7428436279297,,12.907362937927246,55.253257751464844,10.078124046325684,79.7937240600586,398.33697509765625,80.93,85.63,2.21,16.95,32.93,4.83,4.18,3.6,2.32,119.2787,301.821,282.868,101.0205,62.0,,41.12699890136719,1994.199951171875,122.69000244140625,4.699999999999989,38.91699890136719,-0.5799999999999996,5,Normalization,0,0,0
2023-04-18,105.58587646484375,150.18788146972656,95.44886779785156,59.83597183227539,146.0728302001953,,13.224820137023926,57.04249954223633,10.10159683227539,79.80243682861328,398.59674072265625,80.85,85.48,2.23,16.83,33.69,4.83,4.19,3.58,2.28,119.1049,301.821,282.868,101.0205,62.0,,42.72200012207031,2007.4000244140625,122.77999877929688,4.63000000000001,40.492000122070316,-0.6100000000000003,5,Normalization,0,0,0
2023-04-19,105.25179290771484,150.32879638671875,95.73079681396484,59.332584381103516,146.39312744140625,,12.891876220703125,55.61481857299805,9.921631813049316,79.8111343383789,398.5294189453125,79.18,85.34,2.2,16.46,34.44,4.83,4.24,3.6,2.28,119.303,301.821,282.868,101.0205,62.0,,40.29800033569336,1995.199951171875,124.0199966430664,6.159999999999997,38.09800033569336,-0.6400000000000001,5,Normalization,0,0,0
2023-04-20,104.41209411621094,149.59779357910156,94.38478088378906,58.91468811035156,146.63575744628906,,12.365361213684082,54.11296081542969,9.91380786895752,79.8720932006836,396.35455322265625,77.27,83.29,2.19,17.17,36.41,4.83,4.14,3.54,2.26,119.1199,301.821,282.868,101.0205,62.0,,40.564998626708984,2007.5999755859375,120.61000061035156,6.02000000000001,38.37499862670899,-0.5999999999999996,5,Normalization,0,0,0
2023-04-21,104.74617767333984,148.95480346679688,93.00240325927734,58.762725830078125,145.9854736328125,,11.93175983428955,51.98072052001953,9.992053985595703,79.8634033203125,396.66253662109375,77.86,83.36,2.2,16.77,35.17,4.83,4.17,3.57,2.28,119.3117,301.821,282.868,101.0205,62.0,,40.16400146484375,1979.5,120.83999633789062,5.5,37.96400146484375,-0.6000000000000001,5,Normalization,0,0,0
2023-04-24,106.72352600097656,151.03341674804688,94.26655578613281,59.608028411865234,148.30514526367188,,12.752506256103516,53.4918327331543,9.929454803466797,79.8720932006836,397.0762939453125,78.64,84.23,2.19,16.89,34.28,4.83,4.12,3.52,2.28,119.2039,301.821,282.868,101.0205,62.0,,39.92499923706055,1989.0999755859375,126.27999877929688,5.590000000000003,37.73499923706055,-0.6000000000000001,5,Normalization,0,0,0
2023-04-25,105.20665740966797,148.84030151367188,92.8477783203125,58.249847412109375,145.1216278076172,,12.24921989440918,51.75822067260742,9.804259300231934,79.8634033203125,390.7731628417969,77.05,82.13,2.21,18.76,36.64,4.83,3.86,3.4,2.25,119.613,301.821,282.868,101.0205,62.0,,39.83300018310547,1994.0,137.1300048828125,5.079999999999998,37.62300018310547,-0.45999999999999996,5,Normalization,0,0,0
2023-04-26,104.24055480957031,146.18919372558594,91.37444305419922,57.233577728271484,145.9757843017578,,11.77690315246582,48.47639846801758,9.765137672424316,79.88082885742188,389.1180114746094,74.33,79.19,2.19,18.84,39.25,4.83,3.9,3.43,2.25,119.3228,301.821,282.868,101.0205,62.0,,38.55099868774414,1985.699951171875,130.38999938964844,4.859999999999999,36.36099868774414,-0.46999999999999975,5,Normalization,0,0,0
2023-04-27,105.4865493774414,147.04356384277344,92.06562805175781,57.53750991821289,147.15016174316406,,11.93175983428955,48.51347351074219,10.007701873779297,79.90692901611328,396.8645935058594,74.77,80.11,2.17,17.03,37.76,4.83,4.07,3.53,2.27,119.4298,301.821,282.868,101.0205,62.0,,39.03900146484375,1989.9000244140625,122.43000030517578,5.340000000000003,36.86900146484375,-0.5400000000000005,5,Normalization,0,0,0
2023-04-28,106.84994506835938,148.47921752929688,93.5753402709961,58.43979263305664,148.499267578125,,11.978219032287598,48.43931198120117,10.078124046325684,79.90692901611328,400.2519226074219,76.78,81.32,2.27,15.78,35.63,4.83,4.04,3.44,2.18,119.2248,301.821,282.868,101.0205,62.0,,38.53799819946289,1990.0999755859375,122.45999908447266,4.539999999999992,36.26799819946289,-0.6000000000000001,5,Normalization,0,0,0
2023-05-01,103.5362777709961,147.2989959716797,93.24794006347656,58.09788131713867,148.499267578125,,12.071131706237793,47.64202880859375,10.10159683227539,79.90953826904297,399.84771728515625,75.65,,2.24,16.08,35.94,4.83,4.14,3.59,2.23,119.4435,303.334,274.273,100.9286,59.0,,38.83399963378906,1983.4000244140625,128.17999267578125,,36.59399963378906,-0.5499999999999998,5,Normalization,0,0,0
2023-05-02,99.40999603271484,140.95748901367188,89.7101058959961,57.024635314941406,144.89840698242188,,11.815620422363281,44.99988555908203,9.929454803466797,79.89205932617188,395.3537292480469,71.71,76.71,2.12,17.78,39.48,4.83,3.97,3.44,2.2,119.6105,303.334,274.273,100.9286,59.0,,37.52899932861328,2014.300048828125,137.5500030517578,5.0,35.408999328613284,-0.5300000000000002,5,Normalization,0,0,0
2023-05-03,97.45068359375,138.1302032470703,87.39095306396484,56.00837326049805,139.30787658691406,,11.529132843017578,44.119171142578125,9.90598201751709,79.90080261230469,392.6401062011719,68.62,72.91,2.01,18.34,43.23,4.83,3.89,3.38,2.2,119.1233,303.334,274.273,100.9286,59.0,,36.78200149536133,2028.5999755859375,134.5,4.289999999999992,34.77200149536133,-0.5100000000000002,5,Normalization,0,0,0
2023-05-04,95.74420166015625,137.5929412841797,88.5459976196289,55.751930236816406,140.98696899414062,,11.41298770904541,43.21065139770508,9.86685848236084,79.92704010009766,389.8590087890625,68.52,73.0,1.96,20.09,43.75,5.08,3.75,3.37,2.19,119.0465,303.334,274.273,100.9286,59.0,,35.65299987792969,2048.0,140.7100067138672,4.480000000000004,33.69299987792969,-0.3799999999999999,5,Normalization,0,0,0
2023-05-05,98.12786865234375,141.107177734375,91.28349304199219,57.64198303222656,143.8307647705078,,11.691733360290527,43.56292724609375,9.91337776184082,79.94449615478516,397.0762939453125,71.32,75.85,1.85,17.19,37.35,5.08,3.92,3.44,2.21,118.5548,303.334,274.273,100.9286,59.0,,36.57400131225586,2017.4000244140625,130.2100067138672,4.530000000000001,34.72400131225586,-0.48,5,Normalization,0,0,0
2023-05-08,98.51611328125,140.5523223876953,91.7655258178711,55.99887466430664,145.18960571289062,,11.180703163146973,42.91398239135742,9.88931655883789,79.9532470703125,397.18218994140625,73.13,,2.12,16.98,35.54,5.08,4.0,3.52,2.23,118.5759,303.334,274.273,100.9286,59.0,,36.874000549316406,2026.300048828125,135.07000732421875,,34.75400054931641,-0.48,5,Normalization,0,0,0
2023-05-09,98.54320526123047,140.1471710205078,92.3384780883789,55.99887466430664,145.5642547607422,,11.265875816345215,42.90470504760742,10.025664329528809,79.96199798583984,395.44036865234375,73.68,77.76,2.22,17.71,35.13,5.08,4.01,3.53,2.23,118.8239,303.334,274.273,100.9286,59.0,,35.95000076293945,2036.199951171875,133.92999267578125,4.079999999999998,33.730000762939454,-0.48,5,Normalization,0,0,0
2023-05-10,97.27913665771484,138.35922241210938,91.37444305419922,53.99484634399414,144.28941345214844,,11.552359580993652,44.26749801635742,9.985562324523926,79.97074890136719,397.2879943847656,72.53,76.7,2.12,16.94,34.13,5.08,3.9,3.43,2.17,118.5864,303.334,274.273,100.9286,59.0,,34.99300003051758,2030.5,125.5999984741211,4.170000000000002,32.87300003051758,-0.46999999999999975,5,Normalization,0,0,0
2023-05-11,95.51847076416016,137.5929412841797,90.84693908691406,55.020599365234375,143.05352783203125,,11.676247596740723,45.48196792602539,9.897336959838867,80.0231704711914,396.5951232910156,70.81,75.32,2.07,16.93,35.74,5.08,3.89,3.39,2.16,119.0303,303.334,274.273,100.9286,59.0,,34.99300003051758,2014.699951171875,128.2100067138672,4.509999999999991,32.92300003051758,-0.5,5,Normalization,0,0,0
2023-05-12,95.50942993164062,137.94525146484375,90.42857360839844,55.17256546020508,143.9390869140625,,11.467187881469727,44.768123626708984,9.881295204162598,80.04065704345703,396.075439453125,70.02,74.54,1.98,17.03,37.32,5.08,3.98,3.46,2.18,119.3671,303.334,274.273,100.9286,59.0,,32.766998291015625,2014.5,120.5199966430664,4.52000000000001,30.786998291015625,-0.52,5,Normalization,0,0,0
2023-05-15,95.69157409667969,138.45606994628906,91.68098449707031,55.580970764160156,145.77835083007812,,11.48267650604248,44.36948776245117,10.033684730529785,80.04937744140625,397.4420166015625,71.07,75.46,2.25,17.12,35.16,5.08,3.99,3.5,2.19,119.1608,303.334,274.273,100.9286,59.0,,32.31399917602539,2018.0,127.88999938964844,4.390000000000001,30.06399917602539,-0.4900000000000002,5,Normalization,0,0,0
2023-05-16,93.36917877197266,135.20608520507812,89.65155792236328,55.220054626464844,139.0343780517578,,11.467187881469727,43.68345260620117,9.993582725524902,80.04065704345703,394.7859802246094,70.85,75.15,2.28,17.99,35.98,5.08,4.06,3.54,2.19,119.1743,303.334,274.273,100.9286,59.0,,31.820999145507812,1988.4000244140625,130.3000030517578,4.300000000000011,29.54099914550781,-0.5199999999999996,5,Normalization,0,0,0
2023-05-17,95.46388244628906,137.14376831054688,92.06492614746094,55.96087646484375,138.55755615234375,,11.343302726745605,44.44364547729492,10.049727439880371,80.05812072753906,399.57830810546875,72.78,76.98,2.25,16.87,36.44,5.08,4.12,3.57,2.22,119.607,303.334,274.273,100.9286,59.0,,31.952999114990234,1980.699951171875,120.77999877929688,4.200000000000003,29.702999114990234,-0.5500000000000003,5,Normalization,0,0,0
2023-05-18,96.32909393310547,136.97479248046875,92.09236145019531,55.32453536987305,138.11962890625,,11.2194185256958,44.71249771118164,10.202116012573242,80.101806640625,403.42755126953125,71.82,75.75,2.3,16.05,36.02,5.08,4.24,3.65,2.23,120.0886,303.334,274.273,100.9286,59.0,,29.78499984741211,1956.5,122.5,3.930000000000007,27.48499984741211,-0.5900000000000003,5,Normalization,0,0,0
2023-05-19,96.77536010742188,138.05984497070312,93.79269409179688,56.160335540771484,137.3897705078125,,11.443962097167969,46.36267852783203,10.234197616577148,80.101806640625,402.8405456542969,71.57,75.42,2.37,16.81,35.85,5.08,4.28,3.7,2.24,119.7751,303.334,274.273,100.9286,59.0,,30.176000595092773,1978.699951171875,127.51000213623047,3.8500000000000085,27.806000595092772,-0.5800000000000001,5,Normalization,0,0,0
2023-05-22,95.60050964355469,135.5784454345703,94.82569885253906,56.074859619140625,140.06591796875,,11.258131980895996,45.3521728515625,10.210138320922852,80.1105728149414,403.00408935546875,71.81,75.77,2.3,17.21,35.52,5.08,4.29,3.72,2.24,120.0875,303.334,274.273,100.9286,59.0,,29.711000442504883,1974.800048828125,132.2899932861328,3.9599999999999937,27.411000442504882,-0.5699999999999998,5,Normalization,0,0,0
2023-05-23,96.90287780761719,139.5006103515625,95.42902374267578,56.682716369628906,141.69113159179688,,11.118759155273438,44.94425964355469,10.234197616577148,80.1105728149414,398.4812927246094,72.87,76.66,2.22,18.53,35.11,5.08,4.26,3.7,2.26,120.3204,303.334,274.273,100.9286,59.0,,29.12700080871582,1972.4000244140625,131.6999969482422,3.789999999999992,26.90700080871582,-0.5599999999999996,5,Normalization,0,0,0
2023-05-24,97.98664855957031,139.8741912841797,95.05422973632812,56.40727615356445,139.6377716064453,,11.064558982849121,43.961570739746094,10.266280174255371,80.1105728149414,395.5943603515625,74.37,77.99,2.25,20.03,35.86,5.08,4.31,3.73,2.25,120.4752,303.334,274.273,100.9286,59.0,,27.78499984741211,1962.800048828125,132.2899932861328,3.6199999999999903,25.53499984741211,-0.5799999999999996,5,Normalization,0,0,0
2023-05-25,96.22893524169922,137.4639434814453,92.96080780029297,55.85641098022461,137.5454559326172,,11.111018180847168,43.729801177978516,10.210138320922852,80.16301727294922,399.0201721191406,71.68,75.66,2.23,19.14,36.74,5.08,4.5,3.83,2.25,120.8413,303.334,274.273,100.9286,59.0,,25.45199966430664,1943.0999755859375,139.5399932861328,3.9799999999999898,23.22199966430664,-0.6699999999999999,5,Normalization,0,0,0
2023-05-26,95.60050964355469,137.03701782226562,93.10707092285156,55.97987365722656,135.1709747314453,,11.722704887390137,44.8608283996582,10.14597225189209,80.18048858642578,404.1877746582031,72.35,76.33,1.88,17.95,35.95,5.08,4.54,3.8,2.23,120.6304,303.334,274.273,100.9286,59.0,,24.520000457763672,1944.0999755859375,145.3699951171875,3.980000000000004,22.640000457763673,-0.7400000000000002,5,Normalization,0,0,0
2023-05-30,94.75353240966797,136.1832275390625,92.51286315917969,55.647457122802734,134.05184936523438,,11.637532234191895,43.66490936279297,10.017643928527832,80.18923950195312,404.3417053222656,69.45,73.38,2.11,17.46,39.68,5.08,4.46,3.69,2.22,120.5546,303.334,274.273,100.9286,59.0,,24.680999755859375,1958.0,141.36000061035156,3.9299999999999926,22.570999755859376,-0.77,5,Normalization,0,0,0
2023-05-31,93.05953979492188,133.95977783203125,90.7759780883789,54.76416778564453,136.01760864257812,,10.940674781799316,42.43191146850586,9.945457458496094,80.20671844482422,402.0995178222656,68.11,71.98,2.1,17.94,40.68,5.08,4.4,3.64,2.18,120.9662,303.334,274.273,100.9286,59.0,,26.851999282836914,1963.9000244140625,136.02000427246094,3.8700000000000045,24.751999282836913,-0.7600000000000002,5,Normalization,0,0,0
2023-06-01,94.13420867919922,135.3294219970703,90.9862289428711,55.2010612487793,138.41159057617188,,11.2736177444458,43.61855697631836,10.105870246887207,80.25147247314453,405.91986083984375,70.09,74.18,1.77,15.65,40.5,5.08,4.33,3.61,2.16,120.0491,304.014,275.712,100.1196,64.2,,23.10300064086914,1978.0,124.62999725341797,4.090000000000003,21.33300064086914,-0.7200000000000002,5,Normalization,0,0,0
2023-06-02,96.31998443603516,138.97589111328125,93.56414794921875,56.69219970703125,141.8565216064453,,11.43621826171875,44.9906120300293,10.330445289611816,80.26025390625,411.78997802734375,71.76,76.0,1.74,14.6,39.6,5.08,4.5,3.69,2.18,120.0049,304.014,275.712,100.1196,64.2,,23.68899917602539,1952.4000244140625,120.94999694824219,4.239999999999995,21.948999176025392,-0.81,5,Normalization,0,0,0
2023-06-05,95.89193725585938,138.308837890625,93.30818176269531,56.41677474975586,139.54039001464844,,10.599987030029297,43.02523422241211,10.338464736938477,80.26025390625,411.0008544921875,72.14,76.61,1.92,14.73,37.45,5.08,4.46,3.69,2.19,120.0048,304.014,275.712,100.1196,64.2,,28.47800064086914,1958.0,119.08000183105469,4.469999999999999,26.55800064086914,-0.77,5,Normalization,0,0,0
2023-06-06,96.67518615722656,138.55787658691406,93.1893539428711,56.454769134521484,137.9931182861328,,10.72387409210205,42.580238342285156,10.35450553894043,80.27778625488281,411.8958435058594,71.71,76.22,1.95,13.96,36.07,5.08,4.51,3.7,2.2,119.9718,304.014,275.712,100.1196,64.2,,24.860000610351562,1965.5,114.41999816894531,4.510000000000005,22.910000610351563,-0.8099999999999996,5,Normalization,0,0,0
2023-06-07,98.84273529052734,142.1510467529297,95.81298065185547,57.024635314941406,141.34075927734375,,10.832273483276367,42.95106506347656,10.346485137939453,80.28659057617188,410.47161865234375,72.52,76.85,2.13,13.94,34.13,5.08,4.56,3.79,2.21,119.859,304.014,275.712,100.1196,64.2,,26.33099937438965,1942.699951171875,120.5,4.329999999999998,24.20099937438965,-0.7699999999999996,5,Normalization,0,0,0
2023-06-08,98.5331039428711,141.6262969970703,95.56615447998047,56.881736755371094,143.37466430664062,,11.018102645874023,41.5975456237793,10.338464736938477,80.3304672241211,412.954345703125,71.28,75.88,2.1,13.65,35.18,5.08,4.52,3.73,2.2,119.5712,304.014,275.712,100.1196,64.2,,26.94499969482422,1963.5999755859375,115.11000061035156,4.599999999999994,24.844999694824217,-0.7899999999999996,5,Normalization,0,0,0
2023-06-09,97.80449676513672,141.28831481933594,94.97195434570312,56.51021194458008,143.1897430419922,,11.358789443969727,41.569740295410156,10.218155860900879,80.33924102783203,413.6953430175781,70.16,74.74,1.85,13.83,33.7,5.08,4.59,3.75,2.2,119.4322,304.014,275.712,100.1196,64.2,,32.04899978637695,1962.199951171875,115.7699966430664,4.579999999999998,30.19899978637695,-0.8399999999999999,5,Normalization,0,0,0
2023-06-12,96.92108917236328,139.9275665283203,93.99381256103516,56.38636016845703,140.66929626464844,,11.351046562194824,41.12224578857422,10.113889694213867,80.34799194335938,417.4482421875,67.08,71.8,1.9,15.01,36.35,5.08,4.55,3.73,2.17,119.6376,304.014,275.712,100.1196,64.2,,31.035999298095703,1955.300048828125,119.80000305175781,4.719999999999999,29.135999298095705,-0.8199999999999998,5,Normalization,0,0,0
2023-06-13,96.93929290771484,140.9770050048828,94.53318786621094,55.986263275146484,141.45753479003906,,11.653018951416016,41.29937744140625,10.162014961242676,80.36554718017578,420.2005615234375,69.39,74.24,2.0,14.61,32.38,5.08,4.67,3.84,2.2,119.1899,304.014,275.712,100.1196,64.2,,36.05099868774414,1944.5999755859375,118.80000305175781,4.849999999999994,34.05099868774414,-0.8300000000000001,5,Normalization,0,0,0
2023-06-14,95.77356719970703,139.714111328125,93.85668182373047,55.700469970703125,143.05352783203125,,12.187275886535645,41.65363693237305,10.14597225189209,80.38308715820312,420.70086669921875,68.22,73.39,2.05,13.88,33.66,5.08,4.74,3.83,2.21,118.776,304.014,275.712,100.1196,64.2,,38.3120002746582,1955.300048828125,114.37000274658203,5.170000000000002,36.262000274658206,-0.9100000000000001,5,Normalization,0,0,0
2023-06-15,96.43839263916016,140.77249145507812,95.20963287353516,55.65283966064453,143.2286376953125,,12.454683303833008,42.408775329589844,10.29836368560791,80.41818237304688,425.9166564941406,70.61,75.75,2.18,14.5,33.07,5.07,4.62,3.72,2.21,118.5521,304.014,275.712,100.1196,64.2,,41.14500045776367,1957.800048828125,107.33999633789062,5.140000000000001,38.96500045776367,-0.8999999999999999,5,Normalization,0,0,0
2023-06-16,95.7462387084961,139.86529541015625,95.91352844238281,55.395633697509766,144.68841552734375,,12.34934139251709,42.97745132446289,10.282322883605957,80.42695617675781,424.4658508300781,71.81,76.76,2.13,13.54,32.99,5.08,4.7,3.77,2.22,118.4184,304.014,275.712,100.1196,64.2,,35.007999420166016,1958.4000244140625,104.43000030517578,4.950000000000003,32.87799942016601,-0.9300000000000002,5,Normalization,0,0,0
2023-06-20,93.55133819580078,136.68128967285156,93.2716293334961,54.519203186035156,144.93173217773438,,12.17917251586914,41.588382720947266,10.226178169250488,80.44450378417969,422.2636413574219,70.94,75.79,2.38,13.88,34.75,5.07,4.68,3.74,2.22,118.938,304.014,275.712,100.1196,64.2,,38.70800018310547,1935.5,104.43000030517578,4.8500000000000085,36.328000183105466,-0.9399999999999995,5,Normalization,0,0,0
2023-06-21,94.59869384765625,137.74856567382812,94.79827117919922,54.747833251953125,146.10923767089844,,12.30882453918457,41.746864318847656,10.250238418579102,80.44450378417969,420.1000671386719,72.55,76.92,2.24,13.2,33.26,5.07,4.68,3.72,2.21,118.727,304.014,275.712,100.1196,64.2,,36.74300003051758,1933.300048828125,110.83999633789062,4.3700000000000045,34.503000030517576,-0.9599999999999995,5,Normalization,0,0,0
2023-06-22,94.07957458496094,135.75631713867188,92.72313690185547,53.842838287353516,145.4864044189453,,12.049520492553711,42.0918083190918,10.162014961242676,80.4796371459961,421.6165466308594,69.22,73.93,2.27,12.91,34.93,5.07,4.77,3.8,2.24,118.7552,304.014,275.712,100.1196,64.2,,34.09700012207031,1912.699951171875,107.69999694824219,4.710000000000008,31.827000122070313,-0.9699999999999998,5,Normalization,0,0,0
2023-06-23,93.25990295410156,134.6090087890625,91.8364028930664,53.414146423339844,144.57164001464844,,11.628152847290039,41.07563781738281,10.025664329528809,80.4884033203125,418.4291076660156,68.91,73.56,2.22,13.44,35.36,5.07,4.71,3.74,2.21,119.152,304.014,275.712,100.1196,64.2,,32.50699996948242,1919.0999755859375,105.73999786376953,4.650000000000006,30.286999969482423,-0.9699999999999998,5,Normalization,0,0,0
2023-06-26,94.98120880126953,136.97479248046875,93.16987609863281,54.53825759887695,143.47195434570312,,11.117648124694824,39.82639694213867,10.105870246887207,80.49717712402344,416.71954345703125,69.09,73.86,2.62,14.25,36.67,5.07,4.65,3.72,2.18,119.0761,304.014,275.712,100.1196,64.2,,31.975000381469727,1923.699951171875,109.0199966430664,4.769999999999996,29.355000381469726,-0.9300000000000002,5,Normalization,0,0,0
2023-06-27,95.2179946899414,136.54786682128906,92.6916732788086,54.423946380615234,145.39881896972656,,10.825931549072266,40.16201400756836,10.137951850891113,80.51473999023438,421.2881164550781,67.68,71.88,2.68,13.74,39.3,5.07,4.74,3.77,2.2,118.8949,304.014,275.712,100.1196,64.2,,34.50600051879883,1914.0,110.8499984741211,4.199999999999989,31.82600051879883,-0.9700000000000002,5,Normalization,0,0,0
2023-06-28,95.99212646484375,137.78411865234375,94.27346801757812,54.73830795288086,145.97299194335938,,11.125750541687012,40.264564514160156,10.218155860900879,80.52350616455078,421.5006103515625,69.54,73.64,2.71,13.43,36.86,5.07,4.71,3.71,2.18,119.3382,304.014,275.712,100.1196,64.2,,34.125,1912.300048828125,108.30000305175781,4.099999999999994,31.415,-1.0,5,Normalization,0,0,0
2023-06-29,97.17607879638672,138.9581298828125,94.7792739868164,55.74810791015625,147.15049743652344,,11.27971363067627,41.103599548339844,10.242218971252441,80.54983520507812,423.1618957519531,69.85,73.86,2.4,13.54,35.42,5.07,4.87,3.85,2.2,119.527,304.014,275.712,100.1196,64.2,,35.18000030517578,1909.199951171875,113.44999694824219,4.010000000000005,32.78000030517578,-1.02,5,Normalization,0,0,0
2023-06-30,97.677001953125,139.94534301757812,95.28509521484375,56.01484298706055,148.2696075439453,,11.774009704589844,44.03091812133789,10.186076164245605,80.5761489868164,428.155517578125,70.66,74.51,2.48,13.59,33.28,5.08,4.87,3.81,2.22,119.3606,304.014,275.712,100.1196,64.2,,37.10300064086914,1921.0999755859375,110.63999938964844,3.8500000000000085,34.623000640869144,-1.06,5,Normalization,0,0,0
2023-07-03,97.86825561523438,139.82081604003906,95.85528564453125,56.40541458129883,149.59312438964844,,11.830734252929688,42.69777297973633,10.306384086608887,80.59640502929688,428.6481018066406,69.71,74.52,2.48,13.57,33.88,5.08,4.94,3.86,2.25,119.2119,304.014,275.712,100.1196,64.2,,33.92900085449219,1921.699951171875,110.7699966430664,4.810000000000002,31.449000854492187,-1.0800000000000005,5,Normalization,0,0,0
2023-07-05,97.36734771728516,139.0203857421875,95.66213989257812,56.10057830810547,147.7635955810547,,12.227791786193848,43.03339767456055,10.29836368560791,80.60523223876953,428.0105895996094,71.78,76.74,2.65,14.18,33.91,5.08,4.94,3.95,2.26,119.3483,304.014,275.712,100.1196,64.2,,34.37300109863281,1919.5999755859375,110.52999877929688,4.959999999999994,31.723001098632814,-0.9900000000000002,5,Normalization,0,0,0
2023-07-06,93.73347473144531,135.9697723388672,92.27782440185547,54.88120651245117,146.47903442382812,,11.960386276245117,41.103599548339844,10.266280174255371,80.63168334960938,424.6590270996094,71.76,76.72,2.5,15.44,35.13,5.08,4.99,4.05,2.27,119.8193,304.014,275.712,100.1196,64.2,,32.347999572753906,1908.699951171875,134.6300048828125,4.959999999999994,29.847999572753906,-0.9400000000000004,5,Normalization,0,0,0
2023-07-07,93.95207214355469,137.16156005859375,94.93563079833984,55.83384704589844,148.1041717529297,,12.430375099182129,42.529972076416016,10.226178169250488,80.64044952392578,423.5868835449219,73.91,78.77,2.49,14.83,34.55,5.08,4.94,4.06,2.27,119.0761,304.014,275.712,100.1196,64.2,,33.47800064086914,1926.199951171875,130.41000366210938,4.859999999999999,30.98800064086914,-0.8800000000000008,5,Normalization,0,0,0
2023-07-10,95.34550476074219,138.07763671875,95.96562957763672,55.919578552246094,148.72702026367188,,12.227791786193848,41.44853973388672,10.29836368560791,80.65812683105469,424.6590270996094,73.05,77.83,2.55,15.07,38.35,5.07,4.85,4.01,2.25,118.9548,304.014,275.712,100.1196,64.2,,30.226999282836914,1925.0,131.72999572753906,4.780000000000001,27.676999282836913,-0.8399999999999999,5,Normalization,0,0,0
2023-07-11,96.51123809814453,140.63015747070312,98.80735778808594,57.681949615478516,154.12802124023438,,12.722090721130371,41.80280303955078,10.386589050292969,80.66691589355469,427.363525390625,74.87,79.54,2.57,14.84,32.43,5.08,4.88,3.99,2.24,118.7344,304.014,275.712,100.1196,64.2,,29.06100082397461,1931.300048828125,127.06999969482422,4.670000000000002,26.49100082397461,-0.8899999999999997,5,Normalization,0,0,0
2023-07-12,96.98482513427734,141.98204040527344,100.52708435058594,58.41547775268555,152.76559448242188,,12.738297462463379,41.56973648071289,10.418670654296875,80.68452453613281,430.8020324707031,75.77,80.35,2.55,13.54,32.69,5.08,4.72,3.86,2.26,117.6385,304.014,275.712,100.1196,64.2,,26.638999938964844,1956.199951171875,114.06999969482422,4.579999999999998,24.088999938964843,-0.8599999999999999,5,Normalization,0,0,0
2023-07-13,95.2088851928711,140.087646484375,101.66747283935547,58.529788970947266,153.1256561279297,,12.89225959777832,41.47650909423828,10.450753211975098,80.71977996826172,434.2212829589844,76.86,81.31,2.5,13.61,30.04,5.08,4.59,3.76,2.24,117.1831,304.014,275.712,100.1196,64.2,,26.60700035095215,1959.199951171875,111.75,4.450000000000003,24.10700035095215,-0.8300000000000001,5,Normalization,0,0,0
2023-07-14,91.93022918701172,136.59231567382812,98.4854736328125,56.5673713684082,149.7682647705078,,12.365549087524414,39.27635955810547,10.346485137939453,80.72856903076172,433.9507751464844,75.44,79.9,2.5,13.34,30.0,5.08,4.74,3.83,2.24,117.0463,304.014,275.712,100.1196,64.2,,25.957000732421875,1960.0999755859375,112.4800033569336,4.460000000000008,23.457000732421875,-0.9100000000000001,5,Normalization,0,0,0
2023-07-17,92.3309326171875,136.46783447265625,97.88768768310547,56.48162841796875,150.8290252685547,,12.276412010192871,39.835723876953125,10.402628898620605,80.73738098144531,435.4575500488281,74.17,77.8,2.46,13.48,31.34,5.08,4.74,3.81,2.25,117.1267,304.014,275.712,100.1196,64.2,,25.10099983215332,1952.4000244140625,113.5,3.6299999999999955,22.64099983215332,-0.9300000000000002,5,Normalization,0,0,0
2023-07-18,91.91200256347656,136.7435302734375,100.01209259033203,57.234214782714844,154.24476623535156,,12.25210189819336,39.44416809082031,10.51491641998291,80.73738098144531,438.69329833984375,75.76,79.54,2.52,13.3,30.66,5.08,4.74,3.8,2.23,117.0264,304.014,275.712,100.1196,64.2,,27.069000244140625,1977.199951171875,112.44999694824219,3.780000000000001,24.549000244140625,-0.9400000000000004,5,Normalization,0,0,0
2023-07-19,92.54953002929688,137.57955932617188,100.6834487915039,57.310420989990234,153.15484619140625,,12.154863357543945,39.41619873046875,10.571060180664062,80.75502014160156,439.6688537597656,75.4,79.38,2.51,13.76,31.06,5.08,4.74,3.75,2.22,117.3462,304.014,275.712,100.1196,64.2,,26.96299934387207,1977.5,107.19000244140625,3.9799999999999898,24.452999343872072,-0.9900000000000002,5,Normalization,0,0,0
2023-07-20,94.17975616455078,139.10040283203125,102.71585845947266,57.59620666503906,152.56121826171875,,12.122448921203613,39.49078369140625,10.587102890014648,80.799072265625,436.7518310546875,75.65,79.62,2.61,13.99,30.15,5.08,4.8,3.85,2.35,117.5947,304.014,275.712,100.1196,64.2,,28.01799964904785,1968.300048828125,112.8499984741211,3.969999999999999,25.407999649047852,-0.9499999999999997,5,Normalization,0,0,0
2023-07-21,94.61691284179688,141.13711547851562,103.8194580078125,57.86294937133789,153.93336486816406,,12.000901222229004,38.23222351074219,10.546998977661133,80.799072265625,436.7518310546875,77.06,81.06,2.61,13.6,29.65,5.08,4.82,3.84,2.35,117.9418,304.014,275.712,100.1196,64.2,,28.163999557495117,1964.300048828125,106.66000366210938,4.0,25.553999557495118,-0.9800000000000004,5,Normalization,0,0,0
2023-07-24,96.10140991210938,143.92091369628906,105.50241088867188,59.36811065673828,155.26663208007812,,12.154863357543945,39.8543586730957,10.651266098022461,80.80791473388672,438.70294189453125,78.81,82.53,2.68,13.91,30.11,5.08,4.81,3.86,2.38,117.8124,304.014,275.712,100.1196,64.2,,30.55699920654297,1960.300048828125,109.94999694824219,3.719999999999999,27.87699920654297,-0.9499999999999997,5,Normalization,0,0,0
2023-07-25,96.24713897705078,144.57904052734375,106.84510803222656,60.40647888183594,156.74578857421875,,12.713985443115234,39.63062286376953,10.595123291015625,80.81671905517578,439.9006652832031,79.76,83.46,2.66,13.86,30.63,5.08,4.85,3.91,2.39,117.8565,304.014,275.712,100.1196,64.2,,32.64799880981445,1962.0999755859375,113.0199966430664,3.6999999999999886,29.987998809814453,-0.9399999999999995,5,Normalization,0,0,0
2023-07-26,95.70980834960938,143.49398803710938,107.44288635253906,59.87300491333008,155.63638305664062,,12.60864543914795,40.14336013793945,10.55501937866211,80.82555389404297,439.9682922363281,79.11,82.98,2.6,13.19,29.97,5.08,4.82,3.86,2.36,117.76,304.014,275.712,100.1196,64.2,,29.274999618530273,1968.9000244140625,104.87999725341797,3.8700000000000045,26.674999618530272,-0.9600000000000004,5,Normalization,0,0,0
2023-07-27,96.01033020019531,141.99984741210938,106.47724914550781,58.92036819458008,154.52696228027344,,12.592437744140625,40.29253005981445,10.53897762298584,80.86957550048828,437.0512390136719,80.17,84.28,2.47,14.41,29.12,5.33,4.91,4.01,2.37,117.8938,304.014,275.712,100.1196,64.2,,28.43400001525879,1945.4000244140625,111.1500015258789,4.109999999999999,25.96400001525879,-0.9000000000000004,5,Normalization,0,0,0
2023-07-28,94.8628158569336,141.2971954345703,106.61519622802734,59.13948059082031,155.22764587402344,,13.030014038085938,42.80964660644531,10.627203941345215,80.87836456298828,441.33013916015625,80.55,84.49,2.53,13.33,29.41,5.33,4.87,3.96,2.38,117.788,304.014,275.712,100.1196,64.2,,25.840999603271484,1960.4000244140625,109.76000213623047,3.9399999999999977,23.310999603271483,-0.9100000000000001,5,Normalization,0,0,0
2023-07-31,97.66790008544922,145.557373046875,108.2613754272461,60.139739990234375,157.5145721435547,,13.718788146972656,43.85378646850586,10.659286499023438,80.88719940185547,442.1704406738281,81.8,85.22,2.58,13.63,28.48,5.33,4.88,3.97,2.37,117.8241,304.014,275.712,100.1196,64.2,,28.365999221801758,1970.5,112.02999877929688,3.4200000000000017,25.78599922180176,-0.9099999999999997,5,Normalization,0,0,0
2023-08-01,97.10323333740234,144.3478240966797,107.94867706298828,59.67295455932617,155.94778442382812,,13.532414436340332,44.198726654052734,10.651266098022461,80.90841674804688,440.9051818847656,81.37,85.34,2.49,13.93,28.35,5.33,4.92,4.05,2.37,118.5738,306.082,287.31,100.8393,69.4,,27.12299919128418,1940.699951171875,116.37999725341797,3.969999999999999,24.632999191284178,-0.8700000000000001,5,Normalization,0,0,0
2023-08-02,95.89193725585938,142.0620574951172,106.30250549316406,58.558372497558594,154.86761474609375,,13.3622465133667,45.71831512451172,10.53897762298584,80.91725158691406,434.77178955078125,79.5,84.01,2.43,16.09,28.74,5.33,4.88,4.08,2.36,119.1268,306.082,287.31,100.8393,69.4,,28.742000579833984,1937.4000244140625,115.1500015258789,4.510000000000005,26.312000579833985,-0.7999999999999998,5,Normalization,0,0,0
2023-08-03,97.55860900878906,142.00872802734375,105.7507095336914,59.26332092285156,160.40484619140625,,13.9456787109375,46.52007293701172,10.29836368560791,80.95269775390625,433.5257873535156,81.56,86.19,2.44,15.92,28.54,5.33,4.9,4.2,2.37,119.3963,306.082,287.31,100.8393,69.4,,30.472999572753906,1932.0,124.5999984741211,4.6299999999999955,28.032999572753905,-0.7000000000000002,5,Normalization,0,0,0
2023-08-04,97.83181762695312,141.6885528564453,104.57356262207031,60.51127243041992,158.8769989013672,,13.969990730285645,46.277671813964844,10.226178169250488,80.97038269042969,431.5650634765625,82.76,87.38,2.53,17.1,28.06,5.33,4.78,4.05,2.38,118.821,306.082,287.31,100.8393,69.4,,28.85300064086914,1939.5999755859375,115.91000366210938,4.61999999999999,26.32300064086914,-0.7300000000000004,5,Normalization,0,0,0
2023-08-07,97.6314468383789,142.20440673828125,105.28169250488281,60.873268127441406,157.72866821289062,,13.986197471618652,46.55735397338867,10.37856674194336,80.97038269042969,435.33197021484375,81.94,86.47,2.65,15.77,27.73,5.33,4.76,4.09,2.41,119.0809,306.082,287.31,100.8393,69.4,,30.48699951171875,1933.5,120.94000244140625,4.530000000000001,27.83699951171875,-0.6699999999999999,5,Normalization,0,0,0
2023-08-08,98.1141586303711,141.9909210205078,106.30250549316406,60.73037338256836,159.1870574951172,,14.002403259277344,45.531864166259766,10.330445289611816,80.98807525634766,433.4389343261719,82.94,88.0,2.77,15.99,27.14,5.33,4.74,4.02,2.36,119.6407,306.082,287.31,100.8393,69.4,,31.06599998474121,1924.0999755859375,118.73999786376953,5.060000000000002,28.29599998474121,-0.7200000000000006,5,Normalization,0,0,0
2023-08-09,99.78080749511719,142.17770385742188,107.08422088623047,60.78753662109375,163.3330841064453,,14.213088035583496,46.68787384033203,10.410649299621582,80.9969253540039,430.5412292480469,84.35,89.31,2.92,15.96,28.56,5.33,4.79,4.0,2.34,119.476,306.082,287.31,100.8393,69.4,,39.823001861572266,1915.4000244140625,112.55000305175781,4.960000000000008,36.903001861572264,-0.79,5,Normalization,0,0,0
2023-08-10,100.29082489013672,143.04042053222656,106.52322387695312,60.71131896972656,162.81605529785156,,14.277915000915527,46.56667709350586,10.482834815979004,81.04116821289062,430.6958312988281,82.81,87.44,2.83,15.85,27.27,5.33,4.82,4.09,2.33,119.1581,306.082,287.31,100.8393,69.4,,37.055999755859375,1914.4000244140625,108.63999938964844,4.6299999999999955,34.22599975585938,-0.7300000000000004,5,Normalization,0,0,0
2023-08-11,101.84819793701172,145.99317932128906,108.34413146972656,62.721378326416016,162.92335510253906,,14.221189498901367,47.163333892822266,10.482833862304688,81.0500259399414,430.44464111328125,83.17,87.93,2.61,14.84,28.04,5.33,4.89,4.16,2.36,119.6268,306.082,287.31,100.8393,69.4,,35.29999923706055,1912.9000244140625,112.12999725341797,4.760000000000005,32.68999923706055,-0.7299999999999995,5,Normalization,0,0,0
2023-08-14,101.9301528930664,145.88645935058594,108.23377227783203,62.025962829589844,160.5625762939453,,14.310322761535645,46.863529205322266,10.449973106384277,81.0588607788086,432.8207702636719,82.5,87.4,2.74,14.82,27.55,5.33,4.96,4.19,2.36,120.0725,306.082,287.31,100.8393,69.4,,34.433998107910156,1910.5999755859375,119.94000244140625,4.900000000000006,31.693998107910154,-0.7699999999999996,5,Normalization,0,0,0
2023-08-15,99.31327819824219,141.6262969970703,106.69129180908203,60.53984832763672,158.3871612548828,,14.35084342956543,47.350711822509766,10.318527221679688,81.06771087646484,427.77886962890625,81.06,86.28,2.65,16.46,28.3,5.33,4.92,4.21,2.32,120.2127,306.082,287.31,100.8393,69.4,,38.8129997253418,1902.5,121.80000305175781,5.219999999999999,36.1629997253418,-0.71,5,Normalization,0,0,0
2023-08-16,97.64212799072266,141.08375549316406,105.8876953125,59.58721160888672,156.27024841308594,,14.407565116882324,47.94095230102539,10.491049766540527,81.0854263305664,424.63970947265625,79.4,84.49,2.55,16.78,28.54,5.33,4.97,4.28,2.32,120.3551,306.082,287.31,100.8393,69.4,,37.784000396728516,1896.0999755859375,117.23999786376953,5.089999999999989,35.23400039672852,-0.6899999999999995,5,Normalization,0,0,0
2023-08-17,99.53363800048828,143.4453125,107.8181381225586,60.1683235168457,159.39195251464844,,14.650664329528809,48.38129425048828,10.597848892211914,81.12081146240234,421.40399169921875,80.43,85.24,2.56,17.89,29.3,5.33,4.94,4.3,2.33,120.5242,306.082,287.31,100.8393,69.4,,36.82500076293945,1884.0999755859375,121.13999938964844,4.809999999999988,34.26500076293945,-0.6400000000000006,5,Normalization,0,0,0
2023-08-18,101.03949737548828,144.4779510498047,108.33536529541016,61.035221099853516,159.88946533203125,,14.642559051513672,49.04649353027344,10.680004119873047,81.12966918945312,421.6068420410156,81.25,85.92,2.44,17.3,28.43,5.33,4.92,4.26,2.32,120.4321,306.082,287.31,100.8393,69.4,,36.40999984741211,1886.0999755859375,120.51000213623047,4.670000000000002,33.96999984741211,-0.6600000000000001,5,Normalization,0,0,0
2023-08-21,99.81827545166016,143.99307250976562,108.2614974975586,60.71131896972656,160.1138458251953,,14.610146522521973,48.61552429199219,10.680004119873047,81.13851165771484,424.3499450683594,80.71,85.44,2.6,17.13,28.9,5.33,4.97,4.34,2.34,120.4627,306.082,287.31,100.8393,69.4,,40.78200149536133,1893.300048828125,130.69000244140625,4.730000000000004,38.18200149536133,-0.6299999999999999,5,Normalization,0,0,0
2023-08-22,99.25817108154297,142.80780029296875,107.28242492675781,59.93016052246094,162.79653930664062,,14.521010398864746,48.456241607666016,10.65535831451416,81.1473388671875,423.20050048828125,80.25,84.7,2.58,16.97,28.56,5.33,5.02,4.34,2.35,120.3554,306.082,287.31,100.8393,69.4,,42.90800094604492,1896.4000244140625,126.6500015258789,4.450000000000003,40.328000946044924,-0.6799999999999997,5,Normalization,0,0,0
2023-08-23,98.38587951660156,142.99636840820312,106.96837615966797,58.89179992675781,162.33802795410156,,14.431876182556152,47.969058990478516,10.64714241027832,81.16504669189453,427.9140625,78.91,83.94,2.6,15.98,28.47,5.33,4.95,4.19,2.35,120.0307,306.082,287.31,100.8393,69.4,,36.7859992980957,1918.5,118.4000015258789,5.030000000000001,34.1859992980957,-0.7599999999999998,5,Normalization,0,0,0
2023-08-24,97.65130615234375,141.820068359375,106.03548431396484,58.444061279296875,157.0311279296875,,14.577733039855957,47.613037109375,10.630709648132324,81.19161224365234,421.9835510253906,79.52,84.07,2.42,17.2,28.88,5.33,4.98,4.23,2.32,120.2354,306.082,287.31,100.8393,69.4,,31.937999725341797,1918.199951171875,117.55999755859375,4.549999999999997,29.517999725341795,-0.75,5,Normalization,0,0,0
2023-08-25,99.39588928222656,142.879638671875,107.62415313720703,58.91084289550781,157.25552368164062,,14.893760681152344,47.097747802734375,10.81144905090332,81.20931243896484,424.95849609375,80.47,85.42,2.46,15.68,28.81,5.33,5.03,4.25,2.33,120.5137,306.082,287.31,100.8393,69.4,,34.777000427246094,1911.0999755859375,110.37000274658203,4.950000000000003,32.31700042724609,-0.7800000000000002,5,Normalization,0,0,0
2023-08-28,100.23148345947266,143.85838317871094,108.54781341552734,59.29190444946289,158.572509765625,,14.699281692504883,47.659881591796875,11.01683521270752,81.22702026367188,427.6532287597656,80.65,,2.6,15.08,28.66,5.33,4.98,4.2,2.3,120.3155,306.082,287.31,100.8393,69.4,,38.41400146484375,1917.9000244140625,110.44999694824219,,35.81400146484375,-0.7800000000000002,5,Normalization,0,0,0
2023-08-29,100.82830047607422,143.63389587402344,108.6771469116211,59.4443244934082,159.69435119628906,,14.990998268127441,48.48435592651367,11.10720443725586,81.21815490722656,433.83489990234375,81.14,86.37,2.5,14.45,27.63,5.33,4.87,4.12,2.29,120.2669,306.082,287.31,100.8393,69.4,,35.19499969482422,1936.5,110.68000030517578,5.230000000000004,32.69499969482422,-0.75,5,Normalization,0,0,0
2023-08-30,101.810791015625,143.83143615722656,109.6377182006836,59.66343307495117,160.9430389404297,,14.731697082519531,48.79353332519531,11.131850242614746,81.23584747314453,435.62176513671875,81.64,86.62,2.48,13.88,26.63,5.33,4.9,4.12,2.26,119.7937,306.082,287.31,100.8393,69.4,,35.992000579833984,1944.300048828125,109.83999633789062,4.980000000000004,33.51200057983399,-0.7800000000000002,5,Normalization,0,0,0
2023-08-31,102.09544372558594,144.65753173828125,109.94254302978516,59.81584930419922,159.2065887451172,,14.277915000915527,47.322601318359375,11.06612777709961,81.28894805908203,434.98431396484375,83.55,87.29,2.56,13.57,26.56,5.33,4.85,4.09,2.24,120.225,306.082,287.31,100.8393,69.4,,35.02899932861328,1938.199951171875,107.93000030517578,3.740000000000009,32.46899932861328,-0.7599999999999998,5,Normalization,0,0,0
2023-09-01,104.23485565185547,147.53094482421875,112.81509399414062,61.51153564453125,163.24530029296875,,14.16446590423584,47.097747802734375,11.18935775756836,81.30228424072266,435.7956848144531,85.52,89.98,2.7,13.09,27.48,5.33,4.87,4.18,2.26,120.759,307.276,292.623,101.0211,67.8,,35.617000579833984,1939.800048828125,102.91999816894531,4.460000000000008,32.91700057983398,-0.6900000000000004,5,Normalization,0,0,0
2023-09-05,104.24403381347656,149.47048950195312,113.45242309570312,63.04528045654297,162.1136474609375,,13.427072525024414,45.3644905090332,11.320802688598633,81.32005310058594,433.9121398925781,86.74,91.25,2.6,14.01,28.65,5.33,4.94,4.27,2.29,121.4345,307.276,292.623,101.0211,67.8,,34.44900131225586,1926.199951171875,109.63999938964844,4.510000000000005,31.849001312255858,-0.6700000000000008,5,Normalization,0,0,0
2023-09-06,105.14388275146484,149.62310791015625,113.67410278320312,62.464168548583984,157.80181884765625,,13.329833030700684,45.42070388793945,11.090774536132812,81.32005310058594,430.9952087402344,87.55,91.79,2.49,14.45,28.33,5.33,5.01,4.3,2.3,121.8671,307.276,292.623,101.0211,67.8,,31.075000762939453,1918.0999755859375,111.30999755859375,4.240000000000009,28.58500076293945,-0.71,5,Normalization,0,0,0
2023-09-07,104.62968444824219,149.63209533691406,112.41793060302734,61.68086242675781,155.95809936523438,,13.354143142700195,45.692405700683594,11.255080223083496,81.36450958251953,429.67193603515625,86.87,91.16,2.45,14.4,27.59,5.33,4.94,4.27,2.32,121.9528,307.276,292.623,101.0211,67.8,,32.755001068115234,1917.5,105.19999694824219,4.289999999999992,30.305001068115235,-0.6700000000000008,5,Normalization,0,0,0
2023-09-08,106.15391540527344,150.14395141601562,113.35082244873047,62.35908889770508,158.69931030273438,,13.937577247619629,48.231388092041016,11.30437183380127,81.37338256835938,430.3190612792969,87.51,91.85,2.53,13.84,27.16,5.33,4.98,4.26,2.33,121.9475,307.276,292.623,101.0211,67.8,,34.507999420166016,1918.4000244140625,104.33999633789062,4.339999999999989,31.977999420166014,-0.7200000000000006,5,Normalization,0,0,0
2023-09-11,104.82251739501953,147.04605102539062,111.2448959350586,60.9835205078125,157.5969696044922,,13.540515899658203,47.48188018798828,11.172926902770996,81.37338256835938,433.149169921875,87.3,91.97,2.5,13.8,24.37,5.33,4.97,4.29,2.35,121.3386,307.276,292.623,101.0211,67.8,,35.847999572753906,1923.300048828125,107.2300033569336,4.670000000000002,33.347999572753906,-0.6799999999999997,5,Normalization,0,0,0
2023-09-12,107.88013458251953,149.78475952148438,113.68334197998047,63.457637786865234,160.07481384277344,,13.613446235656738,48.100223541259766,11.222220420837402,81.40003967285156,430.7730712890625,88.87,93.58,2.72,14.23,24.23,5.33,4.98,4.27,2.34,121.2913,307.276,292.623,101.0211,67.8,,34.70100021362305,1911.300048828125,105.11000061035156,4.709999999999994,31.981000213623048,-0.7100000000000009,5,Normalization,0,0,0
2023-09-13,106.916015625,149.2370147705078,112.97212219238281,63.35254669189453,158.7383270263672,,13.540515899658203,47.791046142578125,11.123634338378906,81.40894317626953,431.27532958984375,88.59,93.04,2.76,13.48,25.06,5.33,4.96,4.25,2.35,121.0549,307.276,292.623,101.0211,67.8,,36.81700134277344,1909.0999755859375,101.86000061035156,4.450000000000003,34.05700134277344,-0.71,5,Normalization,0,0,0
2023-09-14,108.82588195800781,150.16189575195312,114.99494171142578,64.28871154785156,161.5088653564453,,13.608602523803711,49.54304885864258,11.14828109741211,81.43562316894531,434.9939270019531,90.13,95.2,2.81,12.82,26.56,5.33,5.0,4.29,2.34,121.2395,307.276,292.623,101.0211,67.8,,35.520999908447266,1910.0,97.11000061035156,5.070000000000007,32.71099990844726,-0.71,5,Normalization,0,0,0
2023-09-15,107.15475463867188,149.5063934326172,114.13593292236328,63.19016647338867,159.46022033691406,,13.906477928161621,49.14018249511719,11.164712905883789,81.4533920288086,429.7530212402344,90.83,95.55,2.74,13.79,27.16,5.33,5.02,4.33,2.35,121.199,307.276,292.623,101.0211,67.8,,36.483001708984375,1923.699951171875,96.61000061035156,4.719999999999999,33.74300170898437,-0.6899999999999995,5,Normalization,0,0,0
2023-09-18,108.01787567138672,150.15293884277344,114.9764633178711,63.35254669189453,159.35292053222656,,14.349034309387207,50.45183181762695,11.312589645385742,81.46227264404297,430.0050354003906,91.47,95.95,2.54,14.0,27.91,5.33,5.05,4.32,2.36,121.1938,307.276,292.623,101.0211,67.8,,34.474998474121094,1931.5,99.31999969482422,4.480000000000004,31.934998474121095,-0.7299999999999995,5,Normalization,0,0,0
2023-09-19,107.73322296142578,150.13494873046875,113.7572250366211,62.86537551879883,157.655517578125,,14.400097846984863,48.61552429199219,11.353665351867676,81.4711685180664,429.11328125,91.16,96.11,2.46,14.11,30.32,5.33,5.08,4.37,2.37,121.1645,307.276,292.623,101.0211,67.8,,36.78200149536133,1932.0,101.30999755859375,4.950000000000003,34.32200149536133,-0.71,5,Normalization,0,0,0
2023-09-20,106.87928771972656,149.67703247070312,111.91915893554688,61.37518310546875,157.5189208984375,,14.766057968139648,47.847259521484375,11.419389724731445,81.48005676269531,425.16827392578125,89.2,94.56,2.78,15.14,30.38,5.33,5.12,4.35,2.35,120.9648,307.276,292.623,101.0211,67.8,,37.284000396728516,1945.5999755859375,97.04000091552734,5.359999999999999,34.504000396728514,-0.7700000000000005,5,Normalization,0,0,0
2023-09-21,105.37342834472656,148.33009338378906,109.9794921875,59.76079177856445,154.9630126953125,,15.208612442016602,49.07460021972656,11.263297080993652,81.52448272705078,418.14093017578125,89.56,93.7,2.7,17.54,31.35,5.33,5.12,4.49,2.38,121.5528,307.276,292.623,101.0211,67.8,,39.10499954223633,1919.199951171875,106.0,4.140000000000001,36.404999542236325,-0.6299999999999999,5,Normalization,0,0,0
2023-09-22,105.53870391845703,149.30885314941406,110.0626220703125,60.076026916503906,156.0068359375,,15.319252967834473,49.1495475769043,11.353665351867676,81.53339385986328,417.20074462890625,90.0,93.99,2.63,17.2,30.61,5.33,5.1,4.44,2.37,121.5306,307.276,292.623,101.0211,67.8,,39.79100036621094,1925.4000244140625,101.11000061035156,3.989999999999995,37.161000366210935,-0.6599999999999993,5,Normalization,0,0,0
2023-09-25,106.72319793701172,151.4908447265625,111.8267822265625,60.33395004272461,160.1235809326172,,15.583084106445312,49.85222625732422,11.509758949279785,81.54226684570312,418.95513916015625,89.68,94.01,2.63,16.9,30.96,5.33,5.09,4.55,2.37,122.1143,307.276,292.623,101.0211,67.8,,44.44200134277344,1916.5999755859375,117.33000183105469,4.329999999999998,41.812001342773435,-0.54,5,Normalization,0,0,0
2023-09-26,106.88846588134766,150.6737060546875,110.96780395507812,60.32439041137695,158.0457305908203,,15.625638961791992,50.90155029296875,11.386528015136719,81.55120086669922,412.8002014160156,91.43,94.46,2.55,18.94,31.3,5.33,5.04,4.56,2.33,122.4742,307.276,292.623,101.0211,67.8,,40.321998596191406,1900.4000244140625,117.72000122070312,3.029999999999987,37.77199859619141,-0.4800000000000004,5,Normalization,0,0,0
2023-09-27,110.36846923828125,153.58302307128906,114.26322174072266,62.66476058959961,161.41128540039062,,15.591597557067871,51.098289489746094,11.460466384887695,81.57781982421875,412.96490478515625,93.67,97.1,2.72,18.22,32.48,5.33,5.1,4.61,2.34,122.9895,307.276,292.623,101.0211,67.8,,39.29600143432617,1871.5999755859375,122.08999633789062,3.4299999999999926,36.57600143432617,-0.4899999999999993,5,Normalization,0,0,0
2023-09-28,109.69818878173828,153.17897033691406,113.91976165771484,62.93224334716797,164.80613708496094,,15.846916198730469,50.90155029296875,11.517973899841309,81.6044692993164,415.35906982421875,91.65,96.64,2.74,17.34,31.62,5.33,5.04,4.59,2.39,122.5342,307.276,292.623,101.0211,67.8,,39.736000061035156,1860.4000244140625,115.23999786376953,4.989999999999995,36.996000061035154,-0.4500000000000002,5,Normalization,0,0,0
2023-09-29,107.9627914428711,151.41000366210938,111.20914459228516,61.976985931396484,161.89906311035156,,15.983087539672852,50.70479202270508,11.526188850402832,81.6133804321289,414.35101318359375,90.77,95.86,2.68,17.52,32.24,5.33,5.03,4.59,2.35,122.3077,307.276,292.623,101.0211,67.8,,41.85900115966797,1848.0999755859375,113.55000305175781,5.090000000000003,39.17900115966797,-0.4400000000000004,5,Normalization,0,0,0
2023-10-02,106.1722640991211,149.5423126220703,108.7027587890625,59.512428283691406,158.55296325683594,,15.27669906616211,48.18454360961914,11.320802688598633,81.62586975097656,414.186279296875,88.81,91.21,2.7,17.61,32.0,5.33,5.12,4.69,2.35,123.0545,307.276,292.623,101.0211,67.8,,39.334999084472656,1830.0,127.58999633789062,2.3999999999999915,36.63499908447265,-0.4299999999999997,5,Normalization,0,0,0
2023-10-03,106.35591125488281,149.8925018310547,109.16692352294922,59.66526794433594,158.63099670410156,,15.336275100708008,47.98780059814453,11.131850242614746,81.64371490478516,408.6419372558594,89.26,94.46,2.71,19.78,33.25,5.33,5.15,4.81,2.36,123.7848,307.276,292.623,101.0211,67.8,,36.98699951171875,1824.5999755859375,141.6699981689453,5.199999999999989,34.27699951171875,-0.34000000000000075,5,Normalization,0,0,0
2023-10-04,102.38007354736328,146.3995361328125,105.20310974121094,57.353553771972656,155.06057739257812,,14.774569511413574,45.767356872558594,10.95932674407959,81.65266418457031,411.61767578125,84.32,89.83,2.92,18.58,35.35,5.33,5.05,4.73,2.33,123.5946,307.276,292.623,101.0211,67.8,,38.441001892089844,1818.5,128.22999572753906,5.510000000000005,35.52100189208984,-0.3199999999999994,5,Normalization,0,0,0
2023-10-05,100.07537841796875,147.1717529296875,105.28665161132812,56.761287689208984,156.6702117919922,,15.90649127960205,48.01590347290039,10.975757598876953,81.70623016357422,411.46258544921875,82.3,88.28,2.92,18.49,36.59,5.33,5.03,4.72,2.31,123.8993,307.276,292.623,101.0211,67.8,,36.207000732421875,1816.5999755859375,130.17999267578125,5.980000000000004,33.28700073242187,-0.3100000000000005,5,Normalization,0,0,0
2023-10-06,98.40424346923828,145.67222595214844,107.05970001220703,58.65269470214844,159.35292053222656,,15.549041748046875,48.12833786010742,11.057912826538086,81.70623016357422,416.3477783203125,82.83,87.86,3.3,17.45,35.68,5.33,5.08,4.78,2.31,123.3563,307.276,292.623,101.0211,67.8,,38.23099899291992,1830.199951171875,126.63999938964844,5.030000000000001,34.930998992919925,-0.2999999999999998,5,Normalization,0,0,0
2023-10-09,101.84752655029297,149.70396423339844,113.08429718017578,61.30830764770508,164.6305389404297,,16.3916015625,50.26445770263672,11.246865272521973,81.71514129638672,419.0132751464844,,91.37,,17.7,39.85,5.33,,,,,307.276,292.623,101.0211,67.8,,43.952999114990234,1849.5,,,,,5,Normalization,0,0,0
2023-10-10,101.41596221923828,149.5423126220703,111.75682830810547,61.11725997924805,166.81573486328125,,16.75756072998047,49.374412536621094,11.345452308654785,81.71514129638672,421.1941833496094,85.89,90.7,3.34,17.03,39.54,5.33,4.96,4.66,2.32,122.9282,307.276,292.623,101.0211,67.8,,49.45500183105469,1861.0,136.1699981689453,4.810000000000002,46.115001831054684,-0.2999999999999998,5,Normalization,0,0,0
2023-10-11,97.77986145019531,144.65753173828125,111.43193817138672,60.515445709228516,168.17172241210938,,17.183094024658203,49.955284118652344,11.30437183380127,81.7330093383789,422.9195556640625,83.7,87.58,3.19,16.09,38.94,5.33,4.99,4.58,2.32,122.7697,307.276,292.623,101.0211,67.8,,46.06800079345703,1872.800048828125,127.18000030517578,3.8799999999999955,42.87800079345703,-0.41000000000000014,5,Normalization,0,0,0
2023-10-12,97.76150512695312,144.77427673339844,112.42520904541016,60.39126205444336,169.95692443847656,,17.353307723999023,50.807857513427734,11.312589645385742,81.76869201660156,420.34124755859375,82.87,88.4,3.16,16.69,38.52,5.33,5.06,4.7,2.34,123.2101,307.276,292.623,101.0211,67.8,,53.00199890136719,1869.300048828125,126.37000274658203,5.530000000000001,49.84199890136719,-0.35999999999999943,5,Normalization,0,0,0
2023-10-13,100.8833999633789,147.31544494628906,115.90629577636719,61.48981857299805,172.385986328125,,17.540544509887695,52.466163635253906,11.361882209777832,81.78658294677734,418.24755859375,87.67,94.33,3.11,19.32,44.24,5.33,5.04,4.63,2.34,123.5954,307.276,292.623,101.0211,67.8,,53.981998443603516,1927.4000244140625,128.3300018310547,6.659999999999997,50.871998443603516,-0.41000000000000014,5,Normalization,0,0,0
2023-10-16,100.95686340332031,148.51866149902344,116.32402801513672,62.445068359375,169.7130584716797,,17.889482498168945,52.55048370361328,11.419389724731445,81.79549407958984,422.648193359375,86.65,90.99,2.98,17.21,40.7,5.33,5.09,4.71,2.38,123.3185,307.276,292.623,101.0211,67.8,,48.46699905395508,1921.0999755859375,130.16000366210938,4.339999999999989,45.48699905395508,-0.3799999999999999,5,Normalization,0,0,0
2023-10-17,102.27908325195312,150.48513793945312,116.46327209472656,62.597900390625,169.01065063476562,,18.068208694458008,53.02829360961914,11.370096206665039,81.80439758300781,422.6287841796875,86.66,92.52,2.94,17.88,41.37,5.33,5.19,4.83,2.41,123.1202,307.276,292.623,101.0211,67.8,,48.895999908447266,1922.699951171875,130.1699981689453,5.859999999999999,45.95599990844727,-0.3600000000000003,5,Normalization,0,0,0
2023-10-18,103.71147155761719,151.67941284179688,117.51222229003906,63.52449417114258,171.34219360351562,,17.838417053222656,52.634803771972656,11.444035530090332,81.81334686279297,416.9972229003906,88.35,91.99,2.92,19.22,44.4,5.33,5.19,4.91,2.44,123.8148,307.276,292.623,101.0211,67.8,,50.83300018310547,1955.300048828125,129.1699981689453,3.6400000000000006,47.91300018310547,-0.28000000000000025,5,Normalization,0,0,0
2023-10-19,103.7757568359375,151.84100341796875,117.31729888916016,63.48628616333008,171.24461364746094,,17.61713981628418,52.494266510009766,11.526188850402832,81.84904479980469,413.3332824707031,89.35,93.12,2.84,21.4,45.7,5.33,5.14,4.98,2.49,123.798,307.276,292.623,101.0211,67.8,,50.172000885009766,1968.4000244140625,134.6199951171875,3.7700000000000102,47.33200088500976,-0.15999999999999925,5,Normalization,0,0,0
2023-10-20,101.99443054199219,149.80271911621094,115.16366577148438,62.26356887817383,167.62542724609375,,17.932039260864258,51.435577392578125,11.501543045043945,81.86688995361328,408.25421142578125,89.12,93.72,2.6,21.71,43.79,5.33,5.07,4.93,2.47,123.612,307.276,292.623,101.0211,67.8,,51.11199951171875,1982.5,135.4499969482422,4.599999999999994,48.51199951171875,-0.14000000000000057,5,Normalization,0,0,0
2023-10-23,100.49776458740234,144.2803955078125,112.63871002197266,60.00916290283203,165.1378173828125,,17.82990837097168,51.58548355102539,11.320802688598633,81.87580871582031,407.546630859375,85.49,91.88,2.65,20.37,41.74,5.33,5.05,4.86,2.41,123.2846,307.276,292.623,101.0211,67.8,,51.2760009765625,1976.300048828125,131.8300018310547,6.390000000000001,48.6260009765625,-0.1899999999999995,5,Normalization,0,0,0
2023-10-24,99.52445220947266,140.66172790527344,111.348388671875,59.732139587402344,163.88914489746094,,18.255443572998047,52.95334243774414,11.296157836914062,81.88478088378906,410.6192626953125,84.58,88.0,2.85,18.97,41.08,5.33,5.02,4.83,2.4,123.6416,307.276,292.623,101.0211,67.8,,49.263999938964844,1975.0,128.1300048828125,3.4200000000000017,46.41399993896484,-0.1899999999999995,5,Normalization,0,0,0
2023-10-25,99.70809936523438,139.9613494873047,111.77540588378906,60.439029693603516,163.84036254882812,,18.34054946899414,52.175724029541016,11.246865272521973,81.89368438720703,404.7260437011719,86.07,90.14,2.86,20.19,44.91,5.33,5.08,4.95,2.43,123.7871,307.276,292.623,101.0211,67.8,,49.92399978637695,1984.0999755859375,131.2100067138672,4.070000000000007,47.063999786376954,-0.1299999999999999,5,Normalization,0,0,0
2023-10-26,98.79906463623047,138.95562744140625,109.82598114013672,60.439029693603516,163.74281311035156,,18.22991180419922,51.38873291015625,11.14828109741211,81.92939758300781,399.87957763671875,83.8,88.45,2.87,20.68,43.93,5.33,5.02,4.86,2.42,124.0064,307.276,292.623,101.0211,67.8,,50.808998107910156,1987.199951171875,130.94000244140625,4.650000000000006,47.93899810791016,-0.15999999999999925,5,Normalization,0,0,0
2023-10-27,96.916748046875,129.6171112060547,109.3525619506836,59.445556640625,162.7770538330078,,18.95332145690918,54.077613830566406,11.024662971496582,81.95616149902344,398.0670471191406,86.04,90.73,3.24,21.27,46.64,5.33,4.99,4.84,2.42,123.62,307.276,292.623,101.0211,67.8,,50.53200149536133,1988.5999755859375,129.16000366210938,4.689999999999998,47.292001495361326,-0.15000000000000036,5,Normalization,0,0,0
2023-10-30,97.21976470947266,131.1795196533203,109.6681900024414,58.91061782836914,162.7672882080078,,18.59587287902832,52.73785400390625,11.058300971984863,81.965087890625,402.826171875,83.03,90.73,3.17,19.75,44.01,5.33,5.03,4.88,2.44,123.4076,307.276,292.623,101.0211,67.8,,50.547000885009766,1996.199951171875,131.89999389648438,7.700000000000003,47.377000885009764,-0.15000000000000036,5,Normalization,0,0,0
2023-10-31,97.19220733642578,130.85626220703125,110.28085327148438,59.04435348510742,162.34780883789062,,18.93630027770996,52.6067008972168,11.058300971984863,81.965087890625,405.3560485839844,81.64,86.82,3.34,18.14,41.99,5.33,5.07,4.88,2.42,123.8364,307.276,292.623,101.0211,67.8,,48.00600051879883,1985.199951171875,126.86000061035156,5.179999999999993,44.666000518798825,-0.1900000000000004,5,Normalization,0,0,0
2023-11-01,96.99938201904297,129.28485107421875,108.30360412597656,58.6144905090332,164.50372314453125,,19.344812393188477,54.23688888549805,11.058300971984863,81.99018096923828,409.6790771484375,81.05,86.92,3.19,16.87,40.52,5.33,4.95,4.77,2.41,123.7922,308.148,282.146,100.8639,61.3,,47.75699996948242,1978.800048828125,120.55000305175781,5.8700000000000045,44.566999969482424,-0.1800000000000006,5,Normalization,0,0,0
2023-11-02,100.1855697631836,133.5769805908203,113.26994323730469,60.439029693603516,172.5908966064453,,19.378854751586914,54.780296325683594,11.470359802246094,82.01710510253906,417.5303039550781,83.04,89.02,3.12,15.66,39.79,5.33,4.98,4.67,2.4,122.8818,308.148,282.146,100.8639,61.3,,48.56399917602539,1985.5999755859375,118.63999938964844,5.97999999999999,45.44399917602539,-0.3100000000000005,5,Normalization,0,0,0
2023-11-03,98.96434020996094,132.5443878173828,111.16273498535156,60.19065475463867,169.34234619140625,,19.293746948242188,54.855247497558594,11.487178802490234,82.02605438232422,421.3396301269531,81.19,87.55,3.0,14.91,38.53,5.33,4.83,4.57,2.39,121.7564,308.148,282.146,100.8639,61.3,,48.05699920654297,1991.5,118.73999786376953,6.359999999999999,45.05699920654297,-0.2599999999999998,5,Normalization,0,0,0
2023-11-06,97.21057891845703,131.9966278076172,109.97452545166016,58.98703384399414,166.87428283691406,,18.961830139160156,53.74970245361328,11.36103630065918,82.03502655029297,422.30889892578125,81.54,87.31,2.71,14.89,36.31,5.33,4.93,4.67,2.42,121.6484,308.148,282.146,100.8639,61.3,,44.832000732421875,1981.5999755859375,121.73999786376953,5.769999999999996,42.122000732421874,-0.2599999999999998,5,Normalization,0,0,0
2023-11-07,95.68634796142578,129.67098999023438,106.98542785644531,57.50638961791992,164.80613708496094,,18.553316116333008,52.0445556640625,11.192850112915039,82.05297088623047,423.51080322265625,77.96,83.43,2.0,14.81,38.72,5.33,4.91,4.58,2.39,122.0777,308.148,282.146,100.8639,61.3,,46.05699920654297,1966.800048828125,120.08999633789062,5.470000000000013,44.05699920654297,-0.33000000000000007,5,Normalization,0,0,0
2023-11-08,94.51103973388672,127.86613464355469,106.24278259277344,58.41388702392578,166.48348999023438,,18.212892532348633,51.145137786865234,10.991026878356934,82.0619125366211,423.82098388671875,75.85,81.46,2.18,14.45,40.44,5.33,4.93,4.49,2.34,122.0926,308.148,282.146,100.8639,61.3,,45.777000427246094,1951.5,117.0999984741211,5.609999999999999,43.597000427246094,-0.4399999999999995,5,Normalization,0,0,0
2023-11-09,94.53858947753906,127.45308685302734,105.96431732177734,57.86939239501953,166.92361450195312,,18.102252960205078,53.74970245361328,10.948979377746582,82.10675811767578,420.5157165527344,76.34,81.74,2.71,15.29,41.23,5.33,5.03,4.62,2.33,122.1281,308.148,282.146,100.8639,61.3,,48.12900161743164,1964.199951171875,117.05000305175781,5.3999999999999915,45.41900161743164,-0.41000000000000014,5,Normalization,0,0,0
2023-11-10,95.26397705078125,128.36000061035156,107.31961059570312,58.251495361328125,167.85276794433594,,18.255443572998047,54.88335037231445,11.049891471862793,82.11571502685547,427.0777282714844,,83.66,2.71,14.17,39.29,5.33,5.04,4.61,2.32,,308.148,282.146,100.8639,61.3,,46.63199996948242,1932.5999755859375,116.79000091552734,,43.92199996948242,-0.4299999999999997,5,Normalization,0,0,0
2023-11-13,96.26482391357422,129.30282592773438,107.62750244140625,58.853302001953125,167.1681365966797,,18.391616821289062,54.48048400878906,11.091938018798828,82.12469482421875,426.670654296875,78.86,84.09,2.61,14.76,39.4,5.33,5.02,4.63,2.31,122.4264,308.148,282.146,100.8639,61.3,,47.87300109863281,1945.5,124.47000122070312,5.230000000000004,45.26300109863281,-0.3899999999999997,5,Normalization,0,0,0
2023-11-14,96.6354751586914,130.2456817626953,107.79542541503906,58.967933654785156,168.4395751953125,,18.297996520996094,54.74281692504883,11.192850112915039,82.13365173339844,434.9483947753906,78.9,84.2,2.69,14.16,38.29,5.33,4.8,4.44,2.28,121.35,308.148,282.146,100.8639,61.3,,47.608001708984375,1961.800048828125,124.11000061035156,5.299999999999997,44.91800170898438,-0.35999999999999943,5,Normalization,0,0,0
2023-11-15,96.05171203613281,130.70359802246094,107.3196029663086,58.55717086791992,168.01901245117188,,18.527788162231445,53.24378204345703,11.23489761352539,82.15161895751953,435.8691711425781,77.15,82.4,2.88,14.18,39.51,5.33,4.9,4.53,2.31,121.0749,308.148,282.146,100.8639,61.3,,47.0369987487793,1960.0999755859375,122.19000244140625,5.25,44.156998748779294,-0.3700000000000001,5,Normalization,0,0,0
2023-11-16,94.93977355957031,128.63485717773438,104.4833755493164,57.611473083496094,170.01425170898438,,18.144805908203125,51.894657135009766,11.083528518676758,82.18744659423828,436.40234375,73.5,77.73,2.91,14.32,42.53,5.33,4.83,4.45,2.27,121.1754,308.148,282.146,100.8639,61.3,,45.8489990234375,1983.9000244140625,116.08000183105469,4.230000000000004,42.9389990234375,-0.3799999999999999,5,Normalization,0,0,0
2023-11-17,97.25628662109375,131.07562255859375,106.90909576416016,58.232383728027344,169.6914825439453,,18.570337295532227,52.64417266845703,11.369447708129883,82.20538330078125,436.9451599121094,76.47,81.22,2.62,13.8,40.43,5.33,4.88,4.44,2.28,120.8477,308.148,282.146,100.8639,61.3,,45.06399917602539,1981.5999755859375,113.11000061035156,4.75,42.44399917602539,-0.4399999999999995,5,Normalization,0,0,0
2023-11-20,96.8300552368164,131.00303649902344,107.65550231933594,58.404327392578125,169.90664672851562,,18.885236740112305,52.73785400390625,11.403083801269531,82.20538330078125,440.3085632324219,78.1,83.25,2.49,13.41,39.0,5.33,4.89,4.42,2.3,120.2533,308.148,282.146,100.8639,61.3,,45.82099914550781,1977.699951171875,115.08999633789062,5.150000000000006,43.33099914550781,-0.46999999999999975,5,Normalization,0,0,0
2023-11-21,96.79298400878906,130.69454956054688,107.4502182006836,58.03178405761719,172.17572021484375,,18.83417320251465,51.73537826538086,11.520814895629883,82.23228454589844,439.3489685058594,78.35,82.42,2.63,13.35,38.52,5.33,4.86,4.41,2.25,120.2241,308.148,282.146,100.8639,61.3,,44.064998626708984,1999.300048828125,112.79000091552734,4.070000000000007,41.43499862670898,-0.4500000000000002,5,Normalization,0,0,0
2023-11-22,96.37601470947266,130.95767211914062,107.15167236328125,57.51594543457031,173.87753295898438,,18.663955688476562,53.11261749267578,11.554452896118164,82.26815032958984,441.0451965332031,76.8,81.76,2.72,12.85,42.76,5.33,4.89,4.42,2.26,120.6802,308.148,282.146,100.8639,61.3,,44.61600112915039,1991.4000244140625,111.56999969482422,4.960000000000008,41.89600112915039,-0.46999999999999975,5,Normalization,0,0,0
2023-11-24,96.8949203491211,131.47486877441406,107.74877166748047,57.46818161010742,175.27613830566406,,19.191621780395508,53.262516021728516,11.537632942199707,82.27711486816406,441.3166198730469,74.83,79.82,2.72,12.46,43.38,5.33,4.92,4.47,2.26,120.2105,308.148,282.146,100.8639,61.3,,46.65700149536133,2002.199951171875,107.43000030517578,4.989999999999995,43.93700149536133,-0.4500000000000002,5,Normalization,0,0,0
2023-11-27,96.32968139648438,130.98487854003906,107.10502624511719,57.19115447998047,174.71865844726562,,18.902257919311523,52.288150787353516,11.495589256286621,82.28609466552734,440.5218200683594,74.46,79.49,2.74,12.69,43.9,5.33,4.84,4.39,2.21,120.173,308.148,282.146,100.8639,61.3,,43.98400115966797,2011.800048828125,109.30999755859375,5.030000000000001,41.24400115966797,-0.4500000000000002,5,Normalization,0,0,0
2023-11-28,96.27409362792969,132.0283203125,107.27296447753906,57.37265396118164,175.47177124023438,,18.408632278442383,51.35125732421875,11.495589256286621,82.30401611328125,440.9579162597656,76.09,81.66,2.78,12.69,43.14,5.33,4.73,4.34,2.22,119.5904,308.148,282.146,100.8639,61.3,,42.77399826049805,2039.699951171875,110.05999755859375,5.569999999999993,39.993998260498046,-0.39000000000000057,5,Normalization,0,0,0
2023-11-29,94.8285903930664,130.57656860351562,106.3306655883789,57.63057327270508,176.47915649414062,,18.025653839111328,50.9835205078125,11.503997802734375,82.31299591064453,440.6478271484375,77.56,82.98,2.7,12.98,42.9,5.33,4.64,4.27,2.21,119.8159,308.148,282.146,100.8639,61.3,,40.36000061035156,2047.0999755859375,114.58999633789062,5.420000000000002,37.66000061035156,-0.3700000000000001,5,Normalization,0,0,0
2023-11-30,95.19922637939453,130.29530334472656,107.82342529296875,56.50337600708008,178.15159606933594,,16.91926383972168,51.75670623779297,11.680593490600586,82.34883880615234,442.3828430175781,75.66,81.72,2.75,12.92,39.4,5.33,4.73,4.37,2.23,120.2434,308.148,282.146,100.8639,61.3,,42.090999603271484,2038.0999755859375,115.31999969482422,6.060000000000002,39.340999603271484,-0.3600000000000003,5,Normalization,0,0,0
2023-12-01,95.43087768554688,131.39320373535156,107.50621795654297,56.197696685791016,177.6234588623047,,17.11501121520996,52.529903411865234,11.680593490600586,82.365966796875,444.9998779296875,73.7,78.72,2.63,12.63,35.7,5.33,4.56,4.22,2.22,119.9424,308.741,280.763,100.6031,69.7,,43.49599838256836,2071.0,111.51000213623047,5.019999999999996,40.86599838256836,-0.33999999999999986,5,Normalization,0,0,0
2023-12-04,94.91197204589844,131.4476318359375,106.8531265258789,55.271095275878906,170.34678649902344,,16.74905014038086,52.096160888671875,11.680593490600586,82.365966796875,442.66387939453125,72.73,78.16,2.55,13.08,38.08,5.33,4.64,4.28,2.21,120.4727,308.741,280.763,100.6031,69.7,,40.104000091552734,2024.0999755859375,118.25,5.429999999999993,37.55400009155274,-0.35999999999999943,5,Normalization,0,0,0
2023-12-05,93.06804656982422,129.6238555908203,105.55628967285156,54.71704864501953,166.3367919921875,,16.38309097290039,51.79442596435547,11.571270942687988,82.38398742675781,442.57672119140625,71.95,77.27,2.72,12.85,36.36,5.33,4.57,4.18,2.17,120.7913,308.741,280.763,100.6031,69.7,,38.132999420166016,2018.5,127.19999694824219,5.319999999999993,35.41299942016602,-0.39000000000000057,5,Normalization,0,0,0
2023-12-06,91.83566284179688,129.32443237304688,103.11190032958984,53.95283889770508,168.9579620361328,,16.332027435302734,51.049522399902344,11.335808753967285,82.39300537109375,440.793212890625,68.98,74.33,2.76,12.97,39.72,5.33,4.6,4.12,2.14,120.5334,308.741,280.763,100.6031,69.7,,39.3129997253418,2030.5,124.9800033569336,5.349999999999994,36.5529997253418,-0.47999999999999954,5,Normalization,0,0,0
2023-12-07,91.19629669189453,129.22462463378906,103.41978454589844,54.048675537109375,168.0581512451172,,16.40862464904785,50.40834045410156,11.20966911315918,82.42901611328125,444.1566162109375,69.0,74.21,2.52,13.06,37.82,5.33,4.58,4.14,2.17,120.6013,308.741,280.763,100.6031,69.7,,39.96799850463867,2029.9000244140625,129.74000549316406,5.209999999999994,37.44799850463867,-0.4400000000000004,5,Normalization,0,0,0
2023-12-08,92.24337005615234,130.9394989013672,104.55801391601562,54.115745544433594,172.3419952392578,,16.459688186645508,50.90808868408203,11.184441566467285,82.44702911376953,446.066162109375,70.87,75.94,2.57,12.35,36.24,5.33,4.71,4.23,2.21,120.7607,308.741,280.763,100.6031,69.7,,38.597999572753906,1998.300048828125,121.6500015258789,5.069999999999993,36.027999572753906,-0.47999999999999954,5,Normalization,0,0,0
2023-12-11,92.3082275390625,130.97579956054688,104.6419906616211,54.681156158447266,169.13397216796875,,16.144790649414062,50.8326530456543,11.15921401977539,82.46505737304688,447.8011474609375,70.95,75.75,2.39,12.63,35.3,5.33,4.71,4.23,2.19,120.9279,308.741,280.763,100.6031,69.7,,36.11800003051758,1978.0,126.66000366210938,4.799999999999997,33.72800003051758,-0.47999999999999954,5,Normalization,0,0,0
2023-12-12,90.85345458984375,129.2971954345703,103.61572265625,53.23410415649414,167.07032775878906,,15.795851707458496,50.191471099853516,11.142394065856934,82.46505737304688,449.84637451171875,68.27,74.11,2.37,12.07,36.38,5.33,4.73,4.2,2.16,120.6817,308.741,280.763,100.6031,69.7,,34.702999114990234,1977.800048828125,118.62000274658203,5.840000000000003,32.33299911499024,-0.5300000000000002,5,Normalization,0,0,0
2023-12-13,91.65960693359375,131.21173095703125,104.35276794433594,54.83448791503906,166.36611938476562,,16.085216522216797,52.718482971191406,11.377856254577637,82.47404479980469,456.0498046875,69.09,74.14,2.33,12.19,36.6,5.33,4.46,4.04,2.16,121.1571,308.741,280.763,100.6031,69.7,,35.8120002746582,1982.300048828125,113.7699966430664,5.049999999999997,33.482000274658205,-0.41999999999999993,5,Normalization,0,0,0
2023-12-14,94.1243667602539,136.038818359375,107.24496459960938,56.31027603149414,167.77450561523438,,16.3100643157959,52.775062561035156,11.571270942687988,82.51009368896484,457.513427734375,71.21,77.05,2.39,12.48,33.98,5.33,4.37,3.92,2.22,119.5683,308.741,280.763,100.6031,69.7,,34.849998474121094,2030.199951171875,118.04000091552734,5.840000000000003,32.45999847412109,-0.4500000000000002,5,Normalization,0,0,0
2023-12-15,93.49427795410156,135.51255798339844,106.8624496459961,56.118621826171875,166.4639129638672,,17.373762130737305,55.35865783691406,11.529224395751953,82.53712463378906,456.7601318359375,71.05,76.84,2.44,12.28,35.13,5.33,4.44,3.91,2.22,119.7382,308.741,280.763,100.6031,69.7,,33.18899917602539,2021.0999755859375,115.75,5.790000000000006,30.74899917602539,-0.5300000000000002,5,Normalization,0,0,0
2023-12-18,94.18922424316406,135.81198120117188,107.19831848144531,56.51152801513672,169.90664672851562,,17.80615997314453,56.80131912231445,11.646955490112305,82.54708099365234,459.3294372558594,72.16,78.89,2.59,12.56,37.09,5.33,4.43,3.95,2.21,119.9102,308.741,280.763,100.6031,69.7,,35.52199935913086,2026.300048828125,118.45999908447266,6.730000000000004,32.931999359130856,-0.47999999999999954,5,Normalization,0,0,0
2023-12-19,95.43087768554688,137.5903778076172,108.6817626953125,57.78607940673828,169.57412719726562,,17.866697311401367,58.781436920166016,11.663774490356445,82.54708099365234,462.12255859375,73.23,79.82,2.44,12.53,35.04,5.33,4.41,3.93,2.19,119.4632,308.741,280.763,100.6031,69.7,,32.56800079345703,2038.4000244140625,115.02999877929688,6.589999999999989,30.12800079345703,-0.48,5,Normalization,0,0,0
2023-12-20,93.83712005615234,136.32916259765625,108.86834716796875,57.661495208740234,167.32460021972656,,17.546720504760742,58.09311294555664,11.537632942199707,82.56517028808594,455.7187194824219,73.87,81.1,2.48,13.67,34.98,5.33,4.34,3.86,2.19,119.5435,308.741,280.763,100.6031,69.7,,33.520999908447266,2034.5,111.87000274658203,7.22999999999999,31.040999908447265,-0.48,5,Normalization,0,0,0
2023-12-21,94.26335144042969,136.74655151367188,108.99894714355469,57.92024230957031,167.95053100585938,,18.039655685424805,60.318389892578125,11.5964994430542,82.61949157714844,460.0398864746094,73.59,80.73,2.48,13.65,35.44,5.33,4.33,3.89,2.19,119.3168,308.741,280.763,100.6031,69.7,,34.202999114990234,2039.0999755859375,111.93000030517578,7.140000000000001,31.722999114990234,-0.43999999999999995,5,Normalization,0,0,0
2023-12-22,94.43014526367188,137.0550537109375,109.77333068847656,58.274810791015625,168.79168701171875,,18.567182540893555,60.8841438293457,11.571270942687988,82.62850952148438,460.96441650390625,73.29,80.23,2.54,13.03,33.32,5.33,4.31,3.9,2.19,119.0625,308.741,280.763,100.6031,69.7,,34.17399978637695,2057.10009765625,111.37999725341797,6.939999999999998,31.633999786376954,-0.4099999999999997,5,Normalization,0,0,0
2023-12-26,94.64326477050781,138.2890625,111.04216766357422,58.8785514831543,167.56912231445312,,17.875343322753906,58.68714904785156,11.588088989257812,82.64659118652344,462.910888671875,75.84,,2.5,12.99,34.53,5.33,4.26,3.89,2.18,118.8875,308.741,280.763,100.6031,69.7,,34.17399978637695,2058.199951171875,116.0,,31.673999786376953,-0.36999999999999966,5,Normalization,0,0,0
2023-12-27,94.19849395751953,137.83535766601562,110.54767608642578,58.4952278137207,167.59848022460938,,17.42565155029297,58.036529541015625,11.5964994430542,82.64659118652344,463.747802734375,74.31,80.97,2.63,12.43,35.41,5.33,4.2,3.79,2.15,118.4729,308.741,280.763,100.6031,69.7,,35.51300048828125,2081.89990234375,114.52999877929688,6.659999999999997,32.88300048828125,-0.41000000000000014,5,Normalization,0,0,0
2023-12-28,92.83638763427734,135.89364624023438,108.69107818603516,57.46983337402344,167.26593017578125,,17.269989013671875,57.33877944946289,11.579681396484375,82.70091247558594,463.9230041503906,72.02,79.04,2.55,12.47,36.45,5.33,4.26,3.84,2.16,118.4104,308.741,280.763,100.6031,69.7,,33.10499954223633,2073.89990234375,113.77999877929688,7.02000000000001,30.554999542236327,-0.41999999999999993,5,Normalization,0,0,0
2023-12-29,92.64179992675781,135.34014892578125,108.28990173339844,57.220680236816406,166.96273803710938,,17.33917236328125,57.329345703125,11.60490894317627,82.70091247558594,462.5799560546875,71.89,77.69,2.58,12.45,36.22,5.33,4.23,3.88,2.16,118.4208,308.741,280.763,100.6031,69.7,,32.349998474121094,2062.39990234375,114.62000274658203,5.799999999999997,29.769998474121095,-0.35000000000000053,5,Normalization,0,0,0
2024-01-02,94.84711456298828,135.63050842285156,109.70802307128906,57.54649353027344,165.69126892089844,,17.434297561645508,58.95116424560547,11.672183990478516,82.70994567871094,459.9912414550781,70.62,76.24,2.56,13.2,39.05,5.33,4.33,3.95,2.21,119.2686,308.741,280.763,100.6031,69.7,,30.57200050354004,2064.39990234375,127.0199966430664,5.61999999999999,28.01200050354004,-0.3799999999999999,5,Normalization,0,0,0
2024-01-03,95.64400482177734,138.21646118164062,111.89117431640625,58.083152770996094,165.64236450195312,,18.264503479003906,61.157588958740234,11.789915084838867,82.73709869384766,456.234619140625,72.97,77.18,2.57,14.04,38.22,5.33,4.33,3.91,2.2,119.6958,308.741,280.763,100.6031,69.7,,32.79499816894531,2034.199951171875,124.56999969482422,4.210000000000008,30.224998168945312,-0.41999999999999993,5,Normalization,0,0,0
2024-01-04,94.81005096435547,136.70118713378906,108.67242431640625,56.655269622802734,165.15335083007812,,18.10019302368164,60.648414611816406,11.663774490356445,82.76425170898438,454.7650451660156,72.38,75.79,2.83,14.13,37.58,5.33,4.38,3.99,2.22,119.6208,308.741,280.763,100.6031,69.7,,33.40999984741211,2042.300048828125,121.12000274658203,3.410000000000011,30.57999984741211,-0.3899999999999997,5,Normalization,0,0,0
2024-01-05,95.09729766845703,136.4652557373047,108.71906280517578,56.48277282714844,163.8916778564453,,19.233078002929688,60.97842788696289,11.731048583984375,82.77330780029297,455.38787841796875,74.0,78.31,2.75,13.35,36.07,5.33,4.4,4.05,2.22,119.388,308.741,280.763,100.6031,69.7,,34.55099868774414,2042.4000244140625,116.19000244140625,4.310000000000002,31.80099868774414,-0.35000000000000053,5,Normalization,0,0,0
2024-01-08,93.51280975341797,135.64866638183594,106.82513427734375,55.84070587158203,163.28524780273438,,18.835268020629883,59.564056396484375,11.75627613067627,82.78235626220703,461.8890075683594,71.06,75.47,2.72,13.08,36.79,5.33,4.36,4.01,2.22,119.2506,308.741,280.763,100.6031,69.7,,31.579999923706055,2026.5999755859375,117.72000122070312,4.409999999999997,28.859999923706056,-0.35000000000000053,5,Normalization,0,0,0
2024-01-09,92.35453796386719,132.20071411132812,105.20177459716797,55.06447982788086,163.66671752929688,,18.94769287109375,59.27175521850586,11.773096084594727,82.79139709472656,461.1882629394531,72.43,77.97,3.25,12.76,36.09,5.33,4.36,4.02,2.22,119.6666,308.741,280.763,100.6031,69.7,,30.641000747680664,2026.4000244140625,114.91999816894531,5.539999999999992,27.391000747680664,-0.34000000000000075,5,Normalization,0,0,0
2024-01-10,91.44649505615234,131.11192321777344,103.7276840209961,54.43199157714844,163.47108459472656,,18.861215591430664,59.04545211791992,11.70582103729248,82.80949401855469,463.7965087890625,71.57,78.46,3.25,12.69,36.35,5.33,4.37,4.04,2.22,119.7614,308.741,280.763,100.6031,69.7,,30.941999435424805,2021.699951171875,109.62999725341797,6.890000000000001,27.691999435424805,-0.33000000000000007,5,Normalization,0,0,0
2024-01-11,91.42794799804688,131.8196563720703,103.55973815917969,54.74824142456055,161.04554748535156,,18.515296936035156,60.0732307434082,11.70582103729248,82.85472869873047,463.5920715332031,72.15,80.21,3.15,12.44,36.78,5.33,4.26,3.98,2.22,119.8916,308.741,280.763,100.6031,69.7,,30.816999435424805,2014.300048828125,103.44999694824219,8.059999999999988,27.666999435424806,-0.2799999999999998,5,Normalization,0,0,0
2024-01-12,92.6139907836914,133.62527465820312,104.21281433105469,55.63946533203125,161.43675231933594,,19.146595001220703,61.006717681884766,11.781505584716797,82.87284088134766,463.91326904296875,72.94,79.89,13.2,12.7,40.64,5.33,4.14,3.96,2.27,119.534,308.741,280.763,100.6031,69.7,,31.990999221801758,2046.699951171875,106.51000213623047,6.950000000000003,18.79099922180176,-0.17999999999999972,5,Normalization,0,0,0
2024-01-16,90.51988220214844,130.37696838378906,101.35792541503906,54.25949478149414,160.23374938964844,,19.25901985168457,59.32832717895508,11.689002990722656,82.88188171386719,462.21014404296875,72.63,80.15,3.25,13.84,38.34,5.33,4.22,4.07,2.3,120.5759,308.741,280.763,100.6031,69.7,,29.6560001373291,2026.0,113.44000244140625,7.52000000000001,26.4060001373291,-0.14999999999999947,5,Normalization,0,0,0
2024-01-17,89.86199951171875,129.85977172851562,100.35964965820312,53.87617111206055,158.96226501464844,,19.44927215576172,60.63898468017578,11.579681396484375,82.89999389648438,459.64080810546875,72.79,78.88,2.86,14.79,37.06,5.33,4.34,4.1,2.3,121.0402,308.741,280.763,100.6031,69.7,,27.70800018310547,2002.5999755859375,105.86000061035156,6.089999999999989,24.84800018310547,-0.2400000000000002,5,Normalization,0,0,0
2024-01-18,89.6952133178711,128.68023681640625,99.76253509521484,54.115745544433594,158.83514404296875,,19.11200523376465,61.874210357666016,11.537632942199707,82.9361801147461,463.72833251953125,74.32,81.04,2.88,14.13,35.98,5.33,4.34,4.14,2.34,120.8895,308.741,280.763,100.6031,69.7,,27.89299964904785,2018.5999755859375,107.22000122070312,6.720000000000013,25.012999649047853,-0.20000000000000018,5,Normalization,0,0,0
2024-01-19,89.83419799804688,129.0613250732422,100.63955688476562,54.067832946777344,157.5147705078125,,19.233078002929688,61.393314361572266,11.5964994430542,82.94523620605469,469.50927734375,73.69,80.71,2.7,13.3,35.79,5.33,4.39,4.15,2.34,120.6442,308.741,280.763,100.6031,69.7,,28.429000854492188,2026.5,104.97000122070312,7.019999999999996,25.729000854492188,-0.23999999999999932,5,Normalization,0,0,0
2024-01-22,89.7137451171875,129.2881622314453,100.81680297851562,54.37450408935547,158.7373504638672,,18.6450138092041,61.553611755371094,11.672183990478516,82.95429229736328,470.501953125,75.26,81.7,2.35,13.19,35.71,5.33,4.37,4.11,2.31,120.6178,308.741,280.763,100.6031,69.7,,27.263999938964844,2019.800048828125,106.87000274658203,6.439999999999998,24.913999938964842,-0.2599999999999998,5,Normalization,0,0,0
2024-01-23,90.7237319946289,128.92520141601562,100.75149536132812,54.36491394042969,158.90362548828125,,18.29909324645996,62.45882034301758,11.722640037536621,82.96334075927734,471.87420654296875,74.72,82.04,2.15,12.55,34.99,5.33,4.31,4.14,2.29,121.1001,308.741,280.763,100.6031,69.7,,27.226999282836914,2023.699951171875,107.69999694824219,7.320000000000007,25.076999282836915,-0.16999999999999993,5,Normalization,0,0,0
2024-01-24,92.28968811035156,131.49301147460938,102.31888580322266,54.92073059082031,161.70083618164062,,18.878507614135742,65.20270538330078,11.831961631774902,82.97239685058594,472.3899841308594,75.48,82.15,2.45,13.14,33.99,5.33,4.34,4.18,2.3,120.4916,308.741,280.763,100.6031,69.7,,28.929000854492188,2013.9000244140625,105.77999877929688,6.670000000000002,26.479000854492188,-0.16000000000000014,5,Normalization,0,0,0
2024-01-25,94.6340103149414,134.80482482910156,104.53936767578125,55.59154510498047,160.634765625,,18.826622009277344,64.8255386352539,12.00855827331543,83.01762390136719,474.95928955078125,77.91,82.33,2.56,13.45,35.1,5.33,4.28,4.14,2.29,120.8311,308.741,280.763,100.6031,69.7,,27.784000396728516,2016.9000244140625,105.88999938964844,4.420000000000002,25.224000396728517,-0.14000000000000057,5,Normalization,0,0,0
2024-01-26,95.44013977050781,135.32200622558594,104.70729064941406,55.96528625488281,164.0383758544922,,19.66547393798828,67.55998992919922,12.159926414489746,83.02667236328125,474.3559265136719,78.45,83.34,2.36,13.26,34.78,5.33,4.34,4.15,2.3,120.6173,308.741,280.763,100.6031,69.7,,28.07900047302246,2016.800048828125,100.2300033569336,4.890000000000001,25.71900047302246,-0.1899999999999995,5,Normalization,0,0,0
2024-01-29,95.56060791015625,135.26756286621094,104.1195297241211,55.79280090332031,162.9527130126953,,19.25901985168457,66.71136474609375,12.218791007995605,83.03572082519531,478.1125183105469,77.25,83.99,2.41,13.6,36.32,5.33,4.29,4.08,2.3,120.8538,308.741,280.763,100.6031,69.7,,28.173999786376953,2025.199951171875,106.33999633789062,6.739999999999995,25.763999786376953,-0.20999999999999996,5,Normalization,0,0,0
2024-01-30,97.15436553955078,136.2112274169922,106.4052963256836,56.44445037841797,162.89404296875,,19.80384063720703,67.52227783203125,12.244020462036133,83.0447769165039,477.74273681640625,78.3,84.14,2.26,13.31,36.19,5.33,4.36,4.06,2.26,120.6025,308.741,280.763,100.6031,69.7,,29.391000747680664,2031.5,104.26000213623047,5.840000000000003,27.131000747680666,-0.3000000000000007,5,Normalization,0,0,0
2024-01-31,95.26409149169922,133.77044677734375,104.37142944335938,55.169891357421875,160.39024353027344,,19.622234344482422,66.66422271728516,12.025376319885254,83.05382537841797,469.9472961425781,76.28,82.98,2.19,14.35,37.25,5.33,4.27,3.99,2.26,120.4331,308.741,280.763,100.6031,69.7,,30.235000610351562,2048.39990234375,107.27999877929688,6.700000000000003,28.04500061035156,-0.27999999999999936,5,Normalization,0,0,0
2024-02-01,94.87491607666016,134.18783569335938,103.91426849365234,54.9303092956543,159.42198181152344,,19.060115814208984,64.15607452392578,12.084243774414062,83.09564208984375,476.0979919433594,74.36,82.2,2.15,13.88,35.38,5.33,4.2,3.87,2.19,120.3335,310.967,283.331,100.285,76.9,,28.990999221801758,2053.0,113.91999816894531,7.840000000000003,26.84099922180176,-0.33000000000000007,5,Normalization,0,0,0
2024-02-02,94.4857406616211,138.13479614257812,103.21453857421875,54.661991119384766,158.2581024169922,,18.532588958740234,63.015140533447266,12.050603866577148,83.11383056640625,481.11004638671875,72.72,79.54,2.01,13.85,34.85,5.33,4.36,4.03,2.21,120.902,310.967,283.331,100.285,76.9,,29.304000854492188,2036.0999755859375,106.72000122070312,6.820000000000007,27.29400085449219,-0.33000000000000007,5,Normalization,0,0,0
2024-02-05,94.09656524658203,138.21646118164062,102.59877014160156,54.60448455810547,156.76255798339844,,18.783382415771484,62.637969970703125,12.033785820007324,83.11383056640625,479.3582458496094,73.21,79.3,2.12,13.67,34.43,5.33,4.46,4.17,2.27,121.349,310.967,283.331,100.285,76.9,,28.340999603271484,2025.699951171875,108.68000030517578,6.090000000000003,26.220999603271483,-0.29000000000000004,5,Normalization,0,0,0
2024-02-06,94.74518585205078,138.234619140625,104.04489135742188,55.169891357421875,157.16465759277344,,18.575828552246094,61.666770935058594,12.012290954589844,83.13201141357422,480.74993896484375,73.83,80.46,2.1,13.06,33.01,5.33,4.39,4.09,2.24,120.9588,310.967,283.331,100.285,76.9,,28.60700035095215,2034.5,110.5999984741211,6.6299999999999955,26.507000350952147,-0.2999999999999998,5,Normalization,0,0,0
2024-02-07,94.71739959716797,138.0349884033203,104.791259765625,55.217803955078125,156.98812866210938,,19.31090545654297,62.80769729614258,11.952098846435547,83.1410903930664,484.7596435546875,74.26,81.18,1.94,12.83,31.21,5.33,4.41,4.09,2.23,120.9049,310.967,283.331,100.285,76.9,,28.18600082397461,2035.199951171875,107.86000061035156,6.920000000000002,26.246000823974608,-0.3200000000000003,5,Normalization,0,0,0
2024-02-08,96.33895111083984,139.78616333007812,106.2653579711914,55.6298828125,155.9486083984375,,19.094707489013672,62.298519134521484,11.960698127746582,83.17744445800781,484.97369384765625,76.67,83.01,1.74,12.79,31.64,5.33,4.46,4.15,2.24,121.0798,310.967,283.331,100.285,76.9,,27.812000274658203,2032.199951171875,108.5999984741211,6.340000000000003,26.072000274658205,-0.3099999999999996,5,Normalization,0,0,0
2024-02-09,94.3004150390625,137.04598999023438,103.70901489257812,55.074058532714844,154.93849182128906,,19.25901985168457,62.05335235595703,11.986494064331055,83.1865463256836,487.7765808105469,77.26,83.58,1.74,12.93,32.44,5.33,4.48,4.17,2.25,121.039,310.967,283.331,100.285,76.9,,27.117000579833984,2023.300048828125,106.20999908447266,6.319999999999993,25.377000579833986,-0.3100000000000005,5,Normalization,0,0,0
2024-02-12,95.59767150878906,137.9896240234375,103.65302276611328,55.610713958740234,155.8210906982422,,19.985448837280273,64.18435668945312,12.115473747253418,83.20469665527344,487.56243896484375,77.34,83.88,1.76,13.93,32.69,5.33,4.46,4.17,2.24,120.9378,310.967,283.331,100.285,76.9,,25.729000091552734,2018.199951171875,109.77999877929688,6.539999999999992,23.969000091552733,-0.29000000000000004,5,Normalization,0,0,0
2024-02-13,94.77466583251953,136.64674377441406,102.41217803955078,55.208221435546875,154.4383544921875,,19.74330711364746,63.5903205871582,12.003691673278809,83.20469665527344,480.84722900390625,78.28,84.72,1.61,15.85,32.37,5.33,4.64,4.31,2.29,121.5202,310.967,283.331,100.285,76.9,,25.43600082397461,1992.9000244140625,113.22000122070312,6.439999999999998,23.82600082397461,-0.33000000000000007,5,Normalization,0,0,0
2024-02-14,94.30706787109375,137.01873779296875,102.73873901367188,54.91114044189453,152.5848388671875,,20.07192611694336,62.4776725769043,12.132668495178223,83.22290802001953,485.217041015625,77.09,84.41,1.51,14.38,32.76,5.33,4.56,4.27,2.3,121.4002,310.967,283.331,100.285,76.9,,24.85700035095215,1990.300048828125,111.97000122070312,7.319999999999993,23.347000350952147,-0.29000000000000004,5,Normalization,0,0,0
2024-02-15,97.00985717773438,141.67837524414062,104.29850769042969,57.60400390625,155.8897247314453,,20.68593406677246,66.36248779296875,12.3992280960083,83.26832580566406,488.5649108886719,78.47,84.33,1.53,14.01,32.02,5.33,4.56,4.24,2.3,121.2121,310.967,283.331,100.285,76.9,,24.965999603271484,2002.0999755859375,112.08999633789062,5.859999999999999,23.435999603271483,-0.3199999999999994,5,Normalization,0,0,0
2024-02-16,97.00985717773438,141.83432006835938,103.89446258544922,57.99690628051758,157.27252197265625,,20.884836196899414,65.55158233642578,12.51101016998291,83.2864990234375,486.13189697265625,79.65,84.88,1.55,14.24,30.84,5.33,4.64,4.3,2.33,121.1505,310.967,283.331,100.285,76.9,,24.82200050354004,2011.5,109.19999694824219,5.22999999999999,23.27200050354004,-0.33999999999999986,5,Normalization,0,0,0
2024-02-20,96.09332275390625,141.25643920898438,102.9266586303711,57.07692337036133,157.98841857910156,,20.357311248779297,62.3550910949707,12.588397979736328,83.29560089111328,483.45550537109375,78.72,84.78,1.5,15.42,31.81,5.33,4.59,4.27,2.32,121.0199,310.967,283.331,100.285,76.9,,24.167999267578125,2027.5,111.0199966430664,6.060000000000002,22.667999267578125,-0.3200000000000003,5,Normalization,0,0,0
2024-02-21,98.05728149414062,142.5773162841797,106.05561065673828,57.94898986816406,161.3619842529297,,19.898971557617188,62.798255920410156,12.768969535827637,83.30469512939453,483.8934020996094,78.89,84.77,1.58,15.34,31.05,5.33,4.64,4.32,2.34,121.0379,310.967,283.331,100.285,76.9,,23.976999282836914,2022.300048828125,114.2699966430664,5.8799999999999955,22.396999282836916,-0.3199999999999994,5,Normalization,0,0,0
2024-02-22,97.97310638427734,142.56813049316406,105.4448471069336,58.00648880004883,154.63446044921875,,19.95085906982422,63.109432220458984,12.717376708984375,83.35013580322266,493.9078674316406,79.64,85.84,1.62,14.54,30.55,5.33,4.69,4.33,2.31,121.102,310.967,283.331,100.285,76.9,,23.19300079345703,2019.699951171875,115.58999633789062,6.200000000000003,21.57300079345703,-0.3600000000000003,5,Normalization,0,0,0
2024-02-23,97.11270904541016,141.86183166503906,104.77771759033203,57.51775360107422,154.68350219726562,,19.795194625854492,62.628536224365234,12.803362846374512,83.3592300415039,494.2484436035156,77.6,84.18,1.52,13.75,31.31,5.33,4.67,4.26,2.3,121.0369,310.967,283.331,100.285,76.9,,22.93400001525879,2038.5999755859375,108.30999755859375,6.5800000000000125,21.41400001525879,-0.41000000000000014,5,Normalization,0,0,0
2024-02-26,97.49615478515625,141.669189453125,105.63277435302734,57.94898986816406,151.99644470214844,,20.037336349487305,64.14662170410156,12.631390571594238,83.3592300415039,492.4382629394531,78.53,84.01,1.65,13.74,31.71,5.33,4.69,4.28,2.31,121.0592,310.967,283.331,100.285,76.9,,24.009000778198242,2028.5,110.7699966430664,5.480000000000004,22.359000778198244,-0.41000000000000014,5,Normalization,0,0,0
2024-02-27,97.2904052734375,139.56871032714844,104.87168884277344,58.07357406616211,150.22137451171875,,19.302261352539062,63.40172576904297,12.631390571594238,83.37739562988281,493.3531188964844,79.8,83.8,1.52,13.43,31.35,5.33,4.7,4.31,2.32,120.9647,310.967,283.331,100.285,76.9,,24.392000198364258,2034.0,110.80000305175781,4.0,22.87200019836426,-0.39000000000000057,5,Normalization,0,0,0
2024-02-28,97.5616226196289,139.7338104248047,105.27571105957031,57.747745513916016,149.93698120117188,,19.66547393798828,62.98685073852539,12.493812561035156,83.3864974975586,492.7010498046875,79.44,84.08,1.61,13.84,31.21,5.33,4.64,4.27,2.33,121.128,310.967,283.331,100.285,76.9,,25.618999481201172,2033.0,108.70999908447266,4.640000000000001,24.008999481201172,-0.3700000000000001,5,Normalization,0,0,0
2024-02-29,97.7486572265625,139.43112182617188,105.74552154541016,58.083152770996094,152.20237731933594,,19.48386573791504,63.29800796508789,12.588397979736328,83.42283630371094,494.4722900390625,79.22,84.57,1.67,13.4,31.5,5.33,4.64,4.25,2.33,121.1824,310.967,283.331,100.285,76.9,,24.864999771118164,2045.699951171875,109.0999984741211,5.349999999999994,23.194999771118162,-0.3899999999999997,5,Normalization,0,0,0
2024-03-01,98.983154296875,140.1649169921875,107.34288787841797,58.80188751220703,153.16342163085938,,19.5271053314209,63.269710540771484,12.880751609802246,83.44564819335938,499.11456298828125,80.9,84.82,1.47,13.11,31.08,5.33,4.54,4.19,2.32,121.0111,312.345,288.688,100.4575,79.4,,25.80900001525879,2086.89990234375,106.4800033569336,3.9199999999999875,24.33900001525879,-0.34999999999999964,5,Normalization,0,0,0
2024-03-04,97.59902954101562,136.5601348876953,104.89987182617188,58.150238037109375,150.3096466064453,,19.50981330871582,61.006717681884766,12.811962127685547,83.45479583740234,498.5792541503906,79.67,86.58,1.48,13.49,30.47,5.33,4.61,4.22,2.34,120.872,312.345,288.688,100.4575,79.4,,26.885000228881836,2117.699951171875,109.56999969482422,6.909999999999997,25.405000228881836,-0.39000000000000057,5,Normalization,0,0,0
2024-03-05,98.79610443115234,137.2113800048828,104.5052261352539,58.05440902709961,150.54501342773438,,20.1929988861084,63.033992767333984,12.915146827697754,83.45479583740234,493.59637451171875,79.11,85.82,1.51,14.46,30.19,5.33,4.54,4.13,2.32,120.8846,312.345,288.688,100.4575,79.4,,27.468000411987305,2133.5,110.33000183105469,6.709999999999994,25.958000411987303,-0.41000000000000014,5,Normalization,0,0,0
2024-03-06,99.85289001464844,136.05564880371094,105.2287368774414,58.543148040771484,150.7313232421875,,20.158409118652344,64.37293243408203,13.026926040649414,83.47303009033203,496.0975341796875,80.08,86.59,1.67,14.5,29.57,5.33,4.55,4.11,2.3,120.4649,312.345,288.688,100.4575,79.4,,26.57200050354004,2150.300048828125,105.33000183105469,6.510000000000005,24.902000503540037,-0.4399999999999995,5,Normalization,0,0,0
2024-03-07,100.41402435302734,137.00958251953125,105.9334487915039,58.71626663208008,151.2314910888672,,20.32271957397461,65.68182373046875,13.061322212219238,83.50953674316406,501.02203369140625,79.81,84.88,1.56,14.44,29.57,5.33,4.5,4.09,2.28,120.1909,312.345,288.688,100.4575,79.4,,25.992000579833984,2158.0,105.44999694824219,5.069999999999993,24.432000579833986,-0.41000000000000014,5,Normalization,0,0,0
2024-03-08,101.35858917236328,137.47740173339844,106.17776489257812,58.4758186340332,151.95721435546875,,20.06328010559082,64.79974365234375,12.923746109008789,83.51866149902344,498.01483154296875,78.96,84.29,1.54,14.74,29.64,5.33,4.48,4.09,2.28,119.975,312.345,288.688,100.4575,79.4,,26.392000198364258,2178.60009765625,100.87999725341797,5.3300000000000125,24.85200019836426,-0.39000000000000057,5,Normalization,0,0,0
2024-03-11,101.95712280273438,139.42193603515625,108.29192352294922,59.168296813964844,153.40859985351562,,19.630882263183594,64.75232696533203,12.906549453735352,83.52778625488281,497.58660888671875,78.87,83.44,1.54,15.22,29.11,5.33,4.51,4.1,2.27,120.0394,312.345,288.688,100.4575,79.4,,24.93000030517578,2182.5,106.62999725341797,4.569999999999993,23.390000305175782,-0.41000000000000014,5,Normalization,0,0,0
2024-03-12,101.30248260498047,139.321044921875,108.0758056640625,58.802818298339844,153.3889923095703,,19.613584518432617,65.46367645263672,12.906549453735352,83.5551528930664,502.93927001953125,78.51,83.66,1.57,13.84,29.36,5.33,4.58,4.16,2.3,120.1668,312.345,288.688,100.4575,79.4,,24.774999618530273,2160.39990234375,101.36000061035156,5.1499999999999915,23.204999618530273,-0.41999999999999993,5,Normalization,0,0,0
2024-03-13,102.43408966064453,141.15554809570312,110.45306396484375,59.68765640258789,153.80087280273438,,20.18435287475586,67.6546630859375,12.983936309814453,83.5551528930664,502.1510009765625,80.67,83.95,1.25,13.75,29.52,5.33,4.61,4.19,2.3,119.9642,312.345,288.688,100.4575,79.4,,24.902999877929688,2175.39990234375,97.02999877929688,3.280000000000001,23.652999877929688,-0.41999999999999993,5,Normalization,0,0,0
2024-03-14,104.2484130859375,142.81576538085938,112.54842376708984,60.18777847290039,154.93849182128906,,21.063077926635742,68.19528198242188,12.932343482971191,83.59165954589844,501.1583251953125,82.16,86.16,1.26,14.4,31.51,5.33,4.68,4.29,2.3,120.241,312.345,288.688,100.4575,79.4,,26.048999786376953,2163.0,98.66999816894531,4.0,24.78899978637695,-0.3899999999999997,5,Normalization,0,0,0
2024-03-15,104.06135559082031,142.6781768798828,112.79271697998047,60.25510787963867,158.17474365234375,,20.78188705444336,67.68310546875,13.190302848815918,83.60990905761719,497.7170715332031,81.94,85.39,1.38,14.41,29.77,5.33,4.72,4.31,2.32,120.4003,312.345,288.688,100.4575,79.4,,27.025999069213867,2157.300048828125,97.81999969482422,3.450000000000003,25.645999069213868,-0.41000000000000014,5,Normalization,0,0,0
2024-03-18,105.0246353149414,142.54977416992188,112.99945068359375,60.78407287597656,157.56671142578125,,20.817035675048828,68.04352569580078,13.379472732543945,83.61902618408203,500.675048828125,83.68,86.47,1.54,14.33,29.81,5.33,4.73,4.34,2.31,120.5752,312.345,288.688,100.4575,79.4,,28.82200050354004,2160.699951171875,102.87000274658203,2.789999999999992,27.28200050354004,-0.39000000000000057,5,Normalization,0,0,0
2024-03-19,105.7634506225586,143.65963745117188,114.65318298339844,61.61119842529297,158.45913696289062,,20.412822723388672,68.81179809570312,13.482654571533203,83.63729095458984,503.4573669433594,84.39,87.36,1.55,13.82,29.22,5.33,4.68,4.3,2.3,120.9332,312.345,288.688,100.4575,79.4,,28.865999221801758,2156.300048828125,99.98999786376953,2.969999999999999,27.315999221801757,-0.3799999999999999,5,Normalization,0,0,0
2024-03-20,105.66992950439453,141.76092529296875,114.54984283447266,61.35152053833008,159.6065216064453,,19.89436912536621,68.4988021850586,13.465457916259766,83.64640045166016,508.1139831542969,82.79,85.77,1.58,13.04,28.82,5.33,4.59,4.27,2.31,120.9289,312.345,288.688,100.4575,79.4,,27.742000579833984,2157.89990234375,92.72000122070312,2.9799999999999898,26.162000579833986,-0.3200000000000003,5,Normalization,0,0,0
2024-03-21,106.13753509521484,142.0452880859375,116.05323791503906,61.48617172241211,156.59584045410156,,20.597354888916016,69.2860336303711,13.405268669128418,83.67378234863281,509.793212890625,81.99,84.92,1.55,12.92,27.53,5.33,4.62,4.27,2.34,120.8086,312.345,288.688,100.4575,79.4,,26.402000427246094,2182.39990234375,90.81999969482422,2.930000000000007,24.852000427246093,-0.35000000000000053,5,Normalization,0,0,0
2024-03-22,106.13753509521484,141.86183166503906,115.60220336914062,61.370758056640625,156.63504028320312,,20.24586296081543,68.76436614990234,13.379472732543945,83.68289947509766,508.82666015625,81.1,84.87,1.5,13.06,26.92,5.33,4.59,4.22,2.35,121.1842,312.345,288.688,100.4575,79.4,,27.775999069213867,2158.10009765625,91.04000091552734,3.7700000000000102,26.275999069213867,-0.3700000000000001,5,Normalization,0,0,0
2024-03-25,107.2223892211914,143.52203369140625,118.60902404785156,62.08246994018555,156.97830200195312,,20.237075805664062,68.27116394042969,13.379472732543945,83.70115661621094,507.4209289550781,82.41,86.18,1.46,13.19,27.49,5.33,4.54,4.25,2.33,121.0295,312.345,288.688,100.4575,79.4,,28.48900032043457,2174.800048828125,92.23999786376953,3.7700000000000102,27.02900032043457,-0.29000000000000004,5,Normalization,0,0,0
2024-03-26,106.41809844970703,142.42135620117188,118.38349914550781,60.89948654174805,156.65467834472656,,20.034969329833984,66.79154205322266,13.319282531738281,83.71027374267578,506.48370361328125,82.41,85.91,1.48,13.24,27.25,5.33,4.56,4.24,2.32,121.0742,312.345,288.688,100.4575,79.4,,27.131999969482422,2175.60009765625,90.62999725341797,3.5,25.65199996948242,-0.3199999999999994,5,Normalization,0,0,0
2024-03-27,107.52165222167969,143.4119873046875,119.18217468261719,61.74584197998047,158.02764892578125,,20.456758499145508,66.90536499023438,13.362276077270508,83.76502227783203,510.7402038574219,82.15,84.94,1.43,12.78,26.6,5.33,4.54,4.2,2.32,121.0089,312.345,288.688,100.4575,79.4,,27.687000274658203,2190.60009765625,86.27999877929688,2.789999999999992,26.257000274658203,-0.33999999999999986,5,Normalization,0,0,0
2024-03-28,108.70938110351562,144.68698120117188,119.59562683105469,62.505653381347656,158.16493225097656,,20.54463005065918,67.86331939697266,13.52564811706543,83.76502227783203,510.64251708984375,83.96,86.17,1.54,13.01,26.27,5.33,4.59,4.2,2.32,121.0635,312.345,288.688,100.4575,79.4,,27.34000015258789,2217.39990234375,86.37999725341797,2.210000000000008,25.80000015258789,-0.3899999999999997,5,Normalization,0,0,0
2024-04-01,109.4107894897461,145.9160614013672,120.91109466552734,63.84251403808594,156.25259399414062,,21.027929306030273,69.0014877319336,13.491253852844238,83.7879409790039,509.7540588378906,84.54,,1.64,13.65,27.65,5.33,4.72,4.33,2.35,121.5151,313.023,287.611,100.2434,77.2,,,2236.5,94.19999694824219,,,-0.3899999999999997,5,Normalization,0,0,0
2024-04-02,111.55243682861328,146.5581512451172,122.78095245361328,64.68887329101562,155.53671264648438,,20.755523681640625,68.85920715332031,13.568641662597656,83.8062744140625,506.5130615234375,85.95,87.63,1.65,14.61,29.04,5.33,4.7,4.36,2.36,121.3035,313.023,287.611,100.2434,77.2,,26.202999114990234,2261.0,96.56999969482422,1.6799999999999926,24.552999114990236,-0.33999999999999986,5,Normalization,0,0,0
2024-04-03,111.57113647460938,147.16354370117188,123.68299865722656,65.12167358398438,155.23265075683594,,21.4760799407959,69.46624755859375,13.757811546325684,83.8062744140625,507.0694580078125,86.22,90.6,1.86,14.33,29.08,5.33,4.68,4.36,2.36,121.0198,313.023,287.611,100.2434,77.2,,25.562999725341797,2294.39990234375,97.87999725341797,4.3799999999999955,23.702999725341797,-0.3199999999999994,5,Normalization,0,0,0
2024-04-04,111.96393585205078,147.3928680419922,123.7957534790039,65.04473876953125,152.03567504882812,,21.326696395874023,68.35652923583984,13.594437599182129,83.8429183959961,500.8800964355469,87.37,90.32,1.78,16.35,32.17,5.33,4.65,4.31,2.34,120.7613,313.023,287.611,100.2434,77.2,,26.20599937438965,2288.800048828125,96.12999725341797,2.9499999999999886,24.425999374389647,-0.34000000000000075,5,Normalization,0,0,0
2024-04-05,113.50704193115234,148.2275390625,125.4588851928711,66.60279846191406,153.7322235107422,,21.019142150878906,68.07198333740234,13.620232582092285,83.86125946044922,506.11273193359375,87.69,92.81,1.58,16.03,32.36,5.33,4.73,4.39,2.37,120.9646,313.023,287.611,100.2434,77.2,,26.606000900268555,2325.699951171875,94.30999755859375,5.1200000000000045,25.026000900268556,-0.34000000000000075,5,Normalization,0,0,0
2024-04-08,112.74016571044922,147.92486572265625,124.42530822753906,66.10269165039062,153.4576416015625,,20.641286849975586,67.17092895507812,13.603035926818848,83.87043762207031,506.3958435058594,87.24,91.73,1.73,15.19,30.57,5.33,4.78,4.42,2.38,120.7359,313.023,287.611,100.2434,77.2,,27.908000946044922,2331.699951171875,99.37000274658203,4.490000000000009,26.17800094604492,-0.3600000000000003,5,Normalization,0,0,0
2024-04-09,113.329345703125,148.5944366455078,124.26556396484375,65.9295654296875,154.00682067871094,,20.263437271118164,65.416259765625,13.517049789428711,83.87958526611328,506.98162841796875,86.04,92.13,1.83,14.98,28.96,5.33,4.74,4.36,2.36,120.7048,313.023,287.611,100.2434,77.2,,27.35099983215332,2343.5,98.7300033569336,6.089999999999989,25.520999832153322,-0.3799999999999999,5,Normalization,0,0,0
2024-04-10,114.28326416015625,149.20899963378906,124.80115509033203,66.30464935302734,155.0071258544922,,20.298587799072266,66.52596282958984,13.568641662597656,83.8979263305664,501.90509033203125,86.98,91.57,1.9,15.8,30.08,5.33,4.97,4.55,2.4,121.5727,313.023,287.611,100.2434,77.2,,27.100000381469727,2329.60009765625,109.58999633789062,4.589999999999989,25.200000381469728,-0.41999999999999993,5,Normalization,0,0,0
2024-04-11,113.89982604980469,148.49354553222656,124.89511108398438,66.61241149902344,155.78187561035156,,21.493654251098633,67.94868469238281,13.482654571533203,83.9254150390625,505.6930236816406,85.79,91.49,1.62,14.91,31.27,5.33,4.93,4.56,2.4,121.6081,313.023,287.611,100.2434,77.2,,29.37700080871582,2354.800048828125,108.86000061035156,5.699999999999989,27.75700080871582,-0.3700000000000001,5,Normalization,0,0,0
2024-04-12,112.57181549072266,145.80599975585938,123.2789535522461,66.37197875976562,153.7616424560547,,21.159738540649414,67.31320190429688,13.2590913772583,83.9345932006836,498.71282958984375,86.46,93.12,1.36,17.31,32.19,5.33,4.88,4.5,2.39,122.2885,313.023,287.611,100.2434,77.2,,30.73200035095215,2356.199951171875,112.81999969482422,6.660000000000011,29.37200035095215,-0.3799999999999999,5,Normalization,0,0,0
2024-04-15,111.926513671875,144.5493621826172,122.38630676269531,65.72758483886719,151.4472198486328,,21.230037689208984,66.9338150024414,13.09571647644043,83.95291900634766,492.4649353027344,86.21,90.84,1.41,19.23,35.59,5.33,4.93,4.63,2.43,122.425,313.023,287.611,100.2434,77.2,,31.14299964904785,2365.800048828125,121.1500015258789,4.63000000000001,29.73299964904785,-0.2999999999999998,5,Normalization,0,0,0
2024-04-16,111.00064849853516,143.34779357910156,121.70978546142578,64.26569366455078,151.29031372070312,,21.39699363708496,67.29422760009766,12.983936309814453,83.96207427978516,491.56671142578125,86.15,91.29,1.38,18.4,33.61,5.33,4.97,4.67,2.43,123.1234,313.023,287.611,100.2434,77.2,,33.138999938964844,2390.800048828125,119.58999633789062,5.140000000000001,31.758999938964845,-0.2999999999999998,5,Normalization,0,0,0
2024-04-17,110.94454193115234,143.4578399658203,120.58222198486328,63.45780944824219,153.78126525878906,,21.124591827392578,67.13300323486328,13.09571647644043,83.97125244140625,488.6575012207031,83.58,89.54,1.5,18.21,33.0,5.33,4.93,4.59,2.39,123.0207,313.023,287.611,100.2434,77.2,,31.288999557495117,2371.699951171875,113.29000091552734,5.960000000000008,29.788999557495117,-0.33999999999999986,5,Normalization,0,0,0
2024-04-18,110.8416748046875,144.5310516357422,120.09362030029297,63.51551055908203,157.3313446044922,,20.096479415893555,64.93252563476562,13.353677749633789,84.0170669555664,487.6520080566406,83.5,88.34,1.59,18.0,31.4,5.33,4.98,4.64,2.4,123.0017,313.023,287.611,100.2434,77.2,,32.308998107910156,2382.300048828125,108.66000366210938,4.840000000000003,30.718998107910156,-0.34000000000000075,5,Normalization,0,0,0
2024-04-19,112.11356353759766,146.75994873046875,121.5688247680664,64.08294677734375,158.84161376953125,,20.298587799072266,65.94740295410156,13.560043334960938,84.02622985839844,483.3956604003906,83.79,87.96,1.43,18.71,31.86,5.33,4.97,4.62,2.41,123.1075,313.023,287.611,100.2434,77.2,,30.757999420166016,2398.39990234375,111.26000213623047,4.1699999999999875,29.327999420166016,-0.34999999999999964,5,Normalization,0,0,0
2024-04-22,112.74951934814453,148.52105712890625,121.52184295654297,64.4388198852539,157.3607940673828,,20.114051818847656,66.24142456054688,13.611635208129883,84.04457092285156,487.8472900390625,83.82,87.3,1.64,16.94,29.7,5.33,4.97,4.62,2.41,123.0609,313.023,287.611,100.2434,77.2,,29.309999465942383,2332.199951171875,108.55999755859375,3.480000000000004,27.669999465942382,-0.34999999999999964,5,Normalization,0,0,0
2024-04-23,113.18905639648438,149.37413024902344,122.00105285644531,64.81391143798828,155.8308868408203,,20.570993423461914,67.00020599365234,13.671825408935547,84.0537338256836,493.6363220214844,84.17,88.29,1.59,15.69,28.86,5.33,4.86,4.61,2.41,122.7227,313.023,287.611,100.2434,77.2,,28.41699981689453,2327.699951171875,106.8499984741211,4.1200000000000045,26.82699981689453,-0.25,5,Normalization,0,0,0
2024-04-24,113.207763671875,150.03456115722656,121.4748764038086,64.7562026977539,154.3794708251953,,19.964670181274414,67.18988800048828,13.64603042602539,84.0537338256836,493.4020690917969,84.09,89.02,1.6,15.97,29.04,5.33,4.89,4.65,2.41,122.89,313.023,287.611,100.2434,77.2,,29.01799964904785,2324.5,110.20999908447266,4.929999999999993,27.41799964904785,-0.23999999999999932,5,Normalization,0,0,0
2024-04-25,113.4696273803711,151.60302734375,122.2547607421875,65.28517150878906,156.2820281982422,,20.597354888916016,68.10991668701172,13.706220626831055,84.09957122802734,491.5277099609375,84.92,88.1,1.46,15.37,28.34,5.33,4.96,4.7,2.42,122.8384,313.023,287.611,100.2434,77.2,,29.770999908447266,2329.800048828125,108.55000305175781,3.1799999999999926,28.310999908447265,-0.2599999999999998,5,Normalization,0,0,0
2024-04-26,110.31794738769531,152.1625518798828,122.3769302368164,65.18900299072266,156.06625366210938,,20.9136962890625,69.02045440673828,13.723417282104492,84.09957122802734,496.1844177246094,85.38,89.95,1.4,15.03,27.81,5.33,4.96,4.67,2.43,122.9471,313.023,287.611,100.2434,77.2,,28.88599967956543,2334.800048828125,104.4000015258789,4.570000000000007,27.48599967956543,-0.29000000000000004,5,Normalization,0,0,0
2024-04-29,111.88910675048828,152.56614685058594,122.35812377929688,65.62178802490234,158.57679748535156,,20.825822830200195,68.52725219726562,13.740614891052246,84.11788940429688,497.94158935546875,84.26,88.44,1.55,14.67,27.84,5.33,4.97,4.63,2.41,122.5449,313.023,287.611,100.2434,77.2,,27.993999481201172,2345.39990234375,105.41999816894531,4.179999999999993,26.44399948120117,-0.33999999999999986,5,Normalization,0,0,0
2024-04-30,110.60784912109375,147.92486572265625,118.03583526611328,63.6116828918457,154.77175903320312,,20.641286849975586,66.73463439941406,13.52564811706543,84.12706756591797,490.0536193847656,83.49,88.23,1.68,15.65,27.87,5.33,5.04,4.69,2.41,122.9853,313.023,287.611,100.2434,77.2,,29.118000030517578,2291.39990234375,107.45999908447266,4.740000000000009,27.43800003051758,-0.34999999999999964,5,Normalization,0,0,0
2024-05-01,108.51297760009766,146.4205780029297,116.83312225341797,61.98628616333008,153.9970245361328,,20.553417205810547,65.73872375488281,13.310683250427246,84.14361572265625,488.4623107910156,80.7,83.55,1.63,15.39,28.7,5.33,4.96,4.63,2.38,123.0168,313.175,284.165,100.863,69.1,,28.729999542236328,2299.89990234375,100.63999938964844,2.8499999999999943,27.09999954223633,-0.33000000000000007,5,Normalization,0,0,0
2024-05-02,108.70938110351562,147.42953491210938,114.86930847167969,62.188270568847656,157.52748107910156,,21.590312957763672,67.81590270996094,13.568641662597656,84.18965148925781,493.0311279296875,80.59,84.81,1.66,14.68,27.65,5.33,4.87,4.58,2.37,122.4384,313.175,284.165,100.863,69.1,,30.913000106811523,2299.199951171875,100.69999694824219,4.219999999999999,29.253000106811523,-0.29000000000000004,5,Normalization,0,0,0
2024-05-03,108.48492431640625,146.9892578125,114.85051727294922,61.9285888671875,154.49716186523438,,21.73969841003418,68.6695327758789,13.663227081298828,84.19883728027344,499.14239501953125,79.65,83.6,1.67,13.49,28.09,5.33,4.81,4.5,2.35,122.1375,313.175,284.165,100.863,69.1,,30.527999877929688,2299.0,95.95999908447266,3.9499999999999886,28.857999877929686,-0.3099999999999996,5,Normalization,0,0,0
2024-05-06,109.18633270263672,148.86962890625,116.09081268310547,62.53449630737305,153.79107666015625,,21.643035888671875,68.29013061523438,13.809403419494629,84.19883728027344,504.2969665527344,80.1,,1.88,13.49,28.58,5.33,4.82,4.49,2.35,121.8913,313.175,284.165,100.863,69.1,,31.801000595092773,2321.60009765625,94.5,,29.921000595092774,-0.33000000000000007,5,Normalization,0,0,0
2024-05-07,108.6439208984375,149.20899963378906,116.08140563964844,62.58258819580078,153.29090881347656,,21.853933334350586,68.95407104492188,13.869593620300293,84.20804595947266,504.8534851074219,79.97,82.69,1.95,13.23,27.83,5.33,4.82,4.47,2.32,122.093,313.175,284.165,100.863,69.1,,31.066999435424805,2315.199951171875,98.04000091552734,2.719999999999999,29.116999435424805,-0.35000000000000053,5,Normalization,0,0,0
2024-05-08,108.62520599365234,149.0897674560547,115.63038635253906,61.245731353759766,154.09512329101562,,22.231786727905273,71.54339599609375,13.972777366638184,84.2264633178711,504.9021911621094,80.57,82.44,2.01,13.0,27.91,5.33,4.84,4.48,2.31,122.1926,313.175,284.165,100.863,69.1,,30.608999252319336,2313.60009765625,95.58000183105469,1.8700000000000045,28.598999252319338,-0.35999999999999943,5,Normalization,0,0,0
2024-05-09,110.76686096191406,151.75894165039062,115.94046783447266,61.7843132019043,155.16207885742188,,22.609636306762695,72.7953872680664,13.95557975769043,84.27246856689453,507.8113708496094,80.86,83.27,2.03,12.69,27.95,5.33,4.8,4.45,2.32,122.1634,313.175,284.165,100.863,69.1,,30.864999771118164,2332.10009765625,93.8499984741211,2.4099999999999966,28.834999771118163,-0.34999999999999964,5,Normalization,0,0,0
2024-05-10,110.31794738769531,152.0983428955078,115.278564453125,61.13992691040039,154.46388244628906,,23.013853073120117,73.81025695800781,13.980137825012207,84.27246856689453,508.4654846191406,79.81,83.39,2.14,12.55,27.88,5.33,4.87,4.5,2.34,122.014,313.175,284.165,100.863,69.1,,30.02899932861328,2367.300048828125,94.2300033569336,3.5799999999999983,27.88899932861328,-0.3700000000000001,5,Normalization,0,0,0
2024-05-13,110.27119445800781,150.91506958007812,114.9759521484375,60.505157470703125,152.1725311279297,,23.347766876220703,75.14759826660156,13.87489128112793,84.2908935546875,508.53387451171875,80.71,83.18,2.11,13.6,28.04,5.33,4.85,4.48,2.33,122.0261,313.175,284.165,100.863,69.1,,29.577999114990234,2336.10009765625,105.3499984741211,2.470000000000013,27.467999114990235,-0.3699999999999992,5,Normalization,0,0,0
2024-05-14,110.94058227539062,150.0712127685547,114.45588684082031,60.64942932128906,154.80804443359375,,23.514726638793945,75.47008514404297,13.918745040893555,84.30009460449219,510.8670959472656,79.62,81.0,2.14,13.42,28.01,5.33,4.81,4.45,2.33,121.9256,313.175,284.165,100.863,69.1,,29.66900062561035,2353.39990234375,106.55000305175781,1.3799999999999955,27.52900062561035,-0.35999999999999943,5,Normalization,0,0,0
2024-05-15,111.79853820800781,149.55755615234375,114.13436889648438,60.957191467285156,153.5296173095703,,23.839853286743164,75.5933837890625,13.936286926269531,84.3093032836914,517.193115234375,80.23,79.98,2.12,12.45,28.07,5.33,4.73,4.36,2.31,121.3543,313.175,284.165,100.863,69.1,,29.733999252319336,2388.699951171875,93.77999877929688,-0.25,27.613999252319335,-0.3700000000000001,5,Normalization,0,0,0
2024-05-16,111.129150390625,149.25181579589844,113.31169891357422,60.457069396972656,155.3194122314453,,24.006811141967773,76.87382507324219,13.883662223815918,84.34610748291016,516.1290283203125,80.85,81.65,2.32,12.42,27.08,5.33,4.78,4.38,2.31,121.2236,313.175,284.165,100.863,69.1,,30.24799919128418,2380.0,91.83000183105469,0.8000000000000114,27.92799919128418,-0.40000000000000036,5,Normalization,0,0,0
2024-05-17,112.79792785644531,150.7156982421875,115.08943176269531,60.98604965209961,157.50262451171875,,24.147409439086914,77.48085021972656,13.997678756713867,84.3553237915039,516.870849609375,81.66,82.24,2.44,11.99,28.06,5.33,4.83,4.42,2.32,121.2354,313.175,284.165,100.863,69.1,,30.768999099731445,2412.199951171875,89.3499984741211,0.5799999999999983,28.328999099731444,-0.41000000000000014,5,Normalization,0,0,0
2024-05-20,111.8833999633789,149.2981414794922,114.31403350830078,61.13992691040039,157.1485595703125,,24.692218780517578,78.13530731201172,14.146775245666504,84.37372589111328,517.4664306640625,81.39,81.91,2.52,12.15,27.89,5.33,4.82,4.44,2.33,121.2289,313.175,284.165,100.863,69.1,,31.76799964904785,2433.89990234375,88.12999725341797,0.519999999999996,29.247999649047852,-0.3799999999999999,5,Normalization,0,0,0
2024-05-21,111.11029815673828,148.214111328125,113.86015319824219,60.928340911865234,157.19773864746094,,25.403989791870117,78.70437622070312,13.971367835998535,84.38292694091797,518.735595703125,80.66,81.22,2.52,11.86,27.38,5.33,4.82,4.41,2.32,121.3793,313.175,284.165,100.863,69.1,,33.00400161743164,2421.699951171875,85.33999633789062,0.5600000000000023,30.48400161743164,-0.41000000000000014,5,Normalization,0,0,0
2024-05-22,108.87583923339844,145.99050903320312,111.76090240478516,60.26471710205078,156.253662109375,,24.604347229003906,77.139404296875,13.795957565307617,84.40132904052734,517.2420043945312,79.15,79.9,2.51,12.29,27.71,5.33,4.86,4.43,2.33,121.5462,313.175,284.165,100.863,69.1,,34.388999938964844,2389.199951171875,82.48999786376953,0.75,31.878999938964846,-0.4300000000000006,5,Normalization,0,0,0
2024-05-23,107.01847839355469,145.4067840576172,111.25028991699219,59.59147644042969,154.50320434570312,,24.569198608398438,76.7220687866211,13.515303611755371,84.45658111572266,513.4638671875,77.47,79.25,2.64,12.77,28.66,5.33,4.91,4.47,2.3,121.7477,313.175,284.165,100.863,69.1,,35.22800064086914,2335.0,86.1500015258789,1.7800000000000011,32.58800064086914,-0.4400000000000004,5,Normalization,0,0,0
2024-05-24,106.93363189697266,146.1572723388672,110.87203216552734,59.58186340332031,154.37535095214844,,25.087644577026367,77.19629669189453,13.541613578796387,84.46576690673828,516.8612060546875,78.48,78.92,2.22,11.93,27.56,5.33,4.93,4.46,2.32,121.6172,313.175,284.165,100.863,69.1,,34.1150016784668,2332.5,83.56999969482422,0.4399999999999977,31.895001678466798,-0.46999999999999975,5,Normalization,0,0,0
2024-05-28,108.29129028320312,147.35244750976562,112.48902130126953,59.83191680908203,153.588623046875,,25.667606353759766,76.99713134765625,13.585466384887695,84.45658111572266,517.2224731445312,80.9,81.34,2.29,12.92,27.53,5.33,4.94,4.54,2.34,121.43,313.175,284.165,100.863,69.1,,33.534000396728516,2355.199951171875,89.66999816894531,0.4399999999999977,31.244000396728516,-0.40000000000000036,5,Normalization,0,0,0
2024-05-29,107.1316146850586,145.36972045898438,108.9808349609375,58.7835807800293,151.3169403076172,,25.237030029296875,76.4185562133789,13.532844543457031,84.47496795654297,513.6005249023438,80.24,81.5,2.2,14.28,26.77,5.33,4.96,4.61,2.36,122.1641,313.175,284.165,100.863,69.1,,33.87900161743164,2340.300048828125,93.44999694824219,1.2600000000000051,31.67900161743164,-0.34999999999999964,5,Normalization,0,0,0
2024-05-30,107.47103881835938,146.62979125976562,107.40167999267578,58.870147705078125,152.8904266357422,,24.569198608398438,77.90766906738281,13.629319190979004,84.49337005615234,510.1934509277344,78.96,81.42,1.87,14.47,29.24,5.33,4.92,4.55,2.36,121.9601,313.175,284.165,100.863,69.1,,35.19200134277344,2342.89990234375,91.08999633789062,2.460000000000008,33.32200134277344,-0.3700000000000001,5,Normalization,0,0,0
2024-05-31,110.55403900146484,150.37289428710938,110.14392852783203,60.11083221435547,155.1719207763672,,24.885540008544922,77.84127044677734,13.743334770202637,84.51178741455078,514.8402709960938,77.97,79.41,1.78,12.92,30.34,5.33,4.89,4.51,2.35,122.098,313.175,284.165,100.863,69.1,,34.222999572753906,2322.89990234375,91.13999938964844,1.4399999999999977,32.442999572753905,-0.3799999999999999,5,Normalization,0,0,0
2024-06-03,107.90472412109375,145.8885498046875,107.6759033203125,58.25461196899414,157.94512939453125,,24.560409545898438,76.36164093017578,13.488990783691406,84.52566528320312,515.2601928710938,75.26,76.45,2.55,13.11,30.84,5.33,4.82,4.41,2.33,122.3509,313.175,284.165,100.863,69.1,,36.013999938964844,2346.60009765625,93.91999816894531,1.1899999999999977,33.46399993896485,-0.41000000000000014,5,Normalization,0,0,0
2024-06-04,106.22652435302734,144.65631103515625,106.16293334960938,57.60060119628906,158.2008056640625,,23.62017250061035,75.64080810546875,13.480220794677734,84.54413604736328,515.8360595703125,74.27,75.33,2.58,13.16,30.59,5.33,4.77,4.33,2.31,122.7256,313.175,284.165,100.863,69.1,,33.797000885009766,2325.5,100.11000061035156,1.0600000000000023,31.217000885009767,-0.4399999999999995,5,Normalization,0,0,0
2024-06-05,106.65081024169922,143.5908203125,106.12510681152344,57.55251693725586,157.34524536132812,,24.121047973632812,76.82640838623047,13.488990783691406,84.55338287353516,521.9669189453125,75.08,75.41,2.27,12.63,29.18,5.33,4.72,4.29,2.3,122.5339,313.175,284.165,100.863,69.1,,33.35499954223633,2354.10009765625,102.43000030517578,0.3299999999999983,31.08499954223633,-0.4299999999999997,5,Normalization,0,0,0
2024-06-06,107.45218658447266,144.4709930419922,106.09674072265625,57.78334426879883,157.9254608154297,,23.57623863220215,76.23834228515625,13.550383567810059,84.56261444091797,521.95703125,76.52,77.62,2.3,12.58,27.71,5.33,4.72,4.28,2.28,122.3713,313.175,284.165,100.863,69.1,,33.68600082397461,2370.300048828125,100.98999786376953,1.1000000000000085,31.38600082397461,-0.4399999999999995,5,Normalization,0,0,0
2024-06-07,106.30196380615234,144.61001586914062,105.90762329101562,57.206275939941406,156.9420623779297,,23.066579818725586,76.22886657714844,13.576695442199707,84.599609375,521.3225708007812,76.53,78.12,2.46,12.22,26.42,5.33,4.87,4.43,2.3,123.549,313.175,284.165,100.863,69.1,,33.10900115966797,2305.199951171875,91.81999969482422,1.5900000000000034,30.649001159667968,-0.4400000000000004,5,Normalization,0,0,0
2024-06-10,106.61308288574219,145.2215118408203,107.13690948486328,58.38399887084961,155.3489227294922,,23.49715232849121,76.92124938964844,13.769646644592285,84.61811065673828,522.933349609375,78.75,79.59,2.61,12.74,25.69,5.33,4.87,4.47,2.31,123.9125,313.175,284.165,100.863,69.1,,34.257999420166016,2307.699951171875,94.16000366210938,0.8400000000000034,31.647999420166016,-0.40000000000000036,5,Normalization,0,0,0
2024-06-11,105.75511932373047,144.9898681640625,107.44895935058594,58.509490966796875,154.75888061523438,,22.77659797668457,74.01891326904297,13.655630111694336,84.62732696533203,524.1926879882812,78.88,80.15,2.71,12.85,25.54,5.33,4.81,4.39,2.27,124.0349,313.175,284.165,100.863,69.1,,34.28499984741211,2307.5,97.2699966430664,1.2700000000000102,31.57499984741211,-0.41999999999999993,5,Normalization,0,0,0
2024-06-12,104.58602905273438,142.88668823242188,106.08728790283203,58.210235595703125,155.83082580566406,,23.25989532470703,75.98226165771484,13.576695442199707,84.64582824707031,528.498046875,79.56,80.52,2.8,12.04,24.8,5.33,4.75,4.31,2.22,123.8295,313.175,284.165,100.863,69.1,,35.29399871826172,2336.0,91.7300033569336,0.9599999999999937,32.49399871826172,-0.4400000000000004,5,Normalization,0,0,0
2024-06-13,103.74694061279297,141.6080780029297,104.85799407958984,57.72756576538086,156.5782012939453,,22.635997772216797,74.41727447509766,13.418827056884766,84.65508270263672,529.5619506835938,79.61,81.44,2.79,11.94,24.45,5.33,4.68,4.24,2.21,124.0235,313.175,284.165,100.863,69.1,,35.7239990234375,2300.199951171875,91.93000030517578,1.8299999999999983,32.9339990234375,-0.4399999999999995,5,Normalization,0,0,0
2024-06-14,102.8701171875,141.35794067382812,103.43959045410156,57.766178131103516,153.29360961914062,,21.64556121826172,71.85281372070312,13.296040534973145,84.70130920410156,529.8842163085938,79.41,81.49,2.74,12.66,24.71,5.33,4.67,4.2,2.17,124.1694,313.175,284.165,100.863,69.1,,35.36000061035156,2331.39990234375,100.16000366210938,2.0799999999999983,32.62000061035156,-0.46999999999999975,5,Normalization,0,0,0
2024-06-17,102.16301727294922,141.932373046875,103.58143615722656,58.113704681396484,152.5167236328125,,21.56452751159668,74.75094604492188,13.436367988586426,84.71054077148438,534.1016235351562,81.33,82.45,2.5,12.75,24.17,5.33,4.75,4.28,2.22,124.239,313.175,284.165,100.863,69.1,,34.209999084472656,2312.39990234375,99.06999969482422,1.1200000000000045,31.709999084472656,-0.46999999999999975,5,Normalization,0,0,0
2024-06-18,103.12467956542969,142.0620880126953,103.45851135253906,59.136962890625,158.4368438720703,,22.221817016601562,76.98175048828125,13.576695442199707,84.72905731201172,535.4585571289062,82.67,84.79,2.43,12.3,23.73,5.33,4.69,4.22,2.21,123.9776,313.175,284.165,100.863,69.1,,34.70000076293945,2330.39990234375,97.98999786376953,2.1200000000000045,32.27000076293945,-0.47000000000000064,5,Normalization,0,0,0
2024-06-20,105.3497085571289,145.1288299560547,105.2740707397461,60.27606964111328,161.21002197265625,,22.816078186035156,76.75294494628906,13.769646644592285,84.7475357055664,534.00390625,83.34,85.92,2.39,13.28,24.23,5.33,4.7,4.25,2.25,124.192,313.175,284.165,100.863,69.1,,34.4640007019043,2353.800048828125,94.13999938964844,2.5799999999999983,32.074000701904296,-0.4500000000000002,5,Normalization,0,0,0
2024-06-21,104.42576599121094,143.8687744140625,105.28350830078125,58.808746337890625,162.18360900878906,,23.1312198638916,78.26873779296875,13.787186622619629,84.77525329589844,533.2880249023438,81.71,86.42,2.44,13.2,24.74,5.33,4.7,4.25,2.23,124.1086,313.175,284.165,100.863,69.1,,33.93600082397461,2316.39990234375,94.08999633789062,4.710000000000008,31.496000823974608,-0.4500000000000002,5,Normalization,0,0,0
2024-06-24,107.5276107788086,147.60260009765625,108.90516662597656,61.0579948425293,163.20635986328125,,23.44635772705078,78.707275390625,13.953825950622559,84.79376220703125,531.5545043945312,82.63,86.75,2.58,13.33,25.42,5.33,4.71,4.25,2.22,123.7125,313.175,284.165,100.863,69.1,,34.08000183105469,2330.0,95.19999694824219,4.1200000000000045,31.50000183105469,-0.45999999999999996,5,Normalization,0,0,0
2024-06-25,107.82930755615234,146.81509399414062,108.73497772216797,60.9131965637207,166.96298217773438,,23.1312198638916,79.14581298828125,14.032760620117188,84.79376220703125,533.6014404296875,81.97,86.81,2.61,12.84,25.75,5.33,4.65,4.23,2.22,123.9417,313.175,284.165,100.863,69.1,,34.85300064086914,2316.60009765625,96.97000122070312,4.840000000000003,32.24300064086914,-0.41999999999999993,5,Normalization,0,0,0
2024-06-26,107.86701965332031,144.48951721191406,107.4300308227539,60.691165924072266,168.23158264160156,,23.500383377075195,79.53668212890625,13.962596893310547,84.80298614501953,534.2673950195312,82.19,85.76,2.45,12.55,26.24,5.33,4.71,4.32,2.26,124.26,313.175,284.165,100.863,69.1,,33.82400131225586,2299.199951171875,97.91000366210938,3.5700000000000074,31.37400131225586,-0.3899999999999997,5,Normalization,0,0,0
2024-06-27,108.32901000976562,144.8323516845703,107.77045440673828,60.51740646362305,169.34283447265625,,23.6534481048584,79.63201904296875,14.059073448181152,84.82148742675781,535.1096801757812,83.04,87.0,2.55,12.24,26.28,5.33,4.7,4.29,2.26,124.3379,313.175,284.165,100.863,69.1,,34.564998626708984,2324.5,95.69000244140625,3.9599999999999937,32.01499862670899,-0.41000000000000014,5,Normalization,0,0,0
2024-06-28,108.53642272949219,144.9250030517578,108.15815734863281,60.84562301635742,171.92918395996094,,23.194244384765625,77.49655151367188,14.22571086883545,84.8492202758789,533.0039672851562,82.83,87.26,2.42,12.44,26.54,5.33,4.71,4.36,2.28,124.2103,313.175,284.165,100.863,69.1,,34.47999954223633,2327.699951171875,98.58999633789062,4.430000000000007,32.059999542236326,-0.34999999999999964,5,Normalization,0,0,0
2024-07-01,108.38556671142578,145.0176544189453,108.13925170898438,60.70082473754883,170.20822143554688,,22.473926544189453,75.66614532470703,14.348498344421387,84.87892150878906,534.100830078125,84.7,86.57,2.21,12.22,27.29,5.33,4.77,4.48,2.32,124.4667,313.569,278.287,99.9757,66.4,,33.48500061035156,2327.60009765625,106.2300033569336,1.8699999999999903,31.27500061035156,-0.28999999999999915,5,Normalization,0,0,0
2024-07-02,107.65017700195312,145.2307586669922,107.91230010986328,60.19884490966797,171.55551147460938,,22.789064407348633,76.92454528808594,14.383580207824707,84.88822937011719,537.6952514648438,84.09,88.28,2.06,12.03,25.82,5.33,4.74,4.43,2.3,124.2917,313.569,278.287,99.9757,66.4,,33.685001373291016,2323.0,107.51000213623047,4.189999999999998,31.625001373291017,-0.3100000000000005,5,Normalization,0,0,0
2024-07-03,108.19700622558594,145.19369506835938,108.52693176269531,60.16023635864258,171.1818084716797,,22.690021514892578,77.77301025390625,14.322187423706055,84.91607666015625,540.0948486328125,85.19,88.25,2.02,12.09,24.62,5.33,4.71,4.36,2.27,123.7768,313.569,278.287,99.9757,66.4,,32.691001892089844,2359.800048828125,102.83000183105469,3.0600000000000023,30.671001892089844,-0.34999999999999964,5,Normalization,0,0,0
2024-07-05,106.8864974975586,142.97007751464844,106.42770385742188,59.648597717285156,171.28994750976562,,21.933691024780273,76.1618881225586,14.190629005432129,84.94391632080078,543.2092895507812,84.44,88.66,2.02,12.48,23.78,5.33,4.6,4.28,2.28,123.4762,313.569,278.287,99.9757,66.4,,33.06700134277344,2388.5,98.77999877929688,4.219999999999999,31.047001342773438,-0.3199999999999994,5,Normalization,0,0,0
2024-07-08,105.76455688476562,142.98858642578125,106.12510681152344,58.83771514892578,172.48971557617188,,21.429466247558594,74.44586944580078,14.111695289611816,84.96249389648438,543.8361206054688,83.63,87.15,2.1,12.37,23.81,5.33,4.62,4.28,2.27,123.3576,313.569,278.287,99.9757,66.4,,32.2859992980957,2355.199951171875,97.95999908447266,3.5200000000000102,30.1859992980957,-0.33999999999999986,5,Normalization,0,0,0
2024-07-09,104.59546661376953,141.73779296875,105.14168548583984,58.9052848815918,173.06008911132812,,21.159347534179688,74.70327758789062,14.138007164001465,84.96249389648438,544.3649291992188,82.78,86.48,2.42,12.51,24.19,5.33,4.62,4.3,2.26,123.4071,313.569,278.287,99.9757,66.4,,31.334999084472656,2360.10009765625,95.62000274658203,3.700000000000003,28.914999084472655,-0.3200000000000003,5,Normalization,0,0,0
2024-07-10,105.51942443847656,143.7298126220703,106.40878295898438,59.28176498413086,172.0177001953125,,21.015283584594727,74.6746826171875,14.278335571289062,84.98107147216797,549.7515869140625,83.39,86.55,2.4,12.85,24.01,5.33,4.62,4.28,2.27,123.1895,313.569,278.287,99.9757,66.4,,30.784000396728516,2372.199951171875,92.97000122070312,3.1599999999999966,28.384000396728517,-0.33999999999999986,5,Normalization,0,0,0
2024-07-11,106.77335357666016,143.85023498535156,107.78936767578125,59.349334716796875,173.48297119140625,,21.03329086303711,74.58887481689453,14.304645538330078,84.99032592773438,545.0112915039062,83.92,86.49,2.23,12.92,24.01,5.33,4.5,4.2,2.25,122.769,313.569,278.287,99.9757,66.4,,31.11199951171875,2415.0,89.66999816894531,2.569999999999993,28.88199951171875,-0.2999999999999998,5,Normalization,0,0,0
2024-07-12,106.79220581054688,144.15597534179688,106.98561096191406,59.079044342041016,174.6138916015625,,21.195363998413086,72.84427642822266,14.252022743225098,85.02749633789062,548.4490356445312,83.49,87.35,2.17,12.46,24.12,5.33,4.45,4.18,2.24,122.4404,313.569,278.287,99.9757,66.4,,31.7189998626709,2414.0,86.79000091552734,3.8599999999999994,29.548999862670897,-0.27000000000000046,5,Normalization,0,0,0
2024-07-15,108.62126922607422,146.4259490966797,108.33782196044922,59.851322174072266,174.71224975585938,,21.23137664794922,73.34000396728516,14.374810218811035,85.04605102539062,549.9572143554688,83.22,86.42,2.12,13.12,23.83,5.33,4.44,4.23,2.27,122.6347,313.569,278.287,99.9757,66.4,,31.371000289916992,2422.89990234375,94.5,3.200000000000003,29.25100028991699,-0.20999999999999996,5,Normalization,0,0,0
2024-07-16,109.40380096435547,146.17578125,108.9240951538086,59.96715545654297,175.71530151367188,,21.429466247558594,73.97874450683594,14.348498344421387,85.04605102539062,553.2185668945312,81.92,86.6,2.1,13.19,24.41,5.33,4.43,4.17,2.26,122.7264,313.569,278.287,99.9757,66.4,,32.797000885009766,2462.39990234375,93.87000274658203,4.679999999999993,30.697000885009764,-0.2599999999999998,5,Normalization,0,0,0
2024-07-17,110.91230010986328,149.3815155029297,109.76567840576172,60.961463928222656,178.557373046875,,21.078311920166016,72.25320434570312,14.129236221313477,85.07389831542969,545.4617919921875,84.16,85.76,1.98,14.48,25.28,5.33,4.42,4.16,2.26,122.518,313.569,278.287,99.9757,66.4,,31.89299964904785,2454.800048828125,91.0,1.6000000000000085,29.91299964904785,-0.2599999999999998,5,Normalization,0,0,0
2024-07-18,112.00596618652344,150.06715393066406,110.26686096191406,61.5213623046875,179.0097198486328,,21.23137664794922,71.07108306884766,14.339727401733398,85.08317565917969,541.27001953125,84.17,86.26,2.0,15.93,25.68,5.33,4.46,4.2,2.31,122.7909,313.569,278.287,99.9757,66.4,,32.67399978637695,2451.800048828125,91.97000122070312,2.0900000000000034,30.673999786376953,-0.2599999999999998,5,Normalization,0,0,0
2024-07-19,109.43209075927734,147.45437622070312,108.12979125976562,60.942161560058594,178.91139221191406,,21.573530197143555,71.83374786376953,14.418662071228027,85.11104583740234,537.6756591796875,81.43,85.19,1.88,16.52,26.83,5.33,4.49,4.25,2.32,123.147,313.569,278.287,99.9757,66.4,,32.16999816894531,2395.5,94.29000091552734,3.759999999999991,30.289998168945313,-0.2400000000000002,5,Normalization,0,0,0
2024-07-22,108.67784118652344,145.45310974121094,106.21022033691406,59.08869552612305,177.89846801757812,,23.00516128540039,73.9692153930664,14.366039276123047,85.12963104248047,543.2191162109375,81.25,83.44,2.19,14.91,26.83,5.33,4.5,4.26,2.3,123.2172,313.569,278.287,99.9757,66.4,,31.839000701904297,2392.0,94.44999694824219,2.1899999999999977,29.649000701904296,-0.2400000000000002,5,Normalization,0,0,0
2024-07-23,106.92420959472656,142.76622009277344,104.80125427246094,58.31642532348633,173.94517517089844,,22.735044479370117,72.98727416992188,14.383580207824707,85.12963104248047,542.366943359375,78.24,82.2,2.13,14.72,26.74,5.33,4.4,4.25,2.29,123.3843,313.569,278.287,99.9757,66.4,,31.621999740600586,2404.60009765625,95.04000091552734,3.960000000000008,29.491999740600587,-0.15000000000000036,5,Normalization,0,0,0
2024-07-24,108.43270874023438,143.67422485351562,105.05657958984375,57.98820114135742,172.00787353515625,,22.0777530670166,71.48101043701172,14.190629005432129,85.15747833251953,530.0756225585938,78.78,83.01,2.0,18.04,26.85,5.33,4.37,4.28,2.28,123.5575,313.569,278.287,99.9757,66.4,,32.62099838256836,2413.300048828125,94.80999755859375,4.230000000000004,30.62099838256836,-0.08999999999999986,5,Normalization,0,0,0
2024-07-25,110.71431732177734,145.9626922607422,104.9903793334961,58.43226623535156,173.42398071289062,,21.4744873046875,70.03193664550781,14.146775245666504,85.15747833251953,527.313720703125,79.43,82.58,2.0,18.46,26.49,5.33,4.41,4.27,2.28,123.5286,313.569,278.287,99.9757,66.4,,31.77899932861328,2351.89990234375,99.08000183105469,3.1499999999999915,29.77899932861328,-0.14000000000000057,5,Normalization,0,0,0
2024-07-26,110.62004089355469,146.24063110351562,104.82963562011719,58.44192123413086,173.78782653808594,,21.240381240844727,69.2978744506836,14.269562721252441,85.20388793945312,533.219482421875,78.58,81.35,1.98,16.39,29.77,5.33,4.36,4.2,2.27,123.672,313.569,278.287,99.9757,66.4,,32.474998474121094,2380.0,97.76000213623047,2.769999999999996,30.494998474121093,-0.16000000000000014,5,Normalization,0,0,0
2024-07-29,109.46036529541016,145.09178161621094,103.18428039550781,58.09439468383789,174.7318878173828,,21.600542068481445,71.00433349609375,14.050300598144531,85.20388793945312,533.5328979492188,77.27,80.94,1.9,16.6,30.82,5.33,4.36,4.17,2.25,124.1392,313.569,278.287,99.9757,66.4,,33.87300109863281,2377.300048828125,98.6500015258789,3.6700000000000017,31.973001098632814,-0.1900000000000004,5,Normalization,0,0,0
2024-07-30,111.4119873046875,147.84352111816406,103.93130493164062,58.1812744140625,178.86219787597656,,21.771617889404297,73.2828140258789,14.216940879821777,85.21317291259766,530.8297729492188,76.17,79.26,1.81,17.69,31.49,5.33,4.35,4.15,2.25,124.2855,313.569,278.287,99.9757,66.4,,34.361000061035156,2405.0,100.41999816894531,3.0900000000000034,32.551000061035154,-0.1999999999999993,5,Normalization,0,0,0
2024-07-31,111.80797576904297,148.67739868164062,105.15113067626953,58.712215423583984,179.60960388183594,,22.158788681030273,73.1016845703125,14.269562721252441,85.23175048828125,539.4581909179688,79.36,81.39,1.94,16.36,33.69,5.33,4.29,4.09,2.24,123.6373,313.569,278.287,99.9757,66.4,,35.86800003051758,2426.5,99.41000366210938,2.030000000000001,33.92800003051758,-0.20000000000000018,5,Normalization,0,0,0
2024-08-01,110.26176452636719,141.40426635742188,102.49398803710938,57.32211685180664,176.7773895263672,,21.780620574951172,72.92053985595703,14.199400901794434,85.25226593017578,531.8189086914062,77.74,81.37,1.95,18.59,33.42,5.33,4.16,3.99,2.2,123.8693,314.062,275.706,100.4309,67.9,,36.96900177001953,2435.0,101.81999969482422,3.6300000000000097,35.01900177001953,-0.16999999999999993,5,Normalization,0,0,0
2024-08-02,110.19576263427734,137.63336181640625,100.01651000976562,55.671382904052734,173.6206512451172,,20.979267120361328,70.68020629882812,13.988906860351562,85.29888153076172,521.9172973632812,74.99,78.35,1.89,23.39,38.83,5.33,3.88,3.8,2.04,123.4681,314.062,275.706,100.4309,67.9,,36.64899826049805,2425.699951171875,112.26000213623047,3.3599999999999994,34.758998260498046,-0.08000000000000007,5,Normalization,0,0,0
2024-08-05,108.20642852783203,134.0292205810547,98.88178253173828,54.23301315307617,169.38217163085938,,19.96181869506836,68.44940948486328,13.532844543457031,85.29888153076172,506.7171630859375,74.46,77.51,1.83,38.57,43.63,5.33,3.89,3.78,2.07,123.5787,314.062,275.706,100.4309,67.9,,35.49800109863281,2401.699951171875,121.22000122070312,3.0500000000000114,33.668001098632814,-0.11000000000000032,5,Normalization,0,1,0
2024-08-06,107.63130950927734,132.7042999267578,100.04487609863281,54.18475341796875,173.54197692871094,,20.529067993164062,70.71833801269531,14.023990631103516,85.3175277709961,511.38885498046875,74.6,76.62,1.83,27.71,40.42,5.33,3.99,3.9,2.12,123.6532,314.062,275.706,100.4309,67.9,,36.67599868774414,2389.10009765625,119.23999786376953,2.0200000000000102,34.84599868774414,-0.0900000000000003,5,Normalization,0,0,0
2024-08-07,109.06439208984375,131.944580078125,101.1134033203125,54.16544723510742,174.71224975585938,,20.493053436279297,70.21307373046875,13.699482917785645,85.33619689941406,507.9707946777344,76.68,78.26,1.96,27.85,38.01,5.33,4.0,3.96,2.11,123.5698,314.062,275.706,100.4309,67.9,,38.45100021362305,2390.5,112.69000244140625,1.5799999999999983,36.491000213623046,-0.040000000000000036,5,Normalization,0,0,0
2024-08-08,111.14800262451172,133.87171936035156,102.3805160522461,56.50157928466797,177.3084259033203,,20.808191299438477,70.49906158447266,14.252022743225098,85.34551239013672,519.7137451171875,77.64,80.76,1.85,23.79,34.77,5.33,4.04,3.99,2.12,123.4466,314.062,275.706,100.4309,67.9,,40.095001220703125,2422.199951171875,110.41999816894531,3.1200000000000045,38.245001220703124,-0.04999999999999982,5,Normalization,0,0,0
2024-08-09,112.05309295654297,134.33497619628906,102.70201873779297,56.38573455810547,180.56643676757812,,20.763172149658203,70.80413818359375,14.010461807250977,85.36416625976562,522.0054321289062,78.28,81.07,1.94,20.37,33.37,5.33,4.05,3.94,2.1,122.9276,314.062,275.706,100.4309,67.9,,40.395999908447266,2432.10009765625,108.26000213623047,2.789999999999992,38.45599990844727,-0.10999999999999988,5,Normalization,0,0,0
2024-08-12,112.19452667236328,134.36276245117188,104.79739379882812,56.93598556518555,180.6453094482422,,21.312414169311523,71.15687561035156,13.912049293518066,85.39213562011719,522.2797241210938,81.45,83.06,2.1,20.71,35.17,5.33,4.01,3.9,2.11,123.2204,314.062,275.706,100.4309,67.9,,39.65800094604492,2462.39990234375,118.26000213623047,1.6099999999999994,37.55800094604492,-0.10999999999999988,5,Normalization,0,0,0
2024-08-13,111.11972045898438,133.55670166015625,103.1877670288086,55.468658447265625,179.32435607910156,,21.186359405517578,69.84127044677734,13.938889503479004,85.4014663696289,530.8689575195312,79.81,82.51,2.16,18.12,33.26,5.33,3.93,3.85,2.09,123.0146,314.062,275.706,100.4309,67.9,,39.47999954223633,2466.699951171875,118.44000244140625,2.700000000000003,37.31999954223633,-0.08000000000000007,5,Normalization,0,0,0
2024-08-14,112.14737701416016,134.03848266601562,104.13069152832031,54.96668243408203,181.5029296875,,21.573530197143555,70.0891342163086,14.287809371948242,85.41079711914062,532.543701171875,78.47,82.15,2.18,16.19,31.51,5.33,3.94,3.83,2.06,122.4297,314.062,275.706,100.4309,67.9,,38.96699905395508,2439.39990234375,106.33999633789062,3.680000000000007,36.78699905395508,-0.10999999999999988,5,Normalization,0,0,0
2024-08-15,112.84117889404297,136.011962890625,105.94033813476562,55.80652618408203,182.01553344726562,,22.3388671875,71.43110656738281,14.305703163146973,85.42012023925781,541.671630859375,79.66,83.09,2.19,15.23,31.14,5.33,4.08,3.92,2.12,122.5844,314.062,275.706,100.4309,67.9,,39.60100173950195,2453.10009765625,103.73999786376953,3.430000000000007,37.411001739501955,-0.16000000000000014,5,Normalization,0,0,0
2024-08-16,112.30894470214844,136.44741821289062,105.89270782470703,55.613460540771484,182.35072326660156,,22.654006958007812,70.39588165283203,14.583049774169922,85.46674346923828,542.8860473632812,78.05,81.56,2.01,14.8,31.0,5.33,4.06,3.89,2.08,122.3972,314.062,275.706,100.4309,67.9,,39.64400100708008,2498.60009765625,102.80999755859375,3.510000000000005,37.63400100708008,-0.16999999999999948,5,Normalization,0,0,0
2024-08-19,112.6511001586914,137.56231689453125,106.42607879638672,55.40108108520508,183.44493103027344,,22.62699317932129,69.73448944091797,14.583049774169922,85.46674346923828,548.0768432617188,75.82,81.09,2.12,14.65,32.03,5.33,4.06,3.86,2.07,121.8788,314.062,275.706,100.4309,67.9,,39.845001220703125,2501.800048828125,110.12999725341797,5.27000000000001,37.72500122070313,-0.19999999999999973,5,Normalization,0,0,0
2024-08-20,108.89701843261719,135.557373046875,104.62594604492188,54.22336196899414,180.46788024902344,,22.014726638793945,68.01866149902344,14.368328094482422,85.48538970947266,547.1856079101562,75.27,78.85,2.18,15.88,32.05,5.33,3.99,3.82,2.07,121.7728,314.062,275.706,100.4309,67.9,,37.957000732421875,2511.300048828125,111.56999969482422,3.5799999999999983,35.777000732421875,-0.17000000000000037,5,Normalization,0,0,0
2024-08-21,108.20320892333984,136.14761352539062,104.40689086914062,54.07856369018555,179.2652130126953,,22.05974578857422,67.86531066894531,14.332541465759277,85.50404357910156,549.0659790039062,72.76,78.77,2.14,16.27,32.7,5.33,3.92,3.79,2.07,121.8535,314.062,275.706,100.4309,67.9,,37.0099983215332,2508.39990234375,111.37999725341797,6.009999999999991,34.8699983215332,-0.1299999999999999,5,Normalization,0,0,0
2024-08-22,109.03956604003906,136.53172302246094,104.7402572631836,54.155792236328125,179.32435607910156,,21.492494583129883,67.52981567382812,14.269914627075195,85.50404357910156,544.7566528320312,73.72,78.8,1.93,17.55,31.73,5.33,3.99,3.86,2.1,122.3626,314.062,275.706,100.4309,67.9,,36.58700180053711,2478.89990234375,108.5,5.079999999999998,34.65700180053711,-0.13000000000000034,5,Normalization,0,0,0
2024-08-23,110.55071258544922,138.30242919921875,106.10224914550781,55.256290435791016,181.34523010253906,,21.60954475402832,67.58732604980469,14.44884967803955,85.54135131835938,550.5448608398438,75.82,80.34,1.82,15.86,30.54,5.33,3.9,3.81,2.13,121.4597,314.062,275.706,100.4309,67.9,,36.862998962402344,2508.39990234375,105.62999725341797,4.52000000000001,35.04299896240234,-0.08999999999999986,5,Normalization,0,0,0
2024-08-26,112.9172134399414,139.12689208984375,108.15951538085938,55.381778717041016,181.70010375976562,,21.75360870361328,68.1624526977539,14.413063049316406,85.55067443847656,549.2324829101562,78.4,,2.13,16.15,30.99,5.33,3.91,3.82,2.15,121.6943,314.062,275.706,100.4309,67.9,,37.65599822998047,2517.699951171875,106.66000366210938,,35.525998229980466,-0.0900000000000003,5,Normalization,0,0,0
2024-08-27,111.84326171875,137.67471313476562,107.08325958251953,54.87014389038086,181.5719451904297,,21.492494583129883,68.45960235595703,14.234128952026367,85.5693359375,549.9866333007812,76.5,81.51,1.91,15.43,31.25,5.33,3.83,3.83,2.15,121.8672,314.062,275.706,100.4309,67.9,,38.68899917602539,2516.0,109.22000122070312,5.010000000000005,36.778999176025394,0.0,5,Normalization,0,0,0
2024-08-28,110.74079132080078,136.78469848632812,106.81658172607422,54.81222152709961,179.92567443847656,,21.015283584594727,67.52022552490234,14.207289695739746,85.57865905761719,546.7937622070312,75.49,80.04,1.89,17.11,32.12,5.33,3.83,3.84,2.15,121.8943,314.062,275.706,100.4309,67.9,,38.52000045776367,2501.0,108.76000213623047,4.550000000000011,36.63000045776367,0.009999999999999787,5,Normalization,0,0,0
2024-08-29,112.27093505859375,138.11509704589844,108.9310073852539,55.22732162475586,181.27622985839844,,20.99727439880371,67.71194458007812,14.278861999511719,85.57865905761719,546.8427734375,76.9,81.55,1.85,15.65,31.81,5.33,3.87,3.87,2.16,122.2333,314.062,275.706,100.4309,67.9,,38.60100173950195,2525.699951171875,106.69999694824219,4.6499999999999915,36.75100173950195,0.0,5,Normalization,0,0,0
2024-08-30,112.09036254882812,138.6116180419922,108.37858581542969,55.005287170410156,182.62673950195312,,21.7356014251709,68.57463073730469,14.4041166305542,85.62525177001953,552.06298828125,74.52,80.2,1.93,15.0,33.36,5.33,3.91,3.91,2.15,122.3262,314.062,275.706,100.4309,67.9,,39.823001861572266,2493.800048828125,107.7699966430664,5.680000000000007,37.893001861572266,0.0,5,Normalization,0,0,0
2024-09-03,109.74286651611328,135.52926635742188,104.62594604492188,53.48005294799805,180.2805938720703,,20.709148406982422,65.1717758178711,14.341490745544434,85.65898895263672,540.7020874023438,71.28,76.46,1.93,20.72,35.36,5.33,3.88,3.84,2.11,122.7811,314.062,275.706,100.4309,67.9,,37.19300079345703,2489.89990234375,114.19999694824219,5.179999999999993,35.26300079345703,-0.040000000000000036,5,Normalization,0,0,0
2024-09-04,108.40279388427734,133.10276794433594,103.39730072021484,52.73674011230469,178.50616455078125,,20.01584243774414,65.66064453125,14.24307632446289,85.66834259033203,539.5953369140625,70.11,74.67,2.05,21.32,37.95,5.33,3.76,3.77,2.07,122.5144,314.062,275.706,100.4309,67.9,,35.79800033569336,2493.39990234375,119.1500015258789,4.560000000000002,33.74800033569336,0.010000000000000231,5,Normalization,0,0,0
2024-09-05,107.55694580078125,132.03469848632812,102.340087890625,51.87757873535156,178.7033233642578,,20.05185890197754,65.49768829345703,14.332541465759277,85.67772674560547,538.2828369140625,70.09,74.47,2.02,19.9,36.61,5.33,3.75,3.73,2.03,122.4533,314.062,275.706,100.4309,67.9,,36.19499969482422,2511.39990234375,114.80999755859375,4.3799999999999955,34.174999694824216,-0.020000000000000018,5,Normalization,0,0,0
2024-09-06,107.05323791503906,129.81430053710938,100.97808837890625,50.22684097290039,178.0723876953125,,20.0068359375,64.90338897705078,14.21623706817627,85.72454833984375,529.2236328125,68.58,72.82,2.09,22.38,37.58,5.33,3.66,3.72,2.03,122.4991,314.062,275.706,100.4309,67.9,,36.479000091552734,2493.5,107.23999786376953,4.239999999999995,34.38900009155273,0.06000000000000005,5,Normalization,0,0,0
2024-09-09,109.3056869506836,131.44444274902344,100.57807159423828,50.371639251708984,175.95297241210938,,20.01584243774414,65.68939971923828,14.14466381072998,85.72454833984375,535.1488037109375,69.65,72.37,2.03,19.45,37.0,5.33,3.68,3.7,2.04,122.7156,314.062,275.706,100.4309,67.9,,37.33300018310547,2501.800048828125,104.61000061035156,2.719999999999999,35.30300018310547,0.020000000000000018,5,Normalization,0,0,0
2024-09-10,105.32350158691406,129.505126953125,99.05416107177734,49.819068908691406,175.2432098388672,,19.62866973876953,63.65727615356445,14.162555694580078,85.75263214111328,537.4797973632812,66.73,70.34,2.13,19.08,40.23,5.33,3.59,3.65,2.02,123.0071,314.062,275.706,100.4309,67.9,,35.28200149536133,2512.300048828125,108.36000061035156,3.6099999999999994,33.152001495361326,0.06000000000000005,5,Normalization,0,0,0
2024-09-11,104.2780532836914,129.17723083496094,97.69217681884766,49.11138153076172,174.0996856689453,,20.06986427307129,64.26115417480469,14.198343276977539,85.75263214111328,542.9938354492188,68.25,70.31,2.13,17.69,37.76,5.33,3.62,3.65,2.04,122.7754,314.062,275.706,100.4309,67.9,,36.141998291015625,2512.10009765625,103.79000091552734,2.0600000000000023,34.01199829101562,0.029999999999999805,5,Normalization,0,0,0
2024-09-12,105.71316528320312,130.4232940673828,98.0064697265625,49.431297302246094,174.69117736816406,,20.547075271606445,64.81712341308594,14.314648628234863,85.76201629638672,547.567626953125,69.89,73.81,2.13,17.07,36.07,5.33,3.64,3.68,2.05,122.4423,314.062,275.706,100.4309,67.9,,35.191001892089844,2551.199951171875,98.02999877929688,3.9200000000000017,33.06100189208984,0.040000000000000036,5,Normalization,0,0,0
2024-09-13,105.63712310791016,131.7349090576172,98.57794952392578,49.48945617675781,176.50498962402344,,20.70442008972168,65.20053100585938,14.466742515563965,85.808837890625,550.4273681640625,69.59,73.68,2.25,16.56,35.22,5.33,3.57,3.66,2.08,121.6551,314.062,275.706,100.4309,67.9,,35.64799880981445,2581.300048828125,100.5999984741211,4.090000000000003,33.39799880981445,0.0900000000000003,5,Normalization,0,0,0
2024-09-16,107.11975860595703,133.12149047851562,100.53045654296875,49.722129821777344,179.9552764892578,,21.491130828857422,65.83318328857422,14.475688934326172,85.82756805419922,551.2402954101562,71.1,73.96,2.23,17.14,34.71,5.33,3.56,3.63,2.09,121.4976,314.062,275.706,100.4309,67.9,,34.08100128173828,2580.39990234375,101.22000122070312,2.8599999999999994,31.85100128173828,0.06999999999999984,5,Normalization,0,0,0
2024-09-17,108.516845703125,134.35818481445312,103.14014434814453,50.46859359741211,178.22027587890625,,21.50038719177246,66.67670440673828,14.332541465759277,85.83695220947266,551.4655151367188,72.16,74.55,2.33,17.61,35.29,5.33,3.59,3.65,2.12,121.6031,314.062,275.706,100.4309,67.9,,35.547000885009766,2564.300048828125,101.58000183105469,2.3900000000000006,33.21700088500977,0.06000000000000005,5,Normalization,0,0,0
2024-09-18,108.89701843261719,134.8734588623047,103.45445251464844,50.16806411743164,177.5400848388672,,21.41708755493164,66.57125091552734,14.413063049316406,85.85567474365234,549.8299560546875,71.87,74.52,2.31,18.23,36.19,5.33,3.61,3.7,2.12,121.5618,314.062,275.706,100.4309,67.9,,35.244998931884766,2570.699951171875,98.61000061035156,2.6499999999999915,32.93499893188476,0.0900000000000003,5,Normalization,0,0,0
2024-09-19,110.24656677246094,135.8384552001953,105.29266357421875,50.43950271606445,179.4821014404297,,22.15752601623535,67.54898071289062,14.466742515563965,85.87440490722656,559.2124633789062,72.86,75.93,2.24,16.33,33.72,4.83,3.59,3.73,2.17,121.3059,314.062,275.706,100.4309,67.9,,33.08300018310547,2588.0,92.63999938964844,3.0700000000000074,30.843000183105467,0.14000000000000012,5,Normalization,0,0,0
2024-09-20,109.55279541015625,136.48487854003906,104.64501190185547,50.061424255371094,178.0921173095703,,20.593355178833008,65.43059539794922,14.493582725524902,85.911865234375,558.2457885742188,72.72,75.96,2.2,16.15,32.22,4.83,3.55,3.73,2.15,121.4052,314.062,275.706,100.4309,67.9,,34.444000244140625,2619.89990234375,91.0,3.239999999999995,32.24400024414062,0.18000000000000016,5,Normalization,0,0,0
2024-09-23,111.53912353515625,138.22750854492188,104.47357177734375,50.64308547973633,179.73838806152344,,20.6859073638916,66.83007049560547,14.565156936645508,85.92122650146484,559.6408081054688,71.33,74.95,2.4,15.89,34.39,4.83,3.57,3.75,2.17,121.4303,314.062,275.706,100.4309,67.9,,36.21099853515625,2626.5,93.87000274658203,3.6200000000000045,33.81099853515625,0.18000000000000016,5,Normalization,0,0,0
2024-09-24,111.2445068359375,138.14317321777344,103.73066711425781,50.798194885253906,178.10198974609375,,21.000593185424805,68.05702209472656,14.50252914428711,85.93061065673828,561.2421264648438,72.34,75.29,2.61,15.39,33.76,4.83,3.49,3.74,2.19,121.1291,314.062,275.706,100.4309,67.9,,35.41299819946289,2651.199951171875,93.30000305175781,2.950000000000003,32.80299819946289,0.25,5,Normalization,0,0,0
2024-09-25,109.07759094238281,134.88282775878906,100.70188903808594,49.55731964111328,177.1753387451172,,19.85291862487793,66.60961151123047,14.493582725524902,85.9493408203125,560.0042724609375,70.42,75.4,2.62,15.41,34.4,4.83,3.53,3.79,2.18,121.4447,314.062,275.706,100.4309,67.9,,37.319000244140625,2659.199951171875,91.63999938964844,4.980000000000004,34.69900024414063,0.26000000000000023,5,Normalization,0,0,0
2024-09-26,107.2052993774414,133.0277862548828,97.44453430175781,48.38431167602539,175.73611450195312,,21.157936096191406,68.1432876586914,14.24307632446289,85.9493408203125,562.2245483398438,68.28,73.06,2.64,15.37,39.76,4.83,3.6,3.79,2.16,121.0785,314.062,275.706,100.4309,67.9,,37.88999938964844,2669.89990234375,90.13999938964844,4.780000000000001,35.24999938964844,0.18999999999999995,5,Normalization,0,0,0
2024-09-27,110.07550811767578,136.306884765625,99.73992156982422,49.470069885253906,177.07676696777344,,21.130168914794922,68.68006134033203,14.377275466918945,85.97743225097656,561.4091186523438,68.72,71.63,2.53,16.96,39.62,4.83,3.55,3.75,2.15,121.1111,314.062,275.706,100.4309,67.9,,38.11399841308594,2644.300048828125,92.52999877929688,2.9099999999999966,35.583998413085936,0.20000000000000018,5,Normalization,0,0,0
2024-09-30,111.40608215332031,137.9745330810547,100.27327728271484,49.964481353759766,177.2837677001953,,21.148681640625,68.3445816040039,14.359382629394531,85.98678588867188,563.6588745117188,68.75,72.35,2.65,16.73,39.86,4.83,3.66,3.81,2.18,121.2864,314.062,275.706,100.4309,67.9,,39.04399871826172,2636.10009765625,94.61000061035156,3.5999999999999943,36.39399871826172,0.1499999999999999,5,Normalization,0,0,0
2024-10-01,113.9816665649414,140.25112915039062,104.16879272460938,51.62221145629883,178.72303771972656,,21.54666519165039,68.30624389648438,14.4041166305542,86.00653839111328,558.6093139648438,70.41,75.3,2.67,19.26,42.87,4.83,3.61,3.74,2.19,121.6881,315.631,273.003,99.4695,70.5,,39.27299880981445,2667.300048828125,104.13999938964844,4.890000000000001,36.60299880981445,0.13000000000000034,5,Normalization,0,0,0
2024-10-02,115.4927978515625,141.42225646972656,105.11170196533203,51.806396484375,181.8874053955078,,22.277843475341797,70.22333526611328,14.359382629394531,86.01593017578125,558.8450927734375,70.74,74.86,2.77,18.9,46.52,4.83,3.63,3.79,2.21,121.5724,315.631,273.003,99.4695,70.5,,38.617000579833984,2647.10009765625,102.16999816894531,4.1200000000000045,35.84700057983398,0.16000000000000014,5,Normalization,0,0,0
2024-10-03,116.5002212524414,141.70330810546875,107.07373046875,53.115142822265625,184.51943969726562,,22.925724029541016,71.22981262207031,14.591995239257812,86.03474426269531,557.8233642578125,74.33,77.57,2.75,20.49,54.5,4.83,3.7,3.85,2.21,122.1197,315.631,273.003,99.4695,70.5,,39.9119987487793,2657.10009765625,101.16000366210938,3.239999999999995,37.1619987487793,0.1499999999999999,5,Normalization,1,0,0
2024-10-04,118.63862609863281,141.2255401611328,109.09292602539062,54.05548095703125,185.7615509033203,,22.685083389282227,69.9166030883789,14.583049774169922,86.05357360839844,562.8925170898438,74.93,79.32,2.49,19.21,46.37,4.83,3.93,3.98,2.23,122.2197,315.631,273.003,99.4695,70.5,,40.97999954223633,2645.800048828125,100.1500015258789,4.389999999999986,38.489999542236326,0.04999999999999982,5,Normalization,0,0,0
2024-10-07,119.1518325805664,141.58152770996094,109.26435852050781,54.200897216796875,187.33877563476562,,23.76797103881836,70.10830688476562,14.511475563049316,86.0723648071289,557.8037109375,77.76,81.74,2.51,22.64,48.32,4.83,3.99,4.03,2.27,122.4241,315.631,273.003,99.4695,70.5,,40.24399948120117,2644.800048828125,124.2300033569336,3.9799999999999898,37.733999481201174,0.040000000000000036,5,Normalization,0,0,0
2024-10-08,115.98700714111328,139.3611297607422,105.53079223632812,52.65950393676758,185.2686309814453,,23.166366577148438,69.82074737548828,14.466742515563965,86.0723648071289,563.0792236328125,74.26,78.19,2.51,21.42,52.35,4.83,3.98,4.04,2.27,122.6625,315.631,273.003,99.4695,70.5,,38.91899871826172,2615.0,123.7699966430664,3.9299999999999926,36.40899871826172,0.06000000000000005,5,Normalization,0,0,0
2024-10-09,116.0345230102539,140.2042999267578,105.69269561767578,52.25233840942383,188.26544189453125,,22.38890838623047,67.92282104492188,14.556207656860352,86.08177185058594,566.9794311523438,73.85,77.06,2.43,20.86,48.8,4.83,3.99,4.06,2.29,122.8821,315.631,273.003,99.4695,70.5,,38.340999603271484,2606.0,122.38999938964844,3.210000000000008,35.910999603271485,0.0699999999999994,5,Normalization,0,0,0
2024-10-10,117.0324478149414,141.1130828857422,106.54037475585938,52.901859283447266,189.0639190673828,,22.62029457092285,68.04741668701172,14.63672924041748,86.0911636352539,565.9871215820312,76.46,79.45,2.26,20.93,52.36,4.83,3.98,4.09,2.33,123.0951,315.631,273.003,99.4695,70.5,,40.292999267578125,2620.60009765625,116.55999755859375,2.990000000000009,38.03299926757813,0.10999999999999988,5,Normalization,0,0,0
2024-10-11,117.47914123535156,141.86257934570312,105.23552703857422,53.0860481262207,188.11756896972656,,22.453699111938477,67.95156860351562,14.779875755310059,86.13819885253906,569.3763427734375,76.11,80.27,2.31,20.46,52.68,4.83,3.95,4.08,2.33,122.9805,315.631,273.003,99.4695,70.5,,39.87900161743164,2657.60009765625,118.47000122070312,4.159999999999997,37.56900161743164,0.1299999999999999,5,Normalization,0,0,0
2024-10-14,117.92583465576172,142.1998748779297,104.26403045654297,52.26203155517578,186.08685302734375,,21.472620010375977,66.6671142578125,14.806714057922363,86.1287841796875,574.032958984375,,78.47,,19.7,51.62,4.83,,,,,315.631,273.003,99.4695,70.5,,40.558998107910156,2647.800048828125,,,,,5,Normalization,0,0,0
2024-10-15,114.38082122802734,138.40548706054688,100.20661926269531,49.98387145996094,181.17762756347656,,20.287925720214844,63.93524932861328,14.645676612854004,86.15699768066406,569.5728149414062,71.22,73.68,2.37,20.64,48.64,4.83,3.95,4.03,2.28,123.5124,315.631,273.003,99.4695,70.5,,39.972999572753906,2661.39990234375,127.2300033569336,2.460000000000008,37.60299957275391,0.08000000000000007,5,Normalization,0,0,0
2024-10-16,114.67545318603516,139.34237670898438,100.15900421142578,49.69303894042969,179.98484802246094,,20.260156631469727,64.07903289794922,14.672515869140625,86.15699768066406,572.0484619140625,70.97,73.65,2.21,19.58,47.84,4.83,3.93,4.02,2.27,123.9235,315.631,273.003,99.4695,70.5,,39.24100112915039,2674.0,121.86000061035156,2.680000000000007,37.03100112915039,0.08999999999999941,5,Normalization,0,0,0
2024-10-17,114.38082122802734,141.656494140625,101.10192108154297,50.138980865478516,179.84681701660156,,20.38047981262207,63.494319915771484,14.753035545349121,86.1758041381836,572.0975341796875,71.26,74.37,2.19,19.11,46.88,4.83,3.96,4.09,2.3,124.1122,315.631,273.003,99.4695,70.5,,39.650001525878906,2691.0,122.13999938964844,3.1099999999999994,37.46000152587891,0.1299999999999999,5,Normalization,0,0,0
2024-10-18,114.05770111083984,141.23487854003906,100.64473724365234,50.080810546875,179.60037231445312,,20.46377944946289,64.24198150634766,14.681461334228516,86.20401763916016,574.298095703125,69.78,72.75,1.82,18.03,47.22,4.83,3.95,4.08,2.31,123.9185,315.631,273.003,99.4695,70.5,,39.20399856567383,2713.699951171875,123.12999725341797,2.969999999999999,37.38399856567383,0.1299999999999999,5,Normalization,0,0,0
2024-10-21,114.12422180175781,141.35667419433594,99.99707794189453,50.235923767089844,178.49632263183594,,20.250900268554688,63.801048278808594,14.672515869140625,86.22282409667969,573.35498046875,71.16,73.29,1.76,18.37,46.82,4.83,4.02,4.19,2.31,124.4757,315.631,273.003,99.4695,70.5,,40.02399826049805,2723.10009765625,128.9499969482422,2.1300000000000097,38.26399826049805,0.17000000000000082,5,Normalization,0,0,0
2024-10-22,114.71345520019531,141.39414978027344,100.00659942626953,50.50735855102539,179.79754638671875,,19.658554077148438,62.0756721496582,14.654622077941895,86.23222351074219,573.050537109375,72.84,75.59,1.76,18.2,47.69,4.83,4.03,4.2,2.33,124.4107,315.631,273.003,99.4695,70.5,,40.70399856567383,2744.199951171875,129.25999450683594,2.75,38.94399856567383,0.16999999999999993,5,Normalization,0,0,0
2024-10-23,114.30479431152344,140.98191833496094,99.53990936279297,49.75121307373047,180.2608642578125,,18.61269187927246,59.0274772644043,14.654622077941895,86.23222351074219,567.8143310546875,71.37,74.68,1.9,19.24,47.78,4.83,4.07,4.24,2.31,124.6931,315.631,273.003,99.4695,70.5,,41.380001068115234,2714.39990234375,129.0500030517578,3.3100000000000023,39.480001068115236,0.16999999999999993,5,Normalization,0,0,0
2024-10-24,113.65852355957031,140.95382690429688,99.40656280517578,49.7802848815918,183.72096252441406,,18.631200790405273,58.787845611572266,14.672515869140625,86.24163055419922,569.0424194335938,70.58,74.27,2.04,19.08,46.66,4.83,4.07,4.21,2.3,124.5127,315.631,273.003,99.4695,70.5,,42.15399932861328,2734.89990234375,127.4800033569336,3.6899999999999977,40.11399932861328,0.13999999999999968,5,Normalization,0,0,0
2024-10-25,113.5634765625,141.29107666015625,99.5875244140625,50.003265380859375,182.30142211914062,,18.7237548828125,59.449241638183594,14.717249870300293,86.27925872802734,568.8458251953125,72.02,75.62,1.93,20.33,48.97,4.83,4.11,4.25,2.29,124.6105,315.631,273.003,99.4695,70.5,,43.51300048828125,2740.89990234375,128.39999389648438,3.6000000000000085,41.58300048828125,0.13999999999999968,5,Normalization,0,0,0
2024-10-28,113.00274658203125,141.03811645507812,98.34935760498047,49.082298278808594,180.97061157226562,,18.288747787475586,58.42359161376953,14.672515869140625,86.27925872802734,570.6043701171875,67.65,71.87,2.03,19.8,42.96,4.83,4.12,4.28,2.29,124.8076,315.631,273.003,99.4695,70.5,,42.51900100708008,2742.89990234375,130.9199981689453,4.219999999999999,40.48900100708008,0.16000000000000014,5,Normalization,0,0,0
2024-10-29,111.46308135986328,139.14566040039062,97.45405578613281,48.54911804199219,179.93556213378906,,18.27949333190918,56.86116027832031,14.654622077941895,86.29806518554688,571.52783203125,67.48,71.09,1.82,19.34,42.47,4.83,4.11,4.28,2.3,124.8612,315.631,273.003,99.4695,70.5,,42.86899948120117,2768.39990234375,131.8699951171875,3.6099999999999994,41.04899948120117,0.16999999999999993,5,Normalization,0,0,0
2024-10-30,110.90235137939453,138.70529174804688,98.08267211914062,48.63636016845703,179.33421325683594,,17.92778778076172,55.66297149658203,14.735139846801758,86.30746459960938,569.798828125,68.91,73.21,2.03,20.35,41.13,4.83,4.15,4.29,2.34,124.8153,315.631,273.003,99.4695,70.5,,40.90299987792969,2788.5,130.8000030517578,4.299999999999997,38.872999877929686,0.13999999999999968,5,Normalization,0,0,0
2024-10-31,110.9878921508789,139.4267120361328,104.33070373535156,48.57819366455078,188.65975952148438,,18.038850784301758,55.854679107666016,14.744089126586914,86.3262710571289,558.6289672851562,69.58,73.25,1.82,23.16,48.79,4.83,4.16,4.28,2.33,124.7988,315.631,273.003,99.4695,70.5,,40.5880012512207,2738.300048828125,135.17999267578125,3.6700000000000017,38.7680012512207,0.1200000000000001,5,Normalization,0,0,0
2024-11-01,109.24866485595703,143.40846252441406,102.7115478515625,48.05470657348633,184.88417053222656,,17.946298599243164,55.96969985961914,14.699355125427246,86.36309051513672,560.9866943359375,69.81,73.63,1.42,21.88,44.14,4.83,4.21,4.37,2.33,124.8076,316.528,273.281,99.2925,71.8,,39.17499923706055,2738.60009765625,132.5800018310547,3.819999999999993,37.754999237060545,0.16000000000000014,5,Normalization,0,0,0
2024-11-04,112.72712707519531,144.25161743164062,103.68303680419922,49.014442443847656,186.08685302734375,,17.705657958984375,55.519187927246094,14.770929336547852,86.3819808959961,559.7783813476562,71.83,74.89,1.35,21.98,45.75,4.83,4.17,4.31,2.28,124.5903,316.528,273.281,99.2925,71.8,,40.30099868774414,2736.10009765625,136.25,3.0600000000000023,38.95099868774414,0.13999999999999968,5,Normalization,0,0,0
2024-11-05,113.05976867675781,143.7270050048828,104.01638793945312,48.85933303833008,189.8426971435547,,17.55756950378418,55.107017517089844,15.119850158691406,86.3819808959961,566.547119140625,72.26,76.98,1.62,20.49,45.61,4.83,4.19,4.26,2.27,124.5532,316.528,273.281,99.2925,71.8,,40.492000579833984,2740.300048828125,130.42999267578125,4.719999999999999,38.87200057983399,0.0699999999999994,5,Normalization,0,0,0
2024-11-06,114.99858093261719,147.7649688720703,108.2261962890625,49.819068908691406,195.10678100585938,,17.529802322387695,54.16762924194336,15.585073471069336,86.40084838867188,580.6345825195312,71.98,76.52,1.8,16.27,44.74,4.83,4.27,4.42,2.38,125.7035,316.528,273.281,99.2925,71.8,,40.38800048828125,2667.60009765625,117.63999938964844,4.539999999999992,38.58800048828125,0.15000000000000036,5,Normalization,0,0,0
2024-11-07,115.14115905761719,146.8749237060547,107.0546875,49.644569396972656,199.11895751953125,,17.91853141784668,53.151573181152344,15.576127052307129,86.41028594970703,585.1240844726562,72.69,75.73,1.49,15.2,42.55,4.83,4.21,4.31,2.33,124.775,316.528,273.281,99.2925,71.8,,41.2760009765625,2698.39990234375,104.08000183105469,3.0400000000000063,39.7860009765625,0.09999999999999964,5,Normalization,0,0,0
2024-11-08,115.10313415527344,147.0247802734375,107.02591705322266,48.985355377197266,203.24977111816406,,17.58533477783203,52.403900146484375,15.770294189453125,86.4574966430664,587.6587524414062,70.69,74.04,1.21,14.94,38.76,4.58,4.26,4.3,2.35,125.5811,316.528,273.281,99.2925,71.8,,42.409000396728516,2687.5,99.8499984741211,3.3500000000000085,41.199000396728515,0.040000000000000036,5,Normalization,0,0,0
2024-11-11,114.494873046875,146.62196350097656,107.46710968017578,49.256797790527344,212.35137939453125,,17.483524322509766,52.308048248291016,15.715599060058594,86.44805908203125,588.2186279296875,,72.19,1.21,14.97,37.74,4.58,,,,,316.528,273.281,99.2925,71.8,,43.72800064086914,2611.199951171875,,,42.51800064086914,,5,Normalization,0,0,0
2024-11-12,114.38082122802734,145.48831176757812,106.11477661132812,48.7526969909668,211.56080627441406,,17.15958595275879,50.91815185546875,15.542398452758789,86.4574966430664,586.3914794921875,68.43,72.56,1.92,14.71,34.32,4.58,4.34,4.43,2.35,126.7762,316.528,273.281,99.2925,71.8,,44.255001068115234,2600.0,108.55000305175781,4.1299999999999955,42.33500106811523,0.08999999999999986,5,Normalization,0,0,0
2024-11-13,115.44528198242188,148.70184326171875,107.24650573730469,49.55731964111328,207.52879333496094,,17.87225341796875,51.9150390625,15.587980270385742,86.47637176513672,586.6763916015625,68.76,72.86,2.06,14.02,37.12,4.58,4.27,4.44,2.35,126.9572,316.528,273.281,99.2925,71.8,,43.66600036621094,2580.800048828125,102.08000183105469,4.099999999999994,41.606000366210935,0.17000000000000082,5,Normalization,0,0,0
2024-11-14,115.52192687988281,151.58741760253906,108.30152130126953,49.12107849121094,208.29962158203125,,18.307260513305664,52.691471099853516,15.63355541229248,86.47637176513672,582.9039306640625,68.99,73.39,2.11,14.31,30.9,4.58,4.34,4.43,2.33,127.0015,316.528,273.281,99.2925,71.8,,46.2239990234375,2568.199951171875,99.43000030517578,4.400000000000006,44.1139990234375,0.08999999999999986,5,Normalization,0,0,0
2024-11-15,114.32417297363281,151.23141479492188,107.72606658935547,48.442474365234375,209.80172729492188,,17.79821014404297,51.50286102294922,15.761178970336914,86.50469207763672,575.437744140625,67.33,73.45,1.65,16.14,35.07,4.58,4.31,4.43,2.33,126.8848,316.528,273.281,99.2925,71.8,,46.55099868774414,2565.699951171875,102.47000122070312,6.1200000000000045,44.90099868774414,0.1200000000000001,5,Normalization,0,0,0
2024-11-18,115.2823715209961,152.1494598388672,109.10717010498047,49.35374450683594,212.222900390625,,18.677478790283203,52.518924713134766,16.02553367614746,86.51412963867188,577.7954711914062,69.46,74.35,2.08,15.58,36.89,4.58,4.29,4.42,2.34,126.6045,316.528,273.281,99.2925,71.8,,46.900001525878906,2610.60009765625,102.01000213623047,4.890000000000001,44.82000152587891,0.1299999999999999,5,Normalization,0,0,0
2024-11-19,113.6725845336914,151.05157470703125,108.46456909179688,48.956275939941406,217.45065307617188,,18.973651885986328,53.391204833984375,16.371932983398438,86.5424575805664,579.9076538085938,69.75,74.32,2.1,16.35,37.28,4.58,4.27,4.39,2.34,126.3994,316.528,273.281,99.2925,71.8,,45.667999267578125,2627.10009765625,105.12000274658203,4.569999999999993,43.567999267578124,0.1200000000000001,5,Normalization,0,0,0
2024-11-20,115.29196166992188,152.6889190673828,108.79066467285156,49.35374450683594,218.04359436035156,,18.751522064208984,52.403900146484375,16.66364097595215,86.55188751220703,580.1041259765625,69.25,74.33,2.32,17.16,36.74,4.58,4.31,4.41,2.35,126.88,316.528,273.281,99.2925,71.8,,46.79600143432617,2648.199951171875,106.69000244140625,5.079999999999998,44.47600143432617,0.10000000000000053,5,Normalization,0,0,0
2024-11-21,116.83468627929688,152.97283935546875,107.32323455810547,49.964481353759766,222.3424072265625,,18.07587432861328,50.71685028076172,17.29262924194336,86.56134796142578,583.21826171875,70.39,75.09,2.84,16.87,36.91,4.58,4.34,4.43,2.34,127.1047,316.528,273.281,99.2925,71.8,,48.303001403808594,2672.10009765625,101.9000015258789,4.700000000000003,45.46300140380859,0.08999999999999986,5,Normalization,0,0,0
2024-11-22,116.70053100585938,153.66375732421875,107.17937469482422,50.342559814453125,219.98052978515625,,18.094385147094727,50.939002990722656,17.383785247802734,86.58966827392578,585.0259399414062,71.68,76.1,2.41,15.24,35.74,4.58,4.37,4.41,2.34,127.4712,316.528,273.281,99.2925,71.8,,47.018001556396484,2709.89990234375,99.13999938964844,4.4199999999999875,44.60800155639649,0.040000000000000036,5,Normalization,0,0,0
2024-11-25,114.95659637451172,151.77088928222656,101.76046752929688,48.898101806640625,215.65208435058594,,17.613101959228516,49.992462158203125,17.29262924194336,86.59909057617188,587.0103759765625,69.41,74.27,2.78,14.6,37.44,4.58,4.21,4.27,2.29,126.9948,316.528,273.281,99.2925,71.8,,47.733001708984375,2616.800048828125,99.95999908447266,4.859999999999999,44.953001708984374,0.05999999999999961,5,Normalization,0,0,0
2024-11-26,113.04016876220703,153.8246307373047,102.41265106201172,48.326141357421875,219.2887725830078,,16.724578857421875,49.46125030517578,17.502290725708008,86.59909057617188,590.075439453125,69.05,74.56,3.19,14.1,38.74,4.58,4.21,4.3,2.28,127.4301,316.528,273.281,99.2925,71.8,,47.215999603271484,2620.300048828125,99.18000030517578,5.510000000000005,44.02599960327149,0.08999999999999986,5,Normalization,0,0,0
2024-11-27,112.74312591552734,153.42715454101562,102.9977035522461,48.781776428222656,219.16030883789062,,15.530628204345703,48.959007263183594,17.702836990356445,86.62744140625,588.2874145507812,69.03,73.91,3.39,14.1,37.0,4.58,4.19,4.25,2.26,126.8205,316.528,273.281,99.2925,71.8,,46.762001037597656,2639.89990234375,97.73999786376953,4.8799999999999955,43.372001037597656,0.05999999999999961,5,Normalization,0,0,0
2024-11-29,113.03057861328125,153.25677490234375,103.90884399414062,49.03382873535156,221.37393188476562,,14.975302696228027,48.93002700805664,18.103931427001953,86.64630889892578,591.9419555664062,68.26,74.16,3.39,13.51,34.95,4.58,4.13,4.18,2.26,126.5798,316.528,273.281,99.2925,71.8,,47.81100082397461,2657.0,95.22000122070312,5.8999999999999915,44.42100082397461,0.04999999999999982,5,Normalization,0,0,0
2024-12-02,112.92518615722656,153.5218048095703,101.798828125,48.87871551513672,219.95089721679688,,14.54029655456543,48.47608184814453,17.702836990356445,86.66997528076172,593.0029907226562,68.35,72.81,3.05,13.34,34.71,4.58,4.17,4.19,2.26,127.1272,316.528,273.281,99.2925,71.8,,48.654998779296875,2634.89990234375,97.80999755859375,4.460000000000008,45.60499877929688,0.020000000000000462,5,Normalization,0,0,0
2024-12-03,112.75270080566406,153.24729919433594,101.71251678466797,48.85933303833008,220.48452758789062,,15.817547798156738,50.00212860107422,17.556983947753906,86.68894958496094,593.2780151367188,70.15,74.8,2.94,13.3,34.55,4.58,4.17,4.23,2.28,126.9565,316.528,273.281,99.2925,71.8,,48.55699920654297,2644.699951171875,95.5999984741211,4.6499999999999915,45.61699920654297,0.0600000000000005,5,Normalization,0,0,0
2024-12-04,109.50436401367188,149.84014892578125,99.27639770507812,47.405189514160156,221.08734130859375,,14.966046333312988,48.456756591796875,17.301742553710938,86.69841766357422,596.9619140625,68.81,74.68,2.75,13.45,33.82,4.58,4.13,4.19,2.29,126.7574,316.528,273.281,99.2925,71.8,,47.04600143432617,2653.800048828125,92.25,5.8700000000000045,44.29600143432617,0.0600000000000005,5,Normalization,0,0,0
2024-12-05,109.98347473144531,150.79605102539062,100.1683578491211,46.998016357421875,223.26148986816406,,14.586573600769043,47.857933044433594,17.383785247802734,86.70789337158203,595.9796142578125,68.58,73.78,2.95,13.54,29.45,4.58,4.15,4.17,2.25,126.4286,316.528,273.281,99.2925,71.8,,46.55099868774414,2626.60009765625,91.4800033569336,5.200000000000003,43.60099868774414,0.019999999999999574,5,Normalization,0,0,0
2024-12-06,108.82402801513672,146.92510986328125,98.99826049804688,46.086761474609375,219.31842041015625,,14.151567459106445,47.133548736572266,17.556983947753906,86.74578857421875,597.109375,68.58,73.78,2.83,12.77,30.98,4.58,4.1,4.15,2.24,126.688,316.528,273.281,99.2925,71.8,,46.47999954223633,2638.60009765625,83.19999694824219,5.200000000000003,43.64999954223633,0.05000000000000071,5,Normalization,0,0,0
2024-12-09,108.18204498291016,148.66656494140625,98.94071960449219,47.230690002441406,211.768310546875,,14.086779594421387,47.20115661621094,17.17412567138672,86.75525665283203,594.034423828125,68.65,73.73,3.05,14.19,27.7,4.58,4.13,4.2,2.27,126.5981,316.528,273.281,99.2925,71.8,,44.85499954223633,2664.89990234375,85.62999725341797,5.079999999999998,41.80499954223633,0.07000000000000028,5,Normalization,0,0,0
2024-12-10,107.9616470336914,148.59083557128906,98.17343139648438,46.79246520996094,210.3255157470703,,13.72581672668457,47.288082122802734,17.082963943481445,86.77422332763672,592.1875,68.85,73.64,2.9,14.18,28.61,4.58,4.15,4.22,2.29,126.957,316.528,273.281,99.2925,71.8,,45.551998138427734,2697.60009765625,90.0999984741211,4.790000000000006,42.651998138427736,0.0699999999999994,5,Normalization,0,0,0
2024-12-11,107.24298858642578,147.84315490722656,98.01039123535156,47.201473236083984,212.66761779785156,,13.470056533813477,46.264278411865234,17.484060287475586,86.78369903564453,596.7655639648438,70.57,74.38,2.9,13.58,31.99,4.58,4.15,4.26,2.3,126.8483,316.528,273.281,99.2925,71.8,,44.694000244140625,2733.800048828125,82.4000015258789,3.8100000000000023,41.794000244140626,0.10999999999999943,5,Normalization,0,0,0
2024-12-12,107.14717102050781,146.42349243164062,96.78274536132812,46.92879104614258,212.10433959960938,,13.005898475646973,45.61716079711914,17.51140785217285,86.80264282226562,593.690673828125,70.25,73.52,3.12,13.92,33.64,4.58,4.18,4.32,2.32,126.9556,316.528,273.281,99.2925,71.8,,42.80400085449219,2687.5,82.66000366210938,3.269999999999996,39.68400085449219,0.14000000000000057,5,Normalization,0,0,0
2024-12-13,106.20812225341797,145.62847900390625,96.88823699951172,46.39319610595703,210.5527801513672,,13.460583686828613,46.660282135009766,17.356441497802734,86.83106231689453,593.57275390625,71.54,74.89,3.15,13.81,34.92,4.58,4.25,4.4,2.33,127.3096,316.528,273.281,99.2925,71.8,,41.21500015258789,2656.0,85.66000366210938,3.3499999999999943,38.06500015258789,0.15000000000000036,5,Normalization,0,0,0
2024-12-16,103.93716430664062,141.3600311279297,95.49755096435547,45.38041305541992,208.06243896484375,,13.081679344177246,45.858619689941406,17.04650115966797,86.84056854248047,596.1073608398438,71.03,74.3,2.87,14.69,33.41,4.58,4.25,4.39,2.32,127.2687,316.528,273.281,99.2925,71.8,,40.277000427246094,2651.39990234375,90.87999725341797,3.269999999999996,37.407000427246096,0.13999999999999968,5,Normalization,0,0,0
2024-12-17,103.49639129638672,140.17701721191406,94.24112701416016,45.34145736694336,208.2008056640625,,13.100625038146973,45.539894104003906,16.991806030273438,86.85002136230469,593.6513061523438,70.31,73.16,2.85,15.87,30.71,4.58,4.25,4.4,2.31,127.5043,316.528,273.281,99.2925,71.8,,42.064998626708984,2644.39990234375,90.41999816894531,2.8499999999999943,39.21499862670898,0.15000000000000036,5,Normalization,0,0,0
2024-12-18,101.97282409667969,136.3628692626953,91.9296875,44.81559371948242,204.21820068359375,,13.053261756896973,46.525062561035156,16.590713500976562,86.85002136230469,575.95849609375,70.8,74.57,3.01,27.62,32.6,4.58,4.35,4.5,2.32,127.6418,316.528,273.281,99.2925,71.8,,41.00699996948242,2636.5,87.20999908447266,3.769999999999996,37.996999969482424,0.15000000000000036,5,Normalization,0,0,0
2024-12-19,101.1008529663086,133.58978271484375,91.287109375,44.17287063598633,203.51658630371094,,12.636466979980469,45.6268196105957,16.654523849487305,86.86238098144531,575.7815551757812,70.1,73.75,3.15,24.09,30.5,4.33,4.32,4.57,2.29,128.6366,316.528,273.281,99.2925,71.8,,43.077999114990234,2592.199951171875,90.41000366210938,3.6500000000000057,39.927999114990236,0.25,5,Normalization,0,0,0
2024-12-20,101.44581604003906,135.19874572753906,91.22955322265625,45.89654541015625,206.4318389892578,,12.674357414245605,45.86827850341797,17.19235610961914,86.90045166015625,582.697265625,69.71,73.19,3.1,18.36,29.27,4.33,4.3,4.52,2.29,127.893,316.528,273.281,99.2925,71.8,,44.130001068115234,2628.699951171875,91.75,3.480000000000004,41.03000106811523,0.21999999999999975,5,Normalization,0,0,0
2024-12-23,101.85784912109375,135.31231689453125,92.43801879882812,46.58795928955078,206.91610717773438,,13.327967643737793,47.48125076293945,17.356441497802734,86.90045166015625,586.1867065429688,69.5,72.12,2.89,16.78,30.16,4.33,4.3,4.59,2.32,128.3021,316.528,273.281,99.2925,71.8,,45.54499816894531,2612.300048828125,95.8499984741211,2.6200000000000045,42.65499816894531,0.29000000000000004,5,Normalization,0,0,0
2024-12-24,101.95365905761719,136.13571166992188,93.1381607055664,46.86063003540039,208.01303100585938,,13.593201637268066,48.0704231262207,17.866924285888672,86.91948699951172,592.7020874023438,70.87,73.5,2.95,14.27,30.35,4.33,4.29,4.59,2.35,128.3377,316.528,273.281,99.2925,71.8,,45.73099899291992,2620.0,96.94999694824219,2.6299999999999955,42.78099899291992,0.2999999999999998,5,Normalization,0,0,0
2024-12-26,102.03990173339844,136.26820373535156,92.92715454101562,46.938533782958984,207.7956085205078,,13.337440490722656,47.54886245727539,17.556983947753906,86.93852233886719,592.7416381835938,70.38,,2.96,14.73,30.01,4.33,4.3,4.58,2.35,128.3329,316.528,273.281,99.2925,71.8,,45.73099899291992,2638.800048828125,95.19999694824219,,42.77099899291992,0.28000000000000025,5,Normalization,0,0,0
2024-12-27,102.03031921386719,136.28712463378906,92.9559326171875,47.289119720458984,208.00315856933594,,13.261659622192383,47.819297790527344,17.575218200683594,86.9765853881836,586.5020751953125,71.28,73.77,2.91,15.95,30.21,4.33,4.31,4.62,2.34,128.45,316.528,273.281,99.2925,71.8,,47.73099899291992,2617.199951171875,94.80000305175781,2.489999999999995,44.820998992919925,0.3100000000000005,5,Normalization,0,0,0
2024-12-30,101.34040832519531,135.40695190429688,93.11897277832031,47.191734313964844,210.5626983642578,,13.157461166381836,47.036964416503906,17.839574813842773,86.9765853881836,579.8092041015625,71.73,74.24,3.39,17.4,30.77,4.33,4.24,4.55,2.31,128.8205,316.528,273.281,99.2925,71.8,,47.632999420166016,2606.10009765625,99.08000183105469,2.509999999999991,44.242999420166015,0.3099999999999996,5,Normalization,0,0,0
2024-12-31,103.07476806640625,137.08213806152344,95.11390686035156,48.11687088012695,212.34149169921875,,13.441638946533203,47.9931526184082,17.85780906677246,86.99559783935547,577.69970703125,72.44,74.58,3.4,17.35,30.02,4.33,4.25,4.58,2.34,129.2775,316.528,273.281,99.2925,71.8,,48.888999938964844,2629.199951171875,98.80000305175781,2.1400000000000006,45.488999938964845,0.33000000000000007,5,Normalization,0,0,0
2025-01-02,102.82563018798828,138.85198974609375,95.9866943359375,48.50640106201172,218.0040740966797,,13.915268898010254,48.32154083251953,17.967195510864258,87.01461791992188,576.2803344726562,73.79,76.14,3.65,17.93,29.54,4.33,4.25,4.57,2.34,129.4598,316.528,273.281,99.2925,71.8,,50.27299880981445,2658.89990234375,96.66999816894531,2.3499999999999943,46.622998809814455,0.3200000000000003,5,Normalization,0,0,0
2025-01-03,103.35265350341797,139.93093872070312,96.95537567138672,49.188079833984375,219.8619384765625,,13.498475074768066,47.19150161743164,17.90338706970215,87.02416229248047,583.4859008789062,74.64,76.72,3.4,16.13,29.98,4.33,4.28,4.6,2.34,129.4535,316.528,273.281,99.2925,71.8,,49.62200164794922,2645.0,93.3499984741211,2.0799999999999983,46.22200164794922,0.3199999999999994,5,Normalization,0,0,0
2025-01-06,103.23766326904297,139.37252807617188,95.90035247802734,49.44127655029297,221.27511596679688,,13.517420768737793,46.525062561035156,17.885154724121094,87.03364562988281,586.8470458984375,74.31,77.27,4.05,16.04,29.31,4.33,4.28,4.62,2.34,128.538,316.528,273.281,99.2925,71.8,,47.32600021362305,2638.39990234375,97.88999938964844,2.9599999999999937,43.27600021362305,0.33999999999999986,5,Normalization,0,0,0
2025-01-07,104.20545959472656,141.57772827148438,97.51165008544922,50.200862884521484,220.87982177734375,,15.061455726623535,51.05490493774414,17.766647338867188,87.05267333984375,580.2132568359375,74.99,77.84,3.8,17.82,31.09,4.33,4.3,4.67,2.38,128.613,316.528,273.281,99.2925,71.8,,47.4739990234375,2656.699951171875,102.77999877929688,2.8500000000000085,43.6739990234375,0.3700000000000001,5,Normalization,0,0,0
2025-01-08,102.4615249633789,142.2497100830078,97.46369934082031,49.850284576416016,222.54006958007812,,14.995147705078125,50.600948333740234,17.985427856445312,87.07172393798828,581.0609741210938,73.99,77.37,3.75,17.7,31.56,4.33,4.28,4.67,2.4,129.0785,316.528,273.281,99.2925,71.8,,45.558998107910156,2664.5,100.76000213623047,3.3800000000000097,41.808998107910156,0.3899999999999997,5,Normalization,0,0,0
2025-01-10,102.08781433105469,144.93759155273438,97.75143432617188,49.95740509033203,222.5697021484375,,16.321311950683594,52.97694396972656,17.702836990356445,87.10026550292969,572.189697265625,77.27,79.76,4.13,19.54,33.91,4.33,4.4,4.77,2.43,129.8664,316.528,273.281,99.2925,71.8,,45.007999420166016,2708.5,96.56999969482422,2.490000000000009,40.87799942016601,0.3699999999999992,5,Normalization,0,0,0
2025-01-13,104.722900390625,147.0292205810547,99.96694946289062,51.30128860473633,226.7400360107422,,17.334882736206055,54.68650436401367,17.748414993286133,87.10977935791016,573.0768432617188,79.57,82.69,4.4,19.19,33.98,4.33,4.4,4.79,2.45,130.0413,316.528,273.281,99.2925,71.8,,48.26100158691406,2673.5,103.51000213623047,3.1200000000000045,43.861001586914064,0.3899999999999997,5,Normalization,0,0,0
2025-01-14,105.13491821289062,148.49620056152344,100.5903549194336,50.71699142456055,240.22940063476562,,17.476974487304688,54.425724029541016,18.167743682861328,87.12879943847656,573.8653564453125,78.2,82.39,4.32,18.71,33.51,4.33,4.37,4.78,2.44,129.3812,316.528,273.281,99.2925,71.8,,46.946998596191406,2677.5,101.98999786376953,4.189999999999998,42.626998596191406,0.41000000000000014,5,Normalization,0,0,0
2025-01-15,106.85012817382812,149.84959411621094,101.16582489013672,51.320770263671875,242.986572265625,,17.713787078857422,54.55128479003906,18.268016815185547,87.13832092285156,584.303955078125,80.73,83.48,4.45,16.12,32.93,4.33,4.27,4.66,2.42,129.2092,316.528,273.281,99.2925,71.8,,47.00600051879883,2712.5,93.0999984741211,2.75,42.556000518798825,0.39000000000000057,5,Normalization,0,0,0
2025-01-16,106.66806030273438,150.84336853027344,101.2905044555664,50.93123245239258,250.67501831054688,,16.567602157592773,52.56163024902344,18.459447860717773,87.13832092285156,583.1802368164062,79.35,82.39,4.3,16.6,33.13,4.33,4.23,4.61,2.42,129.436,316.528,273.281,99.2925,71.8,,46.24100112915039,2746.39990234375,92.72000122070312,3.0400000000000063,41.94100112915039,0.3799999999999999,5,Normalization,0,0,0
2025-01-17,107.62627410888672,152.82142639160156,101.52069091796875,50.60987091064453,249.78562927246094,,16.4444580078125,51.016265869140625,18.49591064453125,87.1858901977539,589.0353393554688,78.56,83.02,9.86,15.97,33.52,4.33,4.27,4.61,2.41,129.4859,316.528,273.281,99.2925,71.8,,46.887001037597656,2744.300048828125,95.5999984741211,4.459999999999994,37.02700103759766,0.34000000000000075,5,Normalization,0,0,0
2025-01-21,106.8117904663086,149.76441955566406,100.01490783691406,49.22703552246094,246.6924591064453,,15.535087585449219,46.206329345703125,19.06108856201172,87.1858901977539,594.4271240234375,76.79,80.57,4.4,15.06,35.1,4.33,4.29,4.57,2.38,128.4151,316.528,273.281,99.2925,71.8,,50.027000427246094,2755.0,96.77999877929688,3.779999999999987,45.627000427246095,0.28000000000000025,5,Normalization,0,0,0
2025-01-22,104.9528579711914,148.03244018554688,98.84480285644531,48.88619613647461,230.6138916015625,,15.762428283691406,46.129058837890625,19.070205688476562,87.20494842529297,597.7686767578125,76.12,80.0,3.91,15.1,34.68,4.33,4.29,4.6,2.4,128.3402,316.528,273.281,99.2925,71.8,,48.715999603271484,2767.60009765625,89.9000015258789,3.8799999999999955,44.80599960327149,0.3099999999999996,5,Normalization,0,0,0
2025-01-23,105.54695892333984,147.6538543701172,99.73676300048828,49.02252960205078,231.532958984375,,15.961356163024902,46.09042739868164,19.19782257080078,87.20494842529297,601.0313110351562,75.03,78.62,3.91,15.02,34.18,4.33,4.29,4.65,2.42,128.2162,316.528,273.281,99.2925,71.8,,49.12300109863281,2763.10009765625,88.51000213623047,3.5900000000000034,45.213001098632816,0.3600000000000003,5,Normalization,0,0,0
2025-01-24,104.11921691894531,147.31314086914062,97.66510772705078,48.0000114440918,229.13156127929688,23.801712036132812,15.156182289123535,44.883113861083984,19.18870735168457,87.24300384521484,599.2766723632812,74.97,78.71,3.84,14.85,29.98,4.33,4.27,4.63,2.43,127.4611,316.528,273.281,99.2925,71.8,,49.70199966430664,2777.300048828125,86.75,3.739999999999995,45.86199966430664,0.3600000000000003,5,Normalization,0,0,0
2025-01-27,105.56611633300781,148.8085174560547,98.48994445800781,48.26294708251953,221.8186492919922,19.765336990356445,15.108819007873535,45.09560012817383,18.058353424072266,87.25251007080078,590.7997436523438,73.51,77.3,3.71,17.9,35.98,4.33,4.17,4.53,2.4,128.0912,316.528,273.281,99.2925,71.8,,47.86199951171875,2737.5,95.05000305175781,3.789999999999992,44.15199951171875,0.3600000000000003,5,Normalization,0,0,0
2025-01-28,103.52513122558594,147.84315490722656,97.23350524902344,47.71759796142578,223.80499267578125,19.834760665893555,15.54455852508545,44.78652572631836,18.550607681274414,87.25251007080078,595.8761596679688,74.15,78.01,3.4,16.41,31.95,4.33,4.19,4.55,2.42,128.2817,316.528,273.281,99.2925,71.8,,48.2239990234375,2766.800048828125,92.83000183105469,3.8599999999999994,44.8239990234375,0.35999999999999943,5,Normalization,0,0,0
2025-01-29,104.12879943847656,147.35098266601562,97.4061508178711,47.55205154418945,225.35650634765625,19.785173416137695,16.04660987854004,46.148372650146484,18.714691162109375,87.26201629638672,593.204833984375,72.94,77.02,3.38,16.56,33.02,4.33,4.21,4.55,2.4,128.3418,316.528,273.281,99.2925,71.8,,51.15599822998047,2769.10009765625,90.7300033569336,4.079999999999998,47.775998229980466,0.33999999999999986,5,Normalization,0,0,0
2025-01-30,104.99119567871094,147.94728088378906,97.31024169921875,47.63969421386719,227.4910888671875,20.21162223815918,16.558130264282227,46.29325866699219,19.2160587310791,87.27154541015625,596.3886108398438,73.1,77.42,3.12,15.84,31.05,4.33,4.18,4.52,2.38,128.1004,316.528,273.281,99.2925,71.8,,51.72600173950195,2823.0,90.54000091552734,4.320000000000007,48.606001739501956,0.33999999999999986,5,Normalization,0,0,0
2025-01-31,102.36569213867188,141.19915771484375,94.78781127929688,45.42910385131836,221.01817321777344,20.281042098999023,16.406566619873047,45.993839263916016,18.669109344482422,87.30008697509766,593.2147216796875,72.84,77.11,2.93,16.43,29.96,4.33,4.22,4.58,2.42,128.4828,316.528,273.281,99.2925,71.8,,53.23699951171875,2812.5,91.76000213623047,4.269999999999996,50.30699951171875,0.3600000000000003,5,Normalization,0,0,0
2025-02-03,102.61483001708984,141.3411102294922,94.45213317871094,45.15642547607422,226.85861206054688,21.262863159179688,16.624435424804688,46.31257629394531,18.924352645874023,87.32489776611328,589.2225952148438,73.52,76.49,3.3,18.62,35.3,4.33,4.26,4.54,2.45,129.109,316.528,273.281,99.2925,71.8,,53.79399871826172,2833.89990234375,94.1500015258789,2.969999999999999,50.49399871826172,0.28000000000000025,5,Normalization,0,0,0
2025-02-04,105.3648910522461,145.01332092285156,96.46623229980469,46.344505310058594,225.3268585205078,20.281042098999023,17.87482261657715,48.39881134033203,18.933467864990234,87.32489776611328,593.1753540039062,73.04,76.58,3.25,17.21,33.62,4.33,4.21,4.52,2.44,128.1083,316.528,273.281,99.2925,71.8,,52.04800033569336,2853.300048828125,90.27999877929688,3.539999999999992,48.79800033569336,0.3099999999999996,5,Normalization,0,0,0
2025-02-05,105.28823852539062,144.79563903808594,96.11136627197266,46.12051773071289,227.8765106201172,19.517404556274414,17.514862060546875,47.92554473876953,18.95170021057129,87.33447265625,595.580322265625,71.39,74.71,3.22,15.77,34.25,4.33,4.17,4.43,2.42,127.9751,316.528,273.281,99.2925,71.8,,53.4379997253418,2871.60009765625,94.68000030517578,3.319999999999993,50.2179997253418,0.2599999999999998,5,Normalization,0,0,0
2025-02-06,103.89884185791016,143.7639923095703,95.8524169921875,45.75046920776367,216.04736328125,17.335580825805664,16.99386978149414,46.979007720947266,18.568838119506836,87.35355377197266,597.650390625,70.97,74.54,3.31,15.5,36.25,4.33,4.21,4.45,2.42,128.2017,316.528,273.281,99.2925,71.8,,54.50199890136719,2856.0,93.9000015258789,3.5700000000000074,51.191998901367185,0.2400000000000002,5,Normalization,0,0,0
2025-02-07,104.33960723876953,144.4454345703125,94.33702087402344,45.555702209472656,215.40353393554688,17.395084381103516,16.89914321899414,45.48194122314453,18.462305068969727,87.37265014648438,592.1797485351562,71.32,74.68,3.32,16.54,29.66,4.33,4.29,4.49,2.42,128.4292,316.528,273.281,99.2925,71.8,,55.722999572753906,2867.300048828125,93.12999725341797,3.3600000000000136,52.402999572753906,0.20000000000000018,5,Normalization,0,0,0
2025-02-10,106.33269500732422,147.42674255371094,95.41122436523438,47.113826751708984,219.40513610839844,17.06781005859375,16.832836151123047,46.447792053222656,18.610525131225586,87.38220977783203,596.2013549804688,72.73,76.23,3.48,15.81,32.09,4.33,4.28,4.51,2.44,128.6382,316.528,273.281,99.2925,71.8,,58.03900146484375,2914.300048828125,87.68000030517578,3.5,54.55900146484375,0.22999999999999954,5,Normalization,0,0,0
2025-02-11,107.0034408569336,149.00726318359375,97.55001831054688,47.337806701660156,217.11709594726562,16.363676071166992,16.482349395751953,46.53471755981445,18.35114288330078,87.39175415039062,596.65478515625,73.67,77.65,3.65,16.02,29.76,4.33,4.29,4.54,2.46,128.4322,316.528,273.281,99.2925,71.8,,57.76599884033203,2912.5,85.58000183105469,3.980000000000004,54.11599884033203,0.25,5,Normalization,0,0,0
2025-02-12,103.78404998779297,146.60333251953125,94.37539672851562,46.57822036743164,207.33099365234375,15.104168891906738,16.76652717590332,46.22564697265625,18.202926635742188,87.40130615234375,594.732666015625,71.72,75.38,3.97,15.89,31.79,4.33,4.36,4.62,2.46,128.3288,316.528,273.281,99.2925,71.8,,55.6609992980957,2909.0,86.58000183105469,3.6599999999999966,51.690999298095704,0.2599999999999998,5,Normalization,0,0,0
2025-02-13,104.53813934326172,147.5308380126953,92.9367446899414,46.626914978027344,207.99462890625,15.163674354553223,16.38762092590332,43.13492202758789,18.36040687561035,87.42040252685547,601.0115966796875,71.66,75.61,4.43,15.1,31.47,4.33,4.31,4.52,2.44,127.8931,316.528,273.281,99.2925,71.8,,51.382999420166016,2925.89990234375,84.56999969482422,3.950000000000003,46.952999420166016,0.20999999999999996,5,Normalization,0,0,0
2025-02-14,104.64449310302734,148.65045166015625,93.07211303710938,46.80220413208008,211.4910888671875,15.828139305114746,16.738107681274414,42.62302017211914,18.517885208129883,87.44904327392578,600.9820556640625,71.05,75.19,4.6,14.77,28.46,4.33,4.26,4.47,2.43,127.1491,316.528,273.281,99.2925,71.8,,50.685001373291016,2883.60009765625,84.66999816894531,4.140000000000001,46.085001373291014,0.20999999999999996,5,Normalization,0,0,0
2025-02-18,106.48137664794922,149.43511962890625,94.22270202636719,47.56178665161133,213.600830078125,16.790124893188477,16.709692001342773,42.28497314453125,18.805055618286133,87.4681396484375,602.746337890625,72.21,76.46,6.4,15.35,27.47,4.33,4.29,4.55,2.45,127.2906,316.528,273.281,99.2925,71.8,,49.21500015258789,2931.60009765625,84.51000213623047,4.25,42.81500015258789,0.2599999999999998,5,Normalization,0,0,0
2025-02-19,106.63606262207031,150.45904541015625,96.27249908447266,49.655521392822266,216.73080444335938,15.976899147033691,16.510765075683594,41.40604782104492,18.638315200805664,87.47769165039062,604.1658325195312,72.58,76.34,7.15,15.27,28.36,4.33,4.28,4.53,2.45,127.7317,316.528,273.281,99.2925,71.8,,48.263999938964844,2919.39990234375,83.86000061035156,3.760000000000005,41.113999938964845,0.25,5,Normalization,0,0,0
2025-02-20,108.27958679199219,151.9518585205078,98.62201690673828,50.72673034667969,224.7637481689453,16.40334701538086,15.876099586486816,40.97141647338867,18.47157096862793,87.49678039550781,601.65234375,72.88,76.95,5.62,15.66,29.3,4.33,4.28,4.5,2.45,127.1126,316.528,273.281,99.2925,71.8,,47.49399948120117,2940.0,86.26000213623047,4.070000000000007,41.873999481201174,0.21999999999999975,5,Normalization,0,0,0
2025-02-21,107.01311492919922,150.16241455078125,94.69647979736328,49.10043716430664,219.05848693847656,15.243013381958008,15.667704582214355,39.822052001953125,17.962072372436523,87.52543640136719,591.3615112304688,70.72,74.88,4.43,18.21,35.79,4.33,4.19,4.42,2.42,127.1408,316.528,273.281,99.2925,71.8,,47.19499969482422,2937.60009765625,91.83000183105469,4.159999999999997,42.76499969482422,0.22999999999999954,5,Normalization,0,0,0
2025-02-24,107.5738296508789,151.09063720703125,95.54733276367188,48.555091857910156,217.69158935546875,15.054583549499512,15.487723350524902,40.5174674987793,17.573001861572266,87.53498840332031,588.670654296875,71.06,74.89,3.86,18.98,31.3,4.33,4.13,4.4,2.42,127.1921,316.528,273.281,99.2925,71.8,,47.14400100708008,2947.89990234375,88.44000244140625,3.8299999999999983,43.28400100708008,0.27000000000000046,5,Normalization,0,0,0
2025-02-25,106.08500671386719,149.68394470214844,93.86495208740234,47.610477447509766,213.98712158203125,13.99342155456543,14.938312530517578,39.75444030761719,17.52668571472168,87.53498840332031,585.7431030273438,69.15,73.11,3.88,19.43,32.77,4.33,4.07,4.3,2.38,127.3752,316.528,273.281,99.2925,71.8,,44.29100036621094,2904.5,96.61000061035156,3.9599999999999937,40.411000366210935,0.22999999999999954,5,Normalization,0,0,0
2025-02-26,105.82396697998047,148.4590606689453,92.94641876220703,47.27937698364258,216.90911865234375,14.082679748535156,15.127765655517578,39.368099212646484,17.74901008605957,87.5541000366211,586.0387573242188,68.87,73.49,3.9,19.1,33.36,4.33,4.05,4.25,2.36,127.2822,316.528,273.281,99.2925,71.8,,41.33599853515625,2916.800048828125,97.5199966430664,4.61999999999999,37.43599853515625,0.20000000000000018,5,Normalization,0,0,0
2025-02-27,106.49104309082031,149.9231719970703,94.14535522460938,47.37676239013672,217.84014892578125,13.80499267578125,14.502572059631348,38.08351516723633,17.54521369934082,87.56363677978516,576.6844482421875,70.62,75.01,3.91,21.13,31.72,4.33,4.07,4.29,2.37,127.9704,316.528,273.281,99.2925,71.8,,44.93000030517578,2883.199951171875,96.2699966430664,4.390000000000001,41.020000305175785,0.21999999999999975,5,Normalization,0,0,0
2025-02-28,107.63184356689453,151.7891845703125,95.86640167236328,47.56178665161133,226.38815307617188,14.965326309204102,15.203544616699219,38.489173889160156,17.86943817138672,87.5827407836914,585.6838989257812,69.97,74.76,3.91,19.63,29.97,4.33,3.99,4.24,2.38,128.2805,316.528,273.281,99.2925,71.8,,44.31999969482422,2836.800048828125,104.45999908447266,4.790000000000006,40.40999969482422,0.25,5,Normalization,0,0,0
2025-03-03,104.18043518066406,146.49732971191406,89.56233215332031,45.234336853027344,218.75143432617188,13.795075416564941,15.374051094055176,38.006248474121094,17.62858772277832,87.6009292602539,575.4227905273438,68.63,72.85,3.8,22.78,38.52,4.33,3.96,4.16,2.36,127.75,316.528,273.281,99.2925,71.8,,45.2130012512207,2890.199951171875,105.6500015258789,4.219999999999999,41.413001251220706,0.20000000000000018,5,Normalization,0,0,0
2025-03-04,103.96773529052734,145.4542694091797,87.63823699951172,45.31224060058594,217.8896942138672,13.656233787536621,15.724538803100586,38.01591110229492,17.10982322692871,87.6009292602539,568.6115112304688,68.47,72.31,4.39,23.51,37.52,4.33,3.96,4.22,2.35,127.9966,316.528,273.281,99.2925,71.8,,43.4640007019043,2909.60009765625,108.87000274658203,3.8400000000000034,39.074000701904296,0.2599999999999998,5,Normalization,0,0,0
2025-03-05,101.9375,144.31552124023438,85.93651580810547,44.318939208984375,215.49269104003906,14.112430572509766,14.957257270812988,37.9193229675293,16.859708786010742,87.6104965209961,574.722900390625,66.58,70.92,4.4,21.93,35.04,4.33,3.99,4.28,2.34,126.504,316.528,273.281,99.2925,71.8,,41.507999420166016,2915.300048828125,104.31999969482422,4.340000000000003,37.10799942016602,0.29000000000000004,5,Normalization,0,0,0
2025-03-06,104.04508972167969,146.3633575439453,85.66578674316406,44.51369857788086,213.3631134033203,9.024816513061523,15.336162567138672,38.65337371826172,16.396530151367188,87.6200942993164,564.5209350585938,66.62,71.08,4.39,24.87,37.14,4.33,3.96,4.29,2.34,126.1099,316.528,273.281,99.2925,71.8,,38.2400016784668,2916.60009765625,108.94999694824219,4.459999999999994,33.850001678466796,0.33000000000000007,5,Normalization,0,0,0
2025-03-07,105.39857482910156,149.6073760986328,87.6285629272461,46.003662109375,218.10760498046875,9.153741836547852,15.705594062805176,38.6923942565918,16.1742000579834,87.65840911865234,567.6849975585938,67.29,72.49,4.39,23.37,29.75,4.33,3.99,4.32,2.33,125.9814,316.528,273.281,99.2925,71.8,,39.97100067138672,2904.699951171875,104.41000366210938,5.199999999999989,35.58100067138672,0.33000000000000007,5,Normalization,0,0,0
2025-03-10,108.08623504638672,150.784423828125,89.8233871459961,46.35602951049805,212.3627166748047,8.89243221282959,14.341537475585938,37.51191711425781,15.988931655883789,87.66798400878906,552.5643920898438,66.31,71.08,4.23,27.86,34.82,4.33,3.89,4.22,2.31,126.268,316.528,273.281,99.2925,71.8,,41.231998443603516,2891.0,112.5,4.769999999999996,37.00199844360351,0.3299999999999996,5,Normalization,0,0,0
2025-03-11,105.53392791748047,147.4447021484375,92.2502670288086,45.298927307128906,209.36151123046875,9.607803344726562,14.767805099487305,37.14118957519531,16.51695442199707,87.67755889892578,547.970947265625,66.52,71.51,4.57,26.92,31.83,4.33,3.94,4.28,2.31,126.0457,316.528,273.281,99.2925,71.8,,42.709999084472656,2912.89990234375,114.5999984741211,4.990000000000009,38.139999084472656,0.3400000000000003,5,Normalization,0,0,0
2025-03-12,105.50492858886719,146.09542846679688,94.51276397705078,45.122737884521484,213.11550903320312,10.18407154083252,14.748860359191895,37.11191940307617,17.044979095458984,87.68714141845703,550.8787841796875,67.65,72.36,4.18,24.23,31.09,4.33,4.01,4.32,2.33,125.8664,316.528,273.281,99.2925,71.8,,42.25400161743164,2939.10009765625,104.11000061035156,4.709999999999994,38.07400161743164,0.3100000000000005,5,Normalization,0,0,0
2025-03-13,105.0602035522461,146.99493408203125,93.00443267822266,44.48651885986328,209.539794921875,9.617738723754883,14.805694580078125,37.81435012817383,16.831918716430664,87.706298828125,543.535400390625,66.82,70.82,3.89,24.66,32.8,4.33,3.94,4.27,2.29,126.0031,316.528,273.281,99.2925,71.8,,42.07600021362305,2984.300048828125,106.19000244140625,4.0,38.186000213623046,0.3299999999999996,5,Normalization,0,0,0
2025-03-14,108.18291473388672,150.2581024169922,95.67302703857422,45.54362487792969,216.45347595214844,10.64111328125,14.805695533752441,38.60458755493164,17.350675582885742,87.7254638671875,554.7625122070312,67.43,71.94,3.89,21.77,33.52,4.33,4.02,4.31,2.3,125.6942,316.528,273.281,99.2925,71.8,,42.290000915527344,2994.5,101.01000213623047,4.509999999999991,38.40000091552734,0.29000000000000004,5,Normalization,0,0,0
2025-03-17,109.98112487792969,151.8848876953125,96.0694580078125,46.25815200805664,220.4055633544922,11.217382431030273,15.266274452209473,39.31678009033203,17.50815773010254,87.74461364746094,559.0404052734375,67.84,71.93,4.15,20.51,30.9,4.33,4.06,4.31,2.29,125.3688,316.528,273.281,99.2925,71.8,,41.24800109863281,3000.0,99.77999877929688,4.090000000000003,37.098001098632814,0.25,5,Normalization,0,0,0
2025-03-18,109.86510467529297,153.8848876953125,97.20069885253906,46.63988494873047,221.9011993408203,10.819955825805664,15.170321464538574,39.78506851196289,17.304359436035156,87.74461364746094,552.9981079101562,67.49,71.93,4.17,21.7,36.12,4.33,4.04,4.29,2.3,125.488,316.528,273.281,99.2925,71.8,,40.755001068115234,3035.10009765625,96.68000030517578,4.440000000000012,36.58500106811523,0.25,5,Normalization,0,0,0
2025-03-19,111.5763168334961,156.98536682128906,97.97420501708984,46.94330978393555,225.11041259765625,11.127962112426758,15.947547912597656,40.526527404785156,17.54521369934082,87.75418853759766,559.0206909179688,67.4,71.94,4.21,19.9,33.87,4.33,3.99,4.25,2.31,125.8006,316.528,273.281,99.2925,71.8,,43.35499954223633,3035.89990234375,91.4000015258789,4.539999999999992,39.14499954223633,0.2599999999999998,5,Normalization,0,0,0
2025-03-20,112.05004119873047,157.67434692382812,98.92174530029297,46.94330978393555,228.04229736328125,11.704230308532715,16.1970272064209,41.15091323852539,17.46183967590332,87.77336120605469,557.4041137695312,68.55,72.61,4.23,19.8,29.72,4.33,3.95,4.24,2.31,125.985,316.528,273.281,99.2925,71.8,,42.85499954223633,3040.0,95.73999786376953,4.060000000000002,38.624999542236324,0.29000000000000004,5,Normalization,0,0,0
2025-03-21,111.66332244873047,157.65521240234375,98.54467010498047,46.923736572265625,224.6746063232422,11.535323143005371,15.448587417602539,38.682640075683594,17.23025131225586,87.80208587646484,557.5880126953125,68.52,72.64,3.93,19.28,28.43,4.33,3.94,4.25,2.33,126.2679,316.528,273.281,99.2925,71.8,,42.60499954223633,3018.199951171875,94.54000091552734,4.1200000000000045,38.67499954223633,0.31000000000000005,5,Normalization,0,0,0
2025-03-24,111.95336151123047,157.91358947753906,98.80572509765625,46.90415954589844,231.37037658691406,11.495580673217773,15.630900382995605,39.00458526611328,17.48963165283203,87.80208587646484,567.5736083984375,69.46,73.96,4.03,17.48,29.67,4.33,4.04,4.34,2.36,126.1956,316.528,273.281,99.2925,71.8,,42.74800109863281,3013.10009765625,95.22000122070312,4.5,38.71800109863281,0.2999999999999998,5,Normalization,0,0,0
2025-03-25,112.71710968017578,158.7939910888672,99.15380859375,47.97105407714844,229.7954864501953,11.396225929260254,15.43899154663086,38.16556930541992,17.48963165283203,87.81168365478516,568.93798828125,69.48,73.78,3.94,17.15,28.27,4.33,3.96,4.31,2.35,126.0535,316.528,273.281,99.2925,71.8,,41.55500030517578,3023.699951171875,93.56999969482422,4.299999999999997,37.61500030517578,0.34999999999999964,5,Normalization,0,0,0
2025-03-26,114.34130859375,160.73655700683594,99.78227996826172,48.695369720458984,230.24119567871094,11.167703628540039,15.112748146057129,38.3216667175293,17.535945892333984,87.82124328613281,562.1458740234375,70.05,74.6,3.85,18.33,28.84,4.33,3.98,4.35,2.37,126.2364,316.528,273.281,99.2925,71.8,,40.869998931884766,3020.89990234375,91.41000366210938,4.549999999999997,37.019998931884764,0.36999999999999966,5,Normalization,0,0,0
2025-03-27,113.97393035888672,159.473388671875,99.41485595703125,48.460453033447266,224.63497924804688,10.581499099731445,14.306735038757324,37.12167739868164,17.48963165283203,87.84040832519531,560.6529541015625,70.3,74.72,3.88,18.69,28.49,4.33,3.97,4.38,2.39,126.3626,316.528,273.281,99.2925,71.8,,41.20199966430664,3060.199951171875,91.02999877929688,4.420000000000002,37.32199966430664,0.4099999999999997,5,Normalization,0,0,0
2025-03-28,113.81925964355469,158.93751525878906,98.97976684570312,47.79486846923828,224.08029174804688,9.886001586914062,14.364307403564453,37.34606170654297,17.332149505615234,87.86914825439453,549.3623657226562,69.74,74.69,3.89,21.65,28.7,4.33,3.89,4.27,2.37,126.4187,316.528,273.281,99.2925,71.8,,40.58700180053711,3086.5,96.83000183105469,4.950000000000003,36.69700180053711,0.37999999999999945,5,Normalization,0,0,0
2025-03-31,114.97938537597656,160.08583068847656,101.54199981689453,48.313636779785156,229.201171875,10.233750343322754,14.249162673950195,36.663143157958984,17.220989227294922,87.86914825439453,553.0501098632812,71.87,77.23,4.11,22.28,30.88,4.33,3.89,4.23,2.38,126.7075,316.528,273.281,99.2925,71.8,,40.66699981689453,3122.800048828125,101.3499984741211,5.359999999999999,36.55699981689453,0.3400000000000003,5,Normalization,0,0,0
2025-04-01,115.08573913574219,161.25326538085938,101.89974975585938,48.147239685058594,228.75546264648438,9.935680389404297,14.421879768371582,37.17045211791992,17.350675582885742,87.88932800292969,554.6121215820312,71.61,77.78,3.96,21.77,30.57,4.33,3.87,4.17,2.33,126.4338,320.302,277.343,101.1279,52.2,,42.45000076293945,3118.89990234375,104.7300033569336,6.170000000000002,38.49000076293945,0.2999999999999998,5,Normalization,0,0,0
2025-04-02,114.72802734375,159.3011474609375,102.58624267578125,48.284271240234375,232.3905792236328,9.895936965942383,14.34511661529541,36.51680374145508,17.535945892333984,87.89894104003906,558.1219482421875,72.12,77.27,4.04,21.51,29.98,4.33,3.91,4.2,2.32,126.3811,320.302,277.343,101.1279,52.2,,41.26300048828125,3139.89990234375,106.38999938964844,5.1499999999999915,37.22300048828125,0.29000000000000004,5,Normalization,0,0,0
2025-04-03,108.69530487060547,149.3968505859375,92.09556579589844,42.969383239746094,217.97885131835938,8.922239303588867,13.759798049926758,33.550968170166016,16.424318313598633,87.90855407714844,530.6172485351562,67.43,72.54,4.21,30.02,35.45,4.33,3.71,4.06,2.28,124.7316,320.302,277.343,101.1279,52.2,,39.202999114990234,3097.0,112.0,5.109999999999999,34.99299911499023,0.34999999999999964,5,Normalization,0,1,0
2025-04-04,100.87403869628906,137.1097869873047,83.43229675292969,39.680606842041016,195.37570190429688,7.431888580322266,12.310893058776855,31.08269691467285,14.969938278198242,87.9374008178711,499.5533447265625,62.42,68.36,4.04,45.31,44.72,4.33,3.68,4.01,2.18,125.8129,320.302,277.343,101.1279,52.2,,36.4010009765625,3012.0,125.70999908447266,5.939999999999998,32.3610009765625,0.3299999999999996,5,Normalization,0,1,0
2025-04-07,99.52055358886719,134.11459350585938,82.83282470703125,37.92855453491211,200.2786407470703,6.9549760818481445,13.711820602416992,34.4973030090332,14.7012939453125,87.94699096679688,498.6635437011719,61.05,66.13,3.97,46.98,52.81,4.33,3.73,4.15,2.19,126.8282,320.302,277.343,101.1279,52.2,,37.0,2951.300048828125,137.3000030517578,5.079999999999998,33.03,0.4200000000000004,5,Normalization,0,1,0
2025-04-08,97.4226303100586,131.0332489013672,79.92251586914062,35.34451675415039,203.2105255126953,7.769701957702637,12.685112953186035,32.48756408691406,14.497495651245117,87.96624755859375,490.8531188964844,60.04,64.86,3.85,52.33,55.26,4.33,3.71,4.26,2.22,126.8668,320.302,277.343,101.1279,52.2,,36.23099899291992,2968.39990234375,139.8800048828125,4.82,32.38099899291992,0.5499999999999998,5,Normalization,1,1,0
2025-04-09,102.28553771972656,139.74136352539062,88.47943115234375,39.37717819213867,215.7601318359375,8.673847198486328,13.769392967224121,33.56072998046875,15.442378997802734,87.96624755859375,542.4022216796875,62.63,67.3,3.42,33.62,42.9,4.33,3.91,4.34,2.27,126.628,320.302,277.343,101.1279,52.2,,33.66600036621094,3056.5,128.8300018310547,4.669999999999995,30.246000366210936,0.4299999999999997,5,Normalization,0,1,0
2025-04-10,96.61052703857422,129.16722106933594,80.53164672851562,35.69688415527344,210.81752014160156,7.759765625,13.462340354919434,32.477806091308594,14.738349914550781,87.97584533691406,518.6346435546875,60.57,65.37,3.7,40.72,49.0,4.33,3.84,4.4,2.19,125.089,320.302,277.343,101.1279,52.2,,33.292999267578125,3155.199951171875,128.35000610351562,4.800000000000004,29.592999267578126,0.5600000000000005,5,Normalization,0,1,0
2025-04-11,99.71390533447266,129.78924560546875,83.52898406982422,36.87144470214844,218.21656799316406,8.2267427444458,14.87286376953125,34.819252014160156,15.127419471740723,88.01429748535156,527.8885498046875,61.91,66.83,3.44,37.56,50.88,4.33,3.96,4.48,2.2,124.0163,320.302,277.343,101.1279,52.2,,33.4630012512207,3222.199951171875,137.25999450683594,4.920000000000002,30.023001251220702,0.5200000000000005,5,Normalization,0,1,0
2025-04-14,99.95559692382812,129.49258422851562,83.58699035644531,37.0965690612793,219.54380798339844,8.365843772888184,14.383498191833496,33.492435455322266,15.581335067749023,88.01429748535156,533.009765625,61.99,67.18,3.57,30.89,47.76,4.33,3.84,4.38,2.23,123.6598,320.302,277.343,101.1279,52.2,,34.499000549316406,3204.800048828125,132.4600067138672,5.190000000000005,30.929000549316406,0.54,5,Normalization,0,1,0
2025-04-15,99.67523193359375,128.74615478515625,82.88116455078125,36.99869155883789,224.79347229003906,8.236678123474121,13.932516098022461,32.770484924316406,15.849979400634766,88.03352355957031,531.5169067382812,61.74,66.58,3.27,30.12,42.31,4.33,3.84,4.35,2.19,123.776,320.302,277.343,101.1279,52.2,,34.40700149536133,3218.699951171875,122.55999755859375,4.839999999999996,31.13700149536133,0.5099999999999998,5,Normalization,0,1,0
2025-04-16,100.72901916503906,129.5308837890625,83.4999771118164,37.63491439819336,225.28872680664062,8.822883605957031,14.172399520874023,33.29731369018555,15.673969268798828,88.04312133789062,519.702392578125,62.88,67.94,3.25,32.64,43.56,4.33,3.77,4.29,2.17,123.2724,320.302,277.343,101.1279,52.2,,35.3120002746582,3326.60009765625,119.4000015258789,5.059999999999995,32.0620002746582,0.52,5,Normalization,0,1,0
2025-04-17,103.36833190917969,131.93276977539062,86.03321075439453,38.86819839477539,229.25070190429688,8.564556121826172,14.815290451049805,34.468040466308594,15.998194694519043,88.08157348632812,520.44384765625,65.07,69.33,2.94,29.65,41.27,4.33,3.81,4.34,2.23,123.1298,320.302,277.343,101.1279,52.2,,35.65700149536133,3308.699951171875,114.63999938964844,4.260000000000005,32.71700149536133,0.5299999999999998,5,Normalization,0,1,0
2025-04-21,101.8504867553711,127.97105407714844,84.65056610107422,38.19282913208008,221.21775817871094,8.495006561279297,14.258757591247559,33.31682586669922,15.340481758117676,88.09120178222656,508.0558776855469,63.48,,3.16,33.82,41.21,4.33,3.75,4.42,2.22,122.3145,320.302,277.343,101.1279,52.2,,35.65700149536133,3406.199951171875,128.55999755859375,,32.49700149536133,0.6699999999999999,5,Normalization,0,1,0
2025-04-22,104.70249938964844,131.3873291015625,86.7873764038086,39.12268829345703,227.61639404296875,8.544685363769531,14.364307403564453,33.60950469970703,15.7295503616333,88.09120178222656,521.2743530273438,64.6,68.93,3.12,30.57,43.15,4.33,3.76,4.41,2.27,122.4175,320.302,277.343,101.1279,52.2,,34.24399948120117,3400.800048828125,118.3499984741211,4.3300000000000125,31.12399948120117,0.6500000000000004,5,Normalization,0,1,0
2025-04-23,103.80339050292969,130.7940216064453,86.95175170898438,38.985660552978516,225.92263793945312,8.912304878234863,15.06477165222168,34.3509635925293,15.840714454650879,88.11042785644531,529.3516845703125,62.64,68.26,3.12,28.45,43.56,4.33,3.81,4.4,2.29,123.0252,320.302,277.343,101.1279,52.2,,34.15999984741211,3276.300048828125,116.5999984741211,5.6200000000000045,31.03999984741211,0.5900000000000003,5,Normalization,0,0,0
2025-04-24,105.02152252197266,133.0811004638672,88.75982666015625,39.51420974731445,230.06292724609375,8.653977394104004,15.630900382995605,35.111934661865234,16.29463005065918,88.11042785644531,540.4940185546875,63.55,67.5,2.87,26.47,44.37,4.33,3.77,4.32,2.3,122.9251,320.302,277.343,101.1279,52.2,,33.57400131225586,3332.0,108.27999877929688,3.950000000000003,30.70400131225586,0.5500000000000003,5,Normalization,0,0,0
2025-04-25,104.9635238647461,132.7557373046875,88.68246459960938,39.50442123413086,230.96424865722656,8.574491500854492,15.889974594116211,36.39972686767578,16.164941787719727,88.14888000488281,544.3992309570312,63.85,66.99,2.71,24.84,43.53,4.33,3.74,4.29,2.27,122.8858,320.302,277.343,101.1279,52.2,,32.43199920654297,3282.39990234375,105.79000091552734,3.1399999999999935,29.721999206542968,0.5499999999999998,5,Normalization,0,0,0
2025-04-28,105.02152252197266,134.06674194335938,89.8523941040039,39.651241302490234,235.34226989746094,8.574491500854492,15.630900382995605,35.68754196166992,16.00745964050293,88.15847778320312,544.6068725585938,63.3,66.13,2.96,25.15,43.55,4.33,3.67,4.23,2.25,122.7176,320.302,277.343,101.1279,52.2,,32.39799880981445,3332.5,110.01000213623047,2.8299999999999983,29.437998809814452,0.5600000000000005,5,Normalization,0,0,0
2025-04-29,104.76050567626953,133.30117797851562,88.837158203125,39.494632720947266,235.57009887695312,8.544685363769531,16.053096771240234,36.877769470214844,15.78513240814209,88.15847778320312,548.0375366210938,61.84,64.04,3.17,24.17,48.41,4.33,3.65,4.19,2.23,122.5944,320.302,277.343,101.1279,52.2,,31.856000900268555,3318.800048828125,112.2699966430664,2.200000000000003,28.686000900268553,0.5400000000000005,5,Normalization,0,0,0
2025-04-30,102.1211929321289,130.20071411132812,86.16857147216797,38.574562072753906,228.9139404296875,8.336036682128906,16.129859924316406,36.77045822143555,15.321955680847168,88.16810607910156,548.2550659179688,59.55,63.37,3.12,24.7,54.46,4.33,3.6,4.17,2.23,122.5921,320.302,277.343,101.1279,52.2,,32.31700134277344,3305.0,112.4800033569336,3.8200000000000003,29.197001342773437,0.5699999999999998,5,Normalization,1,0,0
2025-05-01,102.2662124633789,130.39210510253906,87.64790344238281,39.582725524902344,228.29981994628906,8.644042015075684,16.081884384155273,37.41435623168945,15.312690734863281,88.1893081665039,552.1405029296875,60.59,62.37,3.08,24.6,51.96,4.33,3.7,4.25,2.25,123.1405,320.62,275.377,100.9655,52.2,,32.14899826049805,3210.0,107.33000183105469,1.779999999999994,29.06899826049805,0.5499999999999998,5,Normalization,0,0,0
2025-05-02,102.68192291259766,132.53564453125,88.38273620605469,39.749122619628906,233.54945373535156,8.763269424438477,16.436912536621094,38.789955139160156,15.442378997802734,88.21825408935547,560.3365478515625,59.67,61.57,3.1,22.68,50.59,4.33,3.83,4.33,2.27,122.4962,320.62,275.377,100.9655,52.2,,33.077999114990234,3231.89990234375,101.4000015258789,1.8999999999999986,29.977999114990233,0.5,5,Normalization,0,0,0
2025-05-05,99.8395767211914,129.6648406982422,84.70858001708984,37.98728561401367,233.27212524414062,8.495006561279297,17.070209503173828,39.697265625,14.997729301452637,88.21825408935547,557.1234130859375,58.5,,3.26,23.64,42.58,4.33,3.83,4.36,2.28,122.2613,320.62,275.377,100.9655,52.2,,32.93000030517578,3311.300048828125,104.44999694824219,,29.670000305175783,0.5300000000000002,5,Normalization,0,0,0
2025-05-06,101.23174285888672,129.7605438232422,84.72791290283203,38.44731521606445,232.2321014404297,8.644042015075684,16.85910987854004,39.6875114440918,14.645713806152344,88.237548828125,552.4667358398438,60.42,62.37,3.08,24.76,42.14,4.33,3.78,4.3,2.26,122.0417,320.62,275.377,100.9655,52.2,,34.74300003051758,3411.39990234375,106.18000030517578,1.9499999999999957,31.66300003051758,0.52,5,Normalization,0,0,0
2025-05-07,101.13507080078125,129.9423370361328,84.80526733398438,38.183040618896484,236.49122619628906,8.942112922668457,16.465700149536133,39.131412506103516,15.646177291870117,88.237548828125,554.7901611328125,59.42,60.31,3.18,23.55,42.66,4.33,3.78,4.26,2.25,122.117,320.62,275.377,100.9655,52.2,,34.53099822998047,3381.39990234375,99.87000274658203,0.8900000000000006,31.35099822998047,0.48,5,Normalization,0,0,0
2025-05-08,102.54656982421875,131.1385040283203,85.87850189208984,40.561527252197266,235.0550079345703,9.101082801818848,16.417722702026367,39.6875114440918,16.090831756591797,88.2568359375,558.6558227539062,61.25,62.22,3.23,22.48,40.6,4.33,3.9,4.37,2.29,122.7568,320.62,275.377,100.9655,52.2,,35.340999603271484,3296.60009765625,98.66000366210938,0.9699999999999989,32.11099960327149,0.4700000000000002,5,Normalization,0,0,0
2025-05-09,103.74537658691406,132.52609252929688,85.65612030029297,41.26626205444336,232.06732177734375,9.289861679077148,16.648012161254883,40.11677551269531,16.249452590942383,88.2857666015625,557.9440307617188,62.37,64.26,3.22,21.9,39.82,4.33,3.88,4.37,2.29,122.5191,320.62,275.377,100.9655,52.2,,34.61800003051758,3335.39990234375,100.4000015258789,1.8900000000000077,31.39800003051758,0.4900000000000002,5,Normalization,0,0,0
2025-05-12,105.53392791748047,135.52127075195312,89.21424865722656,42.93022537231445,228.7719268798828,9.846258163452148,16.801538467407227,41.08262252807617,16.466615676879883,88.2857666015625,576.3826904296875,63.32,65.28,3.19,18.39,37.5,4.33,3.98,4.45,2.29,123.4863,320.62,275.377,100.9655,52.2,,35.38999938964844,3220.0,102.9000015258789,1.9600000000000009,32.19999938964844,0.4700000000000002,5,Normalization,0,0,0
2025-05-13,105.82396697998047,136.2198486328125,91.05133056640625,43.44899368286133,230.99534606933594,10.651049613952637,17.118186950683594,41.209449768066406,16.995361328125,88.30506896972656,580.18896484375,65.04,66.93,3.27,18.22,36.71,4.33,4.02,4.49,2.32,122.9583,320.62,275.377,100.9655,52.2,,35.74399948120117,3240.300048828125,100.12999725341797,1.8900000000000006,32.47399948120117,0.47000000000000064,5,Normalization,0,0,0
2025-05-14,104.87652587890625,135.5691375732422,89.50431823730469,42.891075134277344,231.5214080810547,10.094650268554688,17.463621139526367,40.85823059082031,17.14642906188965,88.30506896972656,580.9304809570312,64.48,65.91,3.31,18.62,36.72,4.33,4.05,4.53,2.37,122.6746,320.62,275.377,100.9655,52.2,,35.04800033569336,3181.39990234375,100.7300033569336,1.4299999999999926,31.73800033569336,0.4800000000000004,5,Normalization,0,0,0
2025-05-15,105.94001770019531,136.1337127685547,89.88139343261719,42.45061111450195,233.9730987548828,9.77670955657959,17.33888053894043,40.67286682128906,16.9670352935791,88.31470489501953,583.7679443359375,63.03,64.36,3.2,17.83,37.4,4.33,3.96,4.45,2.34,122.8174,320.62,275.377,100.9655,52.2,,35.29399871826172,3220.699951171875,98.6500015258789,1.3299999999999983,32.093998718261716,0.4900000000000002,5,Normalization,0,0,0
2025-05-16,105.55950164794922,135.98062133789062,89.36894989013672,42.12760925292969,233.3279266357422,9.727030754089355,17.578763961791992,41.04359817504883,16.948152542114258,88.3532943725586,587.465576171875,63.84,65.2,3.01,17.24,37.88,4.33,3.98,4.43,2.34,123.0737,320.62,275.377,100.9655,52.2,,35.15599822998047,3182.0,96.69999694824219,1.3599999999999994,32.14599822998047,0.44999999999999973,5,Normalization,0,0,0
2025-05-19,103.88131713867188,134.1403045654297,88.1598129272461,41.4130859375,231.48170471191406,10.04497241973877,17.655527114868164,40.53628158569336,16.995361328125,88.3532943725586,588.108154296875,63.98,66.25,2.96,18.14,38.0,4.33,3.97,4.46,2.36,122.4186,320.62,275.377,100.9655,52.2,,35.224998474121094,3228.89990234375,103.80999755859375,2.270000000000003,32.26499847412109,0.48999999999999977,5,Normalization,0,0,0
2025-05-20,102.39826965332031,132.95860290527344,87.45773315429688,41.011775970458984,231.2236328125,10.333107948303223,17.271713256835938,40.59482192993164,17.127546310424805,88.3725814819336,586.130859375,63.97,66.93,3.15,18.09,34.62,4.33,3.97,4.48,2.35,122.3199,320.62,275.377,100.9655,52.2,,36.979000091552734,3280.300048828125,101.37000274658203,2.960000000000008,33.829000091552736,0.5100000000000002,5,Normalization,0,0,0
2025-05-21,101.1396484375,131.30230712890625,84.98094940185547,40.25809860229492,227.610595703125,10.333107948303223,16.983850479125977,39.921653747558594,16.768756866455078,88.38223266601562,576.2540893554688,62.93,65.86,3.2,20.87,39.12,4.33,4.0,4.58,2.35,121.7496,320.62,275.377,100.9655,52.2,,36.62099838256836,3309.300048828125,102.0999984741211,2.9299999999999997,33.42099838256836,0.5800000000000001,5,Normalization,0,0,0
2025-05-22,100.46642303466797,131.04078674316406,83.98633575439453,40.20915985107422,226.8165283203125,10.90937614440918,16.484891891479492,38.497276306152344,16.88205909729004,88.40151977539062,576.4815063476562,62.55,64.87,3.0,20.28,41.44,4.33,4.0,4.54,2.34,122.0429,320.62,275.377,100.9655,52.2,,36.35599899291992,3292.300048828125,99.47000122070312,2.3200000000000074,33.35599899291992,0.54,5,Normalization,0,0,0
2025-05-23,100.52495574951172,132.2515411376953,83.06973266601562,40.41470718383789,227.42201232910156,11.316740036010742,17.59795570373535,39.0728759765625,16.85373306274414,88.44010925292969,572.5465698242188,62.89,65.41,2.93,22.29,43.13,4.33,4.0,4.51,2.33,121.3837,320.62,275.377,100.9655,52.2,,36.45000076293945,3363.60009765625,100.91000366210938,2.519999999999996,33.52000076293945,0.5099999999999998,5,Normalization,0,0,0
2025-05-27,101.00304412841797,133.5010223388672,83.4207763671875,40.737709045410156,229.9431915283203,12.300373077392578,17.99136734008789,39.98019027709961,16.948152542114258,88.44010925292969,584.4501953125,61.61,64.32,3.2,18.96,41.94,4.33,3.92,4.43,2.32,121.6099,320.62,275.377,100.9655,52.2,,37.00600051879883,3299.10009765625,97.93000030517578,2.7099999999999937,33.806000518798825,0.5099999999999998,5,Normalization,0,0,0
2025-05-28,99.62732696533203,131.7478790283203,82.47492218017578,40.24831008911133,231.88865661621094,11.902944564819336,16.83991813659668,38.51678466796875,16.768756866455078,88.44974517822266,581.06884765625,62.54,65.72,3.09,19.31,40.42,4.33,3.96,4.47,2.32,121.9888,320.62,275.377,100.9655,52.2,,36.6870002746582,3293.60009765625,93.19999694824219,3.1799999999999997,33.5970002746582,0.5099999999999998,5,Normalization,0,0,0
2025-05-29,100.19322967529297,133.57852172851562,83.46953582763672,40.58110046386719,230.09207153320312,11.773781776428223,16.811134338378906,39.131412506103516,16.69322395324707,88.45938873291016,583.3626098632812,61.66,64.6,2.97,19.18,40.26,4.33,3.92,4.43,2.32,121.5617,320.62,275.377,100.9655,52.2,,35.15800094604492,3317.10009765625,92.66999816894531,2.9399999999999977,32.18800094604492,0.5099999999999998,5,Normalization,0,0,0
2025-05-30,99.81270599365234,132.40650939941406,83.22575378417969,39.91551971435547,235.2336883544922,11.495580673217773,17.54038429260254,39.160980224609375,16.504383087158203,88.48831939697266,582.7100830078125,61.46,64.32,2.86,18.57,40.71,4.33,3.89,4.41,2.34,121.7674,320.62,275.377,100.9655,52.2,,34.22800064086914,3288.89990234375,92.11000061035156,2.8599999999999923,31.36800064086914,0.52,5,Normalization,0,0,0
2025-06-02,100.54447937011719,133.5106964111328,84.56165313720703,40.561527252197266,241.4274444580078,11.714167594909668,17.386857986450195,39.052581787109375,16.504383087158203,88.50382232666016,585.992431640625,63.27,66.55,3.0,18.36,38.7,4.33,3.94,4.46,2.33,121.1881,320.62,275.377,100.9655,52.2,,35.01499938964844,3370.60009765625,95.76000213623047,3.279999999999994,32.01499938964844,0.52,6,12-Day War,0,0,1
2025-06-03,101.2762451171875,135.16700744628906,85.72203826904297,41.785030364990234,242.51930236816406,14.188150405883789,17.12778091430664,39.496028900146484,16.900941848754883,88.5231704711914,589.3341064453125,64.1,67.48,2.84,17.69,37.75,4.33,3.96,4.46,2.32,121.4592,320.62,275.377,100.9655,52.2,,35.847999572753906,3350.199951171875,100.0,3.3800000000000097,33.0079995727539,0.5,6,12-Day War,0,0,1
2025-06-04,99.81270599365234,133.0554656982422,83.8108139038086,41.02156448364258,239.1047821044922,14.814098358154297,17.42523765563965,39.574859619140625,16.551593780517578,88.5231704711914,589.1759033203125,63.57,66.69,2.8,17.61,37.7,4.33,3.87,4.37,2.31,121.0539,320.62,275.377,100.9655,52.2,,35.650001525878906,3373.5,96.9800033569336,3.1199999999999974,32.85000152587891,0.5,6,12-Day War,0,0,1
2025-06-05,99.35413360595703,132.6002197265625,83.22575378417969,40.9334716796875,242.0825653076172,14.019243240356445,17.396451950073242,38.944183349609375,16.683778762817383,88.53284454345703,586.3285522460938,64.06,67.14,2.86,18.48,34.89,4.33,3.92,4.4,2.29,120.9596,320.62,275.377,100.9655,52.2,,36.393001556396484,3350.699951171875,94.6500015258789,3.0799999999999983,33.533001556396485,0.4800000000000004,6,12-Day War,0,0,1
2025-06-06,101.73480224609375,135.8062744140625,85.04920196533203,41.638206481933594,241.28846740722656,15.122105598449707,16.91668128967285,39.10185241699219,16.92926788330078,88.56188201904297,592.3495483398438,65.3,68.02,2.68,16.77,35.72,4.33,4.04,4.51,2.31,121.161,320.62,275.377,100.9655,52.2,,36.250999450683594,3322.699951171875,89.6500015258789,2.719999999999999,33.570999450683594,0.46999999999999975,6,12-Day War,0,0,1
2025-06-09,102.41779327392578,136.3389892578125,85.84880065917969,42.3233757019043,227.08453369140625,15.638760566711426,16.772750854492188,39.09199523925781,16.721546173095703,88.58123779296875,592.8834838867188,65.99,68.73,3.13,17.16,34.42,4.33,4.01,4.49,2.31,120.9103,320.62,275.377,100.9655,52.2,,35.60499954223633,3332.10009765625,92.62000274658203,2.740000000000009,32.474999542236326,0.4800000000000004,6,12-Day War,0,0,1
2025-06-10,104.61308288574219,138.84764099121094,88.91064453125,43.21905517578125,228.4443817138672,16.948705673217773,16.83991813659668,39.12156295776367,16.985919952392578,88.5909194946289,596.2449340820312,65.66,68.41,2.79,16.95,35.05,4.33,4.01,4.47,2.29,121.0485,320.62,275.377,100.9655,52.2,,34.63800048828125,3320.89990234375,91.22000122070312,2.75,31.84800048828125,0.45999999999999996,6,12-Day War,0,0,1
2025-06-11,106.65225982666016,140.23272705078125,91.02664184570312,44.134422302246094,233.25843811035156,16.670204162597656,17.23332977294922,40.629268646240234,17.231409072875977,88.5909194946289,594.54443359375,68.91,71.29,2.73,17.26,43.24,4.33,3.94,4.41,2.27,120.587,320.62,275.377,100.9655,52.2,,35.91299819946289,3321.300048828125,89.36000061035156,2.3800000000000097,33.182998199462894,0.4700000000000002,6,12-Day War,0,0,1
2025-06-12,107.06206512451172,140.41676330566406,92.33329772949219,44.0556755065918,233.2981414794922,16.62047004699707,17.805191040039062,41.23038101196289,17.420246124267578,88.60059356689453,596.9073486328125,68.73,70.84,2.9,18.02,45.37,4.33,3.9,4.36,2.25,120.1723,320.62,275.377,100.9655,52.2,,36.176998138427734,3380.89990234375,88.98999786376953,2.1099999999999994,33.276998138427736,0.4600000000000004,6,12-Day War,0,0,1
2025-06-13,109.39395141601562,141.32723999023438,94.54679870605469,45.719085693359375,236.5736846923828,17.545488357543945,19.133068084716797,42.76765441894531,17.297500610351562,88.63929748535156,590.2338256835938,73.84,76.0,2.65,20.82,57.23,4.33,3.96,4.41,2.28,120.3245,320.62,275.377,100.9655,52.2,,37.89400100708008,3431.199951171875,95.30999755859375,2.1599999999999966,35.24400100708008,0.4500000000000002,6,12-Day War,1,0,1
2025-06-16,109.74520111083984,141.44346618652344,92.63557434082031,44.6167106628418,231.8787384033203,17.30677604675293,18.309202194213867,40.83620834350586,17.13698959350586,88.63929748535156,595.8494262695312,72.53,75.05,2.9,19.11,56.6,4.33,3.97,4.46,2.3,120.1565,320.62,275.377,100.9655,52.2,,37.90599822998047,3396.39990234375,93.4800033569336,2.519999999999996,35.00599822998047,0.48999999999999977,6,12-Day War,1,0,1
2025-06-17,111.22823333740234,144.17489624023438,93.12312316894531,45.2564811706543,234.24110412597656,17.615114212036133,19.162145614624023,43.5855598449707,16.92926788330078,88.65867614746094,590.7578125,75.62,78.7,2.9,21.6,71.56,4.33,3.94,4.39,2.31,120.5048,320.62,275.377,100.9655,52.2,,39.308998107910156,3386.60009765625,97.18000030517578,3.0799999999999983,36.40899810791016,0.44999999999999973,6,12-Day War,1,0,1
2025-06-18,110.43793487548828,143.53562927246094,91.46544647216797,44.63639450073242,233.31800842285156,18.18206024169922,18.948909759521484,43.654537200927734,16.88205909729004,88.67803192138672,590.6688232421875,75.89,78.38,3.43,20.14,66.86,4.33,3.94,4.38,2.31,120.7305,320.62,275.377,100.9655,52.2,,38.69300079345703,3389.800048828125,93.63999938964844,2.489999999999995,35.26300079345703,0.43999999999999995,6,12-Day War,1,0,1
2025-06-20,111.91121673583984,144.85292053222656,92.33329772949219,44.9119873046875,233.2088165283203,18.90814971923828,18.396434783935547,42.2847900390625,16.85373306274414,88.6973876953125,589.2816162109375,75.72,78.73,3.09,20.62,64.67,4.33,3.9,4.38,2.33,121.0408,320.62,275.377,100.9655,52.2,,40.92900085449219,3368.10009765625,90.0999984741211,3.010000000000005,37.839000854492184,0.48,6,12-Day War,1,0,1
2025-06-23,109.02317810058594,142.24740600585938,89.42745971679688,43.2584228515625,230.80674743652344,16.45138168334961,18.00873374938965,41.69353485107422,16.655454635620117,88.71675872802734,595.1022338867188,69.36,74.34,3.5,19.83,53.65,4.33,3.84,4.34,2.3,121.1694,320.62,275.377,100.9655,52.2,,40.52199935913086,3377.699951171875,95.02999877929688,4.980000000000004,37.02199935913086,0.5,6,12-Day War,1,0,1
2025-06-24,105.70584869384766,139.04136657714844,87.16519927978516,41.811553955078125,238.1717529296875,16.63041877746582,16.991018295288086,39.860633850097656,16.70266342163086,88.71675872802734,601.6764526367188,65.45,69.13,3.3,17.48,48.8,4.33,3.75,4.3,2.29,120.3645,320.62,275.377,100.9655,52.2,,35.6150016784668,3317.39990234375,92.62000274658203,3.6799999999999926,32.3150016784668,0.5499999999999998,6,12-Day War,0,0,1
2025-06-25,105.7351303100586,138.7313995361328,86.784912109375,41.75249481201172,234.56866455078125,16.07341766357422,17.117019653320312,40.333641052246094,16.683778762817383,88.72643280029297,602.0136108398438,65.98,68.4,3.26,16.76,42.75,4.33,3.74,4.29,2.28,120.3336,320.62,275.377,100.9655,52.2,,35.4010009765625,3327.10009765625,91.23999786376953,2.4200000000000017,32.1410009765625,0.5499999999999998,6,12-Day War,0,0,1
2025-06-26,107.31573486328125,139.90341186523438,88.62786102294922,42.48085403442383,240.2958984375,16.680150985717773,16.855321884155273,40.32378387451172,17.165313720703125,88.7361068725586,606.7236938476562,66.44,68.57,3.23,16.59,41.86,4.33,3.7,4.26,2.28,119.6451,320.62,275.377,100.9655,52.2,,34.02399826049805,3333.5,89.47000122070312,2.1299999999999955,30.793998260498046,0.5599999999999996,6,12-Day War,0,0,1
2025-06-27,106.72056579589844,139.27383422851562,87.92578887939453,41.92966842651367,238.22137451171875,15.605937004089355,16.457927703857422,39.811363220214844,17.184200286865234,88.77482604980469,609.7380981445312,66.66,69.37,3.23,16.32,41.23,4.33,3.73,4.29,2.29,119.659,320.62,275.377,100.9655,52.2,,33.08700180053711,3273.699951171875,87.93000030517578,2.710000000000008,29.85700180053711,0.56,6,12-Day War,0,0,1
2025-06-30,105.17898559570312,138.69268798828125,87.5064926147461,41.34894561767578,241.71530151367188,15.496525764465332,15.9054536819458,38.55986785888672,17.118104934692383,88.78451538085938,612.6533813476562,66.3,68.15,3.26,16.73,38.89,4.33,3.72,4.24,2.29,119.4088,320.62,275.377,100.9655,52.2,,32.89799880981445,3294.39990234375,90.26000213623047,1.8500000000000085,29.637998809814455,0.52,6,12-Day War,0,0,1
2025-07-01,106.58396911621094,140.99794006347656,89.70049285888672,42.18557357788086,234.2907257080078,14.840062141418457,15.99268627166748,39.31864929199219,16.815963745117188,88.800048828125,612.455078125,66.64,67.63,3.14,16.83,38.0,4.33,3.78,4.26,2.29,119.3436,322.169,274.85,101.894,61.7,,33.69300079345703,3336.699951171875,93.4800033569336,0.9899999999999949,30.55300079345703,0.48,0,Unclassified,0,0,0
2025-07-02,108.34996032714844,143.33221435546875,92.08951568603516,43.23873519897461,238.4893798828125,15.377169609069824,16.467620849609375,41.240230560302734,16.900941848754883,88.80975341796875,615.2315063476562,68.66,70.8,3.1,16.64,40.24,4.33,3.78,4.3,2.3,119.3037,322.169,274.85,101.894,61.7,,33.590999603271484,3348.0,91.37000274658203,2.1400000000000006,30.490999603271483,0.52,0,Unclassified,0,0,0
2025-07-03,109.47200012207031,143.70997619628906,91.34842681884766,43.110782623291016,237.8441925048828,15.47663402557373,16.903785705566406,41.83149337768555,16.9670352935791,88.85830688476562,620.0803833007812,68.13,70.42,3.24,16.38,37.75,4.33,3.88,4.35,2.33,119.2382,322.169,274.85,101.894,61.7,,33.62099838256836,3331.60009765625,86.08999633789062,2.2900000000000063,30.380998382568357,0.46999999999999975,0,Unclassified,0,0,0
2025-07-07,108.40850067138672,142.77044677734375,90.2465591430664,42.66786193847656,236.79205322265625,15.078777313232422,17.96027183532715,42.560707092285156,16.759313583374023,88.86802673339844,615.4595947265625,69.16,71.95,3.24,17.79,41.23,4.33,3.9,4.4,2.35,119.6201,322.169,274.85,101.894,61.7,,33.62099838256836,3332.199951171875,88.52999877929688,2.7900000000000063,30.380998382568357,0.5000000000000004,0,Unclassified,0,0,0
2025-07-08,111.41361999511719,148.42703247070312,93.4059066772461,45.03009796142578,235.02525329589844,15.675562858581543,17.70826530456543,42.25522994995117,16.8065242767334,88.86802673339844,615.1224365234375,69.55,72.5,3.2,16.81,35.71,4.33,3.9,4.42,2.35,119.8371,322.169,274.85,101.894,61.7,,34.21900177001953,3307.0,88.05000305175781,2.950000000000003,31.019001770019532,0.52,0,Unclassified,0,0,0
2025-07-09,111.0331039428711,148.21392822265625,92.1772689819336,44.852928161621094,234.21133422851562,16.3320255279541,17.359333038330078,41.11212921142578,16.655454635620117,88.87772369384766,618.8110961914062,69.61,71.98,3.08,15.94,34.17,4.33,3.86,4.34,2.33,119.7311,322.169,274.85,101.894,61.7,,34.30400085449219,3311.60009765625,84.30999755859375,2.3700000000000045,31.22400085449219,0.48,0,Unclassified,0,0,0
2025-07-10,112.13562774658203,149.32781982421875,92.99636840820312,45.12852478027344,232.494140625,16.769670486450195,17.882732391357422,44.88632583618164,16.466615676879883,88.89714813232422,620.5563354492188,67.78,70.38,3.11,15.78,32.8,4.33,3.86,4.35,2.34,119.8343,322.169,274.85,101.894,61.7,,35.16999816894531,3317.39990234375,81.58000183105469,2.5999999999999943,32.05999816894531,0.48999999999999977,0,Unclassified,0,0,0
2025-07-11,112.62347412109375,150.4320068359375,93.23040008544922,45.58129119873047,233.48672485351562,17.784202575683594,18.49336051940918,44.74836730957031,16.485498428344727,88.91657257080078,618.3748168945312,69.63,72.06,3.22,16.4,37.06,4.33,3.9,4.43,2.37,119.9214,322.169,274.85,101.894,61.7,,35.56100082397461,3356.0,85.4800033569336,2.430000000000007,32.34100082397461,0.5299999999999998,0,Unclassified,0,0,0
2025-07-14,111.15017700195312,146.88693237304688,91.82623291015625,44.36079788208008,239.74005126953125,16.69009780883789,18.0184268951416,44.925743103027344,16.513826370239258,88.9262924194336,619.5547485351562,68.19,70.96,3.21,17.2,33.53,4.33,3.9,4.43,2.39,120.2209,322.169,274.85,101.894,61.7,,35.45399856567383,3351.5,90.7300033569336,2.769999999999996,32.24399856567383,0.5299999999999998,0,Unclassified,0,0,0
2025-07-15,110.16474914550781,145.95712280273438,90.2465591430664,42.018245697021484,233.5859832763672,16.47127342224121,17.69857406616211,43.644683837890625,16.608245849609375,88.93598175048828,616.9072875976562,67.76,70.27,3.31,17.38,34.38,4.33,3.95,4.5,2.41,120.5105,322.169,274.85,101.894,61.7,,34.44499969482422,3329.800048828125,88.94999694824219,2.509999999999991,31.13499969482422,0.5499999999999998,0,Unclassified,0,0,0
2025-07-16,109.50127410888672,145.21128845214844,89.2324447631836,41.95919418334961,229.7943115234375,16.21266746520996,17.727651596069336,42.196102142333984,16.466615676879883,88.9554214477539,618.9697265625,67.13,69.67,3.42,17.16,33.16,4.33,3.88,4.46,2.41,120.4175,322.169,274.85,101.894,61.7,,34.808998107910156,3352.5,89.5199966430664,2.5400000000000063,31.388998107910155,0.5800000000000001,0,Unclassified,0,0,0
2025-07-17,108.94513702392578,146.6254425048828,90.50007629394531,42.86471939086914,229.953125,16.19277572631836,17.843961715698242,43.102699279785156,16.561037063598633,88.9554214477539,622.757568359375,68.76,71.32,3.52,16.52,32.84,4.33,3.91,4.47,2.43,120.6384,322.169,274.85,101.894,61.7,,34.40700149536133,3340.10009765625,85.56999969482422,2.559999999999988,30.88700149536133,0.5599999999999996,0,Unclassified,0,0,0
2025-07-18,105.14971160888672,145.3275146484375,89.35919952392578,42.93361282348633,242.4696807861328,15.814810752868652,17.766420364379883,42.91546630859375,16.49494171142578,88.9942626953125,622.301513671875,68.53,71.06,3.5,16.41,32.17,4.33,3.88,4.44,2.41,120.356,322.169,274.85,101.894,61.7,,33.595001220703125,3353.0,83.29000091552734,2.530000000000001,30.095001220703125,0.5600000000000005,0,Unclassified,0,0,0
2025-07-21,105.42291259765625,144.97882080078125,88.7351303100586,42.32337188720703,224.7618865966797,15.088723182678223,17.53380012512207,42.196102142333984,16.27777862548828,89.01370239257812,623.4815063476562,68.39,71.92,3.5,16.65,31.38,4.33,3.85,4.38,2.4,119.9961,322.169,274.85,101.894,61.7,,33.159000396728516,3401.89990234375,86.62000274658203,3.530000000000001,29.659000396728516,0.5299999999999998,0,Unclassified,0,0,0
2025-07-22,105.90099334716797,145.3275146484375,90.66585540771484,42.87456512451172,221.02972412109375,14.979312896728516,17.727651596069336,42.560707092285156,16.362754821777344,89.02340698242188,623.5707397460938,67.56,69.69,3.16,16.5,32.26,4.33,3.83,4.35,2.39,119.681,322.169,274.85,101.894,61.7,,33.111000061035156,3439.199951171875,89.88999938964844,2.1299999999999955,29.951000061035156,0.5199999999999996,0,Unclassified,0,0,0
2025-07-23,107.25719451904297,148.310791015625,92.6745834350586,43.7407112121582,221.6352081298828,14.680919647216797,18.309202194213867,44.097984313964844,16.466615676879883,89.03311157226562,628.8757934570312,66.05,69.17,3.08,15.37,32.39,4.33,3.88,4.4,2.37,119.5697,322.169,274.85,101.894,61.7,,32.689998626708984,3394.10009765625,85.94999694824219,3.1200000000000045,29.609998626708986,0.5200000000000005,0,Unclassified,0,0,0
2025-07-24,108.0962905883789,150.93568420410156,93.24015045166016,43.9277229309082,224.12661743164062,14.382527351379395,18.27043342590332,43.989585876464844,16.730989456176758,89.03311157226562,629.083984375,67.16,70.42,3.13,15.39,32.37,4.33,3.91,4.43,2.45,119.5664,322.169,274.85,101.894,61.7,,32.358001708984375,3371.0,82.75,3.260000000000005,29.228001708984376,0.5199999999999996,0,Unclassified,0,0,0
2025-07-25,107.71576690673828,149.9767608642578,92.5868148803711,44.006465911865234,223.69979858398438,14.4819917678833,17.950578689575195,43.44759750366211,16.730989456176758,89.06224822998047,631.7413940429688,66.38,69.23,3.1,14.93,32.88,4.33,3.91,4.4,2.44,119.9857,322.169,274.85,101.894,61.7,,32.499000549316406,3334.0,82.08999633789062,2.8500000000000085,29.399000549316405,0.4900000000000002,0,Unclassified,0,0,0
2025-07-28,108.73048400878906,151.3715362548828,94.60530090332031,44.83324432373047,226.7867431640625,15.088723182678223,18.590286254882812,44.17681884765625,16.787641525268555,89.07196044921875,631.582763671875,67.81,70.87,3.12,15.03,35.37,4.33,3.91,4.42,2.44,120.6149,322.169,274.85,101.894,61.7,,32.89899826049805,3309.10009765625,83.7300033569336,3.0600000000000023,29.778998260498046,0.5099999999999998,0,Unclassified,0,0,0
2025-07-29,110.13546752929688,152.09799194335938,95.55115509033203,44.744659423828125,233.25843811035156,15.586044311523438,18.473976135253906,44.44287872314453,17.14642906188965,89.08168029785156,629.9169311523438,70.27,73.21,3.08,15.98,38.04,4.33,3.86,4.34,2.43,120.9674,322.169,274.85,101.894,61.7,,34.10300064086914,3323.39990234375,85.06999969482422,2.9399999999999977,31.023000640869142,0.48,0,Unclassified,0,0,0
2025-07-30,109.1792984008789,148.73696899414062,94.2640151977539,43.711181640625,231.56109619140625,15.277704238891602,18.163814544677734,45.034141540527344,17.042572021484375,89.09136962890625,629.1236572265625,71.09,73.98,2.98,15.48,37.75,4.33,3.94,4.38,2.42,121.4042,322.169,274.85,101.894,61.7,,34.5369987487793,3295.800048828125,81.87999725341797,2.8900000000000006,31.556998748779296,0.43999999999999995,0,Unclassified,0,0,0
2025-07-31,108.92561340332031,146.8772735595703,92.96710968017578,43.24857711791992,234.13192749023438,15.247865676879883,17.853652954101562,44.55127716064453,17.03312873840332,89.1010971069336,626.763671875,70.36,73.43,2.99,16.72,36.78,4.33,3.94,4.37,2.39,121.721,322.169,274.85,101.894,61.7,,35.27899932861328,3293.199951171875,79.83999633789062,3.0700000000000074,32.28899932861328,0.43000000000000016,0,Unclassified,0,0,0
2025-08-01,106.9742431640625,146.64480590820312,90.45133209228516,42.72692108154297,236.54391479492188,14.840062141418457,18.221969604492188,46.36446762084961,16.797082901000977,89.13909912109375,616.4907836914062,68.39,70.55,3.0,20.38,39.37,4.33,3.69,4.23,2.33,121.2122,323.291,276.734,101.6247,58.2,,33.97200012207031,3347.699951171875,83.83000183105469,2.1599999999999966,30.972000122070312,0.5400000000000005,0,Unclassified,0,0,0
2025-08-04,104.75943756103516,146.29611206054688,90.5390853881836,42.18557357788086,240.21649169921875,14.850008964538574,18.638748168945312,47.12324905395508,16.797082901000977,89.14884185791016,625.8612670898438,67.33,69.56,2.89,17.52,38.79,4.33,3.69,4.22,2.37,120.9859,323.291,276.734,101.6247,58.2,,34.28300094604492,3374.39990234375,87.94999694824219,2.230000000000004,31.39300094604492,0.5299999999999998,0,Unclassified,0,0,0
2025-08-05,104.63259887695312,148.23329162597656,90.88037109375,42.40211868286133,237.85414123535156,14.690866470336914,19.87939453125,48.28606033325195,16.740428924560547,89.14884185791016,622.688232421875,66.2,69.14,2.98,17.85,35.3,4.33,3.72,4.22,2.36,120.9082,323.291,276.734,101.6247,58.2,,34.40599822998047,3381.89990234375,89.19999694824219,2.9399999999999977,31.42599822998047,0.49999999999999956,0,Unclassified,0,0,0
2025-08-06,103.92034149169922,147.98146057128906,90.79261779785156,41.870609283447266,234.1616973876953,14.253222465515137,19.171838760375977,46.91631317138672,16.863176345825195,89.17808532714844,627.457763671875,65.38,67.97,3.02,16.77,36.67,4.33,3.69,4.22,2.34,120.5082,323.291,276.734,101.6247,58.2,,33.25699996948242,3380.0,83.88999938964844,2.5900000000000034,30.236999969482422,0.5299999999999998,0,Unclassified,0,0,0
2025-08-07,103.37396240234375,148.3495330810547,90.2953109741211,42.90408706665039,233.5264434814453,13.596760749816895,19.31722640991211,46.33490753173828,16.636571884155273,89.17808532714844,626.9321899414062,64.9,66.99,3.05,16.57,35.01,4.33,3.72,4.23,2.35,120.5043,323.291,276.734,101.6247,58.2,,32.95100021362305,3400.300048828125,80.1500015258789,2.089999999999989,29.901000213623046,0.5100000000000002,0,Unclassified,0,0,0
2025-08-08,104.20330047607422,150.14141845703125,91.57271575927734,43.62260055541992,229.6072998046875,12.283832550048828,18.551515579223633,45.034141540527344,16.626949310302734,89.20730590820312,631.82080078125,64.94,67.17,3.03,15.15,34.06,4.33,3.76,4.27,2.39,120.3329,323.291,276.734,101.6247,58.2,,32.44599914550781,3439.10009765625,79.19999694824219,2.230000000000004,29.41599914550781,0.5099999999999998,0,Unclassified,0,0,0
2025-08-11,103.25688171386719,148.6304168701172,91.20215606689453,43.02220153808594,228.83143615722656,12.005331039428711,17.911808013916016,43.42789077758789,16.511484146118164,89.21707153320312,630.5713500976562,65.03,67.36,3.05,16.25,31.4,4.33,3.76,4.27,2.4,120.6892,323.291,276.734,101.6247,58.2,,32.999000549316406,3353.10009765625,81.76000213623047,2.3299999999999983,29.949000549316406,0.5099999999999998,0,Unclassified,0,0,0
2025-08-12,103.5495834350586,149.58932495117188,92.23577117919922,43.45527648925781,228.55291748046875,12.114742279052734,18.00873374938965,44.2655029296875,16.732791900634766,89.22679901123047,637.2844848632812,64.22,66.8,2.93,14.73,30.31,4.33,3.72,4.29,2.38,120.2736,323.291,276.734,101.6247,58.2,,32.409000396728516,3348.89990234375,77.41999816894531,2.5799999999999983,29.479000396728516,0.5699999999999998,0,Unclassified,0,0,0
2025-08-13,104.98384094238281,150.97439575195312,93.4936752319336,44.045833587646484,230.0648651123047,13.566920280456543,18.251047134399414,44.75270080566406,16.829011917114258,89.23655700683594,639.4659423828125,63.68,66.25,2.95,14.49,33.82,4.33,3.67,4.24,2.37,120.13,323.291,276.734,101.6247,58.2,,32.599998474121094,3358.699951171875,77.30999755859375,2.5700000000000003,29.649998474121094,0.5700000000000003,0,Unclassified,0,0,0
2025-08-14,104.7691879272461,150.28671264648438,93.26940155029297,44.06551742553711,231.39776611328125,13.63654613494873,18.047504425048828,44.66321563720703,16.723167419433594,89.24628448486328,639.5254516601562,64.99,68.12,2.78,14.83,35.96,4.33,3.74,4.29,2.39,120.6446,323.291,276.734,101.6247,58.2,,32.14099884033203,3335.199951171875,76.7699966430664,3.1300000000000097,29.36099884033203,0.5499999999999998,0,Unclassified,0,0,0
2025-08-15,104.86766815185547,151.633056640625,92.95736694335938,43.90803527832031,228.9209747314453,12.423081398010254,18.212278366088867,44.70298767089844,16.588459014892578,89.2852783203125,638.0281372070312,63.78,67.3,2.98,15.09,37.22,4.33,3.75,4.33,2.38,120.3377,323.291,276.734,101.6247,58.2,,31.0310001373291,3336.0,76.66000366210938,3.519999999999996,28.0510001373291,0.5800000000000001,0,Unclassified,0,0,0
2025-08-18,105.09416961669922,150.4416961669922,92.4166259765625,43.51433181762695,228.72201538085938,12.313671112060547,18.396434783935547,46.52252960205078,16.684680938720703,89.2852783203125,637.8892822265625,64.51,68.18,2.96,14.99,32.15,4.33,3.77,4.34,2.38,120.5622,323.291,276.734,101.6247,58.2,,31.27199935913086,3331.699951171875,81.81999969482422,3.6700000000000017,28.31199935913086,0.5699999999999998,0,Unclassified,0,0,0
2025-08-19,105.78350067138672,148.86488342285156,92.18067169189453,43.26826477050781,229.17958068847656,12.184367179870605,17.92150115966797,45.33932876586914,16.694303512573242,89.30477142333984,634.4286499023438,63.38,66.62,2.87,15.57,33.04,4.33,3.75,4.3,2.35,120.7224,323.291,276.734,101.6247,58.2,,31.226999282836914,3313.39990234375,82.1500015258789,3.240000000000002,28.356999282836913,0.5499999999999998,0,Unclassified,0,0,0
2025-08-20,106.8765869140625,150.0597381591797,93.29163360595703,43.573387145996094,234.75985717773438,12.492707252502441,18.454591751098633,45.97567367553711,16.675058364868164,89.32426452636719,632.742919921875,64.19,67.61,2.8,15.69,32.51,4.33,3.74,4.29,2.35,120.7757,323.291,276.734,101.6247,58.2,,31.9060001373291,3343.39990234375,80.75,3.4200000000000017,29.1060001373291,0.5499999999999998,0,Unclassified,0,0,0
2025-08-21,107.56593322753906,152.3416748046875,93.18348693847656,43.858829498291016,239.33551025390625,12.701581954956055,19.67584991455078,48.05372619628906,16.80014419555664,89.32426452636719,630.2044677734375,64.56,68.41,2.88,16.6,31.54,4.33,3.79,4.33,2.39,121.0843,323.291,276.734,101.6247,58.2,,33.17499923706055,3336.89990234375,80.5199966430664,3.8499999999999943,30.294999237060548,0.54,0,Unclassified,0,0,0
2025-08-22,109.58470153808594,154.91741943359375,95.14979553222656,45.10884475708008,236.30166625976562,12.791098594665527,19.937549591064453,48.690067291259766,16.848257064819336,89.3534927368164,639.8823852539062,64.08,68.29,2.76,14.22,30.35,4.33,3.68,4.26,2.41,120.2774,323.291,276.734,101.6247,58.2,,33.573001861572266,3374.39990234375,78.0999984741211,4.210000000000008,30.813001861572268,0.5799999999999996,0,Unclassified,0,0,0
2025-08-25,110.03768157958984,154.93701171875,96.52621459960938,45.66986846923828,238.08216857910156,13.278473854064941,19.830930709838867,48.41166687011719,16.857879638671875,89.36323547363281,637.0662231445312,65.18,,2.76,14.79,31.24,4.33,3.73,4.28,2.41,120.4214,323.291,276.734,101.6247,58.2,,33.77399826049805,3373.800048828125,77.55999755859375,,31.01399826049805,0.5500000000000003,0,Unclassified,0,0,0
2025-08-26,109.79148864746094,154.1143341064453,95.4152603149414,45.31553268432617,240.3003692626953,12.810992240905762,19.48200035095215,48.74972152709961,16.925233840942383,89.37297821044922,639.733642578125,63.6,66.89,2.82,14.62,33.73,4.33,3.61,4.26,2.42,120.5274,323.291,276.734,101.6247,58.2,,33.459999084472656,3388.60009765625,79.36000061035156,3.289999999999999,30.639999084472656,0.6499999999999999,0,Unclassified,0,0,0
2025-08-27,111.03230285644531,155.95558166503906,96.25093078613281,46.13247299194336,240.3202667236328,12.930349349975586,19.889087677001953,49.48549270629883,16.905988693237305,89.38273620605469,641.1912841796875,64.49,67.75,2.88,14.85,31.94,4.33,3.59,4.24,2.43,120.7274,323.291,276.734,101.6247,58.2,,32.55099868774414,3404.60009765625,77.66000366210938,3.260000000000005,29.67099868774414,0.6500000000000004,0,Unclassified,0,0,0
2025-08-28,111.62316131591797,156.03392028808594,96.79167175292969,46.76240158081055,240.85739135742188,12.751313209533691,20.082937240600586,49.60480499267578,16.99258804321289,89.3924789428711,643.4619750976562,64.96,68.61,2.9,14.43,33.98,4.33,3.62,4.22,2.41,120.2595,323.291,276.734,101.6247,58.2,,31.55900001525879,3431.800048828125,77.55000305175781,3.6500000000000057,28.65900001525879,0.5999999999999996,0,Unclassified,0,0,0
2025-08-29,112.54883575439453,157.2875213623047,97.30290985107422,46.86083221435547,240.5391082763672,12.930349349975586,20.257402420043945,50.11189270019531,17.05031967163086,89.43144989013672,639.6245727539062,64.36,67.83,2.88,15.36,32.63,4.33,3.59,4.23,2.41,120.2082,323.291,276.734,101.6247,58.2,,31.621999740600586,3473.699951171875,79.38999938964844,3.469999999999999,28.741999740600587,0.6400000000000006,0,Unclassified,0,0,0
2025-09-02,112.9427490234375,158.4921417236328,97.32257080078125,47.293907165527344,239.5841827392578,12.930349349975586,20.247709274291992,50.31074523925781,17.031076431274414,89.45296478271484,634.884765625,65.95,68.09,2.7,17.17,34.28,4.33,3.66,4.28,2.41,120.6837,323.291,276.734,101.6247,58.2,,31.77199935913086,3549.39990234375,85.27999877929688,2.1400000000000006,29.07199935913086,0.6200000000000001,0,Unclassified,0,0,0
2025-09-03,110.2051010131836,154.79989624023438,93.05567932128906,45.57144546508789,238.12196350097656,12.651849746704102,21.139423370361328,51.364688873291016,16.905988693237305,89.46275329589844,638.3256225585938,64.36,67.76,3.0,16.35,35.22,4.33,3.61,4.22,2.4,120.5052,323.291,276.734,101.6247,58.2,,32.11199951171875,3593.199951171875,89.66999816894531,3.4000000000000057,29.11199951171875,0.6099999999999999,0,Unclassified,0,0,0
2025-09-04,110.68763732910156,154.4375457763672,94.15680694580078,45.87656784057617,235.71478271484375,12.801045417785645,21.10065460205078,51.14594650268555,16.98296546936035,89.4822998046875,643.6602783203125,63.81,66.41,3.11,15.3,35.03,4.33,3.59,4.17,2.38,120.7629,323.291,276.734,101.6247,58.2,,32.4119987487793,3565.800048828125,88.26000213623047,2.5999999999999943,29.301998748779297,0.5800000000000001,0,Unclassified,0,0,0
2025-09-05,107.56593322753906,150.4906463623047,91.38431549072266,45.18758010864258,234.5310821533203,12.77120590209961,21.468969345092773,52.746742248535156,16.732791900634766,89.51164245605469,641.796142578125,62.22,64.92,3.05,15.18,33.33,4.33,3.51,4.1,2.37,120.1282,323.291,276.734,101.6247,58.2,,31.9689998626709,3613.199951171875,85.29000091552734,2.700000000000003,28.918999862670898,0.5899999999999999,0,Unclassified,0,0,0
2025-09-08,108.17648315429688,150.82363891601562,89.86042022705078,44.665924072265625,232.15374755859375,13.487349510192871,22.215295791625977,58.35449981689453,16.501861572265625,89.52142333984375,643.3727416992188,62.6,65.44,3.1,15.11,35.03,4.33,3.49,4.05,2.35,120.0971,323.291,276.734,101.6247,58.2,,33.06399917602539,3638.10009765625,84.0,2.8399999999999963,29.96399917602539,0.5599999999999996,0,Unclassified,0,0,0
2025-09-09,108.96429443359375,151.65611267089844,90.31267547607422,44.42969512939453,233.16835021972656,13.218795776367188,21.79851531982422,56.80342102050781,16.521106719970703,89.53120422363281,644.8601684570312,62.97,67.97,3.12,15.04,33.44,4.33,3.54,4.08,2.36,120.1569,323.291,276.734,101.6247,58.2,,32.930999755859375,3643.300048828125,82.19999694824219,5.0,29.810999755859374,0.54,0,Unclassified,0,0,0
2025-09-10,110.7861099243164,154.53546142578125,92.73123931884766,45.824928283691406,235.78439331054688,13.89515209197998,21.876056671142578,56.863075256347656,16.76165771484375,89.54097747802734,646.724365234375,64.01,67.62,2.89,15.35,33.35,4.33,3.54,4.04,2.35,120.1223,323.291,276.734,101.6247,58.2,,33.12200164794922,3643.60009765625,79.58000183105469,3.6099999999999994,30.232001647949218,0.5,0,Unclassified,0,0,0
2025-09-11,110.43159484863281,154.98597717285156,92.54443359375,45.537967681884766,235.8142547607422,13.676331520080566,22.31222152709961,57.94684600830078,16.829011917114258,89.55076599121094,652.0988159179688,62.71,67.25,2.81,14.71,33.96,4.33,3.52,4.01,2.34,119.9534,323.291,276.734,101.6247,58.2,,32.323001861572266,3636.89990234375,75.06999969482422,4.539999999999999,29.513001861572267,0.48999999999999977,0,Unclassified,0,0,0
2025-09-12,110.4512939453125,153.86949157714844,90.87307739257812,45.19163131713867,234.83944702148438,13.527134895324707,22.515764236450195,58.35449981689453,16.790525436401367,89.5801010131836,651.8805541992188,63.02,67.87,2.86,14.76,31.77,4.33,3.56,4.06,2.36,120.0611,323.291,276.734,101.6247,58.2,,32.6619987487793,3649.39990234375,73.37000274658203,4.850000000000001,29.801998748779297,0.49999999999999956,0,Unclassified,0,0,0
2025-09-15,110.63839721679688,154.06536865234375,90.7747573852539,44.99372863769531,231.58677673339844,13.576865196228027,23.252395629882812,60.50215148925781,16.877124786376953,89.58988189697266,655.3511352539062,63.66,67.88,3.0,15.69,30.98,4.33,3.54,4.05,2.37,119.5644,323.291,276.734,101.6247,58.2,,32.15399932861328,3682.199951171875,76.87999725341797,4.219999999999999,29.15399932861328,0.5099999999999998,0,Unclassified,0,0,0
2025-09-16,112.93289947509766,156.24935913085938,92.9475326538086,47.25973892211914,233.65573120117188,14.024456024169922,22.93254280090332,60.30329895019531,16.915611267089844,89.59966278076172,654.4487915039062,64.89,69.69,3.07,16.36,33.17,4.33,3.51,4.04,2.37,119.1348,323.291,276.734,101.6247,58.2,,32.32899856567383,3688.89990234375,77.08999633789062,4.799999999999997,29.258998565673828,0.5300000000000002,0,Unclassified,0,0,0
2025-09-17,113.53359985351562,156.78802490234375,92.23966217041016,46.695709228515625,234.0735321044922,13.875259399414062,23.09731674194336,59.905582427978516,16.86750030517578,89.60942840576172,653.6357421875,64.41,69.19,3.19,15.72,31.05,4.33,3.52,4.06,2.38,119.1582,323.291,276.734,101.6247,58.2,,32.4010009765625,3681.800048828125,75.94999694824219,4.780000000000001,29.2110009765625,0.5399999999999996,0,Unclassified,0,0,0
2025-09-18,112.19432830810547,155.56381225585938,91.90538787841797,46.863929748535156,233.0987091064453,13.765849113464355,23.13608741760254,59.338844299316406,16.780900955200195,89.61922454833984,656.6898803710938,63.91,67.83,3.1,15.7,31.88,4.08,3.57,4.11,2.38,119.6616,323.291,276.734,101.6247,58.2,,32.95199966430664,3643.699951171875,71.91000366210938,3.9200000000000017,29.85199966430664,0.5400000000000005,0,Unclassified,0,0,0
2025-09-19,111.10123443603516,152.98806762695312,90.37165832519531,45.61712646484375,230.2737579345703,13.195218086242676,22.49637794494629,58.47381591796875,16.646190643310547,89.65833282470703,659.9423217773438,63.02,67.05,2.89,15.45,30.53,4.08,3.57,4.14,2.39,119.7858,323.291,276.734,101.6247,58.2,,32.30799865722656,3671.5,72.51000213623047,4.029999999999994,29.417998657226562,0.5699999999999998,0,Unclassified,0,0,0
2025-09-22,110.31341552734375,152.83135986328125,90.46015167236328,45.28068923950195,229.57745361328125,14.16120719909668,22.39945411682129,57.47953414916992,16.482616424560547,89.6681137084961,663.0645751953125,62.99,66.87,2.9,16.1,30.88,4.09,3.61,4.15,2.37,119.8152,323.291,276.734,101.6247,58.2,,31.8439998626709,3740.699951171875,75.80000305175781,3.8800000000000026,28.9439998626709,0.5400000000000005,0,Unclassified,0,0,0
2025-09-23,112.2140121459961,154.173095703125,91.89555358886719,45.933773040771484,233.6656951904297,14.509759902954102,23.281475067138672,58.573246002197266,16.463375091552734,89.6681137084961,659.4551391601562,63.76,67.96,2.86,16.64,32.58,4.09,3.53,4.12,2.37,119.6202,323.291,276.734,101.6247,58.2,,32.26499938964844,3780.60009765625,75.66000366210938,4.199999999999996,29.404999389648438,0.5900000000000003,0,Unclassified,0,0,0
2025-09-24,112.81472778320312,155.8968048095703,94.0191650390625,46.39885330200195,235.356689453125,14.469925880432129,22.942235946655273,57.747989654541016,16.742412567138672,89.68767547607422,657.3569946289062,65.4,69.64,2.88,16.18,34.08,4.09,3.57,4.16,2.38,120.1707,323.291,276.734,101.6247,58.2,,31.902999877929688,3732.10009765625,75.12999725341797,4.239999999999995,29.02299987792969,0.5900000000000003,0,Unclassified,0,0,0
2025-09-25,113.82903289794922,157.40504455566406,95.1792984008789,46.497806549072266,236.361328125,14.689016342163086,22.389760971069336,57.3602180480957,16.75203514099121,89.68767547607422,654.3242797851562,65.51,70.48,2.98,16.74,36.85,4.09,3.64,4.18,2.38,120.5419,323.291,276.734,101.6247,58.2,,32.45600128173828,3736.89990234375,75.44000244140625,4.969999999999999,29.47600128173828,0.5399999999999996,0,Unclassified,0,0,0
2025-09-26,115.4342041015625,156.85659790039062,96.8211669921875,46.972782135009766,237.1670379638672,14.768685340881348,22.380067825317383,57.47953414916992,16.80014419555664,89.71700286865234,658.072998046875,66.5,71.15,2.9,15.29,35.85,4.09,3.63,4.2,2.38,120.4349,323.291,276.734,101.6247,58.2,,32.696998596191406,3775.300048828125,74.37999725341797,4.650000000000006,29.796998596191408,0.5700000000000003,0,Unclassified,0,0,0
2025-09-29,112.47990417480469,152.8803253173828,94.23545837402344,47.5961799621582,234.21278381347656,14.16120719909668,22.10867691040039,56.773590087890625,16.549972534179688,89.72679138183594,659.9224243164062,64.27,69.0,2.93,16.12,35.54,4.09,3.63,4.15,2.35,120.115,323.291,276.734,101.6247,58.2,,32.060001373291016,3820.89990234375,75.51000213623047,4.730000000000004,29.130001373291016,0.5200000000000005,0,Unclassified,0,0,0
2025-09-30,111.03230285644531,152.08702087402344,92.99668884277344,46.75508499145508,233.73532104492188,14.131330490112305,22.089292526245117,55.729591369628906,16.511484146118164,89.72679138183594,662.4082641601562,63.17,68.52,3.12,16.28,35.58,4.09,3.6,4.16,2.36,120.1368,323.291,276.734,101.6247,58.2,,31.410999298095703,3840.800048828125,77.93000030517578,5.349999999999994,28.290999298095702,0.56,0,Unclassified,0,0,0
2025-10-01,110.28387451171875,151.3916778564453,93.85203552246094,47.22016143798828,230.88052368164062,14.659140586853027,22.166833877563477,56.20684814453125,16.34790802001953,89.74739837646484,664.6654052734375,62.59,66.67,3.24,16.29,36.39,4.09,3.55,4.12,2.35,120.1502,323.291,276.734,101.2075,53.6,,31.334999084472656,3867.5,73.5,4.079999999999998,28.094999084472654,0.5700000000000003,0,Unclassified,0,0,0
2025-10-02,109.59454345703125,150.2066192626953,91.80706787109375,43.7667121887207,230.5622100830078,13.723026275634766,22.002059936523438,55.97816467285156,16.280553817749023,89.75720977783203,665.4309692382812,61.28,65.44,3.32,16.63,37.62,4.09,3.55,4.1,2.34,120.4296,323.291,276.734,101.2075,53.6,,31.454999923706055,3839.699951171875,71.20999908447266,4.159999999999997,28.134999923706054,0.5499999999999998,0,Unclassified,0,0,0
2025-10-03,111.53453063964844,150.38291931152344,92.57393646240234,44.38022232055664,231.04962158203125,13.89232349395752,22.44791603088379,56.97244644165039,16.165088653564453,89.7768325805664,665.421142578125,61.65,66.13,3.19,16.65,36.5,4.09,3.58,4.13,2.33,120.0881,323.291,276.734,101.2075,53.6,,31.437999725341797,3880.800048828125,69.52999877929688,4.479999999999997,28.247999725341796,0.5499999999999998,0,Unclassified,0,0,0
2025-10-06,112.460205078125,150.84323120117188,93.3113021850586,44.924461364746094,232.02442932128906,13.89232349395752,22.27345085144043,55.91851043701172,16.030380249023438,89.79647064208984,667.8074951171875,62.49,67.09,3.32,16.37,32.44,4.09,3.6,4.18,2.34,120.2722,323.291,276.734,101.2075,53.6,,33.11600112915039,3948.5,72.98999786376953,4.600000000000001,29.79600112915039,0.5799999999999996,0,Unclassified,0,0,0
2025-10-07,112.51929473876953,151.71487426757812,93.62591552734375,44.855194091796875,234.09341430664062,12.846664428710938,21.265426635742188,54.01942825317383,16.040000915527344,89.79647064208984,665.3316040039062,62.52,67.1,3.32,17.24,31.82,4.09,3.57,4.14,2.35,120.4884,323.291,276.734,101.2075,53.6,,33.24599838256836,3976.60009765625,75.43000030517578,4.579999999999991,29.92599838256836,0.5699999999999998,0,Unclassified,0,0,0
2025-10-08,112.28295135498047,150.5690155029297,92.17083740234375,44.568233489990234,234.49130249023438,12.976127624511719,21.565895080566406,53.79073715209961,16.040000915527344,89.81608581542969,669.2990112304688,63.37,67.42,3.35,16.3,31.53,4.1,3.58,4.13,2.35,120.7766,323.291,276.734,101.2075,53.6,,32.70000076293945,4043.300048828125,74.87000274658203,4.050000000000004,29.35000076293945,0.5499999999999998,0,Unclassified,0,0,0
2025-10-09,111.18986511230469,148.5123291015625,90.40116119384766,44.05367660522461,230.15438842773438,12.52798843383789,22.28314208984375,55.21256637573242,15.99189281463623,89.81608581542969,667.3600463867188,62.36,67.23,3.25,16.43,32.48,4.1,3.6,4.14,2.34,121.0902,323.291,276.734,101.2075,53.6,,32.362998962402344,3946.300048828125,74.12000274658203,4.8700000000000045,29.112998962402344,0.5399999999999996,0,Unclassified,0,0,0
2025-10-10,109.04307556152344,145.82882690429688,86.16375732421875,41.70850372314453,226.16563415527344,9.410928726196289,22.031137466430664,53.800682067871094,15.67436408996582,89.8553466796875,649.32275390625,59.75,64.41,2.9,21.66,37.73,4.1,3.52,4.05,2.3,121.1163,323.291,276.734,101.2075,53.6,,32.16999816894531,3975.89990234375,81.6500015258789,4.659999999999997,29.269998168945314,0.5299999999999998,0,Unclassified,0,0,0
2025-10-13,110.53006744384766,148.80612182617188,87.28455352783203,41.975669860839844,225.79759216308594,9.00262451171875,22.089292526245117,53.840457916259766,15.895671844482422,89.86514282226562,659.2860107421875,,64.15,2.9,19.03,35.92,4.1,,,,,323.291,276.734,101.2075,53.6,,31.475000381469727,4108.60009765625,,,28.575000381469728,,0,Unclassified,0,0,0
2025-10-14,110.57930755615234,149.24685668945312,86.68482971191406,41.83713912963867,225.021728515625,8.962790489196777,21.333274841308594,53.09474182128906,15.905293464660645,89.86514282226562,658.4805908203125,59.52,63.0,2.83,20.81,37.9,4.1,3.48,4.03,2.3,121.1822,323.291,276.734,101.2075,53.6,,31.801000595092773,4138.7001953125,79.94999694824219,3.479999999999997,28.971000595092775,0.5500000000000003,0,Unclassified,0,0,0
2025-10-15,109.90966796875,148.97262573242188,86.26206970214844,41.44133377075195,224.03697204589844,9.102210998535156,22.040828704833984,54.258052825927734,16.261308670043945,89.87496185302734,661.4039306640625,59.08,62.33,2.79,20.64,36.62,4.1,3.5,4.05,2.29,120.8642,323.291,276.734,101.2075,53.6,,31.826000213623047,4176.89990234375,75.11000061035156,3.25,29.036000213623048,0.5499999999999998,0,Unclassified,0,0,0
2025-10-16,108.9544448852539,148.58087158203125,85.44606018066406,40.610130310058594,218.90431213378906,9.092252731323242,22.302528381347656,55.41142272949219,16.049625396728516,89.88478088378906,656.8995971679688,58.29,61.08,2.82,25.31,38.26,4.11,3.41,3.99,2.28,120.6698,323.291,276.734,101.2075,53.6,,32.37799835205078,4280.2001953125,81.2300033569336,2.789999999999999,29.55799835205078,0.5800000000000001,0,Unclassified,0,0,0
2025-10-17,110.53006744384766,149.92262268066406,85.02330017089844,40.471595764160156,217.80018615722656,8.84328556060791,22.641767501831055,57.141475677490234,15.828316688537598,89.90440368652344,660.62841796875,58.3,61.23,2.65,20.78,37.24,4.11,3.46,4.02,2.27,120.7028,323.291,276.734,101.2075,53.6,,31.81599998474121,4189.89990234375,78.62000274658203,2.9299999999999997,29.165999984741212,0.5599999999999996,0,Unclassified,0,0,0
2025-10-20,110.9830551147461,151.2937469482422,85.59352111816406,40.6002311706543,220.14768981933594,9.251590728759766,22.79684829711914,57.608787536621094,16.13622283935547,89.92403411865234,667.499267578125,58.34,60.71,2.99,18.23,36.77,4.11,3.46,4.0,2.26,120.6209,323.291,276.734,101.2075,53.6,,31.73900032043457,4336.39990234375,77.22000122070312,2.3699999999999974,28.74900032043457,0.54,0,Unclassified,0,0,0
2025-10-21,110.99291229248047,150.6179656982422,84.95448303222656,40.48149108886719,221.0429229736328,9.570266723632812,22.128063201904297,56.55485153198242,16.126602172851562,89.92403411865234,667.4893188476562,58.66,61.0,3.28,17.87,35.87,4.11,3.45,3.98,2.28,120.8895,323.291,276.734,101.2075,53.6,,32.20000076293945,4087.699951171875,77.18000030517578,2.3400000000000034,28.920000762939452,0.5299999999999998,0,Unclassified,0,0,0
2025-10-22,112.96244049072266,152.36126708984375,85.93763732910156,41.29290008544922,223.27105712890625,9.500556945800781,22.864694595336914,58.10593032836914,16.270931243896484,89.94366455078125,664.0191040039062,59.3,62.28,3.45,18.6,38.09,4.11,3.45,3.97,2.29,120.8958,323.291,276.734,101.2075,53.6,,31.76799964904785,4044.39990234375,75.48999786376953,2.980000000000004,28.317999649047852,0.52,0,Unclassified,0,0,0
2025-10-23,114.21309661865234,153.33084106445312,88.56265258789062,42.43085861206055,220.3665008544922,9.600143432617188,23.601327896118164,59.985130310058594,16.213199615478516,89.9534683227539,667.9566650390625,62.44,66.32,3.34,17.3,40.46,4.11,3.48,4.01,2.3,120.9531,323.291,276.734,101.2075,53.6,,32.45399856567383,4125.5,74.05000305175781,3.8799999999999955,29.11399856567383,0.5299999999999998,0,Unclassified,0,0,0
2025-10-24,113.632080078125,152.35145568847656,86.54718780517578,42.12410354614258,218.4268341064453,9.450762748718262,22.816232681274414,60.024898529052734,16.097734451293945,89.98291015625,673.4155883789062,62.27,65.8,3.21,16.37,38.7,4.11,3.48,4.02,2.29,120.9345,323.291,276.734,101.2075,53.6,,32.01599884033203,4118.39990234375,68.94000244140625,3.529999999999994,28.80599884033203,0.5399999999999996,0,Unclassified,0,0,0
2025-10-27,114.1737060546875,152.07723999023438,87.19607543945312,41.856929779052734,218.6357421875,9.321300506591797,23.10700798034668,59.845924377441406,16.270931243896484,89.98291015625,681.3603515625,62.13,65.52,3.3,15.79,38.96,4.12,3.48,4.01,2.28,120.7988,323.291,276.734,101.2075,53.6,,31.399999618530273,4001.89990234375,66.87000274658203,3.3899999999999935,28.099999618530273,0.5299999999999998,0,Unclassified,0,0,0
2025-10-28,113.2775650024414,150.9509735107422,85.32807159423828,40.4023323059082,214.85585021972656,9.351177215576172,23.485017776489258,61.08877944946289,16.34790802001953,89.99272155761719,683.1700439453125,60.97,64.03,3.44,16.42,37.18,4.12,3.47,3.99,2.28,120.6361,323.291,276.734,101.2075,53.6,,31.493999481201172,3966.199951171875,67.30000305175781,3.0600000000000023,28.05399948120117,0.52,0,Unclassified,0,0,0
2025-10-29,114.67593383789062,151.9009552001953,86.59635162353516,40.15494918823242,210.0116729736328,8.763616561889648,23.989028930664062,61.67540740966797,16.290176391601562,90.02214813232422,683.4982299804688,61.26,65.01,3.36,16.92,37.14,4.12,3.59,4.08,2.3,120.5312,323.291,276.734,101.2075,53.6,,31.868999481201172,3983.699951171875,65.75,3.750000000000007,28.508999481201172,0.4900000000000002,0,Unclassified,0,0,0
2025-10-30,112.9427490234375,150.35354614257812,86.65533447265625,40.2736930847168,210.39959716796875,8.544526100158691,23.62071418762207,60.790496826171875,16.13622283935547,90.02214813232422,675.9810180664062,61.36,65.11,3.46,16.91,34.74,3.87,3.61,4.11,2.29,121.2832,323.291,276.734,101.2075,53.6,,31.04800033569336,4001.300048828125,66.87999725341797,3.75,27.58800033569336,0.5000000000000004,0,Unclassified,0,0,0
2025-10-31,112.6177749633789,154.4669189453125,87.36320495605469,40.76845169067383,210.87704467773438,8.534566879272461,24.27011489868164,61.34729766845703,16.193954467773438,90.04178619384766,678.1983032226562,61.75,65.44,3.57,17.44,36.2,3.86,3.6,4.11,2.3,121.3859,323.291,276.734,101.2075,53.6,,31.121999740600586,3982.199951171875,66.61000061035156,3.6899999999999977,27.551999740600586,0.5100000000000002,0,Unclassified,0,0,0
2025-11-03,112.02691650390625,150.86280822753906,87.07809448242188,40.49138259887695,208.4997100830078,8.325435638427734,23.494709014892578,61.26775360107422,16.193954467773438,90.05457305908203,679.4711303710938,61.79,65.79,3.37,17.17,34.31,3.87,3.6,4.13,2.31,121.4512,323.291,276.734,101.2075,53.6,,31.740999221801758,4000.300048828125,67.2300033569336,4.000000000000007,28.370999221801757,0.5299999999999998,0,Unclassified,0,0,0
2025-11-04,112.40113067626953,150.22622680664062,86.42921447753906,39.66018295288086,205.65484619140625,7.937047958374023,22.564228057861328,60.392784118652344,15.924535751342773,90.06443786621094,671.4169921875,61.38,65.04,3.35,19.0,34.27,3.87,3.58,4.1,2.29,121.8271,323.291,276.734,101.2075,53.6,,32.55099868774414,3947.699951171875,68.0199966430664,3.6600000000000037,29.20099868774414,0.5199999999999996,0,Unclassified,0,0,0
2025-11-05,111.94813537597656,149.5112762451172,86.22274017333984,39.333641052246094,204.54080200195312,7.717957496643066,22.612689971923828,60.949581146240234,16.270931243896484,90.07427215576172,673.7437133789062,60.4,63.54,3.51,18.01,33.69,3.87,3.63,4.17,2.3,121.8482,323.291,276.734,101.2075,53.6,,31.819000244140625,3980.300048828125,72.41999816894531,3.1400000000000006,28.309000244140627,0.54,0,Unclassified,0,0,0
2025-11-06,112.7556381225586,149.78550720214844,84.21710968017578,39.87787628173828,206.92807006835938,7.717957496643066,22.990697860717773,62.838722229003906,16.23244285583496,90.08412170410156,666.514892578125,60.24,63.41,3.71,19.5,33.76,3.87,3.57,4.11,2.28,121.6948,323.291,276.734,101.2075,53.6,,31.54800033569336,3979.89990234375,72.44000244140625,3.1699999999999946,27.83800033569336,0.5400000000000005,0,Unclassified,0,0,0
2025-11-07,115.4342041015625,151.82261657714844,85.36740112304688,40.87730407714844,207.35195922851562,7.95696496963501,22.93254280090332,63.60432052612305,16.147045135498047,90.1136474609375,667.1710815429688,60.54,63.72,3.76,19.08,33.33,3.87,3.55,4.11,2.28,121.388,323.291,276.734,101.2075,53.6,,31.201000213623047,3999.39990234375,74.41000366210938,3.1799999999999997,27.44100021362305,0.5600000000000005,0,Unclassified,0,0,0
2025-11-10,116.4189682006836,152.43960571289062,86.74382781982422,41.36216735839844,210.99234008789062,8.4548978805542,23.3590145111084,64.15116882324219,16.382625579833984,90.13334655761719,677.5818481445312,60.94,63.01,3.8,17.6,32.12,3.87,3.58,4.13,2.29,121.2984,323.291,276.734,101.2075,53.6,,31.070999145507812,4111.7998046875,78.86000061035156,2.0700000000000003,27.270999145507812,0.5499999999999998,0,Unclassified,0,0,0
2025-11-11,117.9552001953125,153.01744079589844,89.16238403320312,41.41164016723633,211.44114685058594,7.498867511749268,23.3590145111084,62.242149353027344,16.39244270324707,90.12349700927734,679.1329956054688,,63.86,,17.28,32.02,3.87,,,,,323.291,276.734,101.2075,53.6,,31.101999282836914,4106.7998046875,,,,,0,Unclassified,0,0,0
2025-11-12,116.32048797607422,150.1576690673828,87.56967163085938,41.490806579589844,212.98707580566406,8.096386909484863,24.115032196044922,62.659751892089844,16.27465057373047,90.13334655761719,679.5109252929688,59.3,61.88,3.6,17.51,33.0,3.87,3.56,4.08,2.27,121.0458,323.291,276.734,101.2075,53.6,,30.933000564575195,4204.39990234375,81.12000274658203,2.5800000000000054,27.333000564575194,0.52,0,Unclassified,0,0,0
2025-11-13,116.98028564453125,152.3710479736328,87.91377258300781,41.579864501953125,212.73773193359375,7.827503204345703,24.279804229736328,61.406951904296875,16.323728561401367,90.1431884765625,668.235107421875,59.54,62.14,3.6,20.0,32.63,3.88,3.58,4.11,2.28,120.7725,323.291,276.734,101.2075,53.6,,30.45800018310547,4186.89990234375,79.0999984741211,2.6000000000000014,26.858000183105467,0.5300000000000002,0,Unclassified,0,0,0
2025-11-14,118.50015258789062,154.3689727783203,89.8309326171875,42.312110900878906,214.62274169921875,7.947006702423096,24.696584701538086,61.496437072753906,16.696731567382812,90.18257141113281,668.1256713867188,60.87,63.45,3.49,19.83,33.12,3.88,3.62,4.14,2.28,120.9666,323.291,276.734,101.2075,53.6,,31.25,4087.60009765625,79.70999908447266,2.5800000000000054,27.759999999999998,0.5199999999999996,0,Unclassified,0,0,0
2025-11-17,116.90081024169922,151.62673950195312,88.03490447998047,41.25332260131836,214.6427001953125,8.076468467712402,24.522117614746094,61.21803665161133,16.628021240234375,90.18257141113281,661.901123046875,60.66,63.16,3.71,22.38,32.38,3.88,3.6,4.13,2.28,121.1146,323.291,276.734,101.2075,53.6,,31.417999267578125,4068.300048828125,82.58000183105469,2.5,27.707999267578124,0.5299999999999998,0,Unclassified,0,0,0
2025-11-18,118.24187469482422,152.1317901611328,88.98748779296875,42.07462692260742,211.8999481201172,7.867337703704834,24.97766876220703,61.92397689819336,16.657468795776367,90.20225524902344,656.3427734375,61.51,64.86,3.7,24.69,33.33,3.88,3.58,4.12,2.27,121.2127,323.291,276.734,101.2075,53.6,,31.694000244140625,4061.300048828125,83.18000030517578,3.3500000000000014,27.994000244140626,0.54,0,Unclassified,0,0,0
2025-11-19,116.572998046875,150.2303924560547,87.30062103271484,41.01583480834961,209.0674285888672,7.737874984741211,24.425193786621094,60.75072479248047,16.608388900756836,90.20225524902344,658.8783569335938,60.27,63.78,3.94,23.66,34.12,3.88,3.58,4.13,2.27,121.4978,323.291,276.734,101.2075,53.6,,30.940000534057617,4077.699951171875,84.31999969482422,3.509999999999998,27.000000534057616,0.5499999999999998,0,Unclassified,0,0,0
2025-11-20,116.24517822265625,148.85385131835938,86.7945556640625,40.77834701538086,207.62124633789062,7.120438098907471,24.221651077270508,59.816097259521484,16.333545684814453,90.22195434570312,648.8355712890625,60.07,63.64,3.97,26.42,36.38,3.88,3.55,4.1,2.24,121.6889,323.291,276.734,101.2075,53.6,,31.159000396728516,4056.5,77.80999755859375,3.5700000000000003,27.189000396728517,0.5499999999999998,0,Unclassified,0,0,0
2025-11-21,116.3047866821289,148.5270538330078,86.69532775878906,41.00593566894531,204.95828247070312,7.220025062561035,25.103670120239258,61.48649597167969,16.20594024658203,90.24163818359375,655.2987670898438,58.86,62.78,4.13,23.43,35.97,3.88,3.51,4.06,2.24,121.8653,323.291,276.734,101.2075,53.6,,30.197999954223633,4076.699951171875,78.80999755859375,3.9200000000000017,26.067999954223634,0.5499999999999998,0,Unclassified,0,0,0
2025-11-24,115.20213317871094,148.29928588867188,86.88385772705078,40.99604415893555,204.04071044921875,7.010892868041992,24.19257164001465,59.845924377441406,16.186307907104492,90.24163818359375,664.9437866210938,59.11,64.83,4.15,20.52,36.3,3.88,3.46,4.04,2.23,121.9171,323.291,276.734,101.2075,53.6,,29.746999740600586,4091.89990234375,76.81999969482422,5.719999999999999,25.596999740600587,0.5800000000000001,0,Unclassified,0,0,0
2025-11-25,113.75180053710938,147.09109497070312,85.95111846923828,40.97624969482422,204.36984252929688,6.861513137817383,23.252395629882812,58.523529052734375,15.97036075592041,90.26133728027344,671.1982421875,58.25,63.99,4.12,18.56,37.57,3.88,3.43,4.01,2.22,121.6335,323.291,276.734,101.2075,53.6,,29.38599967956543,4139.2001953125,72.81999969482422,5.740000000000002,25.26599967956543,0.5799999999999996,0,Unclassified,0,0,0
2025-11-26,114.01007843017578,148.0615997314453,86.41748809814453,40.98614501953125,205.2475128173828,7.100521087646484,22.79684829711914,57.57896041870117,16.12741470336914,90.27117919921875,675.8318481445312,58.81,64.81,4.59,17.19,35.7,3.88,3.45,4.0,2.23,121.2437,323.291,276.734,101.2075,53.6,,29.368000030517578,4165.2001953125,71.9000015258789,6.0,24.77800003051758,0.5499999999999998,0,Unclassified,0,0,0
2025-11-28,115.1524658203125,149.66592407226562,88.00513458251953,41.56007385253906,207.91049194335938,7.42915678024292,22.79684829711914,57.00227737426758,16.40225601196289,90.30072021484375,679.5208129882812,58.58,64.07,,16.35,35.95,3.89,3.47,4.02,2.23,121.0527,323.291,276.734,101.2075,53.6,,28.816999435424805,4218.2998046875,68.94999694824219,5.489999999999995,,0.5499999999999994,0,Unclassified,0,0,0
2025-12-01,115.8577651977539,151.06224060058594,89.5630111694336,41.89651107788086,210.13461303710938,6.851554870605469,22.14744758605957,55.24239730834961,16.52004623413086,90.31156921386719,676.41845703125,59.47,64.22,5.08,17.24,35.82,3.89,3.54,4.09,2.24,120.9862,326.031,285.624,101.6781,52.9,,28.226999282836914,4239.2998046875,71.3499984741211,4.75,23.146999282836916,0.5499999999999998,0,Unclassified,0,0,0
2025-12-02,114.61603546142578,148.79443359375,88.60050201416016,41.540279388427734,208.7283172607422,6.602588653564453,22.58361053466797,56.02787780761719,16.284467697143555,90.34121704101562,677.67138671875,58.81,63.37,4.83,16.59,35.89,3.89,3.51,4.09,2.24,121.1467,326.031,285.624,101.6781,52.9,,28.049999237060547,4186.60009765625,69.91000366210938,4.559999999999995,23.21999923706055,0.5800000000000001,0,Unclassified,0,0,0
2025-12-03,117.02001953125,150.1214599609375,91.10103607177734,42.0053596496582,207.91049194335938,6.861513137817383,22.874387741088867,56.25656509399414,16.40225601196289,90.35107421875,680.0180053710938,59.09,63.75,4.86,16.08,33.72,3.89,3.49,4.06,2.24,120.7336,326.031,285.624,101.6781,52.9,,28.20599937438965,4199.2998046875,66.45999908447266,4.659999999999997,23.34599937438965,0.5699999999999994,0,Unclassified,0,0,0
2025-12-04,116.36438751220703,150.7849578857422,92.40092468261719,42.22305679321289,207.35195922851562,6.990975856781006,22.525455474853516,55.62022018432617,16.490598678588867,90.36095428466797,680.51513671875,59.82,64.15,4.89,15.78,33.3,3.89,3.52,4.11,2.26,120.6766,326.031,285.624,101.6781,52.9,,27.08799934387207,4211.7998046875,65.69000244140625,4.330000000000005,22.19799934387207,0.5900000000000003,0,Unclassified,0,0,0
2025-12-05,115.76836395263672,148.54685974121094,92.9665298461914,41.98556900024414,205.1477813720703,6.791802883148193,22.661151885986328,55.57050704956055,16.490598678588867,90.38070678710938,681.8078002929688,60.23,64.42,5.19,15.41,32.06,3.89,3.56,4.14,2.26,120.6863,326.031,285.624,101.6781,52.9,,27.266000747680664,4212.89990234375,67.27999877929688,4.190000000000005,22.076000747680663,0.5799999999999996,0,Unclassified,0,0,0
2025-12-08,115.21207427978516,147.2693634033203,92.16277313232422,40.92677688598633,200.2706756591797,6.572712421417236,22.787155151367188,55.25233840942383,16.490598678588867,90.39057922363281,679.7594604492188,59.04,63.3,5.19,16.66,33.03,3.89,3.57,4.17,2.26,120.776,326.031,285.624,101.6781,52.9,,26.871000289916992,4187.2001953125,72.30000305175781,4.259999999999998,21.68100028991699,0.6000000000000001,0,Unclassified,0,0,0
2025-12-09,117.467041015625,147.05149841308594,92.70853424072266,41.11478805541992,198.1961669921875,6.602588653564453,22.050521850585938,54.417137145996094,16.362993240356445,90.41033172607422,679.1727905273438,58.4,62.62,4.76,16.93,30.82,3.89,3.61,4.18,2.26,120.6832,326.031,285.624,101.6781,52.9,,27.48900032043457,4206.7001953125,75.37999725341797,4.219999999999999,22.729000320434572,0.5699999999999998,0,Unclassified,0,0,0
2025-12-10,118.74849700927734,149.94320678710938,96.0525131225586,41.55270767211914,192.40147399902344,6.044903755187988,22.089292526245117,54.06914138793945,16.147045135498047,90.41033172607422,683.6771850585938,58.67,63.12,4.62,15.77,30.78,3.89,3.54,4.13,2.25,120.6752,326.031,285.624,101.6781,52.9,,26.601999282836914,4196.39990234375,68.62000274658203,4.449999999999996,21.981999282836913,0.5899999999999999,0,Unclassified,0,0,0
2025-12-11,118.74849700927734,149.2598876953125,95.96320343017578,41.005306243896484,191.09494018554688,6.214200496673584,22.254064559936523,52.915771484375,16.1077823638916,90.42021179199219,685.26806640625,57.76,61.87,4.35,14.85,31.88,3.64,3.52,4.14,2.25,119.98,326.031,285.624,101.6781,52.9,,26.80500030517578,4285.5,69.23999786376953,4.109999999999999,22.45500030517578,0.6199999999999997,0,Unclassified,0,0,0
2025-12-12,118.03326416015625,148.53695678710938,94.80223846435547,40.875919342041016,188.86083984375,6.12457275390625,22.157140731811523,51.69280242919922,16.25501823425293,90.45970916748047,677.9000854492188,57.61,62.11,4.07,15.74,29.93,3.64,3.52,4.19,2.26,120.1442,326.031,285.624,101.6781,52.9,,27.68400001525879,4300.10009765625,69.25,4.5,23.61400001525879,0.6700000000000004,0,Unclassified,0,0,0
2025-12-15,116.98028564453125,148.3488006591797,93.63134765625,40.00007629394531,188.3322296142578,5.921851634979248,22.050521850585938,51.78228759765625,16.196125030517578,90.45970916748047,676.8758544921875,56.97,61.55,3.9,16.5,32.85,3.64,3.51,4.18,2.25,119.9561,326.031,285.624,101.6781,52.9,,27.424999237060547,4306.7001953125,73.30999755859375,4.579999999999998,23.52499923706055,0.6699999999999999,0,Unclassified,0,0,0
2025-12-16,113.9206771850586,145.32833862304688,90.0690689086914,38.736080169677734,188.78103637695312,5.911865711212158,21.79851531982422,51.096229553222656,16.05870246887207,90.46958923339844,675.0264282226562,55.44,59.93,3.58,16.48,36.23,3.64,3.48,4.15,2.23,119.8902,326.031,285.624,101.6781,52.9,,26.763999938964844,4304.5,67.13999938964844,4.490000000000002,23.183999938964845,0.6700000000000004,0,Unclassified,0,0,0
2025-12-17,116.63260650634766,148.07151794433594,94.22671508789062,40.4379997253418,189.84823608398438,5.931838035583496,22.22498893737793,51.53371810913086,16.088150024414062,90.47946166992188,667.5986938476562,56.07,60.61,3.66,17.62,36.74,3.64,3.49,4.16,2.24,120.155,326.031,285.624,101.6781,52.9,,27.35700035095215,4347.5,62.7400016784668,4.539999999999999,23.69700035095215,0.6699999999999999,0,Unclassified,0,0,0
2025-12-18,115.76836395263672,146.25924682617188,91.5177993774414,39.54225158691406,189.34954833984375,6.05167293548584,21.32358169555664,50.688575744628906,15.91146469116211,90.49433135986328,672.6399536132812,56.22,60.69,3.87,16.87,33.6,3.64,3.46,4.12,2.24,120.0528,326.031,285.624,101.6781,52.9,,27.652000427246094,4339.5,60.0099983215332,4.469999999999999,23.782000427246093,0.6600000000000001,0,Unclassified,0,0,0
2025-12-19,115.91736602783203,146.3186492919922,91.23004150390625,39.432769775390625,189.259765625,6.341274738311768,21.05219078063965,50.96697235107422,16.088150024414062,90.52407836914062,678.7363891601562,56.8,61.35,3.58,14.91,33.62,3.64,3.48,4.16,2.24,120.1652,326.031,285.624,101.6781,52.9,,28.160999298095703,4361.39990234375,59.40999984741211,4.550000000000004,24.580999298095705,0.6800000000000002,0,Unclassified,0,0,0
2025-12-22,117.3676986694336,148.3488006591797,92.5894546508789,40.0797004699707,188.8708038330078,6.600917339324951,21.168500900268555,50.917259216308594,15.999807357788086,90.52407836914062,682.96484375,58.18,62.22,3.67,14.08,33.03,3.64,3.44,4.17,2.23,119.9912,326.031,285.624,101.6781,52.9,,27.687000274658203,4444.60009765625,61.70000076293945,4.039999999999999,24.0170002746582,0.73,0,Unclassified,0,0,0
2025-12-23,118.62928771972656,149.05191040039062,92.0139389038086,39.91050338745117,191.1946563720703,7.020340442657471,20.848648071289062,50.499664306640625,16.05870246887207,90.52407836914062,686.0863037109375,58.55,63.7,3.38,14.0,33.02,3.64,3.48,4.18,2.24,119.7057,326.031,285.624,101.6781,52.9,,27.73200035095215,4482.7998046875,61.16999816894531,5.150000000000006,24.35200035095215,0.6999999999999997,0,Unclassified,0,0,0
2025-12-24,118.43061828613281,149.04202270507812,91.09111785888672,39.810977935791016,189.82827758789062,7.220065593719482,20.771106719970703,50.71840286254883,16.088150024414062,90.55382537841797,688.4996948242188,58.72,63.7,3.31,13.47,31.71,3.64,3.47,4.15,2.24,119.4372,326.031,285.624,101.6781,52.9,,28.094999313354492,4480.60009765625,59.47999954223633,4.980000000000004,24.784999313354493,0.6800000000000002,0,Unclassified,0,0,0
2025-12-26,118.32134246826172,148.56666564941406,90.8331298828125,39.661685943603516,188.8109588623047,6.940450191497803,21.139423370361328,51.15589141845703,15.950728416442871,90.58358001708984,688.4298706054688,56.6,,,13.6,32.22,3.64,3.46,4.14,2.23,119.4723,326.031,285.624,101.6781,52.9,,28.094999313354492,4529.10009765625,58.5,,,0.6799999999999997,0,Unclassified,0,0,0
2025-12-29,119.73194122314453,149.5272674560547,91.91470336914062,40.21903991699219,192.09230041503906,7.010354042053223,21.449583053588867,51.334861755371094,15.97036075592041,90.58358001708984,685.9765625,57.89,63.1,4.35,14.2,32.16,3.64,3.45,4.12,2.22,119.5899,326.031,285.624,101.6781,52.9,,28.534000396728516,4325.10009765625,59.209999084472656,5.210000000000001,24.184000396728514,0.6699999999999999,0,Unclassified,0,0,0
2025-12-30,120.18889617919922,150.83447265625,93.37335968017578,41.264076232910156,192.93008422851562,7.000368118286133,21.05219078063965,50.41017532348633,16.235387802124023,90.59349060058594,685.138916015625,57.79,62.3,4.4,14.33,30.76,3.64,3.45,4.14,2.24,119.4939,326.031,285.624,101.6781,52.9,,27.766000747680664,4370.10009765625,63.97999954223633,4.509999999999998,23.366000747680665,0.6899999999999995,0,Unclassified,0,0,0
2025-12-31,119.54319763183594,150.9335174560547,92.88714599609375,40.925682067871094,193.87757873535156,6.810628890991211,21.14911651611328,50.53943634033203,16.186307907104492,90.60340118408203,680.062744140625,57.26,61.35,4.0,14.95,30.17,3.64,3.47,4.18,2.25,119.7456,326.031,285.624,101.6781,52.9,,28.160999298095703,4325.60009765625,63.959999084472656,4.090000000000003,24.160999298095703,0.7099999999999995,0,Unclassified,0,0,0
2026-01-02,121.83790588378906,154.3896942138672,95.95327758789062,42.17972946166992,197.27859497070312,7.0303263664245605,19.947240829467773,49.405948638916016,16.284467697143555,90.64305877685547,681.309326171875,57.21,61.98,,14.51,28.4,3.64,3.47,4.19,2.25,119.6059,326.031,285.624,101.6781,52.9,,29.003999710083008,4314.39990234375,62.36000061035156,4.769999999999996,,0.7200000000000002,0,Unclassified,0,0,0
2026-01-05,124.52996063232422,162.2626953125,98.43397521972656,41.03516387939453,198.1961669921875,6.820615291595459,20.150785446166992,49.22697830200195,16.117597579956055,90.64305877685547,685.846923828125,58.1,63.0,2.82,14.9,29.41,3.64,3.46,4.17,2.26,119.6192,326.031,285.624,101.6781,52.9,,27.39900016784668,4436.89990234375,64.70999908447266,4.899999999999999,24.57900016784668,0.71,0,Unclassified,0,0,0
2026-01-06,120.24850463867188,155.02349853515625,96.36011505126953,41.542755126953125,194.07704162597656,6.950436592102051,20.945573806762695,51.434288024902344,15.950728416442871,90.65296936035156,689.92578125,56.97,62.1,2.85,14.75,30.06,3.64,3.47,4.18,2.27,119.7807,326.031,285.624,101.6781,52.9,,28.07200050354004,4482.2001953125,65.81999969482422,5.130000000000003,25.222000503540038,0.7099999999999995,0,Unclassified,0,0,0
2026-01-07,117.7054443359375,153.6964874267578,93.214599609375,40.79629898071289,195.5531463623047,6.810628890991211,22.942235946655273,55.789249420166016,16.215757369995117,90.67279815673828,687.701904296875,56.01,61.08,3.1,15.38,32.98,3.64,3.47,4.15,2.27,119.8719,326.031,285.624,101.6781,52.9,,28.777000427246094,4449.2998046875,66.1500015258789,5.07,25.677000427246092,0.6800000000000002,0,Unclassified,0,0,0
2026-01-08,122.09618377685547,157.70724487304688,97.95767974853516,43.02571105957031,195.9820098876953,7.509666919708252,23.678869247436523,55.85885238647461,16.578941345214844,90.67279815673828,687.632080078125,57.74,63.34,2.92,15.45,35.8,3.64,3.49,4.19,2.27,120.0904,326.031,285.624,101.6781,52.9,,27.698999404907227,4449.7001953125,66.94000244140625,5.600000000000001,24.778999404907225,0.7000000000000002,0,Unclassified,0,0,0
2026-01-09,123.78492736816406,160.53955078125,96.75702667236328,42.65746307373047,193.66812133789062,7.220065593719482,24.211957931518555,54.49668502807617,16.64765167236328,90.69263458251953,692.1796264648438,58.96,65.11,2.87,14.49,36.8,3.64,3.54,4.18,2.28,120.2215,326.031,285.624,101.6781,52.9,,28.374000549316406,4490.2998046875,61.54999923706055,6.149999999999999,25.504000549316405,0.6399999999999997,0,Unclassified,0,0,0
2026-01-12,123.2087631225586,160.76730346679688,94.7625503540039,42.518123626708984,192.93008422851562,7.36985969543457,24.396116256713867,54.615997314453125,16.834152221679688,90.70255279541016,693.2666625976562,59.39,65.4,2.9,15.12,38.85,3.64,3.54,4.19,2.29,119.9958,326.031,285.624,101.6781,52.9,,30.246000289916992,4604.2998046875,62.900001525878906,6.010000000000005,27.346000289916994,0.6500000000000004,0,Unclassified,0,0,0
2026-01-13,125.7021484375,162.28248596191406,95.71513366699219,43.1053352355957,193.17942810058594,7.8691725730896,25.22967529296875,59.746498107910156,17.07954978942871,90.71246337890625,691.8804931640625,60.85,67.58,3.0,15.98,40.43,3.64,3.53,4.18,2.3,120.1401,326.031,285.624,101.6781,52.9,,31.472999572753906,4589.2001953125,60.790000915527344,6.729999999999997,28.472999572753906,0.6499999999999999,0,Unclassified,0,0,0
2026-01-14,129.33790588378906,165.61985778808594,99.56517028808594,44.11056137084961,199.1935272216797,7.909117698669434,25.307214736938477,58.951072692871094,17.17770767211914,90.72238159179688,688.479736328125,61.84,68.87,3.13,16.75,44.19,3.64,3.51,4.15,2.29,119.9537,326.031,285.624,101.6781,52.9,,31.812999725341797,4626.2998046875,58.11000061035156,7.030000000000001,28.682999725341798,0.6400000000000006,0,Unclassified,0,0,0
2026-01-15,128.27500915527344,164.55030822753906,98.16606140136719,42.96599578857422,202.20556640625,7.949062347412109,25.15213394165039,58.03633117675781,17.138442993164062,90.72238159179688,690.3546142578125,59.13,66.16,2.92,15.84,42.06,3.64,3.56,4.17,2.29,119.9951,326.031,285.624,101.6781,52.9,,33.15800094604492,4616.2998046875,56.13999938964844,7.029999999999994,30.23800094604492,0.6099999999999999,0,Unclassified,0,0,0
2026-01-16,129.02996826171875,164.6493377685547,97.43177795410156,42.49821853637695,206.15512084960938,8.787908554077148,25.48168182373047,58.74227523803711,17.03046989440918,90.76203918457031,689.7761840820312,59.4,66.97,3.06,15.86,43.19,3.64,3.59,4.24,2.33,120.0838,326.031,285.624,101.6781,52.9,,36.87900161743164,4588.39990234375,58.04999923706055,7.57,33.81900161743164,0.6500000000000004,0,Unclassified,0,0,0
2026-01-20,129.59620666503906,163.69863891601562,94.78238677978516,42.0403938293457,202.5047607421875,8.468347549438477,25.123056411743164,57.72810363769531,17.118812561035156,90.76203918457031,675.7345581054688,60.3,67.68,4.0,20.09,42.78,3.64,3.6,4.3,2.33,119.4455,326.031,285.624,101.6781,52.9,,35.887001037597656,4759.60009765625,66.66999816894531,7.38000000000001,31.887001037597656,0.6999999999999997,0,Unclassified,0,0,0
2026-01-21,132.725341796875,165.11477661132812,96.39981079101562,43.30438995361328,206.7535400390625,9.037565231323242,25.559221267700195,58.463871002197266,17.3249454498291,90.7719497680664,683.5332641601562,60.38,66.72,4.96,16.9,45.45,3.64,3.6,4.26,2.34,119.3431,326.031,285.624,101.6781,52.9,,39.20800018310547,4831.7998046875,59.560001373291016,6.339999999999996,34.24800018310547,0.6599999999999997,0,Unclassified,0,0,0
2026-01-22,132.75514221191406,165.04547119140625,96.13188934326172,42.94609451293945,206.244873046875,9.516904830932617,24.531810760498047,56.763648986816406,17.776473999023438,90.78186798095703,687.103515625,59.24,65.46,8.42,15.64,44.7,3.64,3.61,4.26,2.31,119.1962,326.031,285.624,101.6781,52.9,,38.07899856567383,4908.7998046875,56.5,6.219999999999992,29.658998565673826,0.6499999999999999,0,Unclassified,0,0,0
2026-01-23,134.0763397216797,165.10488891601562,97.59053802490234,43.8916015625,206.8034210205078,9.866424560546875,25.258750915527344,58.19541549682617,17.65868377685547,90.81161499023438,687.352783203125,60.7,68.16,30.72,16.09,47.64,3.64,3.6,4.24,2.32,118.8976,326.031,285.624,101.6781,52.9,,40.03900146484375,4976.2001953125,56.25,7.459999999999994,9.319001464843751,0.6400000000000001,0,Unclassified,0,0,0
2026-01-26,133.9471893310547,165.8773193359375,97.68976593017578,43.71245193481445,205.9656219482422,9.367111206054688,25.859689712524414,57.071876525878906,17.629234313964844,90.81161499023438,690.84326171875,60.46,67.7,25.01,16.15,47.78,3.64,3.56,4.22,2.32,118.0525,326.031,285.624,101.6781,52.9,,39.11199951171875,5079.7001953125,55.77000045776367,7.240000000000002,14.101999511718748,0.6599999999999997,0,Unclassified,0,0,0
2026-01-27,135.92401123046875,167.4123077392578,99.09880828857422,44.339473724365234,205.18768310546875,8.897756576538086,26.208621978759766,59.657012939453125,17.619421005249023,90.82152557373047,693.5957641601562,62.04,70.28,17.19,16.35,49.61,3.64,3.53,4.24,2.34,117.4523,326.031,285.624,101.6781,52.9,,38.76100158691406,5079.89990234375,56.119998931884766,8.240000000000002,21.57100158691406,0.7100000000000004,0,Unclassified,0,0,0
2026-01-28,136.66905212402344,168.28378295898438,100.60706329345703,44.6181526184082,207.4915771484375,9.496932983398438,27.19725799560547,62.142723083496094,17.90407943725586,90.8314437866211,693.5259399414062,62.75,70.9,9.34,16.35,50.39,3.64,3.56,4.26,2.36,117.5117,326.031,285.624,101.6781,52.9,,38.861000061035156,5301.60009765625,57.43000030517578,8.150000000000006,29.521000061035156,0.6999999999999997,0,Unclassified,0,0,0
2026-01-29,139.57965087890625,169.53158569335938,102.00617980957031,45.20536422729492,212.4285430908203,9.656712532043457,27.439571380615234,63.007747650146484,18.188739776611328,90.85127258300781,692.1497192382812,64.77,71.0,10.25,16.88,55.37,3.64,3.53,4.24,2.35,117.4396,326.031,285.624,101.6781,52.9,,40.112998962402344,5318.39990234375,60.72999954223633,6.230000000000004,29.862998962402344,0.7100000000000004,0,Unclassified,1,0,0
2026-01-30,140.4637451171875,175.18626403808594,103.42514038085938,45.175506591796875,210.96241760253906,9.786534309387207,27.701271057128906,63.256317138671875,18.110212326049805,90.87110900878906,690.0853271484375,64.5,72.25,7.18,17.44,55.91,3.64,3.52,4.26,2.36,117.8996,326.031,285.624,101.6781,52.9,,39.28499984741211,4713.89990234375,59.20000076293945,7.75,32.10499984741211,0.7399999999999998,0,Unclassified,1,0,0
2026-02-02,137.48361206054688,172.3440704345703,101.00397491455078,43.593017578125,207.2123260498047,9.007606506347656,27.681884765625,63.355751037597656,17.805919647216797,90.88502502441406,693.5159912109375,61.6,67.72,4.4,16.34,48.7,3.64,3.57,4.29,2.35,118.3609,326.031,285.624,101.6781,52.9,,33.94499969482422,4622.5,59.29999923706055,6.119999999999997,29.54499969482422,0.7200000000000002,0,Unclassified,0,0,0
2026-02-03,142.7783203125,176.31521606445312,104.09988403320312,45.046119689941406,210.40390014648438,9.466973304748535,27.953277587890625,64.59860229492188,18.070947647094727,90.88502502441406,687.6520385742188,62.62,70.01,4.11,18.0,52.34,3.64,3.57,4.28,2.36,117.9764,326.031,285.624,101.6781,52.9,,32.86000061035156,4903.7001953125,57.540000915527344,7.390000000000008,28.750000610351563,0.7100000000000004,0,Unclassified,0,0,0
2026-02-04,146.61276245117188,179.47430419921875,106.75918579101562,46.4693603515625,213.29624938964844,9.596795082092285,27.332956314086914,64.13128662109375,18.031686782836914,90.90492248535156,684.3211059570312,64.56,71.15,6.88,18.64,55.13,3.64,3.57,4.29,2.35,118.2602,326.031,285.624,101.6781,52.9,,33.500999450683594,4920.39990234375,57.5099983215332,6.590000000000003,26.620999450683595,0.7200000000000002,0,Unclassified,1,0,0
2026-02-05,145.11277770996094,177.49368286132812,104.16934204101562,44.876922607421875,209.98500061035156,9.307193756103516,27.13910484313965,65.0261459350586,17.85500144958496,90.90492248535156,675.7744750976562,62.9,69.87,5.28,21.77,54.97,3.64,3.47,4.21,2.32,118.5034,326.031,285.624,101.6781,52.9,,33.73500061035156,4861.39990234375,62.15999984741211,6.970000000000006,28.45500061035156,0.7399999999999998,0,Unclassified,1,0,0
2026-02-06,148.0631103515625,179.10789489746094,106.78895568847656,46.09115982055664,213.11000061035156,9.886396408081055,28.466981887817383,68.03882598876953,17.940000534057617,90.93475341796875,688.739013671875,63.77,70.45,4.37,17.76,53.18,3.64,3.5,4.22,2.34,118.2407,326.031,285.624,101.6781,52.9,,35.694000244140625,4951.2001953125,63.619998931884766,6.68,31.324000244140624,0.7199999999999998,0,Unclassified,1,0,0
2026-02-09,150.20880126953125,180.8310546875,107.86061096191406,46.43950271606445,215.64999389648438,10.156025886535645,28.205284118652344,67.32293701171875,18.049999237060547,90.93475341796875,692.0599975585938,64.53,71.19,3.25,17.36,50.79,3.64,3.48,4.22,2.35,117.6392,326.031,285.624,101.6781,52.9,,33.49599838256836,5050.89990234375,62.7400016784668,6.659999999999997,30.24599838256836,0.7399999999999998,0,Unclassified,0,0,0
2026-02-10,150.58628845214844,180.4943389892578,106.66988372802734,46.05134963989258,218.3699951171875,10.126067161560059,28.15682029724121,67.75048065185547,18.110000610351562,90.94469451904297,690.2349243164062,64.2,71.01,3.18,17.79,48.02,3.64,3.45,4.16,2.32,117.5216,326.031,285.624,101.6781,52.9,,31.84600067138672,5003.7998046875,64.55000305175781,6.810000000000002,28.66600067138672,0.71,0,Unclassified,0,0,0
2026-02-11,154.52999877929688,184.0198516845703,110.35123443603516,47.01676559448242,219.41000366210938,9.766561508178711,29.19392204284668,69.490478515625,18.209999084472656,90.96458435058594,690.075439453125,64.8,71.52,3.25,17.65,44.33,3.64,3.52,4.18,2.32,117.4601,326.031,285.624,101.6781,52.9,,32.16699981689453,5071.60009765625,61.349998474121094,6.719999999999999,28.91699981689453,0.6599999999999997,0,Unclassified,0,0,0
2026-02-12,149.92999267578125,180.6329803466797,109.97416687011719,45.2750358581543,217.69000244140625,9.267248153686523,28.777143478393555,67.3825912475586,18.260000228881836,90.96458435058594,679.41455078125,63.08,69.8,3.43,20.82,42.0,3.64,3.47,4.09,2.29,117.5376,326.031,285.624,101.6781,52.9,,32.99399948120117,4923.7001953125,68.56999969482422,6.719999999999999,29.563999481201172,0.6199999999999997,0,Unclassified,0,0,0
2026-02-13,148.4499969482422,181.9600067138672,110.56953430175781,45.852291107177734,220.7899932861328,9.347138404846191,29.969324111938477,70.10693359375,18.75,91.00436401367188,679.8931884765625,63.05,69.96,3.24,20.6,42.18,3.64,3.4,4.04,2.27,117.5258,326.031,285.624,101.6781,52.9,,32.5,5022.0,70.0999984741211,6.909999999999997,29.259999999999998,0.6400000000000001,0,Unclassified,0,0,0
2026-02-17,146.19000244140625,180.5500030517578,107.93999481201172,45.722904205322266,219.00999450683594,8.757949829101562,30.550878524780273,69.6197280883789,18.610000610351562,91.0143051147461,680.9901733398438,62.53,69.77,3.13,20.29,42.54,3.64,3.43,4.05,2.26,117.7375,326.031,285.624,101.6781,52.9,,29.82200050354004,4882.89990234375,68.83999633789062,7.239999999999995,26.69200050354004,0.6199999999999997,0,Unclassified,0,0,0
2026-02-18,150.67999267578125,183.8699951171875,110.5199966430664,46.88737869262695,223.72000122070312,9.536877632141113,32.25676345825195,70.33561706542969,18.860000610351562,91.02425384521484,684.4208374023438,65.33,71.78,2.98,19.62,51.49,3.64,3.47,4.09,2.29,117.8426,326.031,285.624,101.6781,52.9,,31.481000900268555,4986.5,64.19000244140625,6.450000000000003,28.501000900268554,0.6199999999999997,0,Unclassified,0,0,0
2026-02-19,150.97000122070312,184.77999877929688,111.58999633789062,51.28649139404297,226.19000244140625,9.876410484313965,32.78015899658203,72.0259017944336,18.899999618530273,91.02425384521484,682.61572265625,66.66,73.17,3.09,20.23,56.73,3.64,3.47,4.08,2.29,118.2354,326.031,285.624,101.6781,52.9,,33.52299880981445,4975.89990234375,68.02999877929688,6.510000000000005,30.432998809814453,0.6099999999999999,0,Unclassified,1,0,0
2026-02-20,147.27999877929688,183.92999267578125,110.52999877929688,51.595027923583984,226.47000122070312,9.676685333251953,33.652488708496094,71.2503662109375,18.979999542236328,91.05408477783203,687.5523071289062,66.69,72.75,3.15,19.09,56.12,3.64,3.48,4.08,2.28,117.9917,326.031,285.624,101.6781,52.9,,32.02899932861328,5059.2998046875,64.2699966430664,6.060000000000002,28.878999328613283,0.6000000000000001,0,Unclassified,1,0,0
2026-02-23,150.75999450683594,184.91000366210938,109.87999725341797,52.1822395324707,223.35000610351562,9.41704273223877,34.011112213134766,71.38956451416016,18.81999969482422,91.05408477783203,680.531494140625,66.36,71.9,3.13,21.01,59.05,3.64,3.43,4.03,2.26,117.9395,326.031,285.624,101.6781,52.9,,31.833999633789062,5204.7001953125,68.02999877929688,5.540000000000006,28.703999633789063,0.6000000000000001,0,Unclassified,1,0,0
2026-02-24,149.25999450683594,185.33999633789062,110.58999633789062,51.704505920410156,220.9600067138672,9.337152481079102,35.39714813232422,72.9505844116211,18.799999237060547,91.07398223876953,685.4779052734375,65.62,71.21,2.99,19.55,58.82,3.64,3.43,4.04,2.26,117.9463,326.031,285.624,101.6781,52.9,,30.891000747680664,5155.7998046875,65.2699966430664,5.589999999999989,27.901000747680662,0.6099999999999999,0,Unclassified,1,0,0
2026-02-25,149.05999755859375,184.22000122070312,110.01000213623047,50.699275970458984,220.67999267578125,9.297207832336426,35.3389892578125,73.37812805175781,18.59000015258789,91.08392333984375,691.26220703125,65.3,70.69,3.02,17.93,58.97,3.64,3.45,4.05,2.28,117.769,326.031,285.624,101.6781,52.9,,31.049999237060547,5206.39990234375,62.43000030517578,5.390000000000001,28.029999237060547,0.5999999999999996,0,Unclassified,1,0,0
2026-02-26,148.5399932861328,184.16000366210938,110.69999694824219,51.18696212768555,232.50999450683594,9.456988334655762,36.1337776184082,76.56977844238281,18.690000534057617,91.09386444091797,687.422607421875,65.1,71.66,2.94,18.63,59.8,3.64,3.42,4.02,2.28,117.9042,326.031,285.624,101.6781,52.9,,32.2239990234375,5176.5,63.93000030517578,6.560000000000002,29.2839990234375,0.5999999999999996,0,Unclassified,1,0,0
2026-02-27,152.5,186.75999450683594,113.45999908447266,52.829166412353516,235.72999572753906,9.676685333251953,36.783180236816406,78.62794494628906,18.84000015258789,91.11376190185547,684.1216430664062,66.96,71.32,2.99,19.86,64.68,3.64,3.38,3.97,2.25,117.8223,326.031,285.624,101.6781,52.9,,31.958999633789062,5230.5,73.37999725341797,4.359999999999999,28.96899963378906,0.5900000000000003,0,Unclassified,1,0,0
2026-03-02,154.22000122070312,189.60000610351562,118.23999786376953,53.953826904296875,248.92999267578125,11.364363670349121,38.401832580566406,77.83251190185547,19.100000381469727,91.12672424316406,684.5106201171875,71.13,77.24,2.99,21.44,68.9,3.64,3.47,4.05,2.29,118.667,326.031,285.624,101.6781,52.9,,44.50600051879883,5294.39990234375,73.20999908447266,6.109999999999999,41.516000518798826,0.5799999999999996,7,Iran Conflict,1,0,1
2026-03-03,151.8300018310547,188.77000427246094,118.5199966430664,53.42633056640625,246.07000732421875,11.444252967834473,35.99808120727539,78.95606231689453,18.860000610351562,91.1366958618164,678.4771118164062,74.48,83.28,3.1,23.57,73.99,3.64,3.51,4.06,2.29,119.4341,326.031,285.624,101.6781,52.9,,54.290000915527344,5107.39990234375,77.75,8.799999999999997,51.19000091552734,0.5499999999999998,7,Iran Conflict,1,0,1
2026-03-04,149.82000732421875,186.02999877929688,115.6500015258789,53.35666275024414,248.97999572753906,11.144665718078613,35.16452407836914,79.73159790039062,18.760000228881836,91.14666748046875,683.2639770507812,74.58,81.56,2.87,21.15,75.2,3.64,3.54,4.09,2.29,119.0705,326.031,285.624,101.6781,52.9,,48.766998291015625,5120.2001953125,70.02999877929688,6.980000000000004,45.89699829101563,0.5499999999999998,7,Iran Conflict,1,0,1
2026-03-05,150.75999450683594,189.89999389648438,116.81999969482422,52.98841094970703,249.5399932861328,12.263126373291016,33.846336364746094,78.27000427246094,18.670000076293945,91.15663146972656,679.4544067382812,80.88,88.59,2.9,23.75,83.83,3.64,3.57,4.13,2.31,119.5683,326.031,285.624,101.6781,52.9,,50.73099899291992,5065.2998046875,74.52999877929688,7.710000000000008,47.83099899291992,0.56,7,Iran Conflict,1,0,1
2026-03-06,151.2100067138672,189.94000244140625,117.06999969482422,53.93391799926758,255.14999389648438,12.462851524353027,33.49740982055664,76.8499984741211,18.739999771118164,91.17658233642578,670.5487060546875,90.77,95.74,3.1,29.49,103.6,3.64,3.56,4.15,2.35,119.491,326.031,285.624,101.6781,52.9,,53.3849983215332,5146.10009765625,81.26000213623047,4.969999999999999,50.2849983215332,0.5900000000000003,7,Iran Conflict,1,1,1
2026-03-09,150.44000244140625,189.44000244140625,117.02999877929688,54.7599983215332,250.8000030517578,11.494184494018555,34.3988151550293,76.27999877929688,18.59000015258789,91.1865463256836,676.4227294921875,94.65,94.35,3.25,25.5,100.53,3.64,3.56,4.12,2.34,119.5151,326.031,285.624,101.6781,52.9,,56.452999114990234,5091.5,79.73999786376953,-0.30000000000001137,53.202999114990234,0.56,7,Iran Conflict,1,0,1
2026-03-10,148.1300048828125,186.2899932861328,114.1500015258789,53.119998931884766,245.75999450683594,11.3843355178833,34.15650177001953,75.29000091552734,18.299999237060547,91.19651794433594,675.3356323242188,83.71,89.84,3.08,24.93,108.19,3.64,3.57,4.15,2.33,118.7255,326.031,285.624,101.6781,52.9,,47.393001556396484,5229.7001953125,76.33000183105469,6.13000000000001,44.313001556396486,0.5800000000000005,7,Iran Conflict,1,0,1
2026-03-11,151.5800018310547,191.7899932861328,117.02999877929688,55.58000183105469,250.32000732421875,12.442878723144531,32.470001220703125,73.26000213623047,18.75,91.19651794433594,674.4879760742188,86.8,90.98,3.15,24.23,120.91,3.64,3.64,4.21,2.36,119.2885,326.031,285.624,101.6781,52.9,,49.98899841308594,5167.39990234375,78.58999633789062,4.180000000000007,46.83899841308594,0.5699999999999998,7,Iran Conflict,1,0,1
2026-03-12,153.52999877929688,196.97000122070312,120.26000213623047,58.40999984741211,253.83999633789062,12.752453804016113,30.770000457763672,67.41999816894531,18.559999465942383,91.21646881103516,664.2459106445312,95.61,102.38,3.27,27.29,120.22,3.64,3.76,4.27,2.38,119.8227,326.031,285.624,101.6781,52.9,,50.869998931884766,5115.7998046875,95.30000305175781,6.769999999999996,47.59999893188476,0.5099999999999998,7,Iran Conflict,1,0,1
2026-03-13,156.1199951171875,196.82000732421875,121.88999938964844,57.880001068115234,252.27000427246094,13.081999778747559,30.18000030517578,66.38999938964844,18.75,91.24637603759766,660.4862060546875,98.48,103.23,3.2,27.19,119.02,3.64,3.73,4.28,2.36,120.5518,326.031,285.624,101.6781,52.9,,50.1150016784668,5052.5,91.16999816894531,4.75,46.915001678466794,0.5500000000000003,7,Iran Conflict,1,0,1
2026-03-16,157.22999572753906,196.83999633789062,121.31999969482422,57.25,251.2899932861328,12.279999732971191,31.829999923706055,68.41999816894531,18.739999771118164,91.24637603759766,667.2078857421875,93.39,101.04,3.03,23.51,101.97,3.64,3.68,4.23,2.36,120.097,326.031,285.624,101.6781,52.9,,50.887001037597656,4994.0,85.25,7.650000000000006,47.857001037597655,0.5500000000000003,7,Iran Conflict,1,0,1
2026-03-17,158.80999755859375,197.97000122070312,122.87000274658203,57.72999954223633,251.5,12.970000267028809,31.299999237060547,66.30000305175781,18.790000915527344,91.25634765625,668.9630126953125,96.01,108.39,3.14,22.37,95.92,3.64,3.68,4.2,2.37,119.8328,326.031,285.624,101.6781,52.9,,51.558998107910156,5001.0,79.2300033569336,12.379999999999995,48.418998107910156,0.52,7,Iran Conflict,1,0,1
2026-03-18,157.58999633789062,198.61000061035156,123.6500015258789,58.380001068115234,266.2200012207031,14.850000381469727,32.15999984741211,68.55999755859375,18.65999984741211,91.27629089355469,659.6285400390625,96.12,118.09,3.12,25.09,97.28,3.64,3.76,4.26,2.4,119.9276,326.031,285.624,101.6781,52.9,,54.6619987487793,4889.89990234375,81.25,21.97,51.5419987487793,0.5,7,Iran Conflict,1,0,1
2026-03-19,158.16000366210938,201.44000244140625,126.0199966430664,59.58000183105469,281.8699951171875,14.289999961853027,32.880001068115234,69.16000366210938,18.959999084472656,91.27629089355469,658.0029907226562,96.11,111.05,3.21,24.06,92.68,3.64,3.79,4.25,2.37,120.1802,326.031,285.624,101.6781,52.9,,61.85200119018555,4600.7001953125,84.87999725341797,14.939999999999998,58.642001190185546,0.45999999999999996,7,Iran Conflict,1,0,1
2026-03-20,159.6699981689453,201.72999572753906,126.91999816894531,60.709999084472656,280.8900146484375,15.8100004196167,32.16999816894531,67.9800033569336,19.010000228881836,91.30620574951172,648.5700073242188,98.71,118.42,3.04,26.78,91.85,3.64,3.88,4.39,2.38,120.2757,326.031,285.624,101.6781,52.9,,59.255001068115234,4570.39990234375,108.83999633789062,19.710000000000008,56.215001068115235,0.5099999999999998,7,Iran Conflict,1,0,1
2026-03-23,161.1300048828125,205.2100067138672,127.19000244140625,60.310001373291016,287.20001220703125,15.800000190734863,33.83000183105469,70.68000030517578,19.059999465942383,91.31617736816406,655.3800048828125,89.33,103.79,2.94,26.15,89.78,3.64,3.83,4.34,2.33,119.9371,326.031,285.624,101.6781,52.9,,56.68299865722656,4404.10009765625,98.1500015258789,14.460000000000008,53.742998657226565,0.5099999999999998,7,Iran Conflict,1,0,1
2026-03-24,165.3800048828125,206.7899932861328,129.35000610351562,61.25,294.5799865722656,16.600000381469727,35.439998626708984,75.12000274658203,19.209999084472656,91.32614135742188,653.1799926757812,93.18,108.42,2.9,26.95,89.34,3.64,3.9,4.39,2.33,120.1295,326.031,285.624,101.6781,52.9,,54.04100036621094,4399.2998046875,103.01000213623047,15.239999999999995,51.14100036621094,0.48999999999999977,7,Iran Conflict,1,0,1
2026-03-25,163.25999450683594,205.14999389648438,128.92999267578125,61.849998474121094,284.3900146484375,16.709999084472656,33.75,72.38999938964844,19.139999389648438,91.31617736816406,656.8200073242188,91.51,109.14,2.94,25.33,90.16,3.64,3.84,4.33,2.31,120.1282,326.031,285.624,101.6781,52.9,,52.816001892089844,4549.7998046875,97.58999633789062,17.629999999999995,49.876001892089846,0.4900000000000002,7,Iran Conflict,1,0,1
2026-03-26,165.42999267578125,207.7899932861328,133.25,64.36000061035156,291.3999938964844,16.81999969482422,33.56999969482422,73.91000366210938,19.440000534057617,91.33611297607422,645.0900268554688,96.18,113.39,2.99,27.44,92.37,3.64,3.96,4.42,2.34,120.389,326.031,285.624,101.6781,52.9,,55.21799850463867,4375.5,115.0199966430664,17.209999999999994,52.22799850463867,0.45999999999999996,7,Iran Conflict,1,0,1
2026-03-27,170.99000549316406,211.14999389648438,133.8000030517578,65.31999969482422,296.9100036621094,17.530000686645508,33.650001525878906,75.70999908447266,19.670000076293945,91.36602783203125,634.0900268554688,101.26,121.47,2.99,31.05,96.64,3.64,3.88,4.44,2.31,120.8851,326.031,285.624,101.6781,52.9,,54.176998138427734,4492.0,111.94999694824219,20.209999999999994,51.18699813842773,0.5600000000000005,7,Iran Conflict,1,1,1
2026-03-30,171.47000122070312,210.7100067138672,132.88999938964844,66.23999786376953,293.6400146484375,16.889999389648438,33.38999938964844,73.66000366210938,19.59000015258789,91.3759994506836,631.969970703125,104.69,121.88,2.88,30.61,95.84,3.64,3.82,4.35,2.31,,326.031,285.624,101.6781,52.9,,54.81399917602539,4526.0,108.33000183105469,17.189999999999998,51.93399917602539,0.5299999999999998,7,Iran Conflict,1,1,1
2026-03-31,169.66000366210938,206.89999389648438,132.0,65.0,283.760009765625,15.760000228881836,34.86000061035156,74.66000366210938,19.299999237060547,91.3759994506836,650.3400268554688,,,,25.25,89.39,3.64,3.79,4.3,2.3,,326.031,285.624,101.6781,52.9,,50.75699996948242,4647.60009765625,96.05000305175781,,,0.5099999999999998,7,Iran Conflict,1,0,1
2026-04-01,160.77999877929688,197.41000366210938,128.3800048828125,62.22999954223633,275.8399963378906,14.680000305175781,34.83000183105469,74.0999984741211,19.020000457763672,91.4000015258789,655.239990234375,,,,24.54,91.8,3.64,3.81,4.33,2.31,,326.031,285.624,101.6781,52.9,,47.5099983215332,4783.2001953125,90.19000244140625,,,0.52,7,Iran Conflict,1,0,1
2026-04-02,160.69000244140625,198.97000122070312,130.52000427246094,62.970001220703125,281.1600036621094,14.640000343322754,36.599998474121094,76.43000030517578,18.93000030517578,91.41999816894531,655.8300170898438,,,,,,3.64,3.79,4.31,2.34,,326.031,285.624,101.6781,52.9,,50.04399871826172,4651.5,84.41000366210938,,,0.5199999999999996,7,Iran Conflict,0,0,1
